Running on host nid001012
Time is Thu 19 Dec 09:19:47 UTC 2024
Slurm job ID is 34717
/usr/bin/rm: cannot remove '/usr/local/cuda/compat/lib': Read-only file system
rm: cannot remove '/usr/local/cuda/compat/lib': Read-only file system
config files: ['/mnt/imslowfast/configs/species_classification/SLOW_8x8_R50_OVERLAPPING.yaml']
[12/19 09:20:10][INFO] train_net.py:  845: Train with config:
[12/19 09:20:10][INFO] train_net.py:  846: CfgNode({'CONTRASTIVE': CfgNode({'T': 0.07, 'DIM': 128, 'LENGTH': 239975, 'QUEUE_LEN': 65536, 'MOMENTUM': 0.5, 'MOMENTUM_ANNEALING': False, 'TYPE': 'mem', 'INTERP_MEMORY': False, 'MEM_TYPE': '1d', 'NUM_CLASSES_DOWNSTREAM': 400, 'NUM_MLP_LAYERS': 1, 'MLP_DIM': 2048, 'BN_MLP': False, 'BN_SYNC_MLP': False, 'LOCAL_SHUFFLE_BN': True, 'MOCO_MULTI_VIEW_QUEUE': False, 'DELTA_CLIPS_MIN': -inf, 'DELTA_CLIPS_MAX': inf, 'PREDICTOR_DEPTHS': [], 'SEQUENTIAL': False, 'SIMCLR_DIST_ON': True, 'SWAV_QEUE_LEN': 0, 'KNN_ON': True}), 'FRAMEWISE_MIXUP': CfgNode({'ENABLE': False, 'INDEPENDENT_FRAME_MIX': False, 'RANDOMISE_FRAME_MIX': False}), 'TAP': CfgNode({'ENABLE': False, 'NUM_CLIPS': 4, 'NUM_FRAMES': 4, 'SLIDING_WINDOW': False, 'OVERLAP': None}), 'BN': CfgNode({'USE_PRECISE_STATS': False, 'NUM_BATCHES_PRECISE': 200, 'WEIGHT_DECAY': 0.0, 'NORM_TYPE': 'batchnorm', 'NUM_SPLITS': 1, 'NUM_SYNC_DEVICES': 1, 'GLOBAL_SYNC': False}), 'TRAIN': CfgNode({'ENABLE': True, 'KILL_LOSS_EXPLOSION_FACTOR': 0.0, 'DATASET': 'kinetics', 'BATCH_SIZE': 336, 'EVAL_PERIOD': 1, 'CHECKPOINT_PERIOD': 5, 'AUTO_RESUME': True, 'CHECKPOINT_FILE_PATH': '/mnt/imslowfast/weights/R50_IN1K.pyth', 'CHECKPOINT_TYPE': 'pytorch', 'CHECKPOINT_INFLATE': True, 'CHECKPOINT_EPOCH_RESET': False, 'CHECKPOINT_CLEAR_NAME_PATTERN': (), 'MIXED_PRECISION': True, 'CHECKPOINT_IN_INIT': False, 'BG_MODEL_CHECKPOINT_FILE_PATH': '', 'BG_MODEL_CHECKPOINT_TYPE': 'pytorch', 'FG_MODEL_CHECKPOINT_FILE_PATH': '', 'FG_MODEL_CHECKPOINT_TYPE': 'pytorch'}), 'AUG': CfgNode({'ENABLE': True, 'NUM_SAMPLE': 1, 'COLOR_JITTER': 0.4, 'AA_TYPE': 'rand-m9-mstd0.5-inc1', 'INTERPOLATION': 'bicubic', 'RE_PROB': 0.25, 'RE_MODE': 'pixel', 'RE_COUNT': 1, 'RE_SPLIT': False, 'GEN_MASK_LOADER': False, 'MASK_TUBE': False, 'MASK_FRAMES': False, 'MASK_WINDOW_SIZE': [8, 7, 7], 'MASK_RATIO': 0.0, 'MAX_MASK_PATCHES_PER_BLOCK': None, 'MANIFOLD_MIXUP': False, 'MANIFOLD_MIXUP_ALPHA': 1.0, 'MANIFOLD_MIXUP_CLASS_FREQUENCIES': '', 'MANIFOLD_MIXUP_PAIRS': False, 'MANIFOLD_MIXUP_TRIPLETS': False}), 'SAMPLING': CfgNode({'BALANCED': False, 'BALANCE_TYPE': None}), 'VIS_MASK': CfgNode({'ENABLE': False}), 'MIXUP': CfgNode({'ENABLE': False, 'ALPHA': 0.8, 'CUTMIX_ALPHA': 1.0, 'PROB': 1.0, 'SWITCH_PROB': 0.5, 'LABEL_SMOOTH_VALUE': 0.1}), 'TEST': CfgNode({'ENABLE': False, 'DATASET': 'kinetics', 'BATCH_SIZE': 192, 'CHECKPOINT_FILE_PATH': '', 'NUM_ENSEMBLE_VIEWS': 1, 'NUM_SPATIAL_CROPS': 1, 'CHECKPOINT_TYPE': 'pytorch', 'SAVE_RESULTS_PATH': '', 'NUM_TEMPORAL_CLIPS': [], 'RETURN_FEATS': False, 'RETURN_CAS': False}), 'RESNET': CfgNode({'TRANS_FUNC': 'bottleneck_transform', 'NUM_GROUPS': 1, 'WIDTH_PER_GROUP': 64, 'INPLACE_RELU': True, 'STRIDE_1X1': False, 'ZERO_INIT_FINAL_BN': True, 'ZERO_INIT_FINAL_CONV': False, 'DEPTH': 50, 'NUM_BLOCK_TEMP_KERNEL': [[3], [4], [6], [3]], 'SPATIAL_STRIDES': [[1], [2], [2], [2]], 'SPATIAL_DILATIONS': [[1], [1], [1], [1]]}), 'X3D': CfgNode({'WIDTH_FACTOR': 1.0, 'DEPTH_FACTOR': 1.0, 'BOTTLENECK_FACTOR': 1.0, 'DIM_C5': 2048, 'DIM_C1': 12, 'SCALE_RES2': False, 'BN_LIN5': False, 'CHANNELWISE_3x3x3': True}), 'NONLOCAL': CfgNode({'LOCATION': [[[]], [[]], [[]], [[]]], 'GROUP': [[1], [1], [1], [1]], 'INSTANTIATION': 'dot_product', 'POOL': [[[1, 2, 2], [1, 2, 2]], [[1, 2, 2], [1, 2, 2]], [[1, 2, 2], [1, 2, 2]], [[1, 2, 2], [1, 2, 2]]]}), 'MODEL': CfgNode({'ARCH': 'slow', 'MODEL_NAME': 'ResNet', 'NUM_CLASSES': 16, 'LOSS_FUNC': 'cross_entropy', 'SINGLE_PATHWAY_ARCH': ['2d', 'c2d', 'i3d', 'slow', 'x3d', 'mvit', 'maskmvit'], 'MULTI_PATHWAY_ARCH': ['slowfast'], 'DROPOUT_RATE': 0.5, 'DROPCONNECT_RATE': 0.0, 'FC_INIT_STD': 0.01, 'HEAD_ACT': 'none', 'ACT_CHECKPOINT': False, 'DETACH_FINAL_FC': False, 'DETACH_HEAD': False, 'REINIT_HEAD': False, 'FROZEN_BN': False, 'FP16_ALLREDUCE': False, 'FEAT_AGGREGATOR': 'avg_pool', 'HEAD_MLP_DIM': 2048}), 'MVIT': CfgNode({'MODE': 'conv', 'POOL_FIRST': False, 'CLS_EMBED_ON': True, 'PATCH_KERNEL': [3, 7, 7], 'PATCH_STRIDE': [2, 4, 4], 'PATCH_PADDING': [2, 4, 4], 'PATCH_2D': False, 'EMBED_DIM': 96, 'NUM_HEADS': 1, 'MLP_RATIO': 4.0, 'QKV_BIAS': True, 'DROPPATH_RATE': 0.1, 'LAYER_SCALE_INIT_VALUE': 0.0, 'DEPTH': 16, 'NORM': 'layernorm', 'DIM_MUL': [], 'HEAD_MUL': [], 'POOL_KV_STRIDE': [], 'POOL_KV_STRIDE_ADAPTIVE': None, 'POOL_Q_STRIDE': [], 'POOL_KVQ_KERNEL': None, 'ZERO_DECAY_POS_CLS': True, 'NORM_STEM': False, 'SEP_POS_EMBED': False, 'DROPOUT_RATE': 0.0, 'USE_ABS_POS': True, 'REL_POS_SPATIAL': False, 'REL_POS_TEMPORAL': False, 'REL_POS_ZERO_INIT': False, 'RESIDUAL_POOLING': False, 'DIM_MUL_IN_ATT': False, 'SEPARATE_QKV': False, 'HEAD_INIT_SCALE': 1.0, 'USE_MEAN_POOLING': False, 'USE_FIXED_SINCOS_POS': False, 'REV': CfgNode({'ENABLE': False, 'RESPATH_FUSE': 'concat', 'BUFFER_LAYERS': [], 'RES_PATH': 'conv', 'PRE_Q_FUSION': 'avg'})}), 'MASK': CfgNode({'ENABLE': False, 'MAE_ON': False, 'MAE_RND_MASK': False, 'PER_FRAME_MASKING': False, 'TIME_STRIDE_LOSS': True, 'NORM_PRED_PIXEL': True, 'SCALE_INIT_BY_DEPTH': False, 'DECODER_EMBED_DIM': 512, 'DECODER_SEP_POS_EMBED': False, 'DEC_KV_KERNEL': [], 'DEC_KV_STRIDE': [], 'PRETRAIN_DEPTH': [15], 'HEAD_TYPE': 'separate', 'DECODER_DEPTH': 0, 'PRED_HOG': False}), 'SLOWFAST': CfgNode({'BETA_INV': 8, 'ALPHA': 8, 'FUSION_CONV_CHANNEL_RATIO': 2, 'FUSION_KERNEL_SZ': 5}), 'DATA': CfgNode({'SPATIAL_SAMPLING': False, 'PATH_TO_DATA_DIR': '/mnt/data/top_priority_annotations/kinetics/overlapping', 'PATH_LABEL_SEPARATOR': ' ', 'PATH_LABEL_SEPARATOR_IDX': -1, 'PATH_PREFIX': '/mnt/data/top_priority_species', 'NUM_FRAMES': 16, 'SAMPLING_RATE': 24, 'TRAIN_PCA_EIGVAL': [0.225, 0.224, 0.229], 'TRAIN_PCA_EIGVEC': [[-0.5675, 0.7192, 0.4009], [-0.5808, -0.0045, -0.814], [-0.5836, -0.6948, 0.4203]], 'PATH_TO_PRELOAD_IMDB': '', 'USE_MEAN': True, 'MEAN': [0.45, 0.45, 0.45], 'INPUT_CHANNEL_NUM': [3], 'STD': [0.225, 0.225, 0.225], 'TRAIN_JITTER_SCALES': [256, 320], 'TRAIN_JITTER_SCALES_RELATIVE': [], 'TRAIN_JITTER_ASPECT_RELATIVE': [], 'USE_OFFSET_SAMPLING': False, 'TRAIN_JITTER_MOTION_SHIFT': False, 'TRAIN_CROP_SIZE': 256, 'TEST_CROP_SIZE': 256, 'TARGET_FPS': 24, 'TRAIN_JITTER_FPS': 0.0, 'DECODING_BACKEND': 'torchvision', 'DECODING_SHORT_SIZE': 256, 'INV_UNIFORM_SAMPLE': False, 'RANDOM_FLIP': True, 'MULTI_LABEL': False, 'ENSEMBLE_METHOD': 'sum', 'REVERSE_INPUT_CHANNEL': False, 'TRAIN_CROP_NUM_TEMPORAL': 1, 'TRAIN_CROP_NUM_SPATIAL': 1, 'COLOR_RND_GRAYSCALE': 0.0, 'LOADER_CHUNK_SIZE': 0, 'LOADER_CHUNK_OVERALL_SIZE': 0, 'SKIP_ROWS': 0, 'TIME_DIFF_PROB': 0.0, 'SSL_COLOR_JITTER': False, 'SSL_COLOR_BRI_CON_SAT': [0.4, 0.4, 0.4], 'SSL_COLOR_HUE': 0.1, 'SSL_MOCOV2_AUG': False, 'SSL_BLUR_SIGMA_MIN': [0.0, 0.1], 'SSL_BLUR_SIGMA_MAX': [0.0, 2.0], 'IN22K_TRAINVAL': False, 'IN22k_VAL_IN1K': '', 'IN_VAL_CROP_RATIO': 0.875, 'DUMMY_LOAD': False, 'PSEUDO_LABELS': '', 'PSEUDO_LABELS_WEIGHT': 1.0}), 'FG_BG_MIXUP': CfgNode({'ENABLE': False, 'RAND_SUB': False, 'MIX_ON_EVAL': False, 'ADD_BG': CfgNode({'ENABLE': False, 'ALPHA_MIN': 0.0, 'ALPHA_MAX': 1.0, 'SCHEDULER': 'linear'}), 'SUBTRACT_BG': CfgNode({'ENABLE': False, 'ALPHA_MIN': 0.0, 'ALPHA_MAX': 1.0, 'SCHEDULER': 'linear', 'APPLY_CLASSWISE': CfgNode({'ENABLE': False, 'CLASSES': []}), 'ORTHO_EMBS': False}), 'ADD_BG2': CfgNode({'ENABLE': False, 'START_FROM_EPOCH': 100}), 'SELECT_RAND_BG_FRAME': CfgNode({'ENABLE': False, 'DUPLICATE_FRAME': False}), 'GEN_BG_NO_GRAD': False, 'CONCAT_BG_FRAMES': CfgNode({'ENABLE': False, 'RATIO': 1.0, 'SORT_BG_FRAMES': False, 'SUBSAMPLE_CONCAT_FRAMES': False})}), 'FGFG_MIXUP': CfgNode({'ENABLE': False}), 'SOLVER': CfgNode({'BASE_LR': 0.25, 'LR_POLICY': 'cosine', 'COSINE_END_LR': 0.0, 'GAMMA': 0.1, 'STEP_SIZE': 1, 'STEPS': [], 'LRS': [], 'MAX_EPOCH': 48, 'MOMENTUM': 0.9, 'DAMPENING': 0.0, 'NESTEROV': True, 'WEIGHT_DECAY': 0.0001, 'WARMUP_FACTOR': 0.1, 'WARMUP_EPOCHS': 5.0, 'WARMUP_START_LR': 0.025, 'OPTIMIZING_METHOD': 'sgd', 'BASE_LR_SCALE_NUM_SHARDS': False, 'COSINE_AFTER_WARMUP': False, 'ZERO_WD_1D_PARAM': False, 'CLIP_GRAD_VAL': None, 'CLIP_GRAD_L2NORM': None, 'LARS_ON': False, 'LAYER_DECAY': 1.0, 'BETAS': (0.9, 0.999)}), 'TASK': '', 'NUM_GPUS': 4, 'NUM_SHARDS': 1, 'SHARD_ID': 0, 'OUTPUT_DIR': '/mnt/imslowfast/results/species_classification/overlapping_f=16', 'RNG_SEED': 0, 'LOG_PERIOD': 1, 'LOG_MODEL_INFO': True, 'DIST_BACKEND': 'nccl', 'USE_SBATCH': False, 'BENCHMARK': CfgNode({'NUM_EPOCHS': 5, 'LOG_PERIOD': 100, 'SHUFFLE': True}), 'DATA_LOADER': CfgNode({'NUM_WORKERS': 8, 'PIN_MEMORY': True, 'ENABLE_MULTI_THREAD_DECODE': False}), 'DETECTION': CfgNode({'ENABLE': False, 'ALIGNED': True, 'SPATIAL_SCALE_FACTOR': 16, 'ROI_XFORM_RESOLUTION': 7}), 'AVA': CfgNode({'FRAME_DIR': '/mnt/fair-flash3-east/ava_trainval_frames.img/', 'FRAME_LIST_DIR': '/mnt/vol/gfsai-flash3-east/ai-group/users/haoqifan/ava/frame_list/', 'ANNOTATION_DIR': '/mnt/vol/gfsai-flash3-east/ai-group/users/haoqifan/ava/frame_list/', 'TRAIN_LISTS': ['train.csv'], 'TEST_LISTS': ['val.csv'], 'TRAIN_GT_BOX_LISTS': ['ava_train_v2.2.csv'], 'TRAIN_PREDICT_BOX_LISTS': [], 'TEST_PREDICT_BOX_LISTS': ['ava_val_predicted_boxes.csv'], 'DETECTION_SCORE_THRESH': 0.9, 'BGR': False, 'TRAIN_USE_COLOR_AUGMENTATION': False, 'TRAIN_PCA_JITTER_ONLY': True, 'TEST_FORCE_FLIP': False, 'FULL_TEST_ON_VAL': False, 'LABEL_MAP_FILE': 'ava_action_list_v2.2_for_activitynet_2019.pbtxt', 'EXCLUSION_FILE': 'ava_val_excluded_timestamps_v2.2.csv', 'GROUNDTRUTH_FILE': 'ava_val_v2.2.csv', 'IMG_PROC_BACKEND': 'cv2'}), 'MULTIGRID': CfgNode({'EPOCH_FACTOR': 1.5, 'SHORT_CYCLE': False, 'SHORT_CYCLE_FACTORS': [0.5, 0.7071067811865476], 'LONG_CYCLE': False, 'LONG_CYCLE_FACTORS': [(0.25, 0.7071067811865476), (0.5, 0.7071067811865476), (0.5, 1), (1, 1)], 'BN_BASE_SIZE': 8, 'EVAL_FREQ': 3, 'LONG_CYCLE_SAMPLING_RATE': 0, 'DEFAULT_B': 0, 'DEFAULT_T': 0, 'DEFAULT_S': 0}), 'TENSORBOARD': CfgNode({'ENABLE': True, 'PREDICTIONS_PATH': '', 'LOG_DIR': '', 'CLASS_NAMES_PATH': '', 'CATEGORIES_PATH': '', 'CONFUSION_MATRIX': CfgNode({'ENABLE': False, 'FIGSIZE': [8, 8], 'SUBSET_PATH': ''}), 'HISTOGRAM': CfgNode({'ENABLE': False, 'SUBSET_PATH': '', 'TOPK': 10, 'FIGSIZE': [8, 8]}), 'MODEL_VIS': CfgNode({'ENABLE': False, 'MODEL_WEIGHTS': False, 'ACTIVATIONS': False, 'INPUT_VIDEO': False, 'LAYER_LIST': [], 'TOPK_PREDS': 1, 'COLORMAP': 'Pastel2', 'GRAD_CAM': CfgNode({'ENABLE': True, 'LAYER_LIST': [], 'USE_TRUE_LABEL': False, 'COLORMAP': 'viridis'})}), 'WRONG_PRED_VIS': CfgNode({'ENABLE': False, 'TAG': 'Incorrectly classified videos.', 'SUBSET_PATH': ''})}), 'DEMO': CfgNode({'ENABLE': False, 'LABEL_FILE_PATH': '', 'WEBCAM': -1, 'INPUT_VIDEO': '', 'DISPLAY_WIDTH': 0, 'DISPLAY_HEIGHT': 0, 'DETECTRON2_CFG': 'COCO-Detection/faster_rcnn_R_50_FPN_3x.yaml', 'DETECTRON2_WEIGHTS': 'detectron2://COCO-Detection/faster_rcnn_R_50_FPN_3x/137849458/model_final_280758.pkl', 'DETECTRON2_THRESH': 0.9, 'BUFFER_SIZE': 0, 'OUTPUT_FILE': '', 'OUTPUT_FPS': -1, 'INPUT_FORMAT': 'BGR', 'CLIP_VIS_SIZE': 10, 'NUM_VIS_INSTANCES': 2, 'PREDS_BOXES': '', 'THREAD_ENABLE': False, 'NUM_CLIPS_SKIP': 0, 'GT_BOXES': '', 'STARTING_SECOND': 900, 'FPS': 30, 'VIS_MODE': 'thres', 'COMMON_CLASS_THRES': 0.7, 'UNCOMMON_CLASS_THRES': 0.3, 'COMMON_CLASS_NAMES': ['watch (a person)', 'talk to (e.g., self, a person, a group)', 'listen to (a person)', 'touch (an object)', 'carry/hold (an object)', 'walk', 'sit', 'lie/sleep', 'bend/bow (at the waist)'], 'SLOWMO': 1})})
[12/19 09:20:22][INFO] misc.py:  237: Model:
DistributedDataParallel(
  (module): ResNet(
    (s1): VideoModelStem(
      (pathway0_stem): ResNetBasicStem(
        (conv): Conv3d(3, 64, kernel_size=(1, 7, 7), stride=(1, 2, 2), padding=(0, 3, 3), bias=False)
        (bn): BatchNorm3d(64, eps=1e-05, momentum=0.1, affine=True, track_running_stats=True)
        (relu): ReLU(inplace=True)
        (pool_layer): MaxPool3d(kernel_size=[1, 3, 3], stride=[1, 2, 2], padding=[0, 1, 1], dilation=1, ceil_mode=False)
      )
    )
    (s2): ResStage(
      (pathway0_res0): ResBlock(
        (branch1): Conv3d(64, 256, kernel_size=(1, 1, 1), stride=(1, 1, 1), bias=False)
        (branch1_bn): BatchNorm3d(256, eps=1e-05, momentum=0.1, affine=True, track_running_stats=True)
        (branch2): BottleneckTransform(
          (a): Conv3d(64, 64, kernel_size=(1, 1, 1), stride=(1, 1, 1), bias=False)
          (a_bn): BatchNorm3d(64, eps=1e-05, momentum=0.1, affine=True, track_running_stats=True)
          (a_relu): ReLU(inplace=True)
          (b): Conv3d(64, 64, kernel_size=(1, 3, 3), stride=(1, 1, 1), padding=(0, 1, 1), bias=False)
          (b_bn): BatchNorm3d(64, eps=1e-05, momentum=0.1, affine=True, track_running_stats=True)
          (b_relu): ReLU(inplace=True)
          (c): Conv3d(64, 256, kernel_size=(1, 1, 1), stride=(1, 1, 1), bias=False)
          (c_bn): BatchNorm3d(256, eps=1e-05, momentum=0.1, affine=True, track_running_stats=True)
        )
        (relu): ReLU(inplace=True)
      )
      (pathway0_res1): ResBlock(
        (branch2): BottleneckTransform(
          (a): Conv3d(256, 64, kernel_size=(1, 1, 1), stride=(1, 1, 1), bias=False)
          (a_bn): BatchNorm3d(64, eps=1e-05, momentum=0.1, affine=True, track_running_stats=True)
          (a_relu): ReLU(inplace=True)
          (b): Conv3d(64, 64, kernel_size=(1, 3, 3), stride=(1, 1, 1), padding=(0, 1, 1), bias=False)
          (b_bn): BatchNorm3d(64, eps=1e-05, momentum=0.1, affine=True, track_running_stats=True)
          (b_relu): ReLU(inplace=True)
          (c): Conv3d(64, 256, kernel_size=(1, 1, 1), stride=(1, 1, 1), bias=False)
          (c_bn): BatchNorm3d(256, eps=1e-05, momentum=0.1, affine=True, track_running_stats=True)
        )
        (relu): ReLU(inplace=True)
      )
      (pathway0_res2): ResBlock(
        (branch2): BottleneckTransform(
          (a): Conv3d(256, 64, kernel_size=(1, 1, 1), stride=(1, 1, 1), bias=False)
          (a_bn): BatchNorm3d(64, eps=1e-05, momentum=0.1, affine=True, track_running_stats=True)
          (a_relu): ReLU(inplace=True)
          (b): Conv3d(64, 64, kernel_size=(1, 3, 3), stride=(1, 1, 1), padding=(0, 1, 1), bias=False)
          (b_bn): BatchNorm3d(64, eps=1e-05, momentum=0.1, affine=True, track_running_stats=True)
          (b_relu): ReLU(inplace=True)
          (c): Conv3d(64, 256, kernel_size=(1, 1, 1), stride=(1, 1, 1), bias=False)
          (c_bn): BatchNorm3d(256, eps=1e-05, momentum=0.1, affine=True, track_running_stats=True)
        )
        (relu): ReLU(inplace=True)
      )
    )
    (pathway0_pool): MaxPool3d(kernel_size=[1, 1, 1], stride=[1, 1, 1], padding=[0, 0, 0], dilation=1, ceil_mode=False)
    (s3): ResStage(
      (pathway0_res0): ResBlock(
        (branch1): Conv3d(256, 512, kernel_size=(1, 1, 1), stride=(1, 2, 2), bias=False)
        (branch1_bn): BatchNorm3d(512, eps=1e-05, momentum=0.1, affine=True, track_running_stats=True)
        (branch2): BottleneckTransform(
          (a): Conv3d(256, 128, kernel_size=(1, 1, 1), stride=(1, 1, 1), bias=False)
          (a_bn): BatchNorm3d(128, eps=1e-05, momentum=0.1, affine=True, track_running_stats=True)
          (a_relu): ReLU(inplace=True)
          (b): Conv3d(128, 128, kernel_size=(1, 3, 3), stride=(1, 2, 2), padding=(0, 1, 1), bias=False)
          (b_bn): BatchNorm3d(128, eps=1e-05, momentum=0.1, affine=True, track_running_stats=True)
          (b_relu): ReLU(inplace=True)
          (c): Conv3d(128, 512, kernel_size=(1, 1, 1), stride=(1, 1, 1), bias=False)
          (c_bn): BatchNorm3d(512, eps=1e-05, momentum=0.1, affine=True, track_running_stats=True)
        )
        (relu): ReLU(inplace=True)
      )
      (pathway0_res1): ResBlock(
        (branch2): BottleneckTransform(
          (a): Conv3d(512, 128, kernel_size=(1, 1, 1), stride=(1, 1, 1), bias=False)
          (a_bn): BatchNorm3d(128, eps=1e-05, momentum=0.1, affine=True, track_running_stats=True)
          (a_relu): ReLU(inplace=True)
          (b): Conv3d(128, 128, kernel_size=(1, 3, 3), stride=(1, 1, 1), padding=(0, 1, 1), bias=False)
          (b_bn): BatchNorm3d(128, eps=1e-05, momentum=0.1, affine=True, track_running_stats=True)
          (b_relu): ReLU(inplace=True)
          (c): Conv3d(128, 512, kernel_size=(1, 1, 1), stride=(1, 1, 1), bias=False)
          (c_bn): BatchNorm3d(512, eps=1e-05, momentum=0.1, affine=True, track_running_stats=True)
        )
        (relu): ReLU(inplace=True)
      )
      (pathway0_res2): ResBlock(
        (branch2): BottleneckTransform(
          (a): Conv3d(512, 128, kernel_size=(1, 1, 1), stride=(1, 1, 1), bias=False)
          (a_bn): BatchNorm3d(128, eps=1e-05, momentum=0.1, affine=True, track_running_stats=True)
          (a_relu): ReLU(inplace=True)
          (b): Conv3d(128, 128, kernel_size=(1, 3, 3), stride=(1, 1, 1), padding=(0, 1, 1), bias=False)
          (b_bn): BatchNorm3d(128, eps=1e-05, momentum=0.1, affine=True, track_running_stats=True)
          (b_relu): ReLU(inplace=True)
          (c): Conv3d(128, 512, kernel_size=(1, 1, 1), stride=(1, 1, 1), bias=False)
          (c_bn): BatchNorm3d(512, eps=1e-05, momentum=0.1, affine=True, track_running_stats=True)
        )
        (relu): ReLU(inplace=True)
      )
      (pathway0_res3): ResBlock(
        (branch2): BottleneckTransform(
          (a): Conv3d(512, 128, kernel_size=(1, 1, 1), stride=(1, 1, 1), bias=False)
          (a_bn): BatchNorm3d(128, eps=1e-05, momentum=0.1, affine=True, track_running_stats=True)
          (a_relu): ReLU(inplace=True)
          (b): Conv3d(128, 128, kernel_size=(1, 3, 3), stride=(1, 1, 1), padding=(0, 1, 1), bias=False)
          (b_bn): BatchNorm3d(128, eps=1e-05, momentum=0.1, affine=True, track_running_stats=True)
          (b_relu): ReLU(inplace=True)
          (c): Conv3d(128, 512, kernel_size=(1, 1, 1), stride=(1, 1, 1), bias=False)
          (c_bn): BatchNorm3d(512, eps=1e-05, momentum=0.1, affine=True, track_running_stats=True)
        )
        (relu): ReLU(inplace=True)
      )
    )
    (s4): ResStage(
      (pathway0_res0): ResBlock(
        (branch1): Conv3d(512, 1024, kernel_size=(1, 1, 1), stride=(1, 2, 2), bias=False)
        (branch1_bn): BatchNorm3d(1024, eps=1e-05, momentum=0.1, affine=True, track_running_stats=True)
        (branch2): BottleneckTransform(
          (a): Conv3d(512, 256, kernel_size=(3, 1, 1), stride=(1, 1, 1), padding=(1, 0, 0), bias=False)
          (a_bn): BatchNorm3d(256, eps=1e-05, momentum=0.1, affine=True, track_running_stats=True)
          (a_relu): ReLU(inplace=True)
          (b): Conv3d(256, 256, kernel_size=(1, 3, 3), stride=(1, 2, 2), padding=(0, 1, 1), bias=False)
          (b_bn): BatchNorm3d(256, eps=1e-05, momentum=0.1, affine=True, track_running_stats=True)
          (b_relu): ReLU(inplace=True)
          (c): Conv3d(256, 1024, kernel_size=(1, 1, 1), stride=(1, 1, 1), bias=False)
          (c_bn): BatchNorm3d(1024, eps=1e-05, momentum=0.1, affine=True, track_running_stats=True)
        )
        (relu): ReLU(inplace=True)
      )
      (pathway0_res1): ResBlock(
        (branch2): BottleneckTransform(
          (a): Conv3d(1024, 256, kernel_size=(3, 1, 1), stride=(1, 1, 1), padding=(1, 0, 0), bias=False)
          (a_bn): BatchNorm3d(256, eps=1e-05, momentum=0.1, affine=True, track_running_stats=True)
          (a_relu): ReLU(inplace=True)
          (b): Conv3d(256, 256, kernel_size=(1, 3, 3), stride=(1, 1, 1), padding=(0, 1, 1), bias=False)
          (b_bn): BatchNorm3d(256, eps=1e-05, momentum=0.1, affine=True, track_running_stats=True)
          (b_relu): ReLU(inplace=True)
          (c): Conv3d(256, 1024, kernel_size=(1, 1, 1), stride=(1, 1, 1), bias=False)
          (c_bn): BatchNorm3d(1024, eps=1e-05, momentum=0.1, affine=True, track_running_stats=True)
        )
        (relu): ReLU(inplace=True)
      )
      (pathway0_res2): ResBlock(
        (branch2): BottleneckTransform(
          (a): Conv3d(1024, 256, kernel_size=(3, 1, 1), stride=(1, 1, 1), padding=(1, 0, 0), bias=False)
          (a_bn): BatchNorm3d(256, eps=1e-05, momentum=0.1, affine=True, track_running_stats=True)
          (a_relu): ReLU(inplace=True)
          (b): Conv3d(256, 256, kernel_size=(1, 3, 3), stride=(1, 1, 1), padding=(0, 1, 1), bias=False)
          (b_bn): BatchNorm3d(256, eps=1e-05, momentum=0.1, affine=True, track_running_stats=True)
          (b_relu): ReLU(inplace=True)
          (c): Conv3d(256, 1024, kernel_size=(1, 1, 1), stride=(1, 1, 1), bias=False)
          (c_bn): BatchNorm3d(1024, eps=1e-05, momentum=0.1, affine=True, track_running_stats=True)
        )
        (relu): ReLU(inplace=True)
      )
      (pathway0_res3): ResBlock(
        (branch2): BottleneckTransform(
          (a): Conv3d(1024, 256, kernel_size=(3, 1, 1), stride=(1, 1, 1), padding=(1, 0, 0), bias=False)
          (a_bn): BatchNorm3d(256, eps=1e-05, momentum=0.1, affine=True, track_running_stats=True)
          (a_relu): ReLU(inplace=True)
          (b): Conv3d(256, 256, kernel_size=(1, 3, 3), stride=(1, 1, 1), padding=(0, 1, 1), bias=False)
          (b_bn): BatchNorm3d(256, eps=1e-05, momentum=0.1, affine=True, track_running_stats=True)
          (b_relu): ReLU(inplace=True)
          (c): Conv3d(256, 1024, kernel_size=(1, 1, 1), stride=(1, 1, 1), bias=False)
          (c_bn): BatchNorm3d(1024, eps=1e-05, momentum=0.1, affine=True, track_running_stats=True)
        )
        (relu): ReLU(inplace=True)
      )
      (pathway0_res4): ResBlock(
        (branch2): BottleneckTransform(
          (a): Conv3d(1024, 256, kernel_size=(3, 1, 1), stride=(1, 1, 1), padding=(1, 0, 0), bias=False)
          (a_bn): BatchNorm3d(256, eps=1e-05, momentum=0.1, affine=True, track_running_stats=True)
          (a_relu): ReLU(inplace=True)
          (b): Conv3d(256, 256, kernel_size=(1, 3, 3), stride=(1, 1, 1), padding=(0, 1, 1), bias=False)
          (b_bn): BatchNorm3d(256, eps=1e-05, momentum=0.1, affine=True, track_running_stats=True)
          (b_relu): ReLU(inplace=True)
          (c): Conv3d(256, 1024, kernel_size=(1, 1, 1), stride=(1, 1, 1), bias=False)
          (c_bn): BatchNorm3d(1024, eps=1e-05, momentum=0.1, affine=True, track_running_stats=True)
        )
        (relu): ReLU(inplace=True)
      )
      (pathway0_res5): ResBlock(
        (branch2): BottleneckTransform(
          (a): Conv3d(1024, 256, kernel_size=(3, 1, 1), stride=(1, 1, 1), padding=(1, 0, 0), bias=False)
          (a_bn): BatchNorm3d(256, eps=1e-05, momentum=0.1, affine=True, track_running_stats=True)
          (a_relu): ReLU(inplace=True)
          (b): Conv3d(256, 256, kernel_size=(1, 3, 3), stride=(1, 1, 1), padding=(0, 1, 1), bias=False)
          (b_bn): BatchNorm3d(256, eps=1e-05, momentum=0.1, affine=True, track_running_stats=True)
          (b_relu): ReLU(inplace=True)
          (c): Conv3d(256, 1024, kernel_size=(1, 1, 1), stride=(1, 1, 1), bias=False)
          (c_bn): BatchNorm3d(1024, eps=1e-05, momentum=0.1, affine=True, track_running_stats=True)
        )
        (relu): ReLU(inplace=True)
      )
    )
    (s5): ResStage(
      (pathway0_res0): ResBlock(
        (branch1): Conv3d(1024, 2048, kernel_size=(1, 1, 1), stride=(1, 2, 2), bias=False)
        (branch1_bn): BatchNorm3d(2048, eps=1e-05, momentum=0.1, affine=True, track_running_stats=True)
        (branch2): BottleneckTransform(
          (a): Conv3d(1024, 512, kernel_size=(3, 1, 1), stride=(1, 1, 1), padding=(1, 0, 0), bias=False)
          (a_bn): BatchNorm3d(512, eps=1e-05, momentum=0.1, affine=True, track_running_stats=True)
          (a_relu): ReLU(inplace=True)
          (b): Conv3d(512, 512, kernel_size=(1, 3, 3), stride=(1, 2, 2), padding=(0, 1, 1), bias=False)
          (b_bn): BatchNorm3d(512, eps=1e-05, momentum=0.1, affine=True, track_running_stats=True)
          (b_relu): ReLU(inplace=True)
          (c): Conv3d(512, 2048, kernel_size=(1, 1, 1), stride=(1, 1, 1), bias=False)
          (c_bn): BatchNorm3d(2048, eps=1e-05, momentum=0.1, affine=True, track_running_stats=True)
        )
        (relu): ReLU(inplace=True)
      )
      (pathway0_res1): ResBlock(
        (branch2): BottleneckTransform(
          (a): Conv3d(2048, 512, kernel_size=(3, 1, 1), stride=(1, 1, 1), padding=(1, 0, 0), bias=False)
          (a_bn): BatchNorm3d(512, eps=1e-05, momentum=0.1, affine=True, track_running_stats=True)
          (a_relu): ReLU(inplace=True)
          (b): Conv3d(512, 512, kernel_size=(1, 3, 3), stride=(1, 1, 1), padding=(0, 1, 1), bias=False)
          (b_bn): BatchNorm3d(512, eps=1e-05, momentum=0.1, affine=True, track_running_stats=True)
          (b_relu): ReLU(inplace=True)
          (c): Conv3d(512, 2048, kernel_size=(1, 1, 1), stride=(1, 1, 1), bias=False)
          (c_bn): BatchNorm3d(2048, eps=1e-05, momentum=0.1, affine=True, track_running_stats=True)
        )
        (relu): ReLU(inplace=True)
      )
      (pathway0_res2): ResBlock(
        (branch2): BottleneckTransform(
          (a): Conv3d(2048, 512, kernel_size=(3, 1, 1), stride=(1, 1, 1), padding=(1, 0, 0), bias=False)
          (a_bn): BatchNorm3d(512, eps=1e-05, momentum=0.1, affine=True, track_running_stats=True)
          (a_relu): ReLU(inplace=True)
          (b): Conv3d(512, 512, kernel_size=(1, 3, 3), stride=(1, 1, 1), padding=(0, 1, 1), bias=False)
          (b_bn): BatchNorm3d(512, eps=1e-05, momentum=0.1, affine=True, track_running_stats=True)
          (b_relu): ReLU(inplace=True)
          (c): Conv3d(512, 2048, kernel_size=(1, 1, 1), stride=(1, 1, 1), bias=False)
          (c_bn): BatchNorm3d(2048, eps=1e-05, momentum=0.1, affine=True, track_running_stats=True)
        )
        (relu): ReLU(inplace=True)
      )
    )
    (head): ResNetBasicHead(
      (predictors): ModuleList()
      (pathway0_avgpool): AvgPool3d(kernel_size=[16, 8, 8], stride=1, padding=0)
      (dropout): Dropout(p=0.5, inplace=False)
      (projection): Linear(in_features=2048, out_features=16, bias=True)
    )
  )
)
[12/19 09:20:22][INFO] misc.py:  239: Params: 31,667,280
[12/19 09:20:22][INFO] misc.py:  240: Mem: 0.23807382583618164 MB
[12/19 09:20:23][WARNING] jit_analysis.py:  499: Unsupported operator aten::max_pool3d encountered 2 time(s)
[12/19 09:20:23][WARNING] jit_analysis.py:  499: Unsupported operator aten::add encountered 16 time(s)
[12/19 09:20:23][WARNING] jit_analysis.py:  499: Unsupported operator aten::avg_pool3d encountered 1 time(s)
[12/19 09:20:23][INFO] misc.py:  242: Flops: 109.49967871999999 G
[12/19 09:20:23][WARNING] jit_analysis.py:  499: Unsupported operator aten::batch_norm encountered 53 time(s)
[12/19 09:20:23][WARNING] jit_analysis.py:  499: Unsupported operator aten::max_pool3d encountered 2 time(s)
[12/19 09:20:23][WARNING] jit_analysis.py:  499: Unsupported operator aten::add encountered 16 time(s)
[12/19 09:20:23][WARNING] jit_analysis.py:  499: Unsupported operator aten::avg_pool3d encountered 1 time(s)
[12/19 09:20:23][INFO] misc.py:  243: Activations: 232.25959999999998 M
[12/19 09:20:23][INFO] misc.py:  248: nvidia-smi
Thu Dec 19 09:20:23 2024       
+---------------------------------------------------------------------------------------+
| NVIDIA-SMI 535.216.03             Driver Version: 535.216.03   CUDA Version: 12.3     |
|-----------------------------------------+----------------------+----------------------+
| GPU  Name                 Persistence-M | Bus-Id        Disp.A | Volatile Uncorr. ECC |
| Fan  Temp   Perf          Pwr:Usage/Cap |         Memory-Usage | GPU-Util  Compute M. |
|                                         |                      |               MIG M. |
|=========================================+======================+======================|
|   0  NVIDIA GH200 120GB             On  | 00000009:01:00.0 Off |                    0 |
| N/A   24C    P0             149W / 900W |   4650MiB / 97871MiB |      3%      Default |
|                                         |                      |             Disabled |
+-----------------------------------------+----------------------+----------------------+
|   1  NVIDIA GH200 120GB             On  | 00000019:01:00.0 Off |                    0 |
| N/A   24C    P0             129W / 900W |   2695MiB / 97871MiB |      0%      Default |
|                                         |                      |             Disabled |
+-----------------------------------------+----------------------+----------------------+
|   2  NVIDIA GH200 120GB             On  | 00000029:01:00.0 Off |                    0 |
| N/A   24C    P0             129W / 900W |   2705MiB / 97871MiB |      0%      Default |
|                                         |                      |             Disabled |
+-----------------------------------------+----------------------+----------------------+
|   3  NVIDIA GH200 120GB             On  | 00000039:01:00.0 Off |                    0 |
| N/A   22C    P0             134W / 900W |   2601MiB / 97871MiB |      0%      Default |
|                                         |                      |             Disabled |
+-----------------------------------------+----------------------+----------------------+
                                                                                         
+---------------------------------------------------------------------------------------+
| Processes:                                                                            |
|  GPU   GI   CI        PID   Type   Process name                            GPU Memory |
|        ID   ID                                                             Usage      |
|=======================================================================================|
|    0   N/A  N/A     60141      C   /usr/bin/python                            4196MiB |
|    1   N/A  N/A     60142      C   /usr/bin/python                            2244MiB |
|    2   N/A  N/A     60143      C   /usr/bin/python                            2254MiB |
|    3   N/A  N/A     60144      C   /usr/bin/python                            2150MiB |
+---------------------------------------------------------------------------------------+
bn 106, non bn 55, zero 0, no grad 0
[12/19 09:20:24][INFO] train_net.py:  861: Load from last checkpoint.
[12/19 09:20:24][INFO] checkpoint.py:  222: Loading network weights from /mnt/imslowfast/results/species_classification/overlapping_f=16/checkpoints/checkpoint_epoch_00045.pyth.
missing keys: []
unexpected keys: []
[12/19 09:20:24][INFO] kinetics.py:   92: Constructing Kinetics train...
[12/19 09:20:24][INFO] kinetics.py:  164: Constructing kinetics dataloader (size: 85976 skip_rows 0) from /mnt/data/top_priority_annotations/kinetics/overlapping/train.csv 
SAMPLING.BALANCED: False; BALANCE_TYPE: None
[12/19 09:20:24][INFO] kinetics.py:   92: Constructing Kinetics val...
[12/19 09:20:25][INFO] kinetics.py:  164: Constructing kinetics dataloader (size: 51587 skip_rows 0) from /mnt/data/top_priority_annotations/kinetics/overlapping/val.csv 
SAMPLING.BALANCED: False; BALANCE_TYPE: None
[12/19 09:20:25][INFO] tensorboard_vis.py:   52: To see logged results in Tensorboard, please launch using the command             `tensorboard  --port=<port-number> --logdir /mnt/imslowfast/results/species_classification/overlapping_f=16/runs-kinetics`
[12/19 09:20:25][INFO] train_net.py:  944: Start epoch: 46
[12/19 09:21:49][INFO] logging.py:   99: json_stats: {"_type": "train_iter_", "dt": 84.77414, "dt_data": 82.23707, "dt_net": 2.53707, "epoch": "46/48", "eta": "17:59:27", "gpu_mem": "86.78G", "grad_norm": 1.33807, "iter": "1/255", "loss": 0.57868, "lr": 0.00240, "top1_err": 18.75000, "top5_err": 1.19047}
[12/19 09:21:50][INFO] logging.py:   99: json_stats: {"_type": "train_iter_", "dt": 0.73415, "dt_data": 0.00047, "dt_net": 0.73368, "epoch": "46/48", "eta": "0:09:20", "gpu_mem": "86.78G", "grad_norm": 1.32704, "iter": "2/255", "loss": 0.51782, "lr": 0.00240, "top1_err": 19.04762, "top5_err": 2.08333}
[12/19 09:21:51][INFO] logging.py:   99: json_stats: {"_type": "train_iter_", "dt": 0.70776, "dt_data": 0.00035, "dt_net": 0.70741, "epoch": "46/48", "eta": "0:08:59", "gpu_mem": "86.78G", "grad_norm": 1.34885, "iter": "3/255", "loss": 0.54932, "lr": 0.00239, "top1_err": 21.42857, "top5_err": 2.08333}
[12/19 09:21:51][INFO] logging.py:   99: json_stats: {"_type": "train_iter_", "dt": 0.70281, "dt_data": 0.00038, "dt_net": 0.70244, "epoch": "46/48", "eta": "0:08:54", "gpu_mem": "86.78G", "grad_norm": 1.41110, "iter": "4/255", "loss": 0.54144, "lr": 0.00238, "top1_err": 21.13095, "top5_err": 0.59524}
[12/19 09:21:52][INFO] logging.py:   99: json_stats: {"_type": "train_iter_", "dt": 0.70705, "dt_data": 0.00037, "dt_net": 0.70668, "epoch": "46/48", "eta": "0:08:57", "gpu_mem": "86.78G", "grad_norm": 1.23144, "iter": "5/255", "loss": 0.49516, "lr": 0.00238, "top1_err": 19.04762, "top5_err": 1.48809}
[12/19 09:21:53][INFO] logging.py:   99: json_stats: {"_type": "train_iter_", "dt": 0.70716, "dt_data": 0.00037, "dt_net": 0.70679, "epoch": "46/48", "eta": "0:08:56", "gpu_mem": "86.78G", "grad_norm": 1.30093, "iter": "6/255", "loss": 0.52633, "lr": 0.00237, "top1_err": 19.94048, "top5_err": 0.59524}
[12/19 09:21:54][INFO] logging.py:   99: json_stats: {"_type": "train_iter_", "dt": 0.70872, "dt_data": 0.00042, "dt_net": 0.70830, "epoch": "46/48", "eta": "0:08:57", "gpu_mem": "86.78G", "grad_norm": 1.34883, "iter": "7/255", "loss": 0.55561, "lr": 0.00236, "top1_err": 17.85714, "top5_err": 1.48809}
[12/19 09:21:54][INFO] logging.py:   99: json_stats: {"_type": "train_iter_", "dt": 0.70657, "dt_data": 0.00036, "dt_net": 0.70621, "epoch": "46/48", "eta": "0:08:54", "gpu_mem": "86.78G", "grad_norm": 1.35259, "iter": "8/255", "loss": 0.52987, "lr": 0.00236, "top1_err": 17.85714, "top5_err": 0.59524}
[12/19 09:22:40][INFO] logging.py:   99: json_stats: {"_type": "train_iter_", "dt": 45.88321, "dt_data": 45.18870, "dt_net": 0.69450, "epoch": "46/48", "eta": "9:38:07", "gpu_mem": "86.78G", "grad_norm": 1.32693, "iter": "9/255", "loss": 0.53156, "lr": 0.00235, "top1_err": 17.85714, "top5_err": 0.89286}
[12/19 09:22:41][INFO] logging.py:   99: json_stats: {"_type": "train_iter_", "dt": 0.70740, "dt_data": 0.00032, "dt_net": 0.70708, "epoch": "46/48", "eta": "0:08:54", "gpu_mem": "86.78G", "grad_norm": 1.50149, "iter": "10/255", "loss": 0.59235, "lr": 0.00235, "top1_err": 19.34524, "top5_err": 1.78571}
[12/19 09:22:42][INFO] logging.py:   99: json_stats: {"_type": "train_iter_", "dt": 0.70545, "dt_data": 0.00039, "dt_net": 0.70506, "epoch": "46/48", "eta": "0:08:51", "gpu_mem": "86.78G", "grad_norm": 1.40554, "iter": "11/255", "loss": 0.52147, "lr": 0.00234, "top1_err": 19.64285, "top5_err": 1.19047}
[12/19 09:22:43][INFO] logging.py:   99: json_stats: {"_type": "train_iter_", "dt": 1.58543, "dt_data": 0.00034, "dt_net": 1.58509, "epoch": "46/48", "eta": "0:19:53", "gpu_mem": "86.78G", "grad_norm": 1.30650, "iter": "12/255", "loss": 0.53231, "lr": 0.00233, "top1_err": 17.85714, "top5_err": 1.78571}
[12/19 09:22:44][INFO] logging.py:   99: json_stats: {"_type": "train_iter_", "dt": 0.70585, "dt_data": 0.00046, "dt_net": 0.70539, "epoch": "46/48", "eta": "0:08:50", "gpu_mem": "86.78G", "grad_norm": 1.23702, "iter": "13/255", "loss": 0.52618, "lr": 0.00233, "top1_err": 17.55952, "top5_err": 1.48809}
[12/19 09:22:45][INFO] logging.py:   99: json_stats: {"_type": "train_iter_", "dt": 0.70616, "dt_data": 0.00038, "dt_net": 0.70578, "epoch": "46/48", "eta": "0:08:50", "gpu_mem": "86.78G", "grad_norm": 1.39651, "iter": "14/255", "loss": 0.55443, "lr": 0.00232, "top1_err": 20.83333, "top5_err": 0.29762}
[12/19 09:22:45][INFO] logging.py:   99: json_stats: {"_type": "train_iter_", "dt": 0.70565, "dt_data": 0.00033, "dt_net": 0.70531, "epoch": "46/48", "eta": "0:08:49", "gpu_mem": "86.78G", "grad_norm": 1.34363, "iter": "15/255", "loss": 0.59891, "lr": 0.00232, "top1_err": 22.61905, "top5_err": 1.48809}
[12/19 09:22:46][INFO] logging.py:   99: json_stats: {"_type": "train_iter_", "dt": 0.71183, "dt_data": 0.00038, "dt_net": 0.71145, "epoch": "46/48", "eta": "0:08:53", "gpu_mem": "86.78G", "grad_norm": 1.42280, "iter": "16/255", "loss": 0.61035, "lr": 0.00231, "top1_err": 23.51190, "top5_err": 1.19047}
[12/19 09:23:31][INFO] logging.py:   99: json_stats: {"_type": "train_iter_", "dt": 44.87881, "dt_data": 44.18086, "dt_net": 0.69795, "epoch": "46/48", "eta": "9:19:29", "gpu_mem": "86.78G", "grad_norm": 1.37503, "iter": "17/255", "loss": 0.55394, "lr": 0.00230, "top1_err": 19.94048, "top5_err": 1.48809}
[12/19 09:23:32][INFO] logging.py:   99: json_stats: {"_type": "train_iter_", "dt": 0.70739, "dt_data": 0.00037, "dt_net": 0.70702, "epoch": "46/48", "eta": "0:08:48", "gpu_mem": "86.78G", "grad_norm": 1.20909, "iter": "18/255", "loss": 0.50628, "lr": 0.00230, "top1_err": 21.13095, "top5_err": 0.89285}
[12/19 09:23:32][INFO] logging.py:   99: json_stats: {"_type": "train_iter_", "dt": 0.71154, "dt_data": 0.00038, "dt_net": 0.71117, "epoch": "46/48", "eta": "0:08:50", "gpu_mem": "86.78G", "grad_norm": 1.27589, "iter": "19/255", "loss": 0.50678, "lr": 0.00229, "top1_err": 16.36905, "top5_err": 1.19047}
[12/19 09:23:39][INFO] logging.py:   99: json_stats: {"_type": "train_iter_", "dt": 7.03090, "dt_data": 0.00038, "dt_net": 7.03051, "epoch": "46/48", "eta": "1:27:18", "gpu_mem": "86.78G", "grad_norm": 1.55211, "iter": "20/255", "loss": 0.59030, "lr": 0.00228, "top1_err": 19.64286, "top5_err": 2.67857}
[12/19 09:23:40][INFO] logging.py:   99: json_stats: {"_type": "train_iter_", "dt": 0.70558, "dt_data": 0.00043, "dt_net": 0.70514, "epoch": "46/48", "eta": "0:08:44", "gpu_mem": "86.78G", "grad_norm": 1.19292, "iter": "21/255", "loss": 0.46093, "lr": 0.00228, "top1_err": 17.85714, "top5_err": 0.59524}
[12/19 09:23:41][INFO] logging.py:   99: json_stats: {"_type": "train_iter_", "dt": 0.71417, "dt_data": 0.00036, "dt_net": 0.71382, "epoch": "46/48", "eta": "0:08:50", "gpu_mem": "86.78G", "grad_norm": 1.38399, "iter": "22/255", "loss": 0.53840, "lr": 0.00227, "top1_err": 19.94048, "top5_err": 1.19047}
[12/19 09:23:42][INFO] logging.py:   99: json_stats: {"_type": "train_iter_", "dt": 0.70598, "dt_data": 0.00037, "dt_net": 0.70561, "epoch": "46/48", "eta": "0:08:43", "gpu_mem": "86.78G", "grad_norm": 1.36115, "iter": "23/255", "loss": 0.53487, "lr": 0.00227, "top1_err": 17.85714, "top5_err": 0.89286}
[12/19 09:23:42][INFO] logging.py:   99: json_stats: {"_type": "train_iter_", "dt": 0.70986, "dt_data": 0.00043, "dt_net": 0.70943, "epoch": "46/48", "eta": "0:08:46", "gpu_mem": "86.78G", "grad_norm": 1.24471, "iter": "24/255", "loss": 0.50496, "lr": 0.00226, "top1_err": 16.96428, "top5_err": 1.78571}
[12/19 09:24:23][INFO] logging.py:   99: json_stats: {"_type": "train_iter_", "dt": 41.06463, "dt_data": 40.36828, "dt_net": 0.69634, "epoch": "46/48", "eta": "8:26:27", "gpu_mem": "86.78G", "grad_norm": 1.48833, "iter": "25/255", "loss": 0.63481, "lr": 0.00225, "top1_err": 22.02381, "top5_err": 1.19047}
[12/19 09:24:24][INFO] logging.py:   99: json_stats: {"_type": "train_iter_", "dt": 0.70468, "dt_data": 0.00037, "dt_net": 0.70431, "epoch": "46/48", "eta": "0:08:40", "gpu_mem": "86.78G", "grad_norm": 1.37043, "iter": "26/255", "loss": 0.60447, "lr": 0.00225, "top1_err": 20.83333, "top5_err": 1.19047}
[12/19 09:24:25][INFO] logging.py:   99: json_stats: {"_type": "train_iter_", "dt": 0.70822, "dt_data": 0.00037, "dt_net": 0.70784, "epoch": "46/48", "eta": "0:08:42", "gpu_mem": "86.78G", "grad_norm": 1.30248, "iter": "27/255", "loss": 0.49191, "lr": 0.00224, "top1_err": 20.53571, "top5_err": 0.59524}
[12/19 09:24:31][INFO] logging.py:   99: json_stats: {"_type": "train_iter_", "dt": 6.08540, "dt_data": 0.00049, "dt_net": 6.08491, "epoch": "46/48", "eta": "1:14:44", "gpu_mem": "86.78G", "grad_norm": 1.19454, "iter": "28/255", "loss": 0.54736, "lr": 0.00224, "top1_err": 19.04762, "top5_err": 1.19047}
[12/19 09:24:31][INFO] logging.py:   99: json_stats: {"_type": "train_iter_", "dt": 0.70509, "dt_data": 0.00045, "dt_net": 0.70463, "epoch": "46/48", "eta": "0:08:38", "gpu_mem": "86.78G", "grad_norm": 1.31556, "iter": "29/255", "loss": 0.54944, "lr": 0.00223, "top1_err": 21.42857, "top5_err": 0.59524}
[12/19 09:24:32][INFO] logging.py:   99: json_stats: {"_type": "train_iter_", "dt": 0.71337, "dt_data": 0.00041, "dt_net": 0.71295, "epoch": "46/48", "eta": "0:08:44", "gpu_mem": "86.78G", "grad_norm": 1.21088, "iter": "30/255", "loss": 0.49439, "lr": 0.00222, "top1_err": 16.96428, "top5_err": 1.48809}
[12/19 09:24:33][INFO] logging.py:   99: json_stats: {"_type": "train_iter_", "dt": 0.71270, "dt_data": 0.00049, "dt_net": 0.71221, "epoch": "46/48", "eta": "0:08:43", "gpu_mem": "86.78G", "grad_norm": 1.35511, "iter": "31/255", "loss": 0.53394, "lr": 0.00222, "top1_err": 16.96428, "top5_err": 0.59524}
[12/19 09:24:34][INFO] logging.py:   99: json_stats: {"_type": "train_iter_", "dt": 0.70607, "dt_data": 0.00038, "dt_net": 0.70569, "epoch": "46/48", "eta": "0:08:37", "gpu_mem": "86.78G", "grad_norm": 1.49970, "iter": "32/255", "loss": 0.65322, "lr": 0.00221, "top1_err": 23.21428, "top5_err": 1.19047}
[12/19 09:25:13][INFO] logging.py:   99: json_stats: {"_type": "train_iter_", "dt": 39.51246, "dt_data": 38.81582, "dt_net": 0.69664, "epoch": "46/48", "eta": "8:02:03", "gpu_mem": "86.78G", "grad_norm": 1.25650, "iter": "33/255", "loss": 0.52283, "lr": 0.00221, "top1_err": 18.45238, "top5_err": 0.89285}
[12/19 09:25:14][INFO] logging.py:   99: json_stats: {"_type": "train_iter_", "dt": 0.70765, "dt_data": 0.00048, "dt_net": 0.70717, "epoch": "46/48", "eta": "0:08:37", "gpu_mem": "86.78G", "grad_norm": 1.36870, "iter": "34/255", "loss": 0.59395, "lr": 0.00220, "top1_err": 20.23809, "top5_err": 0.89286}
[12/19 09:25:15][INFO] logging.py:   99: json_stats: {"_type": "train_iter_", "dt": 0.71206, "dt_data": 0.00039, "dt_net": 0.71167, "epoch": "46/48", "eta": "0:08:39", "gpu_mem": "86.78G", "grad_norm": 1.43213, "iter": "35/255", "loss": 0.58653, "lr": 0.00219, "top1_err": 19.34524, "top5_err": 1.48809}
[12/19 09:25:17][INFO] logging.py:   99: json_stats: {"_type": "train_iter_", "dt": 2.73947, "dt_data": 0.00035, "dt_net": 2.73911, "epoch": "46/48", "eta": "0:33:17", "gpu_mem": "86.78G", "grad_norm": 1.42364, "iter": "36/255", "loss": 0.56193, "lr": 0.00219, "top1_err": 20.83333, "top5_err": 1.19047}
[12/19 09:25:18][INFO] logging.py:   99: json_stats: {"_type": "train_iter_", "dt": 0.70604, "dt_data": 0.00045, "dt_net": 0.70558, "epoch": "46/48", "eta": "0:08:33", "gpu_mem": "86.78G", "grad_norm": 1.26575, "iter": "37/255", "loss": 0.53336, "lr": 0.00218, "top1_err": 16.66667, "top5_err": 2.08333}
[12/19 09:25:19][INFO] logging.py:   99: json_stats: {"_type": "train_iter_", "dt": 0.71375, "dt_data": 0.00048, "dt_net": 0.71327, "epoch": "46/48", "eta": "0:08:38", "gpu_mem": "86.78G", "grad_norm": 1.24436, "iter": "38/255", "loss": 0.44816, "lr": 0.00218, "top1_err": 16.66666, "top5_err": 1.19047}
[12/19 09:25:19][INFO] logging.py:   99: json_stats: {"_type": "train_iter_", "dt": 0.70787, "dt_data": 0.00040, "dt_net": 0.70747, "epoch": "46/48", "eta": "0:08:33", "gpu_mem": "86.78G", "grad_norm": 1.41930, "iter": "39/255", "loss": 0.57853, "lr": 0.00217, "top1_err": 20.23809, "top5_err": 1.19047}
[12/19 09:25:20][INFO] logging.py:   99: json_stats: {"_type": "train_iter_", "dt": 0.70902, "dt_data": 0.00041, "dt_net": 0.70861, "epoch": "46/48", "eta": "0:08:34", "gpu_mem": "86.78G", "grad_norm": 1.43696, "iter": "40/255", "loss": 0.55487, "lr": 0.00216, "top1_err": 20.53571, "top5_err": 2.08333}
[12/19 09:26:07][INFO] logging.py:   99: json_stats: {"_type": "train_iter_", "dt": 46.72935, "dt_data": 46.03333, "dt_net": 0.69601, "epoch": "46/48", "eta": "9:23:52", "gpu_mem": "86.78G", "grad_norm": 1.48654, "iter": "41/255", "loss": 0.55930, "lr": 0.00216, "top1_err": 19.34523, "top5_err": 0.59524}
[12/19 09:26:08][INFO] logging.py:   99: json_stats: {"_type": "train_iter_", "dt": 0.70819, "dt_data": 0.00035, "dt_net": 0.70784, "epoch": "46/48", "eta": "0:08:32", "gpu_mem": "86.78G", "grad_norm": 1.16956, "iter": "42/255", "loss": 0.48420, "lr": 0.00215, "top1_err": 19.04762, "top5_err": 1.48809}
[12/19 09:26:08][INFO] logging.py:   99: json_stats: {"_type": "train_iter_", "dt": 0.71118, "dt_data": 0.00035, "dt_net": 0.71083, "epoch": "46/48", "eta": "0:08:33", "gpu_mem": "86.78G", "grad_norm": 1.26136, "iter": "43/255", "loss": 0.49118, "lr": 0.00215, "top1_err": 16.07143, "top5_err": 1.48809}
[12/19 09:26:09][INFO] logging.py:   99: json_stats: {"_type": "train_iter_", "dt": 0.70447, "dt_data": 0.00037, "dt_net": 0.70410, "epoch": "46/48", "eta": "0:08:27", "gpu_mem": "86.78G", "grad_norm": 1.45600, "iter": "44/255", "loss": 0.59980, "lr": 0.00214, "top1_err": 22.91666, "top5_err": 1.78571}
[12/19 09:26:10][INFO] logging.py:   99: json_stats: {"_type": "train_iter_", "dt": 0.70760, "dt_data": 0.00035, "dt_net": 0.70725, "epoch": "46/48", "eta": "0:08:29", "gpu_mem": "86.78G", "grad_norm": 1.19129, "iter": "45/255", "loss": 0.52510, "lr": 0.00213, "top1_err": 15.77381, "top5_err": 2.08333}
[12/19 09:26:10][INFO] logging.py:   99: json_stats: {"_type": "train_iter_", "dt": 0.70962, "dt_data": 0.00038, "dt_net": 0.70924, "epoch": "46/48", "eta": "0:08:30", "gpu_mem": "86.78G", "grad_norm": 1.16248, "iter": "46/255", "loss": 0.53897, "lr": 0.00213, "top1_err": 20.23809, "top5_err": 0.89285}
[12/19 09:26:11][INFO] logging.py:   99: json_stats: {"_type": "train_iter_", "dt": 0.71328, "dt_data": 0.00039, "dt_net": 0.71289, "epoch": "46/48", "eta": "0:08:32", "gpu_mem": "86.78G", "grad_norm": 1.20385, "iter": "47/255", "loss": 0.51990, "lr": 0.00212, "top1_err": 20.23809, "top5_err": 0.89286}
[12/19 09:26:12][INFO] logging.py:   99: json_stats: {"_type": "train_iter_", "dt": 0.70713, "dt_data": 0.00040, "dt_net": 0.70673, "epoch": "46/48", "eta": "0:08:27", "gpu_mem": "86.78G", "grad_norm": 1.41172, "iter": "48/255", "loss": 0.58346, "lr": 0.00212, "top1_err": 19.04762, "top5_err": 1.48809}
[12/19 09:26:58][INFO] logging.py:   99: json_stats: {"_type": "train_iter_", "dt": 45.98731, "dt_data": 45.29257, "dt_net": 0.69474, "epoch": "46/48", "eta": "9:08:46", "gpu_mem": "86.78G", "grad_norm": 1.32730, "iter": "49/255", "loss": 0.56616, "lr": 0.00211, "top1_err": 17.55952, "top5_err": 1.48809}
[12/19 09:26:59][INFO] logging.py:   99: json_stats: {"_type": "train_iter_", "dt": 0.70986, "dt_data": 0.00040, "dt_net": 0.70946, "epoch": "46/48", "eta": "0:08:27", "gpu_mem": "86.78G", "grad_norm": 1.35173, "iter": "50/255", "loss": 0.61806, "lr": 0.00210, "top1_err": 21.13095, "top5_err": 2.08333}
[12/19 09:26:59][INFO] logging.py:   99: json_stats: {"_type": "train_iter_", "dt": 0.71356, "dt_data": 0.00044, "dt_net": 0.71312, "epoch": "46/48", "eta": "0:08:29", "gpu_mem": "86.78G", "grad_norm": 1.09455, "iter": "51/255", "loss": 0.44873, "lr": 0.00210, "top1_err": 17.85714, "top5_err": 0.59524}
[12/19 09:27:00][INFO] logging.py:   99: json_stats: {"_type": "train_iter_", "dt": 0.70762, "dt_data": 0.00040, "dt_net": 0.70721, "epoch": "46/48", "eta": "0:08:24", "gpu_mem": "86.78G", "grad_norm": 1.41735, "iter": "52/255", "loss": 0.58321, "lr": 0.00209, "top1_err": 19.34523, "top5_err": 2.08333}
[12/19 09:27:01][INFO] logging.py:   99: json_stats: {"_type": "train_iter_", "dt": 0.71116, "dt_data": 0.00036, "dt_net": 0.71080, "epoch": "46/48", "eta": "0:08:26", "gpu_mem": "86.78G", "grad_norm": 1.43746, "iter": "53/255", "loss": 0.63174, "lr": 0.00209, "top1_err": 22.91666, "top5_err": 2.08333}
[12/19 09:27:01][INFO] logging.py:   99: json_stats: {"_type": "train_iter_", "dt": 0.70778, "dt_data": 0.00036, "dt_net": 0.70742, "epoch": "46/48", "eta": "0:08:23", "gpu_mem": "86.78G", "grad_norm": 1.21421, "iter": "54/255", "loss": 0.45946, "lr": 0.00208, "top1_err": 15.47619, "top5_err": 1.19047}
[12/19 09:27:02][INFO] logging.py:   99: json_stats: {"_type": "train_iter_", "dt": 0.70961, "dt_data": 0.00036, "dt_net": 0.70925, "epoch": "46/48", "eta": "0:08:23", "gpu_mem": "86.78G", "grad_norm": 1.25936, "iter": "55/255", "loss": 0.61252, "lr": 0.00208, "top1_err": 21.13095, "top5_err": 2.67857}
[12/19 09:27:03][INFO] logging.py:   99: json_stats: {"_type": "train_iter_", "dt": 0.70844, "dt_data": 0.00042, "dt_net": 0.70802, "epoch": "46/48", "eta": "0:08:22", "gpu_mem": "86.78G", "grad_norm": 1.33596, "iter": "56/255", "loss": 0.58181, "lr": 0.00207, "top1_err": 20.83333, "top5_err": 1.78571}
[12/19 09:27:45][INFO] logging.py:   99: json_stats: {"_type": "train_iter_", "dt": 42.49733, "dt_data": 41.80280, "dt_net": 0.69453, "epoch": "46/48", "eta": "8:21:28", "gpu_mem": "86.78G", "grad_norm": 1.30856, "iter": "57/255", "loss": 0.55985, "lr": 0.00206, "top1_err": 19.94047, "top5_err": 1.48809}
[12/19 09:27:46][INFO] logging.py:   99: json_stats: {"_type": "train_iter_", "dt": 0.71036, "dt_data": 0.00054, "dt_net": 0.70981, "epoch": "46/48", "eta": "0:08:22", "gpu_mem": "86.78G", "grad_norm": 1.15926, "iter": "58/255", "loss": 0.50561, "lr": 0.00206, "top1_err": 16.36905, "top5_err": 1.78571}
[12/19 09:27:54][INFO] logging.py:   99: json_stats: {"_type": "train_iter_", "dt": 8.15549, "dt_data": 0.00036, "dt_net": 8.15513, "epoch": "46/48", "eta": "1:35:57", "gpu_mem": "86.78G", "grad_norm": 1.47440, "iter": "59/255", "loss": 0.62585, "lr": 0.00205, "top1_err": 19.94047, "top5_err": 0.89285}
[12/19 09:27:55][INFO] logging.py:   99: json_stats: {"_type": "train_iter_", "dt": 0.70511, "dt_data": 0.00037, "dt_net": 0.70474, "epoch": "46/48", "eta": "0:08:17", "gpu_mem": "86.78G", "grad_norm": 1.18833, "iter": "60/255", "loss": 0.51201, "lr": 0.00205, "top1_err": 16.66666, "top5_err": 1.19047}
[12/19 09:27:56][INFO] logging.py:   99: json_stats: {"_type": "train_iter_", "dt": 0.70363, "dt_data": 0.00040, "dt_net": 0.70323, "epoch": "46/48", "eta": "0:08:15", "gpu_mem": "86.78G", "grad_norm": 1.21839, "iter": "61/255", "loss": 0.59074, "lr": 0.00204, "top1_err": 19.64285, "top5_err": 2.67857}
[12/19 09:27:56][INFO] logging.py:   99: json_stats: {"_type": "train_iter_", "dt": 0.71124, "dt_data": 0.00039, "dt_net": 0.71085, "epoch": "46/48", "eta": "0:08:20", "gpu_mem": "86.78G", "grad_norm": 1.22355, "iter": "62/255", "loss": 0.52528, "lr": 0.00204, "top1_err": 18.15476, "top5_err": 1.48809}
[12/19 09:27:57][INFO] logging.py:   99: json_stats: {"_type": "train_iter_", "dt": 0.70700, "dt_data": 0.00039, "dt_net": 0.70661, "epoch": "46/48", "eta": "0:08:16", "gpu_mem": "86.78G", "grad_norm": 1.19941, "iter": "63/255", "loss": 0.50082, "lr": 0.00203, "top1_err": 16.36905, "top5_err": 0.89286}
[12/19 09:27:58][INFO] logging.py:   99: json_stats: {"_type": "train_iter_", "dt": 0.70371, "dt_data": 0.00038, "dt_net": 0.70333, "epoch": "46/48", "eta": "0:08:13", "gpu_mem": "86.78G", "grad_norm": 1.13854, "iter": "64/255", "loss": 0.48823, "lr": 0.00202, "top1_err": 17.26190, "top5_err": 1.19047}
[12/19 09:28:39][INFO] logging.py:   99: json_stats: {"_type": "train_iter_", "dt": 40.96447, "dt_data": 40.26636, "dt_net": 0.69811, "epoch": "46/48", "eta": "7:57:55", "gpu_mem": "86.78G", "grad_norm": 1.45701, "iter": "65/255", "loss": 0.64409, "lr": 0.00202, "top1_err": 21.42857, "top5_err": 2.38095}
[12/19 09:28:39][INFO] logging.py:   99: json_stats: {"_type": "train_iter_", "dt": 0.71618, "dt_data": 0.00040, "dt_net": 0.71578, "epoch": "46/48", "eta": "0:08:20", "gpu_mem": "86.78G", "grad_norm": 1.43354, "iter": "66/255", "loss": 0.53257, "lr": 0.00201, "top1_err": 17.55952, "top5_err": 0.89285}
[12/19 09:28:50][INFO] logging.py:   99: json_stats: {"_type": "train_iter_", "dt": 10.22510, "dt_data": 0.00044, "dt_net": 10.22466, "epoch": "46/48", "eta": "1:58:57", "gpu_mem": "86.78G", "grad_norm": 1.36663, "iter": "67/255", "loss": 0.50926, "lr": 0.00201, "top1_err": 16.36905, "top5_err": 2.38095}
[12/19 09:28:50][INFO] logging.py:   99: json_stats: {"_type": "train_iter_", "dt": 0.70360, "dt_data": 0.00043, "dt_net": 0.70317, "epoch": "46/48", "eta": "0:08:10", "gpu_mem": "86.78G", "grad_norm": 1.27164, "iter": "68/255", "loss": 0.57921, "lr": 0.00200, "top1_err": 20.53571, "top5_err": 2.67857}
[12/19 09:28:51][INFO] logging.py:   99: json_stats: {"_type": "train_iter_", "dt": 0.70786, "dt_data": 0.00036, "dt_net": 0.70749, "epoch": "46/48", "eta": "0:08:12", "gpu_mem": "86.78G", "grad_norm": 1.25626, "iter": "69/255", "loss": 0.52506, "lr": 0.00199, "top1_err": 19.94048, "top5_err": 1.48809}
[12/19 09:28:52][INFO] logging.py:   99: json_stats: {"_type": "train_iter_", "dt": 0.70844, "dt_data": 0.00052, "dt_net": 0.70792, "epoch": "46/48", "eta": "0:08:12", "gpu_mem": "86.78G", "grad_norm": 1.27145, "iter": "70/255", "loss": 0.47287, "lr": 0.00199, "top1_err": 15.47619, "top5_err": 0.29762}
[12/19 09:28:52][INFO] logging.py:   99: json_stats: {"_type": "train_iter_", "dt": 0.71210, "dt_data": 0.00048, "dt_net": 0.71160, "epoch": "46/48", "eta": "0:08:14", "gpu_mem": "86.78G", "grad_norm": 1.38141, "iter": "71/255", "loss": 0.56679, "lr": 0.00198, "top1_err": 19.34524, "top5_err": 1.48809}
[12/19 09:28:53][INFO] logging.py:   99: json_stats: {"_type": "train_iter_", "dt": 0.70982, "dt_data": 0.00053, "dt_net": 0.70928, "epoch": "46/48", "eta": "0:08:11", "gpu_mem": "86.78G", "grad_norm": 1.22061, "iter": "72/255", "loss": 0.54772, "lr": 0.00198, "top1_err": 18.15476, "top5_err": 1.78571}
[12/19 09:29:32][INFO] logging.py:   99: json_stats: {"_type": "train_iter_", "dt": 38.59654, "dt_data": 37.90351, "dt_net": 0.69303, "epoch": "46/48", "eta": "7:25:08", "gpu_mem": "86.78G", "grad_norm": 1.23655, "iter": "73/255", "loss": 0.48515, "lr": 0.00197, "top1_err": 16.66666, "top5_err": 0.59524}
[12/19 09:29:32][INFO] logging.py:   99: json_stats: {"_type": "train_iter_", "dt": 0.71427, "dt_data": 0.00061, "dt_net": 0.71366, "epoch": "46/48", "eta": "0:08:13", "gpu_mem": "86.78G", "grad_norm": 1.28014, "iter": "74/255", "loss": 0.54650, "lr": 0.00197, "top1_err": 17.26190, "top5_err": 2.38095}
[12/19 09:29:41][INFO] logging.py:   99: json_stats: {"_type": "train_iter_", "dt": 8.32063, "dt_data": 0.00038, "dt_net": 8.32024, "epoch": "46/48", "eta": "1:35:41", "gpu_mem": "86.78G", "grad_norm": 1.18581, "iter": "75/255", "loss": 0.55667, "lr": 0.00196, "top1_err": 20.83333, "top5_err": 2.38095}
[12/19 09:29:41][INFO] logging.py:   99: json_stats: {"_type": "train_iter_", "dt": 0.70024, "dt_data": 0.00041, "dt_net": 0.69983, "epoch": "46/48", "eta": "0:08:02", "gpu_mem": "86.78G", "grad_norm": 1.35776, "iter": "76/255", "loss": 0.52919, "lr": 0.00196, "top1_err": 18.15476, "top5_err": 2.08333}
[12/19 09:29:42][INFO] logging.py:   99: json_stats: {"_type": "train_iter_", "dt": 0.71424, "dt_data": 0.00042, "dt_net": 0.71381, "epoch": "46/48", "eta": "0:08:11", "gpu_mem": "86.78G", "grad_norm": 1.37807, "iter": "77/255", "loss": 0.57203, "lr": 0.00195, "top1_err": 19.94047, "top5_err": 2.67857}
[12/19 09:29:43][INFO] logging.py:   99: json_stats: {"_type": "train_iter_", "dt": 0.70650, "dt_data": 0.00044, "dt_net": 0.70605, "epoch": "46/48", "eta": "0:08:05", "gpu_mem": "86.78G", "grad_norm": 1.25267, "iter": "78/255", "loss": 0.54689, "lr": 0.00194, "top1_err": 21.72619, "top5_err": 1.78571}
[12/19 09:29:44][INFO] logging.py:   99: json_stats: {"_type": "train_iter_", "dt": 0.70859, "dt_data": 0.00040, "dt_net": 0.70818, "epoch": "46/48", "eta": "0:08:06", "gpu_mem": "86.78G", "grad_norm": 1.39742, "iter": "79/255", "loss": 0.57017, "lr": 0.00194, "top1_err": 19.04762, "top5_err": 1.19047}
[12/19 09:29:44][INFO] logging.py:   99: json_stats: {"_type": "train_iter_", "dt": 0.70941, "dt_data": 0.00047, "dt_net": 0.70893, "epoch": "46/48", "eta": "0:08:05", "gpu_mem": "86.78G", "grad_norm": 1.26511, "iter": "80/255", "loss": 0.54197, "lr": 0.00193, "top1_err": 13.98809, "top5_err": 1.19047}
[12/19 09:30:24][INFO] logging.py:   99: json_stats: {"_type": "train_iter_", "dt": 40.06909, "dt_data": 39.37038, "dt_net": 0.69870, "epoch": "46/48", "eta": "7:36:47", "gpu_mem": "86.78G", "grad_norm": 1.30131, "iter": "81/255", "loss": 0.54925, "lr": 0.00193, "top1_err": 20.23809, "top5_err": 1.78571}
[12/19 09:30:25][INFO] logging.py:   99: json_stats: {"_type": "train_iter_", "dt": 0.70879, "dt_data": 0.00041, "dt_net": 0.70837, "epoch": "46/48", "eta": "0:08:04", "gpu_mem": "86.78G", "grad_norm": 1.47154, "iter": "82/255", "loss": 0.64215, "lr": 0.00192, "top1_err": 21.13095, "top5_err": 2.38095}
[12/19 09:30:31][INFO] logging.py:   99: json_stats: {"_type": "train_iter_", "dt": 5.60846, "dt_data": 0.00039, "dt_net": 5.60806, "epoch": "46/48", "eta": "1:03:44", "gpu_mem": "86.78G", "grad_norm": 1.11552, "iter": "83/255", "loss": 0.47025, "lr": 0.00192, "top1_err": 16.66666, "top5_err": 1.19047}
[12/19 09:30:31][INFO] logging.py:   99: json_stats: {"_type": "train_iter_", "dt": 0.70521, "dt_data": 0.00051, "dt_net": 0.70470, "epoch": "46/48", "eta": "0:08:00", "gpu_mem": "86.78G", "grad_norm": 1.54877, "iter": "84/255", "loss": 0.57752, "lr": 0.00191, "top1_err": 19.04762, "top5_err": 1.48809}
[12/19 09:30:32][INFO] logging.py:   99: json_stats: {"_type": "train_iter_", "dt": 0.71073, "dt_data": 0.00043, "dt_net": 0.71030, "epoch": "46/48", "eta": "0:08:03", "gpu_mem": "86.78G", "grad_norm": 1.12652, "iter": "85/255", "loss": 0.46168, "lr": 0.00190, "top1_err": 15.47619, "top5_err": 0.89285}
[12/19 09:30:33][INFO] logging.py:   99: json_stats: {"_type": "train_iter_", "dt": 0.70511, "dt_data": 0.00037, "dt_net": 0.70474, "epoch": "46/48", "eta": "0:07:58", "gpu_mem": "86.78G", "grad_norm": 1.18961, "iter": "86/255", "loss": 0.49247, "lr": 0.00190, "top1_err": 18.45238, "top5_err": 1.19047}
[12/19 09:30:34][INFO] logging.py:   99: json_stats: {"_type": "train_iter_", "dt": 0.70563, "dt_data": 0.00044, "dt_net": 0.70519, "epoch": "46/48", "eta": "0:07:58", "gpu_mem": "86.78G", "grad_norm": 1.14331, "iter": "87/255", "loss": 0.47249, "lr": 0.00189, "top1_err": 14.88095, "top5_err": 0.89285}
[12/19 09:30:34][INFO] logging.py:   99: json_stats: {"_type": "train_iter_", "dt": 0.71300, "dt_data": 0.00041, "dt_net": 0.71259, "epoch": "46/48", "eta": "0:08:02", "gpu_mem": "86.78G", "grad_norm": 1.33216, "iter": "88/255", "loss": 0.53788, "lr": 0.00189, "top1_err": 17.85714, "top5_err": 1.19047}
[12/19 09:31:14][INFO] logging.py:   99: json_stats: {"_type": "train_iter_", "dt": 39.67845, "dt_data": 38.98693, "dt_net": 0.69152, "epoch": "46/48", "eta": "7:27:02", "gpu_mem": "86.78G", "grad_norm": 1.48066, "iter": "89/255", "loss": 0.56308, "lr": 0.00188, "top1_err": 18.45238, "top5_err": 1.19047}
[12/19 09:31:15][INFO] logging.py:   99: json_stats: {"_type": "train_iter_", "dt": 0.70501, "dt_data": 0.00038, "dt_net": 0.70463, "epoch": "46/48", "eta": "0:07:55", "gpu_mem": "86.78G", "grad_norm": 1.27247, "iter": "90/255", "loss": 0.53648, "lr": 0.00188, "top1_err": 20.53571, "top5_err": 2.08333}
[12/19 09:31:16][INFO] logging.py:   99: json_stats: {"_type": "train_iter_", "dt": 1.35581, "dt_data": 0.00037, "dt_net": 1.35544, "epoch": "46/48", "eta": "0:15:13", "gpu_mem": "86.78G", "grad_norm": 1.24718, "iter": "91/255", "loss": 0.55138, "lr": 0.00187, "top1_err": 21.13095, "top5_err": 1.78571}
[12/19 09:31:23][INFO] logging.py:   99: json_stats: {"_type": "train_iter_", "dt": 6.77677, "dt_data": 0.00037, "dt_net": 6.77639, "epoch": "46/48", "eta": "1:16:00", "gpu_mem": "86.78G", "grad_norm": 1.53895, "iter": "92/255", "loss": 0.70777, "lr": 0.00187, "top1_err": 22.32143, "top5_err": 1.78571}
[12/19 09:31:23][INFO] logging.py:   99: json_stats: {"_type": "train_iter_", "dt": 0.70443, "dt_data": 0.00038, "dt_net": 0.70405, "epoch": "46/48", "eta": "0:07:53", "gpu_mem": "86.78G", "grad_norm": 1.24371, "iter": "93/255", "loss": 0.58151, "lr": 0.00186, "top1_err": 20.53571, "top5_err": 2.38095}
[12/19 09:31:24][INFO] logging.py:   99: json_stats: {"_type": "train_iter_", "dt": 0.71017, "dt_data": 0.00039, "dt_net": 0.70977, "epoch": "46/48", "eta": "0:07:56", "gpu_mem": "86.78G", "grad_norm": 1.10457, "iter": "94/255", "loss": 0.45842, "lr": 0.00185, "top1_err": 16.66667, "top5_err": 1.48809}
[12/19 09:31:25][INFO] logging.py:   99: json_stats: {"_type": "train_iter_", "dt": 0.70824, "dt_data": 0.00044, "dt_net": 0.70781, "epoch": "46/48", "eta": "0:07:54", "gpu_mem": "86.78G", "grad_norm": 1.19663, "iter": "95/255", "loss": 0.53971, "lr": 0.00185, "top1_err": 17.55952, "top5_err": 1.78571}
[12/19 09:31:26][INFO] logging.py:   99: json_stats: {"_type": "train_iter_", "dt": 0.71127, "dt_data": 0.00040, "dt_net": 0.71087, "epoch": "46/48", "eta": "0:07:55", "gpu_mem": "86.78G", "grad_norm": 1.21222, "iter": "96/255", "loss": 0.48475, "lr": 0.00184, "top1_err": 15.47619, "top5_err": 0.29762}
[12/19 09:32:08][INFO] logging.py:   99: json_stats: {"_type": "train_iter_", "dt": 42.40331, "dt_data": 41.70771, "dt_net": 0.69560, "epoch": "46/48", "eta": "7:52:05", "gpu_mem": "86.78G", "grad_norm": 1.13862, "iter": "97/255", "loss": 0.52206, "lr": 0.00184, "top1_err": 18.15476, "top5_err": 1.78571}
[12/19 09:32:09][INFO] logging.py:   99: json_stats: {"_type": "train_iter_", "dt": 0.70477, "dt_data": 0.00038, "dt_net": 0.70439, "epoch": "46/48", "eta": "0:07:50", "gpu_mem": "86.78G", "grad_norm": 1.31474, "iter": "98/255", "loss": 0.49568, "lr": 0.00183, "top1_err": 20.23809, "top5_err": 0.59524}
[12/19 09:32:09][INFO] logging.py:   99: json_stats: {"_type": "train_iter_", "dt": 0.70809, "dt_data": 0.00042, "dt_net": 0.70767, "epoch": "46/48", "eta": "0:07:51", "gpu_mem": "86.78G", "grad_norm": 1.53867, "iter": "99/255", "loss": 0.57744, "lr": 0.00183, "top1_err": 20.83333, "top5_err": 1.48809}
[12/19 09:32:16][INFO] logging.py:   99: json_stats: {"_type": "train_iter_", "dt": 6.11254, "dt_data": 0.00035, "dt_net": 6.11218, "epoch": "46/48", "eta": "1:07:44", "gpu_mem": "86.78G", "grad_norm": 1.38276, "iter": "100/255", "loss": 0.52531, "lr": 0.00182, "top1_err": 18.75000, "top5_err": 1.19047}
[12/19 09:32:16][INFO] logging.py:   99: json_stats: {"_type": "train_iter_", "dt": 0.70665, "dt_data": 0.00040, "dt_net": 0.70625, "epoch": "46/48", "eta": "0:07:49", "gpu_mem": "86.78G", "grad_norm": 1.18267, "iter": "101/255", "loss": 0.53548, "lr": 0.00182, "top1_err": 17.85714, "top5_err": 2.38095}
[12/19 09:32:17][INFO] logging.py:   99: json_stats: {"_type": "train_iter_", "dt": 0.70706, "dt_data": 0.00043, "dt_net": 0.70663, "epoch": "46/48", "eta": "0:07:48", "gpu_mem": "86.78G", "grad_norm": 1.22309, "iter": "102/255", "loss": 0.57322, "lr": 0.00181, "top1_err": 19.34524, "top5_err": 1.48809}
[12/19 09:32:18][INFO] logging.py:   99: json_stats: {"_type": "train_iter_", "dt": 0.70377, "dt_data": 0.00047, "dt_net": 0.70330, "epoch": "46/48", "eta": "0:07:45", "gpu_mem": "86.78G", "grad_norm": 1.32694, "iter": "103/255", "loss": 0.63588, "lr": 0.00181, "top1_err": 21.72619, "top5_err": 1.19047}
[12/19 09:32:18][INFO] logging.py:   99: json_stats: {"_type": "train_iter_", "dt": 0.71099, "dt_data": 0.00038, "dt_net": 0.71060, "epoch": "46/48", "eta": "0:07:49", "gpu_mem": "86.78G", "grad_norm": 1.16924, "iter": "104/255", "loss": 0.44315, "lr": 0.00180, "top1_err": 16.36905, "top5_err": 0.29762}
[12/19 09:32:59][INFO] logging.py:   99: json_stats: {"_type": "train_iter_", "dt": 40.97785, "dt_data": 40.28321, "dt_net": 0.69464, "epoch": "46/48", "eta": "7:30:45", "gpu_mem": "86.78G", "grad_norm": 1.34916, "iter": "105/255", "loss": 0.50457, "lr": 0.00179, "top1_err": 16.66667, "top5_err": 0.89285}
[12/19 09:33:00][INFO] logging.py:   99: json_stats: {"_type": "train_iter_", "dt": 0.70586, "dt_data": 0.00041, "dt_net": 0.70545, "epoch": "46/48", "eta": "0:07:45", "gpu_mem": "86.78G", "grad_norm": 1.34958, "iter": "106/255", "loss": 0.54380, "lr": 0.00179, "top1_err": 19.64285, "top5_err": 0.59524}
[12/19 09:33:01][INFO] logging.py:   99: json_stats: {"_type": "train_iter_", "dt": 0.70703, "dt_data": 0.00042, "dt_net": 0.70661, "epoch": "46/48", "eta": "0:07:45", "gpu_mem": "86.78G", "grad_norm": 1.24891, "iter": "107/255", "loss": 0.50757, "lr": 0.00178, "top1_err": 19.64285, "top5_err": 1.48809}
[12/19 09:33:08][INFO] logging.py:   99: json_stats: {"_type": "train_iter_", "dt": 7.18173, "dt_data": 0.00040, "dt_net": 7.18133, "epoch": "46/48", "eta": "1:18:38", "gpu_mem": "86.78G", "grad_norm": 1.30998, "iter": "108/255", "loss": 0.56908, "lr": 0.00178, "top1_err": 18.75000, "top5_err": 1.19047}
[12/19 09:33:09][INFO] logging.py:   99: json_stats: {"_type": "train_iter_", "dt": 0.70337, "dt_data": 0.00043, "dt_net": 0.70294, "epoch": "46/48", "eta": "0:07:41", "gpu_mem": "86.78G", "grad_norm": 1.29226, "iter": "109/255", "loss": 0.62066, "lr": 0.00177, "top1_err": 20.83333, "top5_err": 1.19047}
[12/19 09:33:09][INFO] logging.py:   99: json_stats: {"_type": "train_iter_", "dt": 0.71167, "dt_data": 0.00039, "dt_net": 0.71128, "epoch": "46/48", "eta": "0:07:46", "gpu_mem": "86.78G", "grad_norm": 1.34377, "iter": "110/255", "loss": 0.60291, "lr": 0.00177, "top1_err": 22.32143, "top5_err": 1.19047}
[12/19 09:33:10][INFO] logging.py:   99: json_stats: {"_type": "train_iter_", "dt": 0.70478, "dt_data": 0.00038, "dt_net": 0.70439, "epoch": "46/48", "eta": "0:07:40", "gpu_mem": "86.78G", "grad_norm": 1.28884, "iter": "111/255", "loss": 0.49759, "lr": 0.00176, "top1_err": 18.75000, "top5_err": 0.89286}
[12/19 09:33:11][INFO] logging.py:   99: json_stats: {"_type": "train_iter_", "dt": 0.71494, "dt_data": 0.00040, "dt_net": 0.71454, "epoch": "46/48", "eta": "0:07:46", "gpu_mem": "86.78G", "grad_norm": 1.13229, "iter": "112/255", "loss": 0.56480, "lr": 0.00176, "top1_err": 20.83333, "top5_err": 1.78571}
[12/19 09:33:52][INFO] logging.py:   99: json_stats: {"_type": "train_iter_", "dt": 40.94294, "dt_data": 40.25006, "dt_net": 0.69288, "epoch": "46/48", "eta": "7:24:54", "gpu_mem": "86.78G", "grad_norm": 1.29127, "iter": "113/255", "loss": 0.59889, "lr": 0.00175, "top1_err": 18.45238, "top5_err": 1.78571}
[12/19 09:33:52][INFO] logging.py:   99: json_stats: {"_type": "train_iter_", "dt": 0.71300, "dt_data": 0.00050, "dt_net": 0.71250, "epoch": "46/48", "eta": "0:07:44", "gpu_mem": "86.78G", "grad_norm": 1.37806, "iter": "114/255", "loss": 0.59726, "lr": 0.00175, "top1_err": 20.23810, "top5_err": 1.19047}
[12/19 09:33:53][INFO] logging.py:   99: json_stats: {"_type": "train_iter_", "dt": 0.70175, "dt_data": 0.00036, "dt_net": 0.70139, "epoch": "46/48", "eta": "0:07:36", "gpu_mem": "86.78G", "grad_norm": 1.34235, "iter": "115/255", "loss": 0.57010, "lr": 0.00174, "top1_err": 19.04762, "top5_err": 2.67857}
[12/19 09:34:00][INFO] logging.py:   99: json_stats: {"_type": "train_iter_", "dt": 7.14264, "dt_data": 0.00034, "dt_net": 7.14229, "epoch": "46/48", "eta": "1:17:15", "gpu_mem": "86.78G", "grad_norm": 1.51130, "iter": "116/255", "loss": 0.55263, "lr": 0.00174, "top1_err": 19.04762, "top5_err": 0.59524}
[12/19 09:34:01][INFO] logging.py:   99: json_stats: {"_type": "train_iter_", "dt": 0.70758, "dt_data": 0.00085, "dt_net": 0.70672, "epoch": "46/48", "eta": "0:07:38", "gpu_mem": "86.78G", "grad_norm": 1.43987, "iter": "117/255", "loss": 0.57897, "lr": 0.00173, "top1_err": 22.32143, "top5_err": 1.78571}
[12/19 09:34:02][INFO] logging.py:   99: json_stats: {"_type": "train_iter_", "dt": 0.70433, "dt_data": 0.00040, "dt_net": 0.70393, "epoch": "46/48", "eta": "0:07:35", "gpu_mem": "86.78G", "grad_norm": 1.12619, "iter": "118/255", "loss": 0.56947, "lr": 0.00172, "top1_err": 18.75000, "top5_err": 1.48809}
[12/19 09:34:02][INFO] logging.py:   99: json_stats: {"_type": "train_iter_", "dt": 0.70681, "dt_data": 0.00039, "dt_net": 0.70641, "epoch": "46/48", "eta": "0:07:36", "gpu_mem": "86.78G", "grad_norm": 1.34414, "iter": "119/255", "loss": 0.53256, "lr": 0.00172, "top1_err": 18.45238, "top5_err": 1.48809}
[12/19 09:34:03][INFO] logging.py:   99: json_stats: {"_type": "train_iter_", "dt": 0.71290, "dt_data": 0.00046, "dt_net": 0.71244, "epoch": "46/48", "eta": "0:07:39", "gpu_mem": "86.78G", "grad_norm": 1.15042, "iter": "120/255", "loss": 0.47264, "lr": 0.00171, "top1_err": 16.96428, "top5_err": 0.59524}
[12/19 09:34:41][INFO] logging.py:   99: json_stats: {"_type": "train_iter_", "dt": 38.16413, "dt_data": 37.46893, "dt_net": 0.69521, "epoch": "46/48", "eta": "6:49:37", "gpu_mem": "86.78G", "grad_norm": 1.20528, "iter": "121/255", "loss": 0.47296, "lr": 0.00171, "top1_err": 16.66666, "top5_err": 1.48809}
[12/19 09:34:42][INFO] logging.py:   99: json_stats: {"_type": "train_iter_", "dt": 0.70697, "dt_data": 0.00044, "dt_net": 0.70653, "epoch": "46/48", "eta": "0:07:34", "gpu_mem": "86.78G", "grad_norm": 1.21647, "iter": "122/255", "loss": 0.44989, "lr": 0.00170, "top1_err": 15.47619, "top5_err": 1.48809}
[12/19 09:34:43][INFO] logging.py:   99: json_stats: {"_type": "train_iter_", "dt": 0.70936, "dt_data": 0.00040, "dt_net": 0.70897, "epoch": "46/48", "eta": "0:07:35", "gpu_mem": "86.78G", "grad_norm": 1.12776, "iter": "123/255", "loss": 0.48670, "lr": 0.00170, "top1_err": 17.55952, "top5_err": 0.59524}
[12/19 09:34:48][INFO] logging.py:   99: json_stats: {"_type": "train_iter_", "dt": 5.49857, "dt_data": 0.00037, "dt_net": 5.49819, "epoch": "46/48", "eta": "0:58:44", "gpu_mem": "86.78G", "grad_norm": 1.40450, "iter": "124/255", "loss": 0.58526, "lr": 0.00169, "top1_err": 22.32143, "top5_err": 0.59524}
[12/19 09:34:49][INFO] logging.py:   99: json_stats: {"_type": "train_iter_", "dt": 0.70456, "dt_data": 0.00042, "dt_net": 0.70414, "epoch": "46/48", "eta": "0:07:30", "gpu_mem": "86.78G", "grad_norm": 1.29915, "iter": "125/255", "loss": 0.49951, "lr": 0.00169, "top1_err": 16.07143, "top5_err": 0.89285}
[12/19 09:34:50][INFO] logging.py:   99: json_stats: {"_type": "train_iter_", "dt": 0.70923, "dt_data": 0.00051, "dt_net": 0.70872, "epoch": "46/48", "eta": "0:07:33", "gpu_mem": "86.78G", "grad_norm": 1.16528, "iter": "126/255", "loss": 0.46827, "lr": 0.00168, "top1_err": 17.26190, "top5_err": 0.89286}
[12/19 09:34:50][INFO] logging.py:   99: json_stats: {"_type": "train_iter_", "dt": 0.70512, "dt_data": 0.00041, "dt_net": 0.70470, "epoch": "46/48", "eta": "0:07:29", "gpu_mem": "86.78G", "grad_norm": 1.18201, "iter": "127/255", "loss": 0.44126, "lr": 0.00168, "top1_err": 17.55952, "top5_err": 0.29762}
[12/19 09:34:51][INFO] logging.py:   99: json_stats: {"_type": "train_iter_", "dt": 0.71357, "dt_data": 0.00093, "dt_net": 0.71263, "epoch": "46/48", "eta": "0:07:34", "gpu_mem": "86.78G", "grad_norm": 1.26066, "iter": "128/255", "loss": 0.61882, "lr": 0.00167, "top1_err": 22.61904, "top5_err": 1.19047}
[12/19 09:35:30][INFO] logging.py:   99: json_stats: {"_type": "train_iter_", "dt": 38.95797, "dt_data": 38.26047, "dt_net": 0.69750, "epoch": "46/48", "eta": "6:52:57", "gpu_mem": "86.78G", "grad_norm": 1.36419, "iter": "129/255", "loss": 0.56004, "lr": 0.00167, "top1_err": 19.94048, "top5_err": 2.08333}
[12/19 09:35:31][INFO] logging.py:   99: json_stats: {"_type": "train_iter_", "dt": 0.70634, "dt_data": 0.00037, "dt_net": 0.70597, "epoch": "46/48", "eta": "0:07:28", "gpu_mem": "86.78G", "grad_norm": 1.33526, "iter": "130/255", "loss": 0.67564, "lr": 0.00166, "top1_err": 25.29762, "top5_err": 1.48809}
[12/19 09:35:31][INFO] logging.py:   99: json_stats: {"_type": "train_iter_", "dt": 0.70440, "dt_data": 0.00038, "dt_net": 0.70402, "epoch": "46/48", "eta": "0:07:26", "gpu_mem": "86.78G", "grad_norm": 1.11342, "iter": "131/255", "loss": 0.47721, "lr": 0.00166, "top1_err": 17.26190, "top5_err": 1.19047}
[12/19 09:35:42][INFO] logging.py:   99: json_stats: {"_type": "train_iter_", "dt": 11.06021, "dt_data": 0.00038, "dt_net": 11.05982, "epoch": "46/48", "eta": "1:56:41", "gpu_mem": "86.78G", "grad_norm": 1.40755, "iter": "132/255", "loss": 0.61529, "lr": 0.00165, "top1_err": 20.23809, "top5_err": 1.48809}
[12/19 09:35:43][INFO] logging.py:   99: json_stats: {"_type": "train_iter_", "dt": 0.70385, "dt_data": 0.00037, "dt_net": 0.70348, "epoch": "46/48", "eta": "0:07:24", "gpu_mem": "86.78G", "grad_norm": 1.36559, "iter": "133/255", "loss": 0.60473, "lr": 0.00165, "top1_err": 21.13095, "top5_err": 0.89285}
[12/19 09:35:44][INFO] logging.py:   99: json_stats: {"_type": "train_iter_", "dt": 0.70616, "dt_data": 0.00036, "dt_net": 0.70580, "epoch": "46/48", "eta": "0:07:25", "gpu_mem": "86.78G", "grad_norm": 1.26392, "iter": "134/255", "loss": 0.56982, "lr": 0.00164, "top1_err": 19.34524, "top5_err": 2.08333}
[12/19 09:35:45][INFO] logging.py:   99: json_stats: {"_type": "train_iter_", "dt": 0.70279, "dt_data": 0.00047, "dt_net": 0.70232, "epoch": "46/48", "eta": "0:07:22", "gpu_mem": "86.78G", "grad_norm": 1.27041, "iter": "135/255", "loss": 0.52831, "lr": 0.00164, "top1_err": 18.75000, "top5_err": 0.89285}
[12/19 09:35:45][INFO] logging.py:   99: json_stats: {"_type": "train_iter_", "dt": 0.71106, "dt_data": 0.00040, "dt_net": 0.71066, "epoch": "46/48", "eta": "0:07:27", "gpu_mem": "86.78G", "grad_norm": 1.17126, "iter": "136/255", "loss": 0.50088, "lr": 0.00163, "top1_err": 17.55952, "top5_err": 0.89286}
[12/19 09:36:20][INFO] logging.py:   99: json_stats: {"_type": "train_iter_", "dt": 34.49095, "dt_data": 33.79311, "dt_net": 0.69784, "epoch": "46/48", "eta": "6:01:00", "gpu_mem": "86.78G", "grad_norm": 1.12927, "iter": "137/255", "loss": 0.46597, "lr": 0.00163, "top1_err": 17.55952, "top5_err": 0.59524}
[12/19 09:36:21][INFO] logging.py:   99: json_stats: {"_type": "train_iter_", "dt": 0.70695, "dt_data": 0.00035, "dt_net": 0.70660, "epoch": "46/48", "eta": "0:07:23", "gpu_mem": "86.78G", "grad_norm": 1.31352, "iter": "138/255", "loss": 0.57157, "lr": 0.00162, "top1_err": 21.13095, "top5_err": 1.48809}
[12/19 09:36:21][INFO] logging.py:   99: json_stats: {"_type": "train_iter_", "dt": 0.70505, "dt_data": 0.00042, "dt_net": 0.70464, "epoch": "46/48", "eta": "0:07:21", "gpu_mem": "86.78G", "grad_norm": 1.38466, "iter": "139/255", "loss": 0.60407, "lr": 0.00162, "top1_err": 22.02381, "top5_err": 2.67857}
[12/19 09:36:39][INFO] logging.py:   99: json_stats: {"_type": "train_iter_", "dt": 17.49018, "dt_data": 0.00034, "dt_net": 17.48984, "epoch": "46/48", "eta": "3:02:11", "gpu_mem": "86.78G", "grad_norm": 1.11152, "iter": "140/255", "loss": 0.47166, "lr": 0.00161, "top1_err": 17.85714, "top5_err": 0.00000}
[12/19 09:36:39][INFO] logging.py:   99: json_stats: {"_type": "train_iter_", "dt": 0.70300, "dt_data": 0.00045, "dt_net": 0.70255, "epoch": "46/48", "eta": "0:07:18", "gpu_mem": "86.78G", "grad_norm": 1.13916, "iter": "141/255", "loss": 0.52430, "lr": 0.00160, "top1_err": 16.66667, "top5_err": 2.67857}
[12/19 09:36:40][INFO] logging.py:   99: json_stats: {"_type": "train_iter_", "dt": 0.70780, "dt_data": 0.00044, "dt_net": 0.70736, "epoch": "46/48", "eta": "0:07:20", "gpu_mem": "86.78G", "grad_norm": 1.33223, "iter": "142/255", "loss": 0.59426, "lr": 0.00160, "top1_err": 21.13095, "top5_err": 2.08333}
[12/19 09:36:41][INFO] logging.py:   99: json_stats: {"_type": "train_iter_", "dt": 0.70564, "dt_data": 0.00051, "dt_net": 0.70513, "epoch": "46/48", "eta": "0:07:18", "gpu_mem": "86.78G", "grad_norm": 1.29376, "iter": "143/255", "loss": 0.57637, "lr": 0.00159, "top1_err": 18.75000, "top5_err": 1.48809}
[12/19 09:36:42][INFO] logging.py:   99: json_stats: {"_type": "train_iter_", "dt": 0.70696, "dt_data": 0.00037, "dt_net": 0.70659, "epoch": "46/48", "eta": "0:07:19", "gpu_mem": "86.78G", "grad_norm": 1.35309, "iter": "144/255", "loss": 0.59283, "lr": 0.00159, "top1_err": 22.61905, "top5_err": 2.08333}
[12/19 09:37:14][INFO] logging.py:   99: json_stats: {"_type": "train_iter_", "dt": 32.34687, "dt_data": 31.64931, "dt_net": 0.69756, "epoch": "46/48", "eta": "5:34:15", "gpu_mem": "86.78G", "grad_norm": 1.43981, "iter": "145/255", "loss": 0.58824, "lr": 0.00158, "top1_err": 19.04762, "top5_err": 1.48809}
[12/19 09:37:15][INFO] logging.py:   99: json_stats: {"_type": "train_iter_", "dt": 0.70640, "dt_data": 0.00039, "dt_net": 0.70602, "epoch": "46/48", "eta": "0:07:17", "gpu_mem": "86.78G", "grad_norm": 1.31635, "iter": "146/255", "loss": 0.59257, "lr": 0.00158, "top1_err": 21.13095, "top5_err": 1.78571}
[12/19 09:37:15][INFO] logging.py:   99: json_stats: {"_type": "train_iter_", "dt": 0.70605, "dt_data": 0.00040, "dt_net": 0.70565, "epoch": "46/48", "eta": "0:07:16", "gpu_mem": "86.78G", "grad_norm": 1.17585, "iter": "147/255", "loss": 0.50175, "lr": 0.00157, "top1_err": 15.77381, "top5_err": 2.08333}
[12/19 09:37:33][INFO] logging.py:   99: json_stats: {"_type": "train_iter_", "dt": 17.98108, "dt_data": 0.00042, "dt_net": 17.98066, "epoch": "46/48", "eta": "3:04:54", "gpu_mem": "86.78G", "grad_norm": 1.23040, "iter": "148/255", "loss": 0.55199, "lr": 0.00157, "top1_err": 20.53571, "top5_err": 1.19047}
[12/19 09:37:34][INFO] logging.py:   99: json_stats: {"_type": "train_iter_", "dt": 0.70223, "dt_data": 0.00039, "dt_net": 0.70185, "epoch": "46/48", "eta": "0:07:12", "gpu_mem": "86.78G", "grad_norm": 1.20237, "iter": "149/255", "loss": 0.55081, "lr": 0.00156, "top1_err": 18.75000, "top5_err": 1.48809}
[12/19 09:37:35][INFO] logging.py:   99: json_stats: {"_type": "train_iter_", "dt": 0.70305, "dt_data": 0.00030, "dt_net": 0.70275, "epoch": "46/48", "eta": "0:07:12", "gpu_mem": "86.78G", "grad_norm": 1.31596, "iter": "150/255", "loss": 0.61809, "lr": 0.00156, "top1_err": 21.13095, "top5_err": 0.29762}
[12/19 09:37:35][INFO] logging.py:   99: json_stats: {"_type": "train_iter_", "dt": 0.70318, "dt_data": 0.00041, "dt_net": 0.70277, "epoch": "46/48", "eta": "0:07:11", "gpu_mem": "86.78G", "grad_norm": 1.28037, "iter": "151/255", "loss": 0.57392, "lr": 0.00155, "top1_err": 21.72619, "top5_err": 1.78571}
[12/19 09:37:36][INFO] logging.py:   99: json_stats: {"_type": "train_iter_", "dt": 0.71392, "dt_data": 0.00040, "dt_net": 0.71351, "epoch": "46/48", "eta": "0:07:17", "gpu_mem": "86.78G", "grad_norm": 1.23284, "iter": "152/255", "loss": 0.49818, "lr": 0.00155, "top1_err": 18.75000, "top5_err": 1.48809}
[12/19 09:38:06][INFO] logging.py:   99: json_stats: {"_type": "train_iter_", "dt": 30.09862, "dt_data": 29.39841, "dt_net": 0.70021, "epoch": "46/48", "eta": "5:07:00", "gpu_mem": "86.78G", "grad_norm": 1.22562, "iter": "153/255", "loss": 0.51826, "lr": 0.00154, "top1_err": 16.36905, "top5_err": 2.08333}
[12/19 09:38:07][INFO] logging.py:   99: json_stats: {"_type": "train_iter_", "dt": 0.70495, "dt_data": 0.00041, "dt_net": 0.70453, "epoch": "46/48", "eta": "0:07:10", "gpu_mem": "86.78G", "grad_norm": 1.72342, "iter": "154/255", "loss": 0.63610, "lr": 0.00154, "top1_err": 22.61905, "top5_err": 2.38095}
[12/19 09:38:08][INFO] logging.py:   99: json_stats: {"_type": "train_iter_", "dt": 0.70709, "dt_data": 0.00046, "dt_net": 0.70662, "epoch": "46/48", "eta": "0:07:11", "gpu_mem": "86.78G", "grad_norm": 1.14101, "iter": "155/255", "loss": 0.45376, "lr": 0.00153, "top1_err": 16.66666, "top5_err": 1.48809}
[12/19 09:38:29][INFO] logging.py:   99: json_stats: {"_type": "train_iter_", "dt": 21.34894, "dt_data": 0.00036, "dt_net": 21.34858, "epoch": "46/48", "eta": "3:36:41", "gpu_mem": "86.78G", "grad_norm": 1.18897, "iter": "156/255", "loss": 0.52841, "lr": 0.00153, "top1_err": 20.83333, "top5_err": 0.89285}
[12/19 09:38:30][INFO] logging.py:   99: json_stats: {"_type": "train_iter_", "dt": 0.69650, "dt_data": 0.00101, "dt_net": 0.69550, "epoch": "46/48", "eta": "0:07:03", "gpu_mem": "86.78G", "grad_norm": 1.30151, "iter": "157/255", "loss": 0.63750, "lr": 0.00152, "top1_err": 20.53571, "top5_err": 2.08333}
[12/19 09:38:30][INFO] logging.py:   99: json_stats: {"_type": "train_iter_", "dt": 0.70631, "dt_data": 0.00049, "dt_net": 0.70582, "epoch": "46/48", "eta": "0:07:08", "gpu_mem": "86.78G", "grad_norm": 1.39145, "iter": "158/255", "loss": 0.61710, "lr": 0.00152, "top1_err": 19.94047, "top5_err": 0.89286}
[12/19 09:38:31][INFO] logging.py:   99: json_stats: {"_type": "train_iter_", "dt": 0.70994, "dt_data": 0.00036, "dt_net": 0.70958, "epoch": "46/48", "eta": "0:07:10", "gpu_mem": "86.78G", "grad_norm": 1.31613, "iter": "159/255", "loss": 0.60565, "lr": 0.00151, "top1_err": 23.51190, "top5_err": 2.38095}
[12/19 09:38:32][INFO] logging.py:   99: json_stats: {"_type": "train_iter_", "dt": 0.70651, "dt_data": 0.00066, "dt_net": 0.70585, "epoch": "46/48", "eta": "0:07:07", "gpu_mem": "86.78G", "grad_norm": 1.22992, "iter": "160/255", "loss": 0.51917, "lr": 0.00151, "top1_err": 21.72619, "top5_err": 1.48809}
[12/19 09:38:57][INFO] logging.py:   99: json_stats: {"_type": "train_iter_", "dt": 25.17582, "dt_data": 24.47935, "dt_net": 0.69647, "epoch": "46/48", "eta": "4:13:26", "gpu_mem": "86.78G", "grad_norm": 1.27175, "iter": "161/255", "loss": 0.55296, "lr": 0.00150, "top1_err": 19.04762, "top5_err": 1.78571}
[12/19 09:38:58][INFO] logging.py:   99: json_stats: {"_type": "train_iter_", "dt": 0.71315, "dt_data": 0.00044, "dt_net": 0.71270, "epoch": "46/48", "eta": "0:07:10", "gpu_mem": "86.78G", "grad_norm": 1.34261, "iter": "162/255", "loss": 0.57846, "lr": 0.00150, "top1_err": 19.04762, "top5_err": 2.08333}
[12/19 09:38:58][INFO] logging.py:   99: json_stats: {"_type": "train_iter_", "dt": 0.70563, "dt_data": 0.00046, "dt_net": 0.70517, "epoch": "46/48", "eta": "0:07:04", "gpu_mem": "86.78G", "grad_norm": 1.05517, "iter": "163/255", "loss": 0.46341, "lr": 0.00149, "top1_err": 16.07142, "top5_err": 0.89286}
[12/19 09:39:18][INFO] logging.py:   99: json_stats: {"_type": "train_iter_", "dt": 19.82493, "dt_data": 0.00063, "dt_net": 19.82430, "epoch": "46/48", "eta": "3:18:34", "gpu_mem": "86.78G", "grad_norm": 1.52463, "iter": "164/255", "loss": 0.62064, "lr": 0.00149, "top1_err": 22.32143, "top5_err": 2.08333}
[12/19 09:39:19][INFO] logging.py:   99: json_stats: {"_type": "train_iter_", "dt": 0.70881, "dt_data": 0.00041, "dt_net": 0.70840, "epoch": "46/48", "eta": "0:07:05", "gpu_mem": "86.78G", "grad_norm": 1.36892, "iter": "165/255", "loss": 0.57088, "lr": 0.00148, "top1_err": 20.23809, "top5_err": 1.78571}
[12/19 09:39:20][INFO] logging.py:   99: json_stats: {"_type": "train_iter_", "dt": 0.71036, "dt_data": 0.00037, "dt_net": 0.70999, "epoch": "46/48", "eta": "0:07:05", "gpu_mem": "86.78G", "grad_norm": 1.27490, "iter": "166/255", "loss": 0.53090, "lr": 0.00148, "top1_err": 18.15476, "top5_err": 1.48809}
[12/19 09:39:20][INFO] logging.py:   99: json_stats: {"_type": "train_iter_", "dt": 0.71135, "dt_data": 0.00043, "dt_net": 0.71092, "epoch": "46/48", "eta": "0:07:05", "gpu_mem": "86.78G", "grad_norm": 1.42758, "iter": "167/255", "loss": 0.61502, "lr": 0.00147, "top1_err": 23.21429, "top5_err": 1.19047}
[12/19 09:39:21][INFO] logging.py:   99: json_stats: {"_type": "train_iter_", "dt": 0.70193, "dt_data": 0.00037, "dt_net": 0.70156, "epoch": "46/48", "eta": "0:06:59", "gpu_mem": "86.78G", "grad_norm": 1.22672, "iter": "168/255", "loss": 0.50353, "lr": 0.00147, "top1_err": 16.66666, "top5_err": 0.89285}
[12/19 09:39:48][INFO] logging.py:   99: json_stats: {"_type": "train_iter_", "dt": 26.78539, "dt_data": 26.03266, "dt_net": 0.75273, "epoch": "46/48", "eta": "4:26:04", "gpu_mem": "86.78G", "grad_norm": 1.23741, "iter": "169/255", "loss": 0.58853, "lr": 0.00146, "top1_err": 19.64286, "top5_err": 1.19047}
[12/19 09:39:49][INFO] logging.py:   99: json_stats: {"_type": "train_iter_", "dt": 0.70919, "dt_data": 0.00095, "dt_net": 0.70824, "epoch": "46/48", "eta": "0:07:01", "gpu_mem": "86.78G", "grad_norm": 1.40423, "iter": "170/255", "loss": 0.45236, "lr": 0.00146, "top1_err": 16.96428, "top5_err": 0.29762}
[12/19 09:39:49][INFO] logging.py:   99: json_stats: {"_type": "train_iter_", "dt": 0.70677, "dt_data": 0.00038, "dt_net": 0.70639, "epoch": "46/48", "eta": "0:06:59", "gpu_mem": "86.78G", "grad_norm": 1.13235, "iter": "171/255", "loss": 0.49168, "lr": 0.00145, "top1_err": 16.66666, "top5_err": 1.19047}
[12/19 09:40:11][INFO] logging.py:   99: json_stats: {"_type": "train_iter_", "dt": 21.37416, "dt_data": 0.00037, "dt_net": 21.37379, "epoch": "46/48", "eta": "3:31:14", "gpu_mem": "86.78G", "grad_norm": 1.43944, "iter": "172/255", "loss": 0.68864, "lr": 0.00145, "top1_err": 24.10714, "top5_err": 3.57143}
[12/19 09:40:11][INFO] logging.py:   99: json_stats: {"_type": "train_iter_", "dt": 0.70270, "dt_data": 0.00039, "dt_net": 0.70230, "epoch": "46/48", "eta": "0:06:55", "gpu_mem": "86.78G", "grad_norm": 1.35283, "iter": "173/255", "loss": 0.51325, "lr": 0.00145, "top1_err": 16.66666, "top5_err": 1.78571}
[12/19 09:40:12][INFO] logging.py:   99: json_stats: {"_type": "train_iter_", "dt": 0.71797, "dt_data": 0.00049, "dt_net": 0.71748, "epoch": "46/48", "eta": "0:07:04", "gpu_mem": "86.78G", "grad_norm": 1.37595, "iter": "174/255", "loss": 0.55783, "lr": 0.00144, "top1_err": 20.23809, "top5_err": 1.78571}
[12/19 09:40:13][INFO] logging.py:   99: json_stats: {"_type": "train_iter_", "dt": 0.70784, "dt_data": 0.00047, "dt_net": 0.70737, "epoch": "46/48", "eta": "0:06:57", "gpu_mem": "86.78G", "grad_norm": 1.39943, "iter": "175/255", "loss": 0.62498, "lr": 0.00144, "top1_err": 22.02381, "top5_err": 1.48809}
[12/19 09:40:13][INFO] logging.py:   99: json_stats: {"_type": "train_iter_", "dt": 0.71109, "dt_data": 0.00119, "dt_net": 0.70990, "epoch": "46/48", "eta": "0:06:58", "gpu_mem": "86.78G", "grad_norm": 1.50850, "iter": "176/255", "loss": 0.57532, "lr": 0.00143, "top1_err": 20.53571, "top5_err": 0.89285}
[12/19 09:40:43][INFO] logging.py:   99: json_stats: {"_type": "train_iter_", "dt": 29.33790, "dt_data": 28.64327, "dt_net": 0.69463, "epoch": "46/48", "eta": "4:47:30", "gpu_mem": "86.78G", "grad_norm": 1.40297, "iter": "177/255", "loss": 0.62452, "lr": 0.00143, "top1_err": 20.23810, "top5_err": 2.38095}
[12/19 09:40:44][INFO] logging.py:   99: json_stats: {"_type": "train_iter_", "dt": 0.70913, "dt_data": 0.00044, "dt_net": 0.70869, "epoch": "46/48", "eta": "0:06:56", "gpu_mem": "86.78G", "grad_norm": 1.26230, "iter": "178/255", "loss": 0.55629, "lr": 0.00142, "top1_err": 21.42857, "top5_err": 1.19047}
[12/19 09:40:44][INFO] logging.py:   99: json_stats: {"_type": "train_iter_", "dt": 0.70735, "dt_data": 0.00043, "dt_net": 0.70692, "epoch": "46/48", "eta": "0:06:54", "gpu_mem": "86.78G", "grad_norm": 1.34240, "iter": "179/255", "loss": 0.61813, "lr": 0.00142, "top1_err": 22.61905, "top5_err": 1.48809}
[12/19 09:41:02][INFO] logging.py:   99: json_stats: {"_type": "train_iter_", "dt": 17.79691, "dt_data": 0.00039, "dt_net": 17.79653, "epoch": "46/48", "eta": "2:53:31", "gpu_mem": "86.78G", "grad_norm": 1.53435, "iter": "180/255", "loss": 0.61560, "lr": 0.00141, "top1_err": 22.32143, "top5_err": 1.19047}
[12/19 09:41:03][INFO] logging.py:   99: json_stats: {"_type": "train_iter_", "dt": 0.69776, "dt_data": 0.00041, "dt_net": 0.69735, "epoch": "46/48", "eta": "0:06:47", "gpu_mem": "86.78G", "grad_norm": 1.13963, "iter": "181/255", "loss": 0.49568, "lr": 0.00141, "top1_err": 18.15476, "top5_err": 2.08333}
[12/19 09:41:03][INFO] logging.py:   99: json_stats: {"_type": "train_iter_", "dt": 0.70975, "dt_data": 0.00062, "dt_net": 0.70913, "epoch": "46/48", "eta": "0:06:53", "gpu_mem": "86.78G", "grad_norm": 1.43745, "iter": "182/255", "loss": 0.62584, "lr": 0.00140, "top1_err": 23.21428, "top5_err": 2.08333}
[12/19 09:41:04][INFO] logging.py:   99: json_stats: {"_type": "train_iter_", "dt": 0.70649, "dt_data": 0.00047, "dt_net": 0.70602, "epoch": "46/48", "eta": "0:06:51", "gpu_mem": "86.78G", "grad_norm": 1.38838, "iter": "183/255", "loss": 0.56126, "lr": 0.00140, "top1_err": 19.04762, "top5_err": 1.78571}
[12/19 09:41:05][INFO] logging.py:   99: json_stats: {"_type": "train_iter_", "dt": 0.70390, "dt_data": 0.00042, "dt_net": 0.70348, "epoch": "46/48", "eta": "0:06:48", "gpu_mem": "86.78G", "grad_norm": 1.30616, "iter": "184/255", "loss": 0.53881, "lr": 0.00139, "top1_err": 19.04762, "top5_err": 1.78571}
[12/19 09:41:33][INFO] logging.py:   99: json_stats: {"_type": "train_iter_", "dt": 28.20308, "dt_data": 27.50539, "dt_net": 0.69769, "epoch": "46/48", "eta": "4:32:37", "gpu_mem": "86.78G", "grad_norm": 1.29865, "iter": "185/255", "loss": 0.53865, "lr": 0.00139, "top1_err": 18.75000, "top5_err": 1.19047}
[12/19 09:41:34][INFO] logging.py:   99: json_stats: {"_type": "train_iter_", "dt": 0.70481, "dt_data": 0.00035, "dt_net": 0.70445, "epoch": "46/48", "eta": "0:06:48", "gpu_mem": "86.78G", "grad_norm": 1.28625, "iter": "186/255", "loss": 0.58515, "lr": 0.00138, "top1_err": 22.32143, "top5_err": 2.08333}
[12/19 09:41:34][INFO] logging.py:   99: json_stats: {"_type": "train_iter_", "dt": 0.70370, "dt_data": 0.00038, "dt_net": 0.70332, "epoch": "46/48", "eta": "0:06:46", "gpu_mem": "86.78G", "grad_norm": 1.42922, "iter": "187/255", "loss": 0.59205, "lr": 0.00138, "top1_err": 22.02381, "top5_err": 1.19047}
[12/19 09:41:53][INFO] logging.py:   99: json_stats: {"_type": "train_iter_", "dt": 18.84604, "dt_data": 0.00037, "dt_net": 18.84567, "epoch": "46/48", "eta": "3:01:14", "gpu_mem": "86.78G", "grad_norm": 1.33599, "iter": "188/255", "loss": 0.54450, "lr": 0.00137, "top1_err": 17.85714, "top5_err": 0.89285}
[12/19 09:41:54][INFO] logging.py:   99: json_stats: {"_type": "train_iter_", "dt": 0.70752, "dt_data": 0.00051, "dt_net": 0.70700, "epoch": "46/48", "eta": "0:06:47", "gpu_mem": "86.78G", "grad_norm": 1.29640, "iter": "189/255", "loss": 0.59194, "lr": 0.00137, "top1_err": 19.64285, "top5_err": 1.78571}
[12/19 09:41:55][INFO] logging.py:   99: json_stats: {"_type": "train_iter_", "dt": 0.70742, "dt_data": 0.00080, "dt_net": 0.70661, "epoch": "46/48", "eta": "0:06:46", "gpu_mem": "86.78G", "grad_norm": 1.28412, "iter": "190/255", "loss": 0.57005, "lr": 0.00136, "top1_err": 19.34524, "top5_err": 1.78571}
[12/19 09:41:55][INFO] logging.py:   99: json_stats: {"_type": "train_iter_", "dt": 0.70934, "dt_data": 0.00037, "dt_net": 0.70897, "epoch": "46/48", "eta": "0:06:47", "gpu_mem": "86.78G", "grad_norm": 1.35997, "iter": "191/255", "loss": 0.56694, "lr": 0.00136, "top1_err": 18.75000, "top5_err": 1.48809}
[12/19 09:41:56][INFO] logging.py:   99: json_stats: {"_type": "train_iter_", "dt": 0.70409, "dt_data": 0.00048, "dt_net": 0.70361, "epoch": "46/48", "eta": "0:06:43", "gpu_mem": "86.78G", "grad_norm": 1.28321, "iter": "192/255", "loss": 0.53906, "lr": 0.00135, "top1_err": 21.13095, "top5_err": 0.00000}
[12/19 09:42:26][INFO] logging.py:   99: json_stats: {"_type": "train_iter_", "dt": 29.43500, "dt_data": 28.73969, "dt_net": 0.69531, "epoch": "46/48", "eta": "4:40:36", "gpu_mem": "86.78G", "grad_norm": 1.39636, "iter": "193/255", "loss": 0.60154, "lr": 0.00135, "top1_err": 21.42857, "top5_err": 1.78571}
[12/19 09:42:26][INFO] logging.py:   99: json_stats: {"_type": "train_iter_", "dt": 0.71097, "dt_data": 0.00040, "dt_net": 0.71056, "epoch": "46/48", "eta": "0:06:45", "gpu_mem": "86.78G", "grad_norm": 1.25966, "iter": "194/255", "loss": 0.54889, "lr": 0.00134, "top1_err": 22.32143, "top5_err": 0.29762}
[12/19 09:42:27][INFO] logging.py:   99: json_stats: {"_type": "train_iter_", "dt": 0.70777, "dt_data": 0.00045, "dt_net": 0.70732, "epoch": "46/48", "eta": "0:06:43", "gpu_mem": "86.78G", "grad_norm": 1.34215, "iter": "195/255", "loss": 0.54040, "lr": 0.00134, "top1_err": 19.04762, "top5_err": 0.89286}
[12/19 09:42:46][INFO] logging.py:   99: json_stats: {"_type": "train_iter_", "dt": 18.78418, "dt_data": 0.00035, "dt_net": 18.78383, "epoch": "46/48", "eta": "2:58:08", "gpu_mem": "86.78G", "grad_norm": 1.46938, "iter": "196/255", "loss": 0.64773, "lr": 0.00134, "top1_err": 23.80952, "top5_err": 1.48809}
[12/19 09:42:46][INFO] logging.py:   99: json_stats: {"_type": "train_iter_", "dt": 0.70543, "dt_data": 0.00040, "dt_net": 0.70503, "epoch": "46/48", "eta": "0:06:40", "gpu_mem": "86.78G", "grad_norm": 1.18836, "iter": "197/255", "loss": 0.51587, "lr": 0.00133, "top1_err": 18.15476, "top5_err": 1.19047}
[12/19 09:42:47][INFO] logging.py:   99: json_stats: {"_type": "train_iter_", "dt": 0.70472, "dt_data": 0.00046, "dt_net": 0.70426, "epoch": "46/48", "eta": "0:06:39", "gpu_mem": "86.78G", "grad_norm": 1.32074, "iter": "198/255", "loss": 0.57598, "lr": 0.00133, "top1_err": 20.23809, "top5_err": 0.89285}
[12/19 09:42:48][INFO] logging.py:   99: json_stats: {"_type": "train_iter_", "dt": 0.70409, "dt_data": 0.00046, "dt_net": 0.70363, "epoch": "46/48", "eta": "0:06:38", "gpu_mem": "86.78G", "grad_norm": 1.26858, "iter": "199/255", "loss": 0.47594, "lr": 0.00132, "top1_err": 15.47619, "top5_err": 1.78571}
[12/19 09:42:49][INFO] logging.py:   99: json_stats: {"_type": "train_iter_", "dt": 0.70378, "dt_data": 0.00038, "dt_net": 0.70339, "epoch": "46/48", "eta": "0:06:37", "gpu_mem": "86.78G", "grad_norm": 1.42091, "iter": "200/255", "loss": 0.59997, "lr": 0.00132, "top1_err": 21.13095, "top5_err": 0.89285}
[12/19 09:43:20][INFO] logging.py:   99: json_stats: {"_type": "train_iter_", "dt": 31.38310, "dt_data": 30.68777, "dt_net": 0.69532, "epoch": "46/48", "eta": "4:55:00", "gpu_mem": "86.78G", "grad_norm": 1.34991, "iter": "201/255", "loss": 0.52043, "lr": 0.00131, "top1_err": 19.34524, "top5_err": 1.19047}
[12/19 09:43:21][INFO] logging.py:   99: json_stats: {"_type": "train_iter_", "dt": 0.70389, "dt_data": 0.00037, "dt_net": 0.70351, "epoch": "46/48", "eta": "0:06:36", "gpu_mem": "86.78G", "grad_norm": 1.25214, "iter": "202/255", "loss": 0.45962, "lr": 0.00131, "top1_err": 16.96428, "top5_err": 0.00000}
[12/19 09:43:21][INFO] logging.py:   99: json_stats: {"_type": "train_iter_", "dt": 0.70549, "dt_data": 0.00044, "dt_net": 0.70505, "epoch": "46/48", "eta": "0:06:36", "gpu_mem": "86.78G", "grad_norm": 1.44675, "iter": "203/255", "loss": 0.60815, "lr": 0.00130, "top1_err": 20.83333, "top5_err": 1.19047}
[12/19 09:43:37][INFO] logging.py:   99: json_stats: {"_type": "train_iter_", "dt": 15.92712, "dt_data": 0.00038, "dt_net": 15.92674, "epoch": "46/48", "eta": "2:28:55", "gpu_mem": "86.78G", "grad_norm": 1.35564, "iter": "204/255", "loss": 0.53878, "lr": 0.00130, "top1_err": 17.26190, "top5_err": 1.19047}
[12/19 09:43:38][INFO] logging.py:   99: json_stats: {"_type": "train_iter_", "dt": 0.70950, "dt_data": 0.00039, "dt_net": 0.70911, "epoch": "46/48", "eta": "0:06:37", "gpu_mem": "86.78G", "grad_norm": 1.30324, "iter": "205/255", "loss": 0.60325, "lr": 0.00129, "top1_err": 19.34524, "top5_err": 1.78571}
[12/19 09:43:39][INFO] logging.py:   99: json_stats: {"_type": "train_iter_", "dt": 0.71514, "dt_data": 0.00030, "dt_net": 0.71484, "epoch": "46/48", "eta": "0:06:39", "gpu_mem": "86.78G", "grad_norm": 1.06251, "iter": "206/255", "loss": 0.47212, "lr": 0.00129, "top1_err": 16.36905, "top5_err": 0.89286}
[12/19 09:43:39][INFO] logging.py:   99: json_stats: {"_type": "train_iter_", "dt": 0.71691, "dt_data": 0.00052, "dt_net": 0.71639, "epoch": "46/48", "eta": "0:06:40", "gpu_mem": "86.78G", "grad_norm": 1.26353, "iter": "207/255", "loss": 0.51418, "lr": 0.00128, "top1_err": 16.96428, "top5_err": 1.48809}
[12/19 09:43:40][INFO] logging.py:   99: json_stats: {"_type": "train_iter_", "dt": 0.72651, "dt_data": 0.00046, "dt_net": 0.72605, "epoch": "46/48", "eta": "0:06:44", "gpu_mem": "86.78G", "grad_norm": 1.32969, "iter": "208/255", "loss": 0.54963, "lr": 0.00128, "top1_err": 18.15476, "top5_err": 1.19047}
[12/19 09:44:11][INFO] logging.py:   99: json_stats: {"_type": "train_iter_", "dt": 31.00794, "dt_data": 30.30807, "dt_net": 0.69987, "epoch": "46/48", "eta": "4:47:20", "gpu_mem": "86.78G", "grad_norm": 1.19721, "iter": "209/255", "loss": 0.55675, "lr": 0.00128, "top1_err": 19.64286, "top5_err": 1.78571}
[12/19 09:44:12][INFO] logging.py:   99: json_stats: {"_type": "train_iter_", "dt": 0.70802, "dt_data": 0.00047, "dt_net": 0.70755, "epoch": "46/48", "eta": "0:06:32", "gpu_mem": "86.78G", "grad_norm": 1.33605, "iter": "210/255", "loss": 0.60148, "lr": 0.00127, "top1_err": 20.83333, "top5_err": 2.67857}
[12/19 09:44:13][INFO] logging.py:   99: json_stats: {"_type": "train_iter_", "dt": 0.70004, "dt_data": 0.00090, "dt_net": 0.69914, "epoch": "46/48", "eta": "0:06:27", "gpu_mem": "86.78G", "grad_norm": 1.22340, "iter": "211/255", "loss": 0.51021, "lr": 0.00127, "top1_err": 17.55952, "top5_err": 1.48809}
[12/19 09:44:27][INFO] logging.py:   99: json_stats: {"_type": "train_iter_", "dt": 14.73489, "dt_data": 0.00047, "dt_net": 14.73442, "epoch": "46/48", "eta": "2:15:48", "gpu_mem": "86.78G", "grad_norm": 1.27306, "iter": "212/255", "loss": 0.59190, "lr": 0.00126, "top1_err": 22.61905, "top5_err": 0.29762}
[12/19 09:44:28][INFO] logging.py:   99: json_stats: {"_type": "train_iter_", "dt": 0.71481, "dt_data": 0.00042, "dt_net": 0.71439, "epoch": "46/48", "eta": "0:06:34", "gpu_mem": "86.78G", "grad_norm": 1.32406, "iter": "213/255", "loss": 0.53529, "lr": 0.00126, "top1_err": 18.45238, "top5_err": 1.48809}
[12/19 09:44:29][INFO] logging.py:   99: json_stats: {"_type": "train_iter_", "dt": 0.71403, "dt_data": 0.00052, "dt_net": 0.71351, "epoch": "46/48", "eta": "0:06:33", "gpu_mem": "86.78G", "grad_norm": 1.43165, "iter": "214/255", "loss": 0.66020, "lr": 0.00125, "top1_err": 20.53571, "top5_err": 2.08333}
[12/19 09:44:30][INFO] logging.py:   99: json_stats: {"_type": "train_iter_", "dt": 0.71672, "dt_data": 0.00039, "dt_net": 0.71633, "epoch": "46/48", "eta": "0:06:34", "gpu_mem": "86.78G", "grad_norm": 1.19261, "iter": "215/255", "loss": 0.48819, "lr": 0.00125, "top1_err": 16.07143, "top5_err": 1.78571}
[12/19 09:44:30][INFO] logging.py:   99: json_stats: {"_type": "train_iter_", "dt": 0.73175, "dt_data": 0.00050, "dt_net": 0.73124, "epoch": "46/48", "eta": "0:06:41", "gpu_mem": "86.78G", "grad_norm": 1.31376, "iter": "216/255", "loss": 0.60838, "lr": 0.00124, "top1_err": 20.23809, "top5_err": 1.19047}
[12/19 09:45:06][INFO] logging.py:   99: json_stats: {"_type": "train_iter_", "dt": 35.68290, "dt_data": 34.98233, "dt_net": 0.70057, "epoch": "46/48", "eta": "5:25:54", "gpu_mem": "86.78G", "grad_norm": 1.30942, "iter": "217/255", "loss": 0.58463, "lr": 0.00124, "top1_err": 20.53571, "top5_err": 2.08333}
[12/19 09:45:07][INFO] logging.py:   99: json_stats: {"_type": "train_iter_", "dt": 0.72008, "dt_data": 0.00044, "dt_net": 0.71965, "epoch": "46/48", "eta": "0:06:33", "gpu_mem": "86.78G", "grad_norm": 1.29219, "iter": "218/255", "loss": 0.63565, "lr": 0.00123, "top1_err": 22.02381, "top5_err": 1.48809}
[12/19 09:45:07][INFO] logging.py:   99: json_stats: {"_type": "train_iter_", "dt": 0.72657, "dt_data": 0.00038, "dt_net": 0.72619, "epoch": "46/48", "eta": "0:06:36", "gpu_mem": "86.78G", "grad_norm": 1.29700, "iter": "219/255", "loss": 0.65061, "lr": 0.00123, "top1_err": 22.02381, "top5_err": 3.27381}
[12/19 09:45:16][INFO] logging.py:   99: json_stats: {"_type": "train_iter_", "dt": 8.35730, "dt_data": 0.00038, "dt_net": 8.35692, "epoch": "46/48", "eta": "1:15:54", "gpu_mem": "86.78G", "grad_norm": 1.41767, "iter": "220/255", "loss": 0.62442, "lr": 0.00123, "top1_err": 22.91667, "top5_err": 2.67857}
[12/19 09:45:16][INFO] logging.py:   99: json_stats: {"_type": "train_iter_", "dt": 0.71021, "dt_data": 0.00036, "dt_net": 0.70985, "epoch": "46/48", "eta": "0:06:26", "gpu_mem": "86.78G", "grad_norm": 1.26587, "iter": "221/255", "loss": 0.56143, "lr": 0.00122, "top1_err": 19.94048, "top5_err": 1.19047}
[12/19 09:45:17][INFO] logging.py:   99: json_stats: {"_type": "train_iter_", "dt": 0.70254, "dt_data": 0.00054, "dt_net": 0.70200, "epoch": "46/48", "eta": "0:06:21", "gpu_mem": "86.78G", "grad_norm": 1.38721, "iter": "222/255", "loss": 0.59071, "lr": 0.00122, "top1_err": 19.94047, "top5_err": 0.89286}
[12/19 09:45:18][INFO] logging.py:   99: json_stats: {"_type": "train_iter_", "dt": 0.70890, "dt_data": 0.00057, "dt_net": 0.70833, "epoch": "46/48", "eta": "0:06:24", "gpu_mem": "86.78G", "grad_norm": 1.30660, "iter": "223/255", "loss": 0.56836, "lr": 0.00121, "top1_err": 20.53571, "top5_err": 2.38095}
[12/19 09:45:19][INFO] logging.py:   99: json_stats: {"_type": "train_iter_", "dt": 0.70893, "dt_data": 0.00043, "dt_net": 0.70849, "epoch": "46/48", "eta": "0:06:23", "gpu_mem": "86.78G", "grad_norm": 1.19493, "iter": "224/255", "loss": 0.52449, "lr": 0.00121, "top1_err": 18.45238, "top5_err": 0.89286}
[12/19 09:46:02][INFO] logging.py:   99: json_stats: {"_type": "train_iter_", "dt": 43.51164, "dt_data": 42.81844, "dt_net": 0.69320, "epoch": "46/48", "eta": "6:31:36", "gpu_mem": "86.78G", "grad_norm": 1.31821, "iter": "225/255", "loss": 0.65122, "lr": 0.00120, "top1_err": 21.13095, "top5_err": 1.48809}
[12/19 09:46:03][INFO] logging.py:   99: json_stats: {"_type": "train_iter_", "dt": 0.70055, "dt_data": 0.00040, "dt_net": 0.70015, "epoch": "46/48", "eta": "0:06:17", "gpu_mem": "86.78G", "grad_norm": 1.23457, "iter": "226/255", "loss": 0.47834, "lr": 0.00120, "top1_err": 15.47619, "top5_err": 1.78571}
[12/19 09:46:03][INFO] logging.py:   99: json_stats: {"_type": "train_iter_", "dt": 0.70378, "dt_data": 0.00045, "dt_net": 0.70333, "epoch": "46/48", "eta": "0:06:18", "gpu_mem": "86.78G", "grad_norm": 1.02449, "iter": "227/255", "loss": 0.47240, "lr": 0.00119, "top1_err": 16.36905, "top5_err": 0.59524}
[12/19 09:46:04][INFO] logging.py:   99: json_stats: {"_type": "train_iter_", "dt": 0.72563, "dt_data": 0.00042, "dt_net": 0.72521, "epoch": "46/48", "eta": "0:06:29", "gpu_mem": "86.78G", "grad_norm": 1.25856, "iter": "228/255", "loss": 0.56515, "lr": 0.00119, "top1_err": 20.53571, "top5_err": 1.48809}
[12/19 09:46:05][INFO] logging.py:   99: json_stats: {"_type": "train_iter_", "dt": 0.70547, "dt_data": 0.00069, "dt_net": 0.70478, "epoch": "46/48", "eta": "0:06:18", "gpu_mem": "86.78G", "grad_norm": 1.22343, "iter": "229/255", "loss": 0.53608, "lr": 0.00119, "top1_err": 18.15476, "top5_err": 1.48809}
[12/19 09:46:06][INFO] logging.py:   99: json_stats: {"_type": "train_iter_", "dt": 0.70627, "dt_data": 0.00036, "dt_net": 0.70591, "epoch": "46/48", "eta": "0:06:17", "gpu_mem": "86.78G", "grad_norm": 1.33923, "iter": "230/255", "loss": 0.58819, "lr": 0.00118, "top1_err": 22.02381, "top5_err": 1.19047}
[12/19 09:46:06][INFO] logging.py:   99: json_stats: {"_type": "train_iter_", "dt": 0.70954, "dt_data": 0.00041, "dt_net": 0.70913, "epoch": "46/48", "eta": "0:06:18", "gpu_mem": "86.78G", "grad_norm": 1.16909, "iter": "231/255", "loss": 0.52313, "lr": 0.00118, "top1_err": 15.77381, "top5_err": 2.08333}
[12/19 09:46:07][INFO] logging.py:   99: json_stats: {"_type": "train_iter_", "dt": 0.70549, "dt_data": 0.00044, "dt_net": 0.70505, "epoch": "46/48", "eta": "0:06:16", "gpu_mem": "86.78G", "grad_norm": 1.28368, "iter": "232/255", "loss": 0.54214, "lr": 0.00117, "top1_err": 18.75000, "top5_err": 1.48809}
[12/19 09:46:54][INFO] logging.py:   99: json_stats: {"_type": "train_iter_", "dt": 47.32848, "dt_data": 46.62611, "dt_net": 0.70237, "epoch": "46/48", "eta": "6:59:38", "gpu_mem": "86.78G", "grad_norm": 1.16145, "iter": "233/255", "loss": 0.49837, "lr": 0.00117, "top1_err": 18.75000, "top5_err": 1.48809}
[12/19 09:46:55][INFO] logging.py:   99: json_stats: {"_type": "train_iter_", "dt": 0.70136, "dt_data": 0.00042, "dt_net": 0.70094, "epoch": "46/48", "eta": "0:06:12", "gpu_mem": "86.78G", "grad_norm": 1.09851, "iter": "234/255", "loss": 0.46700, "lr": 0.00116, "top1_err": 16.07143, "top5_err": 0.59524}
[12/19 09:46:56][INFO] logging.py:   99: json_stats: {"_type": "train_iter_", "dt": 0.70219, "dt_data": 0.00046, "dt_net": 0.70173, "epoch": "46/48", "eta": "0:06:12", "gpu_mem": "86.78G", "grad_norm": 1.17810, "iter": "235/255", "loss": 0.50647, "lr": 0.00116, "top1_err": 16.96428, "top5_err": 0.29762}
[12/19 09:47:00][INFO] logging.py:   99: json_stats: {"_type": "train_iter_", "dt": 3.98352, "dt_data": 0.00038, "dt_net": 3.98314, "epoch": "46/48", "eta": "0:35:07", "gpu_mem": "86.78G", "grad_norm": 1.25284, "iter": "236/255", "loss": 0.56645, "lr": 0.00115, "top1_err": 19.04762, "top5_err": 1.48809}
[12/19 09:47:00][INFO] logging.py:   99: json_stats: {"_type": "train_iter_", "dt": 0.70162, "dt_data": 0.00036, "dt_net": 0.70126, "epoch": "46/48", "eta": "0:06:10", "gpu_mem": "86.78G", "grad_norm": 1.22069, "iter": "237/255", "loss": 0.47445, "lr": 0.00115, "top1_err": 18.45238, "top5_err": 0.00000}
[12/19 09:47:01][INFO] logging.py:   99: json_stats: {"_type": "train_iter_", "dt": 0.70625, "dt_data": 0.00039, "dt_net": 0.70586, "epoch": "46/48", "eta": "0:06:12", "gpu_mem": "86.78G", "grad_norm": 1.11136, "iter": "238/255", "loss": 0.51956, "lr": 0.00115, "top1_err": 17.55952, "top5_err": 1.78571}
[12/19 09:47:02][INFO] logging.py:   99: json_stats: {"_type": "train_iter_", "dt": 0.70725, "dt_data": 0.00070, "dt_net": 0.70655, "epoch": "46/48", "eta": "0:06:12", "gpu_mem": "86.78G", "grad_norm": 1.17898, "iter": "239/255", "loss": 0.49355, "lr": 0.00114, "top1_err": 14.88095, "top5_err": 2.08333}
[12/19 09:47:03][INFO] logging.py:   99: json_stats: {"_type": "train_iter_", "dt": 0.70513, "dt_data": 0.00056, "dt_net": 0.70457, "epoch": "46/48", "eta": "0:06:10", "gpu_mem": "86.78G", "grad_norm": 1.14605, "iter": "240/255", "loss": 0.49879, "lr": 0.00114, "top1_err": 16.96428, "top5_err": 1.19047}
[12/19 09:47:52][INFO] logging.py:   99: json_stats: {"_type": "train_iter_", "dt": 49.40613, "dt_data": 48.44905, "dt_net": 0.95708, "epoch": "46/48", "eta": "7:11:28", "gpu_mem": "86.78G", "grad_norm": 1.39650, "iter": "241/255", "loss": 0.55091, "lr": 0.00113, "top1_err": 18.15476, "top5_err": 1.19047}
[12/19 09:47:53][INFO] logging.py:   99: json_stats: {"_type": "train_iter_", "dt": 0.83796, "dt_data": 0.00031, "dt_net": 0.83764, "epoch": "46/48", "eta": "0:07:18", "gpu_mem": "86.78G", "grad_norm": 1.09422, "iter": "242/255", "loss": 0.47389, "lr": 0.00113, "top1_err": 14.58333, "top5_err": 0.89286}
[12/19 09:47:54][INFO] logging.py:   99: json_stats: {"_type": "train_iter_", "dt": 0.69602, "dt_data": 0.00024, "dt_net": 0.69578, "epoch": "46/48", "eta": "0:06:03", "gpu_mem": "86.78G", "grad_norm": 1.20467, "iter": "243/255", "loss": 0.51039, "lr": 0.00112, "top1_err": 17.26190, "top5_err": 1.19047}
[12/19 09:47:54][INFO] logging.py:   99: json_stats: {"_type": "train_iter_", "dt": 0.69291, "dt_data": 0.00045, "dt_net": 0.69246, "epoch": "46/48", "eta": "0:06:01", "gpu_mem": "86.78G", "grad_norm": 1.16872, "iter": "244/255", "loss": 0.52173, "lr": 0.00112, "top1_err": 18.45238, "top5_err": 1.19047}
[12/19 09:47:55][INFO] logging.py:   99: json_stats: {"_type": "train_iter_", "dt": 0.69570, "dt_data": 0.00024, "dt_net": 0.69547, "epoch": "46/48", "eta": "0:06:01", "gpu_mem": "86.78G", "grad_norm": 1.29480, "iter": "245/255", "loss": 0.59344, "lr": 0.00112, "top1_err": 22.02381, "top5_err": 1.78571}
[12/19 09:47:56][INFO] logging.py:   99: json_stats: {"_type": "train_iter_", "dt": 0.68486, "dt_data": 0.00027, "dt_net": 0.68459, "epoch": "46/48", "eta": "0:05:55", "gpu_mem": "86.78G", "grad_norm": 1.36450, "iter": "246/255", "loss": 0.56091, "lr": 0.00111, "top1_err": 20.53571, "top5_err": 1.19047}
[12/19 09:47:56][INFO] logging.py:   99: json_stats: {"_type": "train_iter_", "dt": 0.68610, "dt_data": 0.00027, "dt_net": 0.68582, "epoch": "46/48", "eta": "0:05:55", "gpu_mem": "86.78G", "grad_norm": 1.15963, "iter": "247/255", "loss": 0.56111, "lr": 0.00111, "top1_err": 19.64285, "top5_err": 1.78571}
[12/19 09:47:57][INFO] logging.py:   99: json_stats: {"_type": "train_iter_", "dt": 0.68835, "dt_data": 0.00022, "dt_net": 0.68813, "epoch": "46/48", "eta": "0:05:55", "gpu_mem": "86.78G", "grad_norm": 1.25688, "iter": "248/255", "loss": 0.59513, "lr": 0.00110, "top1_err": 19.64286, "top5_err": 2.08333}
[12/19 09:48:45][INFO] logging.py:   99: json_stats: {"_type": "train_iter_", "dt": 48.03343, "dt_data": 47.35333, "dt_net": 0.68010, "epoch": "46/48", "eta": "6:53:05", "gpu_mem": "86.78G", "grad_norm": 1.29853, "iter": "249/255", "loss": 0.58644, "lr": 0.00110, "top1_err": 21.13095, "top5_err": 2.38095}
[12/19 09:48:46][INFO] logging.py:   99: json_stats: {"_type": "train_iter_", "dt": 0.69054, "dt_data": 0.00016, "dt_net": 0.69038, "epoch": "46/48", "eta": "0:05:55", "gpu_mem": "86.78G", "grad_norm": 1.32191, "iter": "250/255", "loss": 0.56972, "lr": 0.00109, "top1_err": 18.75000, "top5_err": 0.89286}
[12/19 09:48:46][INFO] logging.py:   99: json_stats: {"_type": "train_iter_", "dt": 0.67934, "dt_data": 0.00019, "dt_net": 0.67915, "epoch": "46/48", "eta": "0:05:49", "gpu_mem": "86.78G", "grad_norm": 1.41147, "iter": "251/255", "loss": 0.63358, "lr": 0.00109, "top1_err": 22.91667, "top5_err": 2.38095}
[12/19 09:48:47][INFO] logging.py:   99: json_stats: {"_type": "train_iter_", "dt": 0.67864, "dt_data": 0.00017, "dt_net": 0.67847, "epoch": "46/48", "eta": "0:05:48", "gpu_mem": "86.78G", "grad_norm": 1.21799, "iter": "252/255", "loss": 0.55091, "lr": 0.00109, "top1_err": 17.85714, "top5_err": 0.89285}
[12/19 09:48:48][INFO] logging.py:   99: json_stats: {"_type": "train_iter_", "dt": 0.67553, "dt_data": 0.00016, "dt_net": 0.67537, "epoch": "46/48", "eta": "0:05:45", "gpu_mem": "86.78G", "grad_norm": 1.14048, "iter": "253/255", "loss": 0.50895, "lr": 0.00108, "top1_err": 16.96428, "top5_err": 0.59524}
[12/19 09:48:48][INFO] logging.py:   99: json_stats: {"_type": "train_iter_", "dt": 0.68036, "dt_data": 0.00018, "dt_net": 0.68017, "epoch": "46/48", "eta": "0:05:47", "gpu_mem": "86.78G", "grad_norm": 1.19713, "iter": "254/255", "loss": 0.58615, "lr": 0.00108, "top1_err": 20.83333, "top5_err": 2.08333}
[12/19 09:48:49][INFO] logging.py:   99: json_stats: {"_type": "train_iter_", "dt": 0.69014, "dt_data": 0.00018, "dt_net": 0.68996, "epoch": "46/48", "eta": "0:05:51", "gpu_mem": "86.78G", "grad_norm": 1.35810, "iter": "255/255", "loss": 0.56447, "lr": 0.00107, "top1_err": 19.64285, "top5_err": 0.59524}
[12/19 09:48:51][INFO] logging.py:   99: json_stats: {"RAM": "162.76/856.58G", "_type": "train_epoch", "dt": 1.58987, "dt_data": 1.58987, "dt_net": 0.68996, "epoch": "46/48", "eta": "0:13:30", "gpu_mem": "86.78G", "grad_norm": 1.35810, "loss": 0.55043, "lr": 0.00107, "top1_err": 19.26237, "top5_err": 1.42040}
[12/19 09:48:51][INFO] train_net.py: 1072: Epoch 45 takes 1706.14s. Epochs from 45 to 45 take 1706.14s in average and 1706.14s in median.
[12/19 09:48:51][INFO] train_net.py: 1078: For epoch 45, each iteraction takes 6.69s in average. From epoch 45 to 45, each iteraction takes 6.69s in average.
[12/19 09:50:16][INFO] logging.py:   99: json_stats: {"_type": "val_iter", "epoch": "46/48", "eta": "3:37:57", "gpu_mem": "86.78G", "iter": "1/154", "time_diff": 85.47423, "top1_err": 16.36905, "top5_err": 0.29762}
[12/19 09:50:16][INFO] logging.py:   99: json_stats: {"_type": "val_iter", "epoch": "46/48", "eta": "0:00:45", "gpu_mem": "86.78G", "iter": "2/154", "time_diff": 0.29901, "top1_err": 15.47619, "top5_err": 1.19047}
[12/19 09:50:17][INFO] logging.py:   99: json_stats: {"_type": "val_iter", "epoch": "46/48", "eta": "0:00:45", "gpu_mem": "86.78G", "iter": "3/154", "time_diff": 0.30009, "top1_err": 12.50000, "top5_err": 0.59524}
[12/19 09:50:17][INFO] logging.py:   99: json_stats: {"_type": "val_iter", "epoch": "46/48", "eta": "0:00:45", "gpu_mem": "86.78G", "iter": "4/154", "time_diff": 0.30579, "top1_err": 11.01190, "top5_err": 0.29762}
[12/19 09:50:17][INFO] logging.py:   99: json_stats: {"_type": "val_iter", "epoch": "46/48", "eta": "0:00:47", "gpu_mem": "86.78G", "iter": "5/154", "time_diff": 0.31575, "top1_err": 12.50000, "top5_err": 1.48809}
[12/19 09:50:18][INFO] logging.py:   99: json_stats: {"_type": "val_iter", "epoch": "46/48", "eta": "0:00:45", "gpu_mem": "86.78G", "iter": "6/154", "time_diff": 0.30715, "top1_err": 14.88095, "top5_err": 0.89285}
[12/19 09:50:18][INFO] logging.py:   99: json_stats: {"_type": "val_iter", "epoch": "46/48", "eta": "0:00:45", "gpu_mem": "86.78G", "iter": "7/154", "time_diff": 0.30880, "top1_err": 13.09524, "top5_err": 0.89285}
[12/19 09:50:18][INFO] logging.py:   99: json_stats: {"_type": "val_iter", "epoch": "46/48", "eta": "0:00:46", "gpu_mem": "86.78G", "iter": "8/154", "time_diff": 0.31665, "top1_err": 13.98809, "top5_err": 0.89286}
[12/19 09:51:03][INFO] logging.py:   99: json_stats: {"_type": "val_iter", "epoch": "46/48", "eta": "1:46:51", "gpu_mem": "86.78G", "iter": "9/154", "time_diff": 44.21607, "top1_err": 13.69047, "top5_err": 0.59524}
[12/19 09:51:06][INFO] logging.py:   99: json_stats: {"_type": "val_iter", "epoch": "46/48", "eta": "0:08:55", "gpu_mem": "86.78G", "iter": "10/154", "time_diff": 3.72170, "top1_err": 16.07143, "top5_err": 1.19047}
[12/19 09:51:07][INFO] logging.py:   99: json_stats: {"_type": "val_iter", "epoch": "46/48", "eta": "0:00:42", "gpu_mem": "86.78G", "iter": "11/154", "time_diff": 0.29485, "top1_err": 11.30952, "top5_err": 0.29762}
[12/19 09:51:07][INFO] logging.py:   99: json_stats: {"_type": "val_iter", "epoch": "46/48", "eta": "0:00:43", "gpu_mem": "86.78G", "iter": "12/154", "time_diff": 0.30377, "top1_err": 15.77381, "top5_err": 1.19047}
[12/19 09:51:07][INFO] logging.py:   99: json_stats: {"_type": "val_iter", "epoch": "46/48", "eta": "0:00:44", "gpu_mem": "86.78G", "iter": "13/154", "time_diff": 0.31304, "top1_err": 19.04762, "top5_err": 1.48809}
[12/19 09:51:08][INFO] logging.py:   99: json_stats: {"_type": "val_iter", "epoch": "46/48", "eta": "0:00:44", "gpu_mem": "86.78G", "iter": "14/154", "time_diff": 0.31649, "top1_err": 12.20238, "top5_err": 0.59524}
[12/19 09:51:08][INFO] logging.py:   99: json_stats: {"_type": "val_iter", "epoch": "46/48", "eta": "0:00:42", "gpu_mem": "86.78G", "iter": "15/154", "time_diff": 0.30781, "top1_err": 14.28571, "top5_err": 0.29762}
[12/19 09:51:08][INFO] logging.py:   99: json_stats: {"_type": "val_iter", "epoch": "46/48", "eta": "0:00:42", "gpu_mem": "86.78G", "iter": "16/154", "time_diff": 0.31035, "top1_err": 11.90476, "top5_err": 0.59524}
[12/19 09:51:51][INFO] logging.py:   99: json_stats: {"_type": "val_iter", "epoch": "46/48", "eta": "1:37:22", "gpu_mem": "86.78G", "iter": "17/154", "time_diff": 42.64842, "top1_err": 13.98809, "top5_err": 0.29762}
[12/19 09:51:53][INFO] logging.py:   99: json_stats: {"_type": "val_iter", "epoch": "46/48", "eta": "0:05:00", "gpu_mem": "86.78G", "iter": "18/154", "time_diff": 2.21046, "top1_err": 14.28571, "top5_err": 0.00000}
[12/19 09:51:54][INFO] logging.py:   99: json_stats: {"_type": "val_iter", "epoch": "46/48", "eta": "0:01:12", "gpu_mem": "86.78G", "iter": "19/154", "time_diff": 0.53636, "top1_err": 11.90476, "top5_err": 1.48809}
[12/19 09:51:54][INFO] logging.py:   99: json_stats: {"_type": "val_iter", "epoch": "46/48", "eta": "0:00:41", "gpu_mem": "86.78G", "iter": "20/154", "time_diff": 0.30727, "top1_err": 14.28571, "top5_err": 0.29762}
[12/19 09:51:54][INFO] logging.py:   99: json_stats: {"_type": "val_iter", "epoch": "46/48", "eta": "0:00:41", "gpu_mem": "86.78G", "iter": "21/154", "time_diff": 0.31434, "top1_err": 13.69048, "top5_err": 0.29762}
[12/19 09:51:56][INFO] logging.py:   99: json_stats: {"_type": "val_iter", "epoch": "46/48", "eta": "0:03:17", "gpu_mem": "86.78G", "iter": "22/154", "time_diff": 1.49624, "top1_err": 15.17857, "top5_err": 0.89285}
[12/19 09:51:56][INFO] logging.py:   99: json_stats: {"_type": "val_iter", "epoch": "46/48", "eta": "0:00:39", "gpu_mem": "86.78G", "iter": "23/154", "time_diff": 0.30025, "top1_err": 14.88095, "top5_err": 1.48809}
[12/19 09:51:56][INFO] logging.py:   99: json_stats: {"_type": "val_iter", "epoch": "46/48", "eta": "0:00:38", "gpu_mem": "86.78G", "iter": "24/154", "time_diff": 0.29636, "top1_err": 14.28571, "top5_err": 0.89285}
[12/19 09:52:41][INFO] logging.py:   99: json_stats: {"_type": "val_iter", "epoch": "46/48", "eta": "1:35:20", "gpu_mem": "86.78G", "iter": "25/154", "time_diff": 44.34300, "top1_err": 12.79762, "top5_err": 0.59524}
[12/19 09:52:42][INFO] logging.py:   99: json_stats: {"_type": "val_iter", "epoch": "46/48", "eta": "0:02:14", "gpu_mem": "86.78G", "iter": "26/154", "time_diff": 1.04892, "top1_err": 15.17857, "top5_err": 0.59524}
[12/19 09:52:42][INFO] logging.py:   99: json_stats: {"_type": "val_iter", "epoch": "46/48", "eta": "0:00:37", "gpu_mem": "86.78G", "iter": "27/154", "time_diff": 0.29884, "top1_err": 13.69047, "top5_err": 0.29762}
[12/19 09:52:42][INFO] logging.py:   99: json_stats: {"_type": "val_iter", "epoch": "46/48", "eta": "0:00:38", "gpu_mem": "86.78G", "iter": "28/154", "time_diff": 0.30597, "top1_err": 11.90476, "top5_err": 0.59524}
[12/19 09:52:43][INFO] logging.py:   99: json_stats: {"_type": "val_iter", "epoch": "46/48", "eta": "0:00:39", "gpu_mem": "86.78G", "iter": "29/154", "time_diff": 0.31292, "top1_err": 16.96428, "top5_err": 0.59524}
[12/19 09:52:45][INFO] logging.py:   99: json_stats: {"_type": "val_iter", "epoch": "46/48", "eta": "0:05:18", "gpu_mem": "86.78G", "iter": "30/154", "time_diff": 2.56949, "top1_err": 15.17857, "top5_err": 0.59524}
[12/19 09:52:45][INFO] logging.py:   99: json_stats: {"_type": "val_iter", "epoch": "46/48", "eta": "0:00:37", "gpu_mem": "86.78G", "iter": "31/154", "time_diff": 0.30252, "top1_err": 18.15476, "top5_err": 1.19047}
[12/19 09:52:46][INFO] logging.py:   99: json_stats: {"_type": "val_iter", "epoch": "46/48", "eta": "0:00:37", "gpu_mem": "86.78G", "iter": "32/154", "time_diff": 0.30354, "top1_err": 12.20238, "top5_err": 1.78571}
[12/19 09:53:31][INFO] logging.py:   99: json_stats: {"_type": "val_iter", "epoch": "46/48", "eta": "1:30:55", "gpu_mem": "86.78G", "iter": "33/154", "time_diff": 45.08349, "top1_err": 16.07143, "top5_err": 0.89286}
[12/19 09:53:34][INFO] logging.py:   99: json_stats: {"_type": "val_iter", "epoch": "46/48", "eta": "0:06:30", "gpu_mem": "86.78G", "iter": "34/154", "time_diff": 3.25492, "top1_err": 15.17857, "top5_err": 0.89285}
[12/19 09:53:34][INFO] logging.py:   99: json_stats: {"_type": "val_iter", "epoch": "46/48", "eta": "0:00:36", "gpu_mem": "86.78G", "iter": "35/154", "time_diff": 0.30623, "top1_err": 14.88095, "top5_err": 0.89285}
[12/19 09:53:35][INFO] logging.py:   99: json_stats: {"_type": "val_iter", "epoch": "46/48", "eta": "0:00:37", "gpu_mem": "86.78G", "iter": "36/154", "time_diff": 0.31687, "top1_err": 16.66667, "top5_err": 0.29762}
[12/19 09:53:35][INFO] logging.py:   99: json_stats: {"_type": "val_iter", "epoch": "46/48", "eta": "0:00:36", "gpu_mem": "86.78G", "iter": "37/154", "time_diff": 0.31499, "top1_err": 14.28571, "top5_err": 0.00000}
[12/19 09:53:36][INFO] logging.py:   99: json_stats: {"_type": "val_iter", "epoch": "46/48", "eta": "0:02:29", "gpu_mem": "86.78G", "iter": "38/154", "time_diff": 1.28998, "top1_err": 13.39286, "top5_err": 1.19047}
[12/19 09:53:37][INFO] logging.py:   99: json_stats: {"_type": "val_iter", "epoch": "46/48", "eta": "0:00:34", "gpu_mem": "86.78G", "iter": "39/154", "time_diff": 0.29915, "top1_err": 8.33333, "top5_err": 0.59524}
[12/19 09:53:37][INFO] logging.py:   99: json_stats: {"_type": "val_iter", "epoch": "46/48", "eta": "0:00:34", "gpu_mem": "86.78G", "iter": "40/154", "time_diff": 0.30363, "top1_err": 13.69047, "top5_err": 1.19047}
[12/19 09:54:22][INFO] logging.py:   99: json_stats: {"_type": "val_iter", "epoch": "46/48", "eta": "1:24:29", "gpu_mem": "86.78G", "iter": "41/154", "time_diff": 44.86176, "top1_err": 15.47619, "top5_err": 0.00000}
[12/19 09:54:28][INFO] logging.py:   99: json_stats: {"_type": "val_iter", "epoch": "46/48", "eta": "0:10:48", "gpu_mem": "86.78G", "iter": "42/154", "time_diff": 5.78654, "top1_err": 13.98809, "top5_err": 1.48809}
[12/19 09:54:28][INFO] logging.py:   99: json_stats: {"_type": "val_iter", "epoch": "46/48", "eta": "0:00:33", "gpu_mem": "86.78G", "iter": "43/154", "time_diff": 0.30042, "top1_err": 16.07143, "top5_err": 0.59524}
[12/19 09:54:28][INFO] logging.py:   99: json_stats: {"_type": "val_iter", "epoch": "46/48", "eta": "0:00:35", "gpu_mem": "86.78G", "iter": "44/154", "time_diff": 0.31855, "top1_err": 13.39285, "top5_err": 0.29762}
[12/19 09:54:29][INFO] logging.py:   99: json_stats: {"_type": "val_iter", "epoch": "46/48", "eta": "0:00:34", "gpu_mem": "86.78G", "iter": "45/154", "time_diff": 0.31409, "top1_err": 16.66666, "top5_err": 0.89286}
[12/19 09:54:29][INFO] logging.py:   99: json_stats: {"_type": "val_iter", "epoch": "46/48", "eta": "0:00:33", "gpu_mem": "86.78G", "iter": "46/154", "time_diff": 0.30987, "top1_err": 15.17857, "top5_err": 0.59524}
[12/19 09:54:29][INFO] logging.py:   99: json_stats: {"_type": "val_iter", "epoch": "46/48", "eta": "0:00:33", "gpu_mem": "86.78G", "iter": "47/154", "time_diff": 0.31123, "top1_err": 13.09524, "top5_err": 0.59524}
[12/19 09:54:29][INFO] logging.py:   99: json_stats: {"_type": "val_iter", "epoch": "46/48", "eta": "0:00:33", "gpu_mem": "86.78G", "iter": "48/154", "time_diff": 0.31285, "top1_err": 17.26191, "top5_err": 0.29762}
[12/19 09:55:09][INFO] logging.py:   99: json_stats: {"_type": "val_iter", "epoch": "46/48", "eta": "1:09:10", "gpu_mem": "86.78G", "iter": "49/154", "time_diff": 39.53171, "top1_err": 14.88095, "top5_err": 1.78571}
[12/19 09:55:21][INFO] logging.py:   99: json_stats: {"_type": "val_iter", "epoch": "46/48", "eta": "0:20:25", "gpu_mem": "86.78G", "iter": "50/154", "time_diff": 11.78805, "top1_err": 14.88095, "top5_err": 0.29762}
[12/19 09:55:21][INFO] logging.py:   99: json_stats: {"_type": "val_iter", "epoch": "46/48", "eta": "0:00:31", "gpu_mem": "86.78G", "iter": "51/154", "time_diff": 0.30588, "top1_err": 12.50000, "top5_err": 0.89285}
[12/19 09:55:21][INFO] logging.py:   99: json_stats: {"_type": "val_iter", "epoch": "46/48", "eta": "0:00:32", "gpu_mem": "86.78G", "iter": "52/154", "time_diff": 0.31777, "top1_err": 15.47619, "top5_err": 2.08333}
[12/19 09:55:22][INFO] logging.py:   99: json_stats: {"_type": "val_iter", "epoch": "46/48", "eta": "0:00:31", "gpu_mem": "86.78G", "iter": "53/154", "time_diff": 0.31529, "top1_err": 15.77381, "top5_err": 0.89285}
[12/19 09:55:22][INFO] logging.py:   99: json_stats: {"_type": "val_iter", "epoch": "46/48", "eta": "0:00:30", "gpu_mem": "86.78G", "iter": "54/154", "time_diff": 0.30261, "top1_err": 16.07143, "top5_err": 0.29762}
[12/19 09:55:22][INFO] logging.py:   99: json_stats: {"_type": "val_iter", "epoch": "46/48", "eta": "0:00:30", "gpu_mem": "86.78G", "iter": "55/154", "time_diff": 0.30879, "top1_err": 17.55952, "top5_err": 1.19047}
[12/19 09:55:23][INFO] logging.py:   99: json_stats: {"_type": "val_iter", "epoch": "46/48", "eta": "0:00:30", "gpu_mem": "86.78G", "iter": "56/154", "time_diff": 0.30972, "top1_err": 12.50000, "top5_err": 0.59524}
[12/19 09:55:58][INFO] logging.py:   99: json_stats: {"_type": "val_iter", "epoch": "46/48", "eta": "0:57:17", "gpu_mem": "86.78G", "iter": "57/154", "time_diff": 35.43389, "top1_err": 11.01190, "top5_err": 0.29762}
[12/19 09:56:08][INFO] logging.py:   99: json_stats: {"_type": "val_iter", "epoch": "46/48", "eta": "0:16:35", "gpu_mem": "86.78G", "iter": "58/154", "time_diff": 10.37036, "top1_err": 19.04762, "top5_err": 0.29762}
[12/19 09:56:09][INFO] logging.py:   99: json_stats: {"_type": "val_iter", "epoch": "46/48", "eta": "0:00:29", "gpu_mem": "86.78G", "iter": "59/154", "time_diff": 0.30779, "top1_err": 11.60714, "top5_err": 0.00000}
[12/19 09:56:09][INFO] logging.py:   99: json_stats: {"_type": "val_iter", "epoch": "46/48", "eta": "0:00:29", "gpu_mem": "86.78G", "iter": "60/154", "time_diff": 0.31075, "top1_err": 15.47619, "top5_err": 0.59524}
[12/19 09:56:09][INFO] logging.py:   99: json_stats: {"_type": "val_iter", "epoch": "46/48", "eta": "0:00:29", "gpu_mem": "86.78G", "iter": "61/154", "time_diff": 0.31203, "top1_err": 15.17857, "top5_err": 0.89285}
[12/19 09:56:10][INFO] logging.py:   99: json_stats: {"_type": "val_iter", "epoch": "46/48", "eta": "0:00:28", "gpu_mem": "86.78G", "iter": "62/154", "time_diff": 0.30460, "top1_err": 14.88095, "top5_err": 1.48809}
[12/19 09:56:10][INFO] logging.py:   99: json_stats: {"_type": "val_iter", "epoch": "46/48", "eta": "0:00:28", "gpu_mem": "86.78G", "iter": "63/154", "time_diff": 0.30978, "top1_err": 16.36905, "top5_err": 1.48809}
[12/19 09:56:10][INFO] logging.py:   99: json_stats: {"_type": "val_iter", "epoch": "46/48", "eta": "0:00:28", "gpu_mem": "86.78G", "iter": "64/154", "time_diff": 0.31379, "top1_err": 14.88095, "top5_err": 0.89286}
[12/19 09:56:41][INFO] logging.py:   99: json_stats: {"_type": "val_iter", "epoch": "46/48", "eta": "0:45:17", "gpu_mem": "86.78G", "iter": "65/154", "time_diff": 30.53554, "top1_err": 15.77381, "top5_err": 0.29762}
[12/19 09:56:57][INFO] logging.py:   99: json_stats: {"_type": "val_iter", "epoch": "46/48", "eta": "0:23:16", "gpu_mem": "86.78G", "iter": "66/154", "time_diff": 15.86895, "top1_err": 16.36905, "top5_err": 0.89285}
[12/19 09:56:57][INFO] logging.py:   99: json_stats: {"_type": "val_iter", "epoch": "46/48", "eta": "0:00:26", "gpu_mem": "86.78G", "iter": "67/154", "time_diff": 0.30568, "top1_err": 13.98810, "top5_err": 0.59524}
[12/19 09:56:57][INFO] logging.py:   99: json_stats: {"_type": "val_iter", "epoch": "46/48", "eta": "0:00:26", "gpu_mem": "86.78G", "iter": "68/154", "time_diff": 0.31142, "top1_err": 12.20238, "top5_err": 0.89285}
[12/19 09:56:58][INFO] logging.py:   99: json_stats: {"_type": "val_iter", "epoch": "46/48", "eta": "0:01:04", "gpu_mem": "86.78G", "iter": "69/154", "time_diff": 0.75527, "top1_err": 16.96428, "top5_err": 1.48809}
[12/19 09:56:58][INFO] logging.py:   99: json_stats: {"_type": "val_iter", "epoch": "46/48", "eta": "0:00:24", "gpu_mem": "86.78G", "iter": "70/154", "time_diff": 0.29437, "top1_err": 13.39286, "top5_err": 1.48809}
[12/19 09:56:59][INFO] logging.py:   99: json_stats: {"_type": "val_iter", "epoch": "46/48", "eta": "0:00:25", "gpu_mem": "86.78G", "iter": "71/154", "time_diff": 0.30428, "top1_err": 15.77381, "top5_err": 0.59524}
[12/19 09:56:59][INFO] logging.py:   99: json_stats: {"_type": "val_iter", "epoch": "46/48", "eta": "0:00:25", "gpu_mem": "86.78G", "iter": "72/154", "time_diff": 0.31116, "top1_err": 14.58333, "top5_err": 0.89285}
[12/19 09:57:28][INFO] logging.py:   99: json_stats: {"_type": "val_iter", "epoch": "46/48", "eta": "0:39:47", "gpu_mem": "86.78G", "iter": "73/154", "time_diff": 29.48057, "top1_err": 11.60714, "top5_err": 0.59524}
[12/19 09:57:47][INFO] logging.py:   99: json_stats: {"_type": "val_iter", "epoch": "46/48", "eta": "0:25:03", "gpu_mem": "86.78G", "iter": "74/154", "time_diff": 18.78863, "top1_err": 12.50000, "top5_err": 0.89285}
[12/19 09:57:48][INFO] logging.py:   99: json_stats: {"_type": "val_iter", "epoch": "46/48", "eta": "0:00:24", "gpu_mem": "86.78G", "iter": "75/154", "time_diff": 0.30798, "top1_err": 12.50000, "top5_err": 0.89285}
[12/19 09:57:48][INFO] logging.py:   99: json_stats: {"_type": "val_iter", "epoch": "46/48", "eta": "0:00:24", "gpu_mem": "86.78G", "iter": "76/154", "time_diff": 0.30867, "top1_err": 16.07142, "top5_err": 1.19047}
[12/19 09:57:48][INFO] logging.py:   99: json_stats: {"_type": "val_iter", "epoch": "46/48", "eta": "0:00:24", "gpu_mem": "86.78G", "iter": "77/154", "time_diff": 0.31250, "top1_err": 15.17857, "top5_err": 0.00000}
[12/19 09:57:49][INFO] logging.py:   99: json_stats: {"_type": "val_iter", "epoch": "46/48", "eta": "0:00:23", "gpu_mem": "86.78G", "iter": "78/154", "time_diff": 0.30323, "top1_err": 16.66666, "top5_err": 0.89285}
[12/19 09:57:49][INFO] logging.py:   99: json_stats: {"_type": "val_iter", "epoch": "46/48", "eta": "0:00:23", "gpu_mem": "86.78G", "iter": "79/154", "time_diff": 0.30859, "top1_err": 14.88095, "top5_err": 1.19047}
[12/19 09:57:49][INFO] logging.py:   99: json_stats: {"_type": "val_iter", "epoch": "46/48", "eta": "0:00:23", "gpu_mem": "86.78G", "iter": "80/154", "time_diff": 0.31701, "top1_err": 11.90476, "top5_err": 1.19047}
[12/19 09:58:18][INFO] logging.py:   99: json_stats: {"_type": "val_iter", "epoch": "46/48", "eta": "0:35:38", "gpu_mem": "86.78G", "iter": "81/154", "time_diff": 29.29111, "top1_err": 14.58333, "top5_err": 0.59524}
[12/19 09:58:37][INFO] logging.py:   99: json_stats: {"_type": "val_iter", "epoch": "46/48", "eta": "0:22:27", "gpu_mem": "86.78G", "iter": "82/154", "time_diff": 18.72201, "top1_err": 15.77381, "top5_err": 0.00000}
[12/19 09:58:37][INFO] logging.py:   99: json_stats: {"_type": "val_iter", "epoch": "46/48", "eta": "0:00:21", "gpu_mem": "86.78G", "iter": "83/154", "time_diff": 0.30708, "top1_err": 16.96428, "top5_err": 0.59524}
[12/19 09:58:38][INFO] logging.py:   99: json_stats: {"_type": "val_iter", "epoch": "46/48", "eta": "0:00:21", "gpu_mem": "86.78G", "iter": "84/154", "time_diff": 0.30785, "top1_err": 14.28571, "top5_err": 1.19047}
[12/19 09:58:38][INFO] logging.py:   99: json_stats: {"_type": "val_iter", "epoch": "46/48", "eta": "0:00:21", "gpu_mem": "86.78G", "iter": "85/154", "time_diff": 0.31280, "top1_err": 13.39286, "top5_err": 0.29762}
[12/19 09:58:38][INFO] logging.py:   99: json_stats: {"_type": "val_iter", "epoch": "46/48", "eta": "0:00:20", "gpu_mem": "86.78G", "iter": "86/154", "time_diff": 0.30395, "top1_err": 12.79762, "top5_err": 0.89286}
[12/19 09:58:39][INFO] logging.py:   99: json_stats: {"_type": "val_iter", "epoch": "46/48", "eta": "0:00:20", "gpu_mem": "86.78G", "iter": "87/154", "time_diff": 0.30690, "top1_err": 11.60714, "top5_err": 0.89285}
[12/19 09:58:39][INFO] logging.py:   99: json_stats: {"_type": "val_iter", "epoch": "46/48", "eta": "0:00:20", "gpu_mem": "86.78G", "iter": "88/154", "time_diff": 0.31255, "top1_err": 12.20238, "top5_err": 0.89286}
[12/19 09:59:08][INFO] logging.py:   99: json_stats: {"_type": "val_iter", "epoch": "46/48", "eta": "0:31:42", "gpu_mem": "86.78G", "iter": "89/154", "time_diff": 29.26610, "top1_err": 13.39285, "top5_err": 0.00000}
[12/19 09:59:28][INFO] logging.py:   99: json_stats: {"_type": "val_iter", "epoch": "46/48", "eta": "0:21:11", "gpu_mem": "86.78G", "iter": "90/154", "time_diff": 19.86013, "top1_err": 13.09524, "top5_err": 1.19047}
[12/19 09:59:28][INFO] logging.py:   99: json_stats: {"_type": "val_iter", "epoch": "46/48", "eta": "0:00:19", "gpu_mem": "86.78G", "iter": "91/154", "time_diff": 0.30492, "top1_err": 15.47619, "top5_err": 0.59524}
[12/19 09:59:29][INFO] logging.py:   99: json_stats: {"_type": "val_iter", "epoch": "46/48", "eta": "0:00:19", "gpu_mem": "86.78G", "iter": "92/154", "time_diff": 0.30973, "top1_err": 12.20238, "top5_err": 0.59524}
[12/19 09:59:29][INFO] logging.py:   99: json_stats: {"_type": "val_iter", "epoch": "46/48", "eta": "0:00:19", "gpu_mem": "86.78G", "iter": "93/154", "time_diff": 0.31172, "top1_err": 14.88095, "top5_err": 0.59524}
[12/19 09:59:29][INFO] logging.py:   99: json_stats: {"_type": "val_iter", "epoch": "46/48", "eta": "0:00:18", "gpu_mem": "86.78G", "iter": "94/154", "time_diff": 0.30406, "top1_err": 13.98809, "top5_err": 0.29762}
[12/19 09:59:30][INFO] logging.py:   99: json_stats: {"_type": "val_iter", "epoch": "46/48", "eta": "0:00:18", "gpu_mem": "86.78G", "iter": "95/154", "time_diff": 0.30827, "top1_err": 13.69047, "top5_err": 0.59524}
[12/19 09:59:30][INFO] logging.py:   99: json_stats: {"_type": "val_iter", "epoch": "46/48", "eta": "0:00:18", "gpu_mem": "86.78G", "iter": "96/154", "time_diff": 0.31281, "top1_err": 16.96428, "top5_err": 0.59524}
[12/19 09:59:54][INFO] logging.py:   99: json_stats: {"_type": "val_iter", "epoch": "46/48", "eta": "0:23:15", "gpu_mem": "86.78G", "iter": "97/154", "time_diff": 24.47829, "top1_err": 12.50000, "top5_err": 0.59524}
[12/19 10:00:17][INFO] logging.py:   99: json_stats: {"_type": "val_iter", "epoch": "46/48", "eta": "0:20:45", "gpu_mem": "86.78G", "iter": "98/154", "time_diff": 22.24893, "top1_err": 13.09524, "top5_err": 0.29762}
[12/19 10:00:17][INFO] logging.py:   99: json_stats: {"_type": "val_iter", "epoch": "46/48", "eta": "0:00:16", "gpu_mem": "86.78G", "iter": "99/154", "time_diff": 0.30690, "top1_err": 14.28571, "top5_err": 0.59524}
[12/19 10:00:17][INFO] logging.py:   99: json_stats: {"_type": "val_iter", "epoch": "46/48", "eta": "0:00:16", "gpu_mem": "86.78G", "iter": "100/154", "time_diff": 0.31075, "top1_err": 12.50000, "top5_err": 0.59524}
[12/19 10:00:18][INFO] logging.py:   99: json_stats: {"_type": "val_iter", "epoch": "46/48", "eta": "0:00:16", "gpu_mem": "86.78G", "iter": "101/154", "time_diff": 0.31324, "top1_err": 18.15476, "top5_err": 0.59524}
[12/19 10:00:18][INFO] logging.py:   99: json_stats: {"_type": "val_iter", "epoch": "46/48", "eta": "0:00:15", "gpu_mem": "86.78G", "iter": "102/154", "time_diff": 0.30101, "top1_err": 17.55952, "top5_err": 1.19047}
[12/19 10:00:18][INFO] logging.py:   99: json_stats: {"_type": "val_iter", "epoch": "46/48", "eta": "0:00:15", "gpu_mem": "86.78G", "iter": "103/154", "time_diff": 0.30702, "top1_err": 15.47619, "top5_err": 0.29762}
[12/19 10:00:19][INFO] logging.py:   99: json_stats: {"_type": "val_iter", "epoch": "46/48", "eta": "0:00:15", "gpu_mem": "86.78G", "iter": "104/154", "time_diff": 0.31229, "top1_err": 16.07143, "top5_err": 0.89285}
[12/19 10:00:45][INFO] logging.py:   99: json_stats: {"_type": "val_iter", "epoch": "46/48", "eta": "0:21:12", "gpu_mem": "86.78G", "iter": "105/154", "time_diff": 25.96599, "top1_err": 11.90476, "top5_err": 0.59524}
[12/19 10:01:03][INFO] logging.py:   99: json_stats: {"_type": "val_iter", "epoch": "46/48", "eta": "0:15:00", "gpu_mem": "86.78G", "iter": "106/154", "time_diff": 18.75635, "top1_err": 12.20238, "top5_err": 0.89286}
[12/19 10:01:04][INFO] logging.py:   99: json_stats: {"_type": "val_iter", "epoch": "46/48", "eta": "0:00:14", "gpu_mem": "86.78G", "iter": "107/154", "time_diff": 0.30616, "top1_err": 14.58333, "top5_err": 0.29762}
[12/19 10:01:04][INFO] logging.py:   99: json_stats: {"_type": "val_iter", "epoch": "46/48", "eta": "0:00:14", "gpu_mem": "86.78G", "iter": "108/154", "time_diff": 0.31242, "top1_err": 14.58333, "top5_err": 1.78571}
[12/19 10:01:04][INFO] logging.py:   99: json_stats: {"_type": "val_iter", "epoch": "46/48", "eta": "0:00:14", "gpu_mem": "86.78G", "iter": "109/154", "time_diff": 0.31313, "top1_err": 14.28571, "top5_err": 0.59524}
[12/19 10:01:05][INFO] logging.py:   99: json_stats: {"_type": "val_iter", "epoch": "46/48", "eta": "0:00:13", "gpu_mem": "86.78G", "iter": "110/154", "time_diff": 0.30514, "top1_err": 14.88095, "top5_err": 0.89286}
[12/19 10:01:05][INFO] logging.py:   99: json_stats: {"_type": "val_iter", "epoch": "46/48", "eta": "0:00:13", "gpu_mem": "86.78G", "iter": "111/154", "time_diff": 0.30801, "top1_err": 17.85714, "top5_err": 0.59524}
[12/19 10:01:05][INFO] logging.py:   99: json_stats: {"_type": "val_iter", "epoch": "46/48", "eta": "0:00:12", "gpu_mem": "86.78G", "iter": "112/154", "time_diff": 0.30563, "top1_err": 12.20238, "top5_err": 0.00000}
[12/19 10:01:33][INFO] logging.py:   99: json_stats: {"_type": "val_iter", "epoch": "46/48", "eta": "0:19:00", "gpu_mem": "86.78G", "iter": "113/154", "time_diff": 27.82258, "top1_err": 17.85714, "top5_err": 0.00000}
[12/19 10:01:52][INFO] logging.py:   99: json_stats: {"_type": "val_iter", "epoch": "46/48", "eta": "0:12:56", "gpu_mem": "86.78G", "iter": "114/154", "time_diff": 19.40805, "top1_err": 15.47619, "top5_err": 0.59524}
[12/19 10:01:53][INFO] logging.py:   99: json_stats: {"_type": "val_iter", "epoch": "46/48", "eta": "0:00:12", "gpu_mem": "86.78G", "iter": "115/154", "time_diff": 0.31299, "top1_err": 14.28571, "top5_err": 0.59524}
[12/19 10:01:53][INFO] logging.py:   99: json_stats: {"_type": "val_iter", "epoch": "46/48", "eta": "0:00:12", "gpu_mem": "86.78G", "iter": "116/154", "time_diff": 0.31641, "top1_err": 10.71428, "top5_err": 0.59524}
[12/19 10:01:53][INFO] logging.py:   99: json_stats: {"_type": "val_iter", "epoch": "46/48", "eta": "0:00:11", "gpu_mem": "86.78G", "iter": "117/154", "time_diff": 0.31897, "top1_err": 16.96428, "top5_err": 0.29762}
[12/19 10:01:54][INFO] logging.py:   99: json_stats: {"_type": "val_iter", "epoch": "46/48", "eta": "0:00:11", "gpu_mem": "86.78G", "iter": "118/154", "time_diff": 0.31452, "top1_err": 14.28571, "top5_err": 0.89285}
[12/19 10:01:54][INFO] logging.py:   99: json_stats: {"_type": "val_iter", "epoch": "46/48", "eta": "0:00:11", "gpu_mem": "86.78G", "iter": "119/154", "time_diff": 0.31706, "top1_err": 15.47619, "top5_err": 0.89286}
[12/19 10:01:54][INFO] logging.py:   99: json_stats: {"_type": "val_iter", "epoch": "46/48", "eta": "0:00:10", "gpu_mem": "86.78G", "iter": "120/154", "time_diff": 0.30914, "top1_err": 13.09524, "top5_err": 0.29762}
[12/19 10:02:25][INFO] logging.py:   99: json_stats: {"_type": "val_iter", "epoch": "46/48", "eta": "0:16:57", "gpu_mem": "86.78G", "iter": "121/154", "time_diff": 30.82638, "top1_err": 10.11905, "top5_err": 0.29762}
[12/19 10:02:42][INFO] logging.py:   99: json_stats: {"_type": "val_iter", "epoch": "46/48", "eta": "0:09:13", "gpu_mem": "86.78G", "iter": "122/154", "time_diff": 17.28462, "top1_err": 17.55952, "top5_err": 0.59524}
[12/19 10:02:43][INFO] logging.py:   99: json_stats: {"_type": "val_iter", "epoch": "46/48", "eta": "0:00:09", "gpu_mem": "86.78G", "iter": "123/154", "time_diff": 0.30040, "top1_err": 16.66666, "top5_err": 0.89286}
[12/19 10:02:43][INFO] logging.py:   99: json_stats: {"_type": "val_iter", "epoch": "46/48", "eta": "0:00:09", "gpu_mem": "86.78G", "iter": "124/154", "time_diff": 0.31344, "top1_err": 12.20238, "top5_err": 0.89286}
[12/19 10:02:43][INFO] logging.py:   99: json_stats: {"_type": "val_iter", "epoch": "46/48", "eta": "0:00:09", "gpu_mem": "86.78G", "iter": "125/154", "time_diff": 0.31504, "top1_err": 13.09524, "top5_err": 0.59524}
[12/19 10:02:44][INFO] logging.py:   99: json_stats: {"_type": "val_iter", "epoch": "46/48", "eta": "0:00:08", "gpu_mem": "86.78G", "iter": "126/154", "time_diff": 0.30467, "top1_err": 14.58333, "top5_err": 1.48809}
[12/19 10:02:44][INFO] logging.py:   99: json_stats: {"_type": "val_iter", "epoch": "46/48", "eta": "0:00:08", "gpu_mem": "86.78G", "iter": "127/154", "time_diff": 0.31189, "top1_err": 12.50000, "top5_err": 0.00000}
[12/19 10:02:44][INFO] logging.py:   99: json_stats: {"_type": "val_iter", "epoch": "46/48", "eta": "0:00:08", "gpu_mem": "86.78G", "iter": "128/154", "time_diff": 0.31939, "top1_err": 14.58333, "top5_err": 0.89286}
[12/19 10:03:15][INFO] logging.py:   99: json_stats: {"_type": "val_iter", "epoch": "46/48", "eta": "0:12:40", "gpu_mem": "86.78G", "iter": "129/154", "time_diff": 30.42584, "top1_err": 13.69048, "top5_err": 1.19047}
[12/19 10:03:31][INFO] logging.py:   99: json_stats: {"_type": "val_iter", "epoch": "46/48", "eta": "0:06:33", "gpu_mem": "86.78G", "iter": "130/154", "time_diff": 16.40316, "top1_err": 15.47619, "top5_err": 0.89286}
[12/19 10:03:31][INFO] logging.py:   99: json_stats: {"_type": "val_iter", "epoch": "46/48", "eta": "0:00:06", "gpu_mem": "86.78G", "iter": "131/154", "time_diff": 0.29761, "top1_err": 12.50000, "top5_err": 0.89286}
[12/19 10:03:32][INFO] logging.py:   99: json_stats: {"_type": "val_iter", "epoch": "46/48", "eta": "0:00:06", "gpu_mem": "86.78G", "iter": "132/154", "time_diff": 0.31090, "top1_err": 13.69048, "top5_err": 0.89286}
[12/19 10:03:32][INFO] logging.py:   99: json_stats: {"_type": "val_iter", "epoch": "46/48", "eta": "0:00:09", "gpu_mem": "86.78G", "iter": "133/154", "time_diff": 0.43616, "top1_err": 15.47619, "top5_err": 0.59524}
[12/19 10:03:34][INFO] logging.py:   99: json_stats: {"_type": "val_iter", "epoch": "46/48", "eta": "0:00:33", "gpu_mem": "86.78G", "iter": "134/154", "time_diff": 1.66829, "top1_err": 15.77381, "top5_err": 0.59524}
[12/19 10:03:34][INFO] logging.py:   99: json_stats: {"_type": "val_iter", "epoch": "46/48", "eta": "0:00:05", "gpu_mem": "86.78G", "iter": "135/154", "time_diff": 0.30038, "top1_err": 16.96429, "top5_err": 0.59524}
[12/19 10:03:34][INFO] logging.py:   99: json_stats: {"_type": "val_iter", "epoch": "46/48", "eta": "0:00:05", "gpu_mem": "86.78G", "iter": "136/154", "time_diff": 0.30615, "top1_err": 18.15476, "top5_err": 1.48809}
[12/19 10:04:08][INFO] logging.py:   99: json_stats: {"_type": "val_iter", "epoch": "46/48", "eta": "0:09:27", "gpu_mem": "86.78G", "iter": "137/154", "time_diff": 33.40057, "top1_err": 12.79762, "top5_err": 0.89285}
[12/19 10:04:23][INFO] logging.py:   99: json_stats: {"_type": "val_iter", "epoch": "46/48", "eta": "0:04:08", "gpu_mem": "86.78G", "iter": "138/154", "time_diff": 15.51638, "top1_err": 17.85714, "top5_err": 1.19047}
[12/19 10:04:24][INFO] logging.py:   99: json_stats: {"_type": "val_iter", "epoch": "46/48", "eta": "0:00:04", "gpu_mem": "86.78G", "iter": "139/154", "time_diff": 0.29896, "top1_err": 17.55952, "top5_err": 2.38095}
[12/19 10:04:24][INFO] logging.py:   99: json_stats: {"_type": "val_iter", "epoch": "46/48", "eta": "0:00:04", "gpu_mem": "86.78G", "iter": "140/154", "time_diff": 0.30556, "top1_err": 12.79762, "top5_err": 1.78571}
[12/19 10:04:24][INFO] logging.py:   99: json_stats: {"_type": "val_iter", "epoch": "46/48", "eta": "0:00:04", "gpu_mem": "86.78G", "iter": "141/154", "time_diff": 0.31169, "top1_err": 13.39286, "top5_err": 0.59524}
[12/19 10:04:28][INFO] logging.py:   99: json_stats: {"_type": "val_iter", "epoch": "46/48", "eta": "0:00:38", "gpu_mem": "86.78G", "iter": "142/154", "time_diff": 3.23074, "top1_err": 17.55952, "top5_err": 1.48810}
[12/19 10:04:28][INFO] logging.py:   99: json_stats: {"_type": "val_iter", "epoch": "46/48", "eta": "0:00:03", "gpu_mem": "86.78G", "iter": "143/154", "time_diff": 0.29497, "top1_err": 13.09524, "top5_err": 0.29762}
[12/19 10:04:28][INFO] logging.py:   99: json_stats: {"_type": "val_iter", "epoch": "46/48", "eta": "0:00:03", "gpu_mem": "86.78G", "iter": "144/154", "time_diff": 0.30430, "top1_err": 16.66666, "top5_err": 1.48809}
[12/19 10:04:57][INFO] logging.py:   99: json_stats: {"_type": "val_iter", "epoch": "46/48", "eta": "0:04:23", "gpu_mem": "86.78G", "iter": "145/154", "time_diff": 29.29553, "top1_err": 11.60714, "top5_err": 0.00000}
[12/19 10:05:14][INFO] logging.py:   99: json_stats: {"_type": "val_iter", "epoch": "46/48", "eta": "0:02:13", "gpu_mem": "86.78G", "iter": "146/154", "time_diff": 16.65521, "top1_err": 14.58333, "top5_err": 0.59524}
[12/19 10:05:14][INFO] logging.py:   99: json_stats: {"_type": "val_iter", "epoch": "46/48", "eta": "0:00:02", "gpu_mem": "86.78G", "iter": "147/154", "time_diff": 0.29070, "top1_err": 13.39286, "top5_err": 0.59524}
[12/19 10:05:15][INFO] logging.py:   99: json_stats: {"_type": "val_iter", "epoch": "46/48", "eta": "0:00:01", "gpu_mem": "86.78G", "iter": "148/154", "time_diff": 0.28896, "top1_err": 16.66666, "top5_err": 0.59524}
[12/19 10:05:15][INFO] logging.py:   99: json_stats: {"_type": "val_iter", "epoch": "46/48", "eta": "0:00:01", "gpu_mem": "86.78G", "iter": "149/154", "time_diff": 0.28807, "top1_err": 14.28571, "top5_err": 1.78571}
[12/19 10:05:15][INFO] logging.py:   99: json_stats: {"_type": "val_iter", "epoch": "46/48", "eta": "0:00:01", "gpu_mem": "86.78G", "iter": "150/154", "time_diff": 0.28315, "top1_err": 14.28571, "top5_err": 0.59524}
[12/19 10:05:15][INFO] logging.py:   99: json_stats: {"_type": "val_iter", "epoch": "46/48", "eta": "0:00:00", "gpu_mem": "86.78G", "iter": "151/154", "time_diff": 0.28746, "top1_err": 13.98809, "top5_err": 1.78571}
[12/19 10:05:16][INFO] logging.py:   99: json_stats: {"_type": "val_iter", "epoch": "46/48", "eta": "0:00:00", "gpu_mem": "86.78G", "iter": "152/154", "time_diff": 0.28690, "top1_err": 12.20238, "top5_err": 0.29762}
[12/19 10:05:49][INFO] logging.py:   99: json_stats: {"_type": "val_iter", "epoch": "46/48", "eta": "0:00:33", "gpu_mem": "86.78G", "iter": "153/154", "time_diff": 33.39629, "top1_err": 16.96428, "top5_err": 1.19047}
[12/19 10:05:49][INFO] logging.py:   99: json_stats: {"_type": "val_iter", "epoch": "46/48", "eta": "0:00:00", "gpu_mem": "86.78G", "iter": "154/154", "time_diff": 0.15542, "top1_err": 10.00000, "top5_err": 0.00000}
[12/19 10:05:50][INFO] logging.py:   99: json_stats: {"RAM": "290.94/856.58G", "_type": "val_epoch", "epoch": "46/48", "gpu_mem": "86.78G", "min_top1_err": 14.44910, "min_top5_err": 0.77150, "time_diff": 0.99639, "top1_err": 14.44910, "top5_err": 0.77150}
[12/19 10:07:19][INFO] logging.py:   99: json_stats: {"_type": "train_iter_", "dt": 88.18283, "dt_data": 72.72053, "dt_net": 15.46230, "epoch": "47/48", "eta": "12:28:05", "gpu_mem": "86.78G", "grad_norm": 1.39517, "iter": "1/255", "loss": 0.60357, "lr": 0.00107, "top1_err": 20.53571, "top5_err": 1.48809}
[12/19 10:07:19][INFO] logging.py:   99: json_stats: {"_type": "train_iter_", "dt": 0.70704, "dt_data": 0.00050, "dt_net": 0.70654, "epoch": "47/48", "eta": "0:05:59", "gpu_mem": "86.78G", "grad_norm": 1.44504, "iter": "2/255", "loss": 0.65737, "lr": 0.00107, "top1_err": 22.02381, "top5_err": 2.08333}
[12/19 10:07:20][INFO] logging.py:   99: json_stats: {"_type": "train_iter_", "dt": 0.71192, "dt_data": 0.00044, "dt_net": 0.71147, "epoch": "47/48", "eta": "0:06:00", "gpu_mem": "86.78G", "grad_norm": 1.32049, "iter": "3/255", "loss": 0.48493, "lr": 0.00106, "top1_err": 16.66666, "top5_err": 0.59524}
[12/19 10:07:21][INFO] logging.py:   99: json_stats: {"_type": "train_iter_", "dt": 0.70984, "dt_data": 0.00043, "dt_net": 0.70941, "epoch": "47/48", "eta": "0:05:59", "gpu_mem": "86.78G", "grad_norm": 1.25456, "iter": "4/255", "loss": 0.56466, "lr": 0.00106, "top1_err": 17.55952, "top5_err": 0.89285}
[12/19 10:07:21][INFO] logging.py:   99: json_stats: {"_type": "train_iter_", "dt": 0.70771, "dt_data": 0.00038, "dt_net": 0.70733, "epoch": "47/48", "eta": "0:05:57", "gpu_mem": "86.78G", "grad_norm": 1.29689, "iter": "5/255", "loss": 0.53897, "lr": 0.00105, "top1_err": 18.75000, "top5_err": 1.19048}
[12/19 10:07:22][INFO] logging.py:   99: json_stats: {"_type": "train_iter_", "dt": 0.70623, "dt_data": 0.00045, "dt_net": 0.70578, "epoch": "47/48", "eta": "0:05:55", "gpu_mem": "86.78G", "grad_norm": 1.10871, "iter": "6/255", "loss": 0.47225, "lr": 0.00105, "top1_err": 16.07142, "top5_err": 1.19047}
[12/19 10:07:23][INFO] logging.py:   99: json_stats: {"_type": "train_iter_", "dt": 0.71258, "dt_data": 0.00048, "dt_net": 0.71209, "epoch": "47/48", "eta": "0:05:58", "gpu_mem": "86.78G", "grad_norm": 1.36698, "iter": "7/255", "loss": 0.62639, "lr": 0.00104, "top1_err": 22.02381, "top5_err": 2.08333}
[12/19 10:07:23][INFO] logging.py:   99: json_stats: {"_type": "train_iter_", "dt": 0.70632, "dt_data": 0.00042, "dt_net": 0.70590, "epoch": "47/48", "eta": "0:05:54", "gpu_mem": "86.78G", "grad_norm": 1.18047, "iter": "8/255", "loss": 0.51073, "lr": 0.00104, "top1_err": 18.45238, "top5_err": 0.59524}
[12/19 10:08:10][INFO] logging.py:   99: json_stats: {"_type": "train_iter_", "dt": 46.73402, "dt_data": 33.07961, "dt_net": 13.65440, "epoch": "47/48", "eta": "6:30:13", "gpu_mem": "86.78G", "grad_norm": 1.32422, "iter": "9/255", "loss": 0.55153, "lr": 0.00104, "top1_err": 16.96428, "top5_err": 1.19047}
[12/19 10:08:12][INFO] logging.py:   99: json_stats: {"_type": "train_iter_", "dt": 1.41728, "dt_data": 0.00045, "dt_net": 1.41683, "epoch": "47/48", "eta": "0:11:48", "gpu_mem": "86.78G", "grad_norm": 1.27423, "iter": "10/255", "loss": 0.54850, "lr": 0.00103, "top1_err": 18.15476, "top5_err": 1.19047}
[12/19 10:08:12][INFO] logging.py:   99: json_stats: {"_type": "train_iter_", "dt": 0.70224, "dt_data": 0.00049, "dt_net": 0.70175, "epoch": "47/48", "eta": "0:05:50", "gpu_mem": "86.78G", "grad_norm": 1.22865, "iter": "11/255", "loss": 0.46910, "lr": 0.00103, "top1_err": 17.85714, "top5_err": 0.29762}
[12/19 10:08:14][INFO] logging.py:   99: json_stats: {"_type": "train_iter_", "dt": 1.23388, "dt_data": 0.00042, "dt_net": 1.23345, "epoch": "47/48", "eta": "0:10:14", "gpu_mem": "86.78G", "grad_norm": 1.38957, "iter": "12/255", "loss": 0.60873, "lr": 0.00102, "top1_err": 24.10714, "top5_err": 0.89286}
[12/19 10:08:14][INFO] logging.py:   99: json_stats: {"_type": "train_iter_", "dt": 0.72026, "dt_data": 0.00045, "dt_net": 0.71981, "epoch": "47/48", "eta": "0:05:57", "gpu_mem": "86.78G", "grad_norm": 1.22809, "iter": "13/255", "loss": 0.55294, "lr": 0.00102, "top1_err": 20.53571, "top5_err": 2.38095}
[12/19 10:08:15][INFO] logging.py:   99: json_stats: {"_type": "train_iter_", "dt": 0.70930, "dt_data": 0.00043, "dt_net": 0.70887, "epoch": "47/48", "eta": "0:05:51", "gpu_mem": "86.78G", "grad_norm": 1.25192, "iter": "14/255", "loss": 0.54048, "lr": 0.00102, "top1_err": 17.55952, "top5_err": 1.48809}
[12/19 10:08:16][INFO] logging.py:   99: json_stats: {"_type": "train_iter_", "dt": 0.71805, "dt_data": 0.00045, "dt_net": 0.71760, "epoch": "47/48", "eta": "0:05:55", "gpu_mem": "86.78G", "grad_norm": 1.19405, "iter": "15/255", "loss": 0.57670, "lr": 0.00101, "top1_err": 17.55952, "top5_err": 2.38095}
[12/19 10:08:16][INFO] logging.py:   99: json_stats: {"_type": "train_iter_", "dt": 0.71122, "dt_data": 0.00052, "dt_net": 0.71070, "epoch": "47/48", "eta": "0:05:51", "gpu_mem": "86.78G", "grad_norm": 1.18828, "iter": "16/255", "loss": 0.51278, "lr": 0.00101, "top1_err": 20.53571, "top5_err": 1.19048}
[12/19 10:09:05][INFO] logging.py:   99: json_stats: {"_type": "train_iter_", "dt": 48.84900, "dt_data": 28.79164, "dt_net": 20.05736, "epoch": "47/48", "eta": "6:41:22", "gpu_mem": "86.78G", "grad_norm": 1.31815, "iter": "17/255", "loss": 0.55630, "lr": 0.00100, "top1_err": 19.04762, "top5_err": 0.59524}
[12/19 10:09:06][INFO] logging.py:   99: json_stats: {"_type": "train_iter_", "dt": 0.70590, "dt_data": 0.00061, "dt_net": 0.70528, "epoch": "47/48", "eta": "0:05:47", "gpu_mem": "86.78G", "grad_norm": 1.31405, "iter": "18/255", "loss": 0.57272, "lr": 0.00100, "top1_err": 22.02381, "top5_err": 1.19047}
[12/19 10:09:07][INFO] logging.py:   99: json_stats: {"_type": "train_iter_", "dt": 0.71646, "dt_data": 0.00067, "dt_net": 0.71579, "epoch": "47/48", "eta": "0:05:51", "gpu_mem": "86.78G", "grad_norm": 1.14500, "iter": "19/255", "loss": 0.53203, "lr": 0.00100, "top1_err": 19.04762, "top5_err": 0.89285}
[12/19 10:09:07][INFO] logging.py:   99: json_stats: {"_type": "train_iter_", "dt": 0.70741, "dt_data": 0.00069, "dt_net": 0.70671, "epoch": "47/48", "eta": "0:05:46", "gpu_mem": "86.78G", "grad_norm": 1.30261, "iter": "20/255", "loss": 0.63120, "lr": 0.00099, "top1_err": 23.80952, "top5_err": 1.48809}
[12/19 10:09:08][INFO] logging.py:   99: json_stats: {"_type": "train_iter_", "dt": 0.70795, "dt_data": 0.00046, "dt_net": 0.70749, "epoch": "47/48", "eta": "0:05:46", "gpu_mem": "86.78G", "grad_norm": 1.30236, "iter": "21/255", "loss": 0.55012, "lr": 0.00099, "top1_err": 19.04762, "top5_err": 0.89285}
[12/19 10:09:09][INFO] logging.py:   99: json_stats: {"_type": "train_iter_", "dt": 0.70440, "dt_data": 0.00059, "dt_net": 0.70381, "epoch": "47/48", "eta": "0:05:43", "gpu_mem": "86.78G", "grad_norm": 1.23800, "iter": "22/255", "loss": 0.60231, "lr": 0.00098, "top1_err": 19.94048, "top5_err": 1.78571}
[12/19 10:09:10][INFO] logging.py:   99: json_stats: {"_type": "train_iter_", "dt": 0.70714, "dt_data": 0.00041, "dt_net": 0.70673, "epoch": "47/48", "eta": "0:05:44", "gpu_mem": "86.78G", "grad_norm": 1.28244, "iter": "23/255", "loss": 0.55986, "lr": 0.00098, "top1_err": 17.85714, "top5_err": 1.19047}
[12/19 10:09:10][INFO] logging.py:   99: json_stats: {"_type": "train_iter_", "dt": 0.70838, "dt_data": 0.00043, "dt_net": 0.70796, "epoch": "47/48", "eta": "0:05:44", "gpu_mem": "86.78G", "grad_norm": 1.25434, "iter": "24/255", "loss": 0.57222, "lr": 0.00098, "top1_err": 19.64286, "top5_err": 1.48809}
[12/19 10:09:56][INFO] logging.py:   99: json_stats: {"_type": "train_iter_", "dt": 45.26866, "dt_data": 30.53115, "dt_net": 14.73751, "epoch": "47/48", "eta": "6:05:55", "gpu_mem": "86.78G", "grad_norm": 1.21475, "iter": "25/255", "loss": 0.50444, "lr": 0.00097, "top1_err": 17.85714, "top5_err": 1.19047}
[12/19 10:09:56][INFO] logging.py:   99: json_stats: {"_type": "train_iter_", "dt": 0.70761, "dt_data": 0.00059, "dt_net": 0.70702, "epoch": "47/48", "eta": "0:05:42", "gpu_mem": "86.78G", "grad_norm": 1.23124, "iter": "26/255", "loss": 0.50661, "lr": 0.00097, "top1_err": 17.26190, "top5_err": 1.19047}
[12/19 10:09:57][INFO] logging.py:   99: json_stats: {"_type": "train_iter_", "dt": 0.70335, "dt_data": 0.00043, "dt_net": 0.70293, "epoch": "47/48", "eta": "0:05:39", "gpu_mem": "86.78G", "grad_norm": 1.16986, "iter": "27/255", "loss": 0.50526, "lr": 0.00096, "top1_err": 17.85714, "top5_err": 0.89286}
[12/19 10:09:58][INFO] logging.py:   99: json_stats: {"_type": "train_iter_", "dt": 0.70698, "dt_data": 0.00046, "dt_net": 0.70652, "epoch": "47/48", "eta": "0:05:40", "gpu_mem": "86.78G", "grad_norm": 1.29147, "iter": "28/255", "loss": 0.62537, "lr": 0.00096, "top1_err": 22.02381, "top5_err": 1.48809}
[12/19 10:09:58][INFO] logging.py:   99: json_stats: {"_type": "train_iter_", "dt": 0.71339, "dt_data": 0.00054, "dt_net": 0.71285, "epoch": "47/48", "eta": "0:05:43", "gpu_mem": "86.78G", "grad_norm": 1.24859, "iter": "29/255", "loss": 0.47837, "lr": 0.00096, "top1_err": 16.66666, "top5_err": 0.89285}
[12/19 10:10:02][INFO] logging.py:   99: json_stats: {"_type": "train_iter_", "dt": 3.39982, "dt_data": 0.00046, "dt_net": 3.39936, "epoch": "47/48", "eta": "0:27:11", "gpu_mem": "86.78G", "grad_norm": 1.31729, "iter": "30/255", "loss": 0.59508, "lr": 0.00095, "top1_err": 22.02381, "top5_err": 1.48809}
[12/19 10:10:02][INFO] logging.py:   99: json_stats: {"_type": "train_iter_", "dt": 0.70601, "dt_data": 0.00046, "dt_net": 0.70555, "epoch": "47/48", "eta": "0:05:38", "gpu_mem": "86.78G", "grad_norm": 1.20811, "iter": "31/255", "loss": 0.52520, "lr": 0.00095, "top1_err": 19.04762, "top5_err": 2.38095}
[12/19 10:10:03][INFO] logging.py:   99: json_stats: {"_type": "train_iter_", "dt": 0.70760, "dt_data": 0.00041, "dt_net": 0.70719, "epoch": "47/48", "eta": "0:05:38", "gpu_mem": "86.78G", "grad_norm": 1.13315, "iter": "32/255", "loss": 0.50024, "lr": 0.00094, "top1_err": 16.07143, "top5_err": 1.78571}
[12/19 10:10:48][INFO] logging.py:   99: json_stats: {"_type": "train_iter_", "dt": 45.10060, "dt_data": 32.07764, "dt_net": 13.02296, "epoch": "47/48", "eta": "5:58:32", "gpu_mem": "86.78G", "grad_norm": 1.32541, "iter": "33/255", "loss": 0.58370, "lr": 0.00094, "top1_err": 22.91667, "top5_err": 1.48809}
[12/19 10:10:49][INFO] logging.py:   99: json_stats: {"_type": "train_iter_", "dt": 0.70901, "dt_data": 0.00048, "dt_net": 0.70853, "epoch": "47/48", "eta": "0:05:37", "gpu_mem": "86.78G", "grad_norm": 1.32017, "iter": "34/255", "loss": 0.59890, "lr": 0.00094, "top1_err": 21.72619, "top5_err": 2.08333}
[12/19 10:10:50][INFO] logging.py:   99: json_stats: {"_type": "train_iter_", "dt": 0.70718, "dt_data": 0.00042, "dt_net": 0.70676, "epoch": "47/48", "eta": "0:05:35", "gpu_mem": "86.78G", "grad_norm": 1.25247, "iter": "35/255", "loss": 0.58777, "lr": 0.00093, "top1_err": 18.15476, "top5_err": 1.78571}
[12/19 10:10:50][INFO] logging.py:   99: json_stats: {"_type": "train_iter_", "dt": 0.70437, "dt_data": 0.00046, "dt_net": 0.70390, "epoch": "47/48", "eta": "0:05:33", "gpu_mem": "86.78G", "grad_norm": 1.30863, "iter": "36/255", "loss": 0.59539, "lr": 0.00093, "top1_err": 22.61905, "top5_err": 1.19047}
[12/19 10:10:51][INFO] logging.py:   99: json_stats: {"_type": "train_iter_", "dt": 0.71140, "dt_data": 0.00066, "dt_net": 0.71074, "epoch": "47/48", "eta": "0:05:36", "gpu_mem": "86.78G", "grad_norm": 1.12263, "iter": "37/255", "loss": 0.53771, "lr": 0.00092, "top1_err": 22.02381, "top5_err": 1.19047}
[12/19 10:10:54][INFO] logging.py:   99: json_stats: {"_type": "train_iter_", "dt": 2.99415, "dt_data": 0.00061, "dt_net": 2.99354, "epoch": "47/48", "eta": "0:23:33", "gpu_mem": "86.78G", "grad_norm": 1.20694, "iter": "38/255", "loss": 0.51185, "lr": 0.00092, "top1_err": 18.75000, "top5_err": 0.59524}
[12/19 10:10:55][INFO] logging.py:   99: json_stats: {"_type": "train_iter_", "dt": 0.70771, "dt_data": 0.00041, "dt_net": 0.70730, "epoch": "47/48", "eta": "0:05:33", "gpu_mem": "86.78G", "grad_norm": 1.42176, "iter": "39/255", "loss": 0.60801, "lr": 0.00092, "top1_err": 21.72619, "top5_err": 1.19047}
[12/19 10:10:56][INFO] logging.py:   99: json_stats: {"_type": "train_iter_", "dt": 0.70680, "dt_data": 0.00056, "dt_net": 0.70624, "epoch": "47/48", "eta": "0:05:32", "gpu_mem": "86.78G", "grad_norm": 1.20294, "iter": "40/255", "loss": 0.57048, "lr": 0.00091, "top1_err": 19.64286, "top5_err": 2.38095}
[12/19 10:11:44][INFO] logging.py:   99: json_stats: {"_type": "train_iter_", "dt": 48.18104, "dt_data": 29.19199, "dt_net": 18.98905, "epoch": "47/48", "eta": "6:16:36", "gpu_mem": "86.78G", "grad_norm": 1.15846, "iter": "41/255", "loss": 0.45101, "lr": 0.00091, "top1_err": 15.77381, "top5_err": 1.48809}
[12/19 10:11:44][INFO] logging.py:   99: json_stats: {"_type": "train_iter_", "dt": 0.69809, "dt_data": 0.00045, "dt_net": 0.69763, "epoch": "47/48", "eta": "0:05:26", "gpu_mem": "86.78G", "grad_norm": 1.16355, "iter": "42/255", "loss": 0.51251, "lr": 0.00090, "top1_err": 19.34524, "top5_err": 1.48809}
[12/19 10:11:45][INFO] logging.py:   99: json_stats: {"_type": "train_iter_", "dt": 0.70905, "dt_data": 0.00043, "dt_net": 0.70862, "epoch": "47/48", "eta": "0:05:31", "gpu_mem": "86.78G", "grad_norm": 1.01771, "iter": "43/255", "loss": 0.43125, "lr": 0.00090, "top1_err": 14.88095, "top5_err": 0.59524}
[12/19 10:11:46][INFO] logging.py:   99: json_stats: {"_type": "train_iter_", "dt": 0.70667, "dt_data": 0.00047, "dt_net": 0.70620, "epoch": "47/48", "eta": "0:05:29", "gpu_mem": "86.78G", "grad_norm": 1.08573, "iter": "44/255", "loss": 0.54324, "lr": 0.00090, "top1_err": 20.53571, "top5_err": 1.48809}
[12/19 10:11:47][INFO] logging.py:   99: json_stats: {"_type": "train_iter_", "dt": 0.70471, "dt_data": 0.00048, "dt_net": 0.70424, "epoch": "47/48", "eta": "0:05:27", "gpu_mem": "86.78G", "grad_norm": 1.26111, "iter": "45/255", "loss": 0.49101, "lr": 0.00089, "top1_err": 18.45238, "top5_err": 1.19047}
[12/19 10:11:47][INFO] logging.py:   99: json_stats: {"_type": "train_iter_", "dt": 0.71015, "dt_data": 0.00043, "dt_net": 0.70972, "epoch": "47/48", "eta": "0:05:29", "gpu_mem": "86.78G", "grad_norm": 1.20583, "iter": "46/255", "loss": 0.49288, "lr": 0.00089, "top1_err": 16.96428, "top5_err": 0.59524}
[12/19 10:11:48][INFO] logging.py:   99: json_stats: {"_type": "train_iter_", "dt": 0.71006, "dt_data": 0.00044, "dt_net": 0.70961, "epoch": "47/48", "eta": "0:05:28", "gpu_mem": "86.78G", "grad_norm": 1.45899, "iter": "47/255", "loss": 0.55221, "lr": 0.00089, "top1_err": 19.34524, "top5_err": 0.59524}
[12/19 10:11:49][INFO] logging.py:   99: json_stats: {"_type": "train_iter_", "dt": 0.70848, "dt_data": 0.00045, "dt_net": 0.70802, "epoch": "47/48", "eta": "0:05:27", "gpu_mem": "86.78G", "grad_norm": 1.40872, "iter": "48/255", "loss": 0.59361, "lr": 0.00088, "top1_err": 20.53571, "top5_err": 1.48809}
[12/19 10:12:35][INFO] logging.py:   99: json_stats: {"_type": "train_iter_", "dt": 46.60010, "dt_data": 25.11331, "dt_net": 21.48679, "epoch": "47/48", "eta": "5:58:02", "gpu_mem": "86.78G", "grad_norm": 1.35571, "iter": "49/255", "loss": 0.50412, "lr": 0.00088, "top1_err": 21.42857, "top5_err": 1.19047}
[12/19 10:12:36][INFO] logging.py:   99: json_stats: {"_type": "train_iter_", "dt": 0.70228, "dt_data": 0.00043, "dt_net": 0.70185, "epoch": "47/48", "eta": "0:05:23", "gpu_mem": "86.78G", "grad_norm": 1.41944, "iter": "50/255", "loss": 0.63122, "lr": 0.00087, "top1_err": 21.42857, "top5_err": 0.89286}
[12/19 10:12:37][INFO] logging.py:   99: json_stats: {"_type": "train_iter_", "dt": 0.71203, "dt_data": 0.00042, "dt_net": 0.71161, "epoch": "47/48", "eta": "0:05:26", "gpu_mem": "86.78G", "grad_norm": 1.32499, "iter": "51/255", "loss": 0.55221, "lr": 0.00087, "top1_err": 19.64285, "top5_err": 1.19047}
[12/19 10:12:37][INFO] logging.py:   99: json_stats: {"_type": "train_iter_", "dt": 0.70736, "dt_data": 0.00042, "dt_net": 0.70694, "epoch": "47/48", "eta": "0:05:23", "gpu_mem": "86.78G", "grad_norm": 1.25089, "iter": "52/255", "loss": 0.51022, "lr": 0.00087, "top1_err": 17.26191, "top5_err": 0.59524}
[12/19 10:12:38][INFO] logging.py:   99: json_stats: {"_type": "train_iter_", "dt": 0.70034, "dt_data": 0.00059, "dt_net": 0.69975, "epoch": "47/48", "eta": "0:05:20", "gpu_mem": "86.78G", "grad_norm": 1.43947, "iter": "53/255", "loss": 0.58931, "lr": 0.00086, "top1_err": 22.91667, "top5_err": 1.19047}
[12/19 10:12:39][INFO] logging.py:   99: json_stats: {"_type": "train_iter_", "dt": 0.70939, "dt_data": 0.00039, "dt_net": 0.70899, "epoch": "47/48", "eta": "0:05:23", "gpu_mem": "86.78G", "grad_norm": 1.33635, "iter": "54/255", "loss": 0.56803, "lr": 0.00086, "top1_err": 19.64285, "top5_err": 0.89286}
[12/19 10:12:40][INFO] logging.py:   99: json_stats: {"_type": "train_iter_", "dt": 0.70926, "dt_data": 0.00039, "dt_net": 0.70886, "epoch": "47/48", "eta": "0:05:22", "gpu_mem": "86.78G", "grad_norm": 1.45169, "iter": "55/255", "loss": 0.58673, "lr": 0.00086, "top1_err": 21.13095, "top5_err": 1.78571}
[12/19 10:12:40][INFO] logging.py:   99: json_stats: {"_type": "train_iter_", "dt": 0.71661, "dt_data": 0.00042, "dt_net": 0.71619, "epoch": "47/48", "eta": "0:05:25", "gpu_mem": "86.78G", "grad_norm": 1.41269, "iter": "56/255", "loss": 0.58272, "lr": 0.00085, "top1_err": 19.94047, "top5_err": 1.78571}
[12/19 10:13:27][INFO] logging.py:   99: json_stats: {"_type": "train_iter_", "dt": 46.53959, "dt_data": 27.51536, "dt_net": 19.02422, "epoch": "47/48", "eta": "5:51:22", "gpu_mem": "86.78G", "grad_norm": 1.23277, "iter": "57/255", "loss": 0.53897, "lr": 0.00085, "top1_err": 19.34524, "top5_err": 1.78571}
[12/19 10:13:27][INFO] logging.py:   99: json_stats: {"_type": "train_iter_", "dt": 0.70684, "dt_data": 0.00060, "dt_net": 0.70624, "epoch": "47/48", "eta": "0:05:19", "gpu_mem": "86.78G", "grad_norm": 1.25350, "iter": "58/255", "loss": 0.46930, "lr": 0.00084, "top1_err": 15.77381, "top5_err": 1.48809}
[12/19 10:13:28][INFO] logging.py:   99: json_stats: {"_type": "train_iter_", "dt": 0.71098, "dt_data": 0.00048, "dt_net": 0.71050, "epoch": "47/48", "eta": "0:05:20", "gpu_mem": "86.78G", "grad_norm": 1.30703, "iter": "59/255", "loss": 0.51799, "lr": 0.00084, "top1_err": 18.45238, "top5_err": 1.48809}
[12/19 10:13:30][INFO] logging.py:   99: json_stats: {"_type": "train_iter_", "dt": 1.51132, "dt_data": 0.80480, "dt_net": 0.70652, "epoch": "47/48", "eta": "0:11:20", "gpu_mem": "86.78G", "grad_norm": 1.31143, "iter": "60/255", "loss": 0.54537, "lr": 0.00084, "top1_err": 19.64286, "top5_err": 0.89285}
[12/19 10:13:30][INFO] logging.py:   99: json_stats: {"_type": "train_iter_", "dt": 0.70089, "dt_data": 0.00046, "dt_net": 0.70043, "epoch": "47/48", "eta": "0:05:14", "gpu_mem": "86.78G", "grad_norm": 1.26143, "iter": "61/255", "loss": 0.48493, "lr": 0.00083, "top1_err": 17.55952, "top5_err": 1.19047}
[12/19 10:13:31][INFO] logging.py:   99: json_stats: {"_type": "train_iter_", "dt": 0.70729, "dt_data": 0.00040, "dt_net": 0.70688, "epoch": "47/48", "eta": "0:05:16", "gpu_mem": "86.78G", "grad_norm": 1.16879, "iter": "62/255", "loss": 0.52938, "lr": 0.00083, "top1_err": 18.45238, "top5_err": 1.48809}
[12/19 10:13:32][INFO] logging.py:   99: json_stats: {"_type": "train_iter_", "dt": 0.71198, "dt_data": 0.00047, "dt_net": 0.71150, "epoch": "47/48", "eta": "0:05:18", "gpu_mem": "86.78G", "grad_norm": 1.12419, "iter": "63/255", "loss": 0.46664, "lr": 0.00083, "top1_err": 15.77381, "top5_err": 1.19047}
[12/19 10:13:33][INFO] logging.py:   99: json_stats: {"_type": "train_iter_", "dt": 0.70757, "dt_data": 0.00043, "dt_net": 0.70714, "epoch": "47/48", "eta": "0:05:15", "gpu_mem": "86.78G", "grad_norm": 1.22040, "iter": "64/255", "loss": 0.50024, "lr": 0.00082, "top1_err": 16.66667, "top5_err": 1.19047}
[12/19 10:14:22][INFO] logging.py:   99: json_stats: {"_type": "train_iter_", "dt": 49.51452, "dt_data": 27.13772, "dt_net": 22.37679, "epoch": "47/48", "eta": "6:07:13", "gpu_mem": "86.78G", "grad_norm": 1.37593, "iter": "65/255", "loss": 0.53893, "lr": 0.00082, "top1_err": 19.34524, "top5_err": 1.78571}
[12/19 10:14:23][INFO] logging.py:   99: json_stats: {"_type": "train_iter_", "dt": 0.70553, "dt_data": 0.00059, "dt_net": 0.70494, "epoch": "47/48", "eta": "0:05:13", "gpu_mem": "86.78G", "grad_norm": 1.23105, "iter": "66/255", "loss": 0.54044, "lr": 0.00081, "top1_err": 20.23809, "top5_err": 1.48809}
[12/19 10:14:23][INFO] logging.py:   99: json_stats: {"_type": "train_iter_", "dt": 0.70663, "dt_data": 0.00043, "dt_net": 0.70620, "epoch": "47/48", "eta": "0:05:13", "gpu_mem": "86.78G", "grad_norm": 1.30304, "iter": "67/255", "loss": 0.61298, "lr": 0.00081, "top1_err": 22.02381, "top5_err": 1.19047}
[12/19 10:14:24][INFO] logging.py:   99: json_stats: {"_type": "train_iter_", "dt": 0.70410, "dt_data": 0.00050, "dt_net": 0.70359, "epoch": "47/48", "eta": "0:05:11", "gpu_mem": "86.78G", "grad_norm": 1.22783, "iter": "68/255", "loss": 0.58821, "lr": 0.00081, "top1_err": 21.72619, "top5_err": 2.67857}
[12/19 10:14:25][INFO] logging.py:   99: json_stats: {"_type": "train_iter_", "dt": 0.70290, "dt_data": 0.00066, "dt_net": 0.70224, "epoch": "47/48", "eta": "0:05:09", "gpu_mem": "86.78G", "grad_norm": 1.31343, "iter": "69/255", "loss": 0.51900, "lr": 0.00080, "top1_err": 17.26190, "top5_err": 0.29762}
[12/19 10:14:26][INFO] logging.py:   99: json_stats: {"_type": "train_iter_", "dt": 0.70888, "dt_data": 0.00043, "dt_net": 0.70845, "epoch": "47/48", "eta": "0:05:11", "gpu_mem": "86.78G", "grad_norm": 1.23673, "iter": "70/255", "loss": 0.50913, "lr": 0.00080, "top1_err": 18.45238, "top5_err": 0.89286}
[12/19 10:14:26][INFO] logging.py:   99: json_stats: {"_type": "train_iter_", "dt": 0.70949, "dt_data": 0.00044, "dt_net": 0.70905, "epoch": "47/48", "eta": "0:05:11", "gpu_mem": "86.78G", "grad_norm": 1.24640, "iter": "71/255", "loss": 0.55724, "lr": 0.00080, "top1_err": 18.45238, "top5_err": 1.78571}
[12/19 10:14:27][INFO] logging.py:   99: json_stats: {"_type": "train_iter_", "dt": 0.70988, "dt_data": 0.00046, "dt_net": 0.70942, "epoch": "47/48", "eta": "0:05:10", "gpu_mem": "86.78G", "grad_norm": 1.04252, "iter": "72/255", "loss": 0.47649, "lr": 0.00079, "top1_err": 14.88095, "top5_err": 0.89286}
[12/19 10:15:07][INFO] logging.py:   99: json_stats: {"_type": "train_iter_", "dt": 40.14693, "dt_data": 26.81970, "dt_net": 13.32722, "epoch": "47/48", "eta": "4:52:24", "gpu_mem": "86.78G", "grad_norm": 1.13970, "iter": "73/255", "loss": 0.43017, "lr": 0.00079, "top1_err": 14.88095, "top5_err": 0.59524}
[12/19 10:15:09][INFO] logging.py:   99: json_stats: {"_type": "train_iter_", "dt": 1.97290, "dt_data": 0.00045, "dt_net": 1.97244, "epoch": "47/48", "eta": "0:14:20", "gpu_mem": "86.78G", "grad_norm": 1.28886, "iter": "74/255", "loss": 0.59932, "lr": 0.00079, "top1_err": 19.94047, "top5_err": 0.89285}
[12/19 10:15:10][INFO] logging.py:   99: json_stats: {"_type": "train_iter_", "dt": 0.69739, "dt_data": 0.00039, "dt_net": 0.69699, "epoch": "47/48", "eta": "0:05:03", "gpu_mem": "86.78G", "grad_norm": 1.28585, "iter": "75/255", "loss": 0.55646, "lr": 0.00078, "top1_err": 18.75000, "top5_err": 0.59524}
[12/19 10:15:17][INFO] logging.py:   99: json_stats: {"_type": "train_iter_", "dt": 7.04107, "dt_data": 5.01177, "dt_net": 2.02930, "epoch": "47/48", "eta": "0:50:55", "gpu_mem": "86.78G", "grad_norm": 1.27073, "iter": "76/255", "loss": 0.52392, "lr": 0.00078, "top1_err": 17.85714, "top5_err": 1.48809}
[12/19 10:15:18][INFO] logging.py:   99: json_stats: {"_type": "train_iter_", "dt": 0.70758, "dt_data": 0.00040, "dt_net": 0.70719, "epoch": "47/48", "eta": "0:05:06", "gpu_mem": "86.78G", "grad_norm": 1.23575, "iter": "77/255", "loss": 0.62261, "lr": 0.00077, "top1_err": 22.61905, "top5_err": 1.19047}
[12/19 10:15:18][INFO] logging.py:   99: json_stats: {"_type": "train_iter_", "dt": 0.70717, "dt_data": 0.00075, "dt_net": 0.70642, "epoch": "47/48", "eta": "0:05:05", "gpu_mem": "86.78G", "grad_norm": 1.29062, "iter": "78/255", "loss": 0.54196, "lr": 0.00077, "top1_err": 16.66667, "top5_err": 0.89285}
[12/19 10:15:19][INFO] logging.py:   99: json_stats: {"_type": "train_iter_", "dt": 0.70837, "dt_data": 0.00043, "dt_net": 0.70794, "epoch": "47/48", "eta": "0:05:05", "gpu_mem": "86.78G", "grad_norm": 1.36828, "iter": "79/255", "loss": 0.67019, "lr": 0.00077, "top1_err": 23.21428, "top5_err": 2.38095}
[12/19 10:15:20][INFO] logging.py:   99: json_stats: {"_type": "train_iter_", "dt": 0.72512, "dt_data": 0.00043, "dt_net": 0.72469, "epoch": "47/48", "eta": "0:05:11", "gpu_mem": "86.78G", "grad_norm": 1.19682, "iter": "80/255", "loss": 0.52954, "lr": 0.00076, "top1_err": 16.96428, "top5_err": 1.78571}
[12/19 10:16:00][INFO] logging.py:   99: json_stats: {"_type": "train_iter_", "dt": 40.55917, "dt_data": 23.91256, "dt_net": 16.64661, "epoch": "47/48", "eta": "4:49:59", "gpu_mem": "86.78G", "grad_norm": 1.21103, "iter": "81/255", "loss": 0.57625, "lr": 0.00076, "top1_err": 20.83333, "top5_err": 1.48809}
[12/19 10:16:02][INFO] logging.py:   99: json_stats: {"_type": "train_iter_", "dt": 1.55230, "dt_data": 0.00056, "dt_net": 1.55174, "epoch": "47/48", "eta": "0:11:04", "gpu_mem": "86.78G", "grad_norm": 1.23267, "iter": "82/255", "loss": 0.53528, "lr": 0.00076, "top1_err": 20.23809, "top5_err": 1.48809}
[12/19 10:16:03][INFO] logging.py:   99: json_stats: {"_type": "train_iter_", "dt": 0.70913, "dt_data": 0.00041, "dt_net": 0.70872, "epoch": "47/48", "eta": "0:05:02", "gpu_mem": "86.78G", "grad_norm": 1.33285, "iter": "83/255", "loss": 0.53760, "lr": 0.00075, "top1_err": 19.34524, "top5_err": 1.78571}
[12/19 10:16:12][INFO] logging.py:   99: json_stats: {"_type": "train_iter_", "dt": 9.93644, "dt_data": 6.69178, "dt_net": 3.24465, "epoch": "47/48", "eta": "1:10:32", "gpu_mem": "86.78G", "grad_norm": 1.33020, "iter": "84/255", "loss": 0.59350, "lr": 0.00075, "top1_err": 21.42857, "top5_err": 2.08333}
[12/19 10:16:13][INFO] logging.py:   99: json_stats: {"_type": "train_iter_", "dt": 0.70283, "dt_data": 0.00050, "dt_net": 0.70233, "epoch": "47/48", "eta": "0:04:58", "gpu_mem": "86.78G", "grad_norm": 1.27017, "iter": "85/255", "loss": 0.55198, "lr": 0.00075, "top1_err": 19.04762, "top5_err": 1.19047}
[12/19 10:16:14][INFO] logging.py:   99: json_stats: {"_type": "train_iter_", "dt": 0.69966, "dt_data": 0.00052, "dt_net": 0.69914, "epoch": "47/48", "eta": "0:04:56", "gpu_mem": "86.78G", "grad_norm": 1.41863, "iter": "86/255", "loss": 0.56916, "lr": 0.00074, "top1_err": 21.13095, "top5_err": 1.48809}
[12/19 10:16:15][INFO] logging.py:   99: json_stats: {"_type": "train_iter_", "dt": 0.71317, "dt_data": 0.00050, "dt_net": 0.71267, "epoch": "47/48", "eta": "0:05:01", "gpu_mem": "86.78G", "grad_norm": 1.15539, "iter": "87/255", "loss": 0.47220, "lr": 0.00074, "top1_err": 19.94048, "top5_err": 0.00000}
[12/19 10:16:15][INFO] logging.py:   99: json_stats: {"_type": "train_iter_", "dt": 0.70480, "dt_data": 0.00044, "dt_net": 0.70436, "epoch": "47/48", "eta": "0:04:57", "gpu_mem": "86.78G", "grad_norm": 1.21507, "iter": "88/255", "loss": 0.53658, "lr": 0.00074, "top1_err": 18.45238, "top5_err": 1.19047}
[12/19 10:16:51][INFO] logging.py:   99: json_stats: {"_type": "train_iter_", "dt": 35.61142, "dt_data": 23.71890, "dt_net": 11.89252, "epoch": "47/48", "eta": "4:09:52", "gpu_mem": "86.78G", "grad_norm": 1.24247, "iter": "89/255", "loss": 0.54903, "lr": 0.00073, "top1_err": 17.55952, "top5_err": 1.78571}
[12/19 10:16:54][INFO] logging.py:   99: json_stats: {"_type": "train_iter_", "dt": 3.33090, "dt_data": 0.00057, "dt_net": 3.33033, "epoch": "47/48", "eta": "0:23:18", "gpu_mem": "86.78G", "grad_norm": 1.23082, "iter": "90/255", "loss": 0.60097, "lr": 0.00073, "top1_err": 20.23809, "top5_err": 2.38095}
[12/19 10:16:55][INFO] logging.py:   99: json_stats: {"_type": "train_iter_", "dt": 0.70569, "dt_data": 0.00044, "dt_net": 0.70525, "epoch": "47/48", "eta": "0:04:55", "gpu_mem": "86.78G", "grad_norm": 1.17151, "iter": "91/255", "loss": 0.48211, "lr": 0.00073, "top1_err": 16.96429, "top5_err": 0.59524}
[12/19 10:17:04][INFO] logging.py:   99: json_stats: {"_type": "train_iter_", "dt": 9.25358, "dt_data": 4.71824, "dt_net": 4.53534, "epoch": "47/48", "eta": "1:04:27", "gpu_mem": "86.78G", "grad_norm": 1.28346, "iter": "92/255", "loss": 0.53712, "lr": 0.00072, "top1_err": 18.45238, "top5_err": 1.48809}
[12/19 10:17:05][INFO] logging.py:   99: json_stats: {"_type": "train_iter_", "dt": 0.69795, "dt_data": 0.00039, "dt_net": 0.69756, "epoch": "47/48", "eta": "0:04:51", "gpu_mem": "86.78G", "grad_norm": 1.23693, "iter": "93/255", "loss": 0.54562, "lr": 0.00072, "top1_err": 18.45238, "top5_err": 1.48809}
[12/19 10:17:06][INFO] logging.py:   99: json_stats: {"_type": "train_iter_", "dt": 0.70952, "dt_data": 0.00048, "dt_net": 0.70904, "epoch": "47/48", "eta": "0:04:55", "gpu_mem": "86.78G", "grad_norm": 1.36699, "iter": "94/255", "loss": 0.59658, "lr": 0.00072, "top1_err": 19.04762, "top5_err": 1.78571}
[12/19 10:17:06][INFO] logging.py:   99: json_stats: {"_type": "train_iter_", "dt": 0.70879, "dt_data": 0.00078, "dt_net": 0.70800, "epoch": "47/48", "eta": "0:04:54", "gpu_mem": "86.78G", "grad_norm": 1.51836, "iter": "95/255", "loss": 0.62833, "lr": 0.00071, "top1_err": 20.53571, "top5_err": 1.48809}
[12/19 10:17:07][INFO] logging.py:   99: json_stats: {"_type": "train_iter_", "dt": 0.71240, "dt_data": 0.00048, "dt_net": 0.71192, "epoch": "47/48", "eta": "0:04:54", "gpu_mem": "86.78G", "grad_norm": 1.30162, "iter": "96/255", "loss": 0.49636, "lr": 0.00071, "top1_err": 18.15476, "top5_err": 0.59524}
[12/19 10:17:46][INFO] logging.py:   99: json_stats: {"_type": "train_iter_", "dt": 39.17368, "dt_data": 24.27406, "dt_net": 14.89962, "epoch": "47/48", "eta": "4:29:38", "gpu_mem": "86.78G", "grad_norm": 1.47827, "iter": "97/255", "loss": 0.67421, "lr": 0.00071, "top1_err": 20.53571, "top5_err": 1.78571}
[12/19 10:17:47][INFO] logging.py:   99: json_stats: {"_type": "train_iter_", "dt": 0.71157, "dt_data": 0.00040, "dt_net": 0.71117, "epoch": "47/48", "eta": "0:04:53", "gpu_mem": "86.78G", "grad_norm": 1.32313, "iter": "98/255", "loss": 0.59443, "lr": 0.00070, "top1_err": 21.72619, "top5_err": 2.67857}
[12/19 10:17:48][INFO] logging.py:   99: json_stats: {"_type": "train_iter_", "dt": 0.71539, "dt_data": 0.00048, "dt_net": 0.71491, "epoch": "47/48", "eta": "0:04:54", "gpu_mem": "86.78G", "grad_norm": 1.26772, "iter": "99/255", "loss": 0.51003, "lr": 0.00070, "top1_err": 16.96428, "top5_err": 1.78571}
[12/19 10:17:56][INFO] logging.py:   99: json_stats: {"_type": "train_iter_", "dt": 8.54376, "dt_data": 3.44174, "dt_net": 5.10202, "epoch": "47/48", "eta": "0:58:22", "gpu_mem": "86.78G", "grad_norm": 1.24588, "iter": "100/255", "loss": 0.53394, "lr": 0.00069, "top1_err": 20.23809, "top5_err": 2.08333}
[12/19 10:17:57][INFO] logging.py:   99: json_stats: {"_type": "train_iter_", "dt": 0.70512, "dt_data": 0.00051, "dt_net": 0.70461, "epoch": "47/48", "eta": "0:04:48", "gpu_mem": "86.78G", "grad_norm": 1.30973, "iter": "101/255", "loss": 0.54891, "lr": 0.00069, "top1_err": 19.64286, "top5_err": 1.78571}
[12/19 10:17:58][INFO] logging.py:   99: json_stats: {"_type": "train_iter_", "dt": 0.70446, "dt_data": 0.00050, "dt_net": 0.70395, "epoch": "47/48", "eta": "0:04:47", "gpu_mem": "86.78G", "grad_norm": 1.46635, "iter": "102/255", "loss": 0.59776, "lr": 0.00069, "top1_err": 22.91666, "top5_err": 1.48809}
[12/19 10:17:58][INFO] logging.py:   99: json_stats: {"_type": "train_iter_", "dt": 0.71416, "dt_data": 0.00067, "dt_net": 0.71349, "epoch": "47/48", "eta": "0:04:50", "gpu_mem": "86.78G", "grad_norm": 1.30961, "iter": "103/255", "loss": 0.56510, "lr": 0.00068, "top1_err": 20.53571, "top5_err": 0.59524}
[12/19 10:17:59][INFO] logging.py:   99: json_stats: {"_type": "train_iter_", "dt": 0.70726, "dt_data": 0.00039, "dt_net": 0.70687, "epoch": "47/48", "eta": "0:04:47", "gpu_mem": "86.78G", "grad_norm": 1.12934, "iter": "104/255", "loss": 0.50040, "lr": 0.00068, "top1_err": 18.15476, "top5_err": 1.19047}
[12/19 10:18:45][INFO] logging.py:   99: json_stats: {"_type": "train_iter_", "dt": 45.97450, "dt_data": 26.98373, "dt_net": 18.99076, "epoch": "47/48", "eta": "5:10:19", "gpu_mem": "86.78G", "grad_norm": 1.18938, "iter": "105/255", "loss": 0.49205, "lr": 0.00068, "top1_err": 19.64285, "top5_err": 0.89285}
[12/19 10:18:46][INFO] logging.py:   99: json_stats: {"_type": "train_iter_", "dt": 0.70057, "dt_data": 0.00059, "dt_net": 0.69998, "epoch": "47/48", "eta": "0:04:43", "gpu_mem": "86.78G", "grad_norm": 1.28209, "iter": "106/255", "loss": 0.55191, "lr": 0.00067, "top1_err": 21.13095, "top5_err": 1.48809}
[12/19 10:18:46][INFO] logging.py:   99: json_stats: {"_type": "train_iter_", "dt": 0.70884, "dt_data": 0.00049, "dt_net": 0.70835, "epoch": "47/48", "eta": "0:04:45", "gpu_mem": "86.78G", "grad_norm": 1.19924, "iter": "107/255", "loss": 0.52335, "lr": 0.00067, "top1_err": 19.64285, "top5_err": 1.48809}
[12/19 10:18:50][INFO] logging.py:   99: json_stats: {"_type": "train_iter_", "dt": 3.70713, "dt_data": 0.00039, "dt_net": 3.70674, "epoch": "47/48", "eta": "0:24:50", "gpu_mem": "86.78G", "grad_norm": 1.16091, "iter": "108/255", "loss": 0.49882, "lr": 0.00067, "top1_err": 19.34524, "top5_err": 0.59524}
[12/19 10:18:51][INFO] logging.py:   99: json_stats: {"_type": "train_iter_", "dt": 0.70173, "dt_data": 0.00039, "dt_net": 0.70134, "epoch": "47/48", "eta": "0:04:41", "gpu_mem": "86.78G", "grad_norm": 1.35372, "iter": "109/255", "loss": 0.58395, "lr": 0.00066, "top1_err": 19.94048, "top5_err": 1.48809}
[12/19 10:18:52][INFO] logging.py:   99: json_stats: {"_type": "train_iter_", "dt": 0.69967, "dt_data": 0.00041, "dt_net": 0.69926, "epoch": "47/48", "eta": "0:04:39", "gpu_mem": "86.78G", "grad_norm": 1.37390, "iter": "110/255", "loss": 0.64345, "lr": 0.00066, "top1_err": 21.13095, "top5_err": 2.67857}
[12/19 10:18:52][INFO] logging.py:   99: json_stats: {"_type": "train_iter_", "dt": 0.71433, "dt_data": 0.00047, "dt_net": 0.71386, "epoch": "47/48", "eta": "0:04:45", "gpu_mem": "86.78G", "grad_norm": 1.34043, "iter": "111/255", "loss": 0.51915, "lr": 0.00066, "top1_err": 18.45238, "top5_err": 1.48809}
[12/19 10:18:53][INFO] logging.py:   99: json_stats: {"_type": "train_iter_", "dt": 0.70398, "dt_data": 0.00044, "dt_net": 0.70353, "epoch": "47/48", "eta": "0:04:40", "gpu_mem": "86.78G", "grad_norm": 1.16281, "iter": "112/255", "loss": 0.52129, "lr": 0.00065, "top1_err": 16.96428, "top5_err": 0.89286}
[12/19 10:19:36][INFO] logging.py:   99: json_stats: {"_type": "train_iter_", "dt": 43.02541, "dt_data": 28.86643, "dt_net": 14.15898, "epoch": "47/48", "eta": "4:44:41", "gpu_mem": "86.78G", "grad_norm": 1.43552, "iter": "113/255", "loss": 0.65303, "lr": 0.00065, "top1_err": 23.51190, "top5_err": 2.08333}
[12/19 10:19:37][INFO] logging.py:   99: json_stats: {"_type": "train_iter_", "dt": 0.70628, "dt_data": 0.00060, "dt_net": 0.70568, "epoch": "47/48", "eta": "0:04:39", "gpu_mem": "86.78G", "grad_norm": 1.18428, "iter": "114/255", "loss": 0.52118, "lr": 0.00065, "top1_err": 19.64285, "top5_err": 1.19047}
[12/19 10:19:37][INFO] logging.py:   99: json_stats: {"_type": "train_iter_", "dt": 0.70373, "dt_data": 0.00041, "dt_net": 0.70332, "epoch": "47/48", "eta": "0:04:37", "gpu_mem": "86.78G", "grad_norm": 1.09310, "iter": "115/255", "loss": 0.47421, "lr": 0.00065, "top1_err": 19.34524, "top5_err": 0.89286}
[12/19 10:19:45][INFO] logging.py:   99: json_stats: {"_type": "train_iter_", "dt": 7.94841, "dt_data": 1.97252, "dt_net": 5.97589, "epoch": "47/48", "eta": "0:52:11", "gpu_mem": "86.78G", "grad_norm": 1.24551, "iter": "116/255", "loss": 0.59993, "lr": 0.00064, "top1_err": 21.13095, "top5_err": 2.67857}
[12/19 10:19:46][INFO] logging.py:   99: json_stats: {"_type": "train_iter_", "dt": 0.71316, "dt_data": 0.00050, "dt_net": 0.71265, "epoch": "47/48", "eta": "0:04:40", "gpu_mem": "86.78G", "grad_norm": 1.36486, "iter": "117/255", "loss": 0.58063, "lr": 0.00064, "top1_err": 20.83333, "top5_err": 0.89286}
[12/19 10:19:47][INFO] logging.py:   99: json_stats: {"_type": "train_iter_", "dt": 0.70447, "dt_data": 0.00069, "dt_net": 0.70377, "epoch": "47/48", "eta": "0:04:36", "gpu_mem": "86.78G", "grad_norm": 1.33414, "iter": "118/255", "loss": 0.60790, "lr": 0.00064, "top1_err": 22.02381, "top5_err": 2.38095}
[12/19 10:19:47][INFO] logging.py:   99: json_stats: {"_type": "train_iter_", "dt": 0.71161, "dt_data": 0.00039, "dt_net": 0.71122, "epoch": "47/48", "eta": "0:04:38", "gpu_mem": "86.78G", "grad_norm": 1.21404, "iter": "119/255", "loss": 0.53881, "lr": 0.00063, "top1_err": 17.55952, "top5_err": 1.48809}
[12/19 10:19:48][INFO] logging.py:   99: json_stats: {"_type": "train_iter_", "dt": 0.72160, "dt_data": 0.00072, "dt_net": 0.72088, "epoch": "47/48", "eta": "0:04:41", "gpu_mem": "86.78G", "grad_norm": 1.32597, "iter": "120/255", "loss": 0.51937, "lr": 0.00063, "top1_err": 17.55952, "top5_err": 1.78571}
[12/19 10:20:32][INFO] logging.py:   99: json_stats: {"_type": "train_iter_", "dt": 43.52445, "dt_data": 26.41437, "dt_net": 17.11008, "epoch": "47/48", "eta": "4:42:11", "gpu_mem": "86.78G", "grad_norm": 1.48981, "iter": "121/255", "loss": 0.70273, "lr": 0.00063, "top1_err": 22.02381, "top5_err": 4.46428}
[12/19 10:20:32][INFO] logging.py:   99: json_stats: {"_type": "train_iter_", "dt": 0.70331, "dt_data": 0.00045, "dt_net": 0.70286, "epoch": "47/48", "eta": "0:04:32", "gpu_mem": "86.78G", "grad_norm": 1.31754, "iter": "122/255", "loss": 0.58601, "lr": 0.00062, "top1_err": 20.83333, "top5_err": 1.78571}
[12/19 10:20:33][INFO] logging.py:   99: json_stats: {"_type": "train_iter_", "dt": 0.70468, "dt_data": 0.00047, "dt_net": 0.70421, "epoch": "47/48", "eta": "0:04:32", "gpu_mem": "86.78G", "grad_norm": 1.24658, "iter": "123/255", "loss": 0.51588, "lr": 0.00062, "top1_err": 18.15476, "top5_err": 1.78571}
[12/19 10:20:39][INFO] logging.py:   99: json_stats: {"_type": "train_iter_", "dt": 6.09722, "dt_data": 0.00041, "dt_net": 6.09681, "epoch": "47/48", "eta": "0:39:13", "gpu_mem": "86.78G", "grad_norm": 1.26875, "iter": "124/255", "loss": 0.53995, "lr": 0.00062, "top1_err": 19.64286, "top5_err": 2.97619}
[12/19 10:20:40][INFO] logging.py:   99: json_stats: {"_type": "train_iter_", "dt": 0.70184, "dt_data": 0.00039, "dt_net": 0.70144, "epoch": "47/48", "eta": "0:04:30", "gpu_mem": "86.78G", "grad_norm": 1.30943, "iter": "125/255", "loss": 0.55327, "lr": 0.00061, "top1_err": 17.55952, "top5_err": 0.29762}
[12/19 10:20:41][INFO] logging.py:   99: json_stats: {"_type": "train_iter_", "dt": 0.71207, "dt_data": 0.00039, "dt_net": 0.71168, "epoch": "47/48", "eta": "0:04:33", "gpu_mem": "86.78G", "grad_norm": 1.40849, "iter": "126/255", "loss": 0.53375, "lr": 0.00061, "top1_err": 20.23809, "top5_err": 1.19047}
[12/19 10:20:41][INFO] logging.py:   99: json_stats: {"_type": "train_iter_", "dt": 0.70526, "dt_data": 0.00042, "dt_net": 0.70483, "epoch": "47/48", "eta": "0:04:30", "gpu_mem": "86.78G", "grad_norm": 1.17335, "iter": "127/255", "loss": 0.55745, "lr": 0.00061, "top1_err": 17.55952, "top5_err": 1.78571}
[12/19 10:20:42][INFO] logging.py:   99: json_stats: {"_type": "train_iter_", "dt": 0.70260, "dt_data": 0.00040, "dt_net": 0.70219, "epoch": "47/48", "eta": "0:04:28", "gpu_mem": "86.78G", "grad_norm": 1.26656, "iter": "128/255", "loss": 0.55006, "lr": 0.00060, "top1_err": 21.13095, "top5_err": 0.89285}
[12/19 10:21:27][INFO] logging.py:   99: json_stats: {"_type": "train_iter_", "dt": 44.73912, "dt_data": 23.42886, "dt_net": 21.31027, "epoch": "47/48", "eta": "4:44:05", "gpu_mem": "86.78G", "grad_norm": 1.12126, "iter": "129/255", "loss": 0.57386, "lr": 0.00060, "top1_err": 19.34524, "top5_err": 2.67857}
[12/19 10:21:27][INFO] logging.py:   99: json_stats: {"_type": "train_iter_", "dt": 0.69922, "dt_data": 0.00044, "dt_net": 0.69877, "epoch": "47/48", "eta": "0:04:25", "gpu_mem": "86.78G", "grad_norm": 1.27797, "iter": "130/255", "loss": 0.55997, "lr": 0.00060, "top1_err": 21.72619, "top5_err": 1.78571}
[12/19 10:21:28][INFO] logging.py:   99: json_stats: {"_type": "train_iter_", "dt": 0.70953, "dt_data": 0.00068, "dt_net": 0.70885, "epoch": "47/48", "eta": "0:04:28", "gpu_mem": "86.78G", "grad_norm": 1.30359, "iter": "131/255", "loss": 0.58244, "lr": 0.00059, "top1_err": 18.75000, "top5_err": 1.48809}
[12/19 10:21:29][INFO] logging.py:   99: json_stats: {"_type": "train_iter_", "dt": 0.70194, "dt_data": 0.00044, "dt_net": 0.70150, "epoch": "47/48", "eta": "0:04:25", "gpu_mem": "86.78G", "grad_norm": 1.47864, "iter": "132/255", "loss": 0.64021, "lr": 0.00059, "top1_err": 21.13095, "top5_err": 1.78571}
[12/19 10:21:30][INFO] logging.py:   99: json_stats: {"_type": "train_iter_", "dt": 0.70528, "dt_data": 0.00044, "dt_net": 0.70483, "epoch": "47/48", "eta": "0:04:25", "gpu_mem": "86.78G", "grad_norm": 1.29707, "iter": "133/255", "loss": 0.53781, "lr": 0.00059, "top1_err": 19.34524, "top5_err": 1.78571}
[12/19 10:21:30][INFO] logging.py:   99: json_stats: {"_type": "train_iter_", "dt": 0.71191, "dt_data": 0.00066, "dt_net": 0.71125, "epoch": "47/48", "eta": "0:04:27", "gpu_mem": "86.78G", "grad_norm": 1.27445, "iter": "134/255", "loss": 0.49225, "lr": 0.00058, "top1_err": 14.88095, "top5_err": 0.89285}
[12/19 10:21:31][INFO] logging.py:   99: json_stats: {"_type": "train_iter_", "dt": 0.71528, "dt_data": 0.00090, "dt_net": 0.71438, "epoch": "47/48", "eta": "0:04:28", "gpu_mem": "86.78G", "grad_norm": 1.14672, "iter": "135/255", "loss": 0.47943, "lr": 0.00058, "top1_err": 15.77381, "top5_err": 0.59524}
[12/19 10:21:32][INFO] logging.py:   99: json_stats: {"_type": "train_iter_", "dt": 0.70384, "dt_data": 0.00043, "dt_net": 0.70342, "epoch": "47/48", "eta": "0:04:23", "gpu_mem": "86.78G", "grad_norm": 1.39345, "iter": "136/255", "loss": 0.53739, "lr": 0.00058, "top1_err": 19.04762, "top5_err": 0.59524}
[12/19 10:22:19][INFO] logging.py:   99: json_stats: {"_type": "train_iter_", "dt": 46.94531, "dt_data": 24.62362, "dt_net": 22.32168, "epoch": "47/48", "eta": "4:51:50", "gpu_mem": "86.78G", "grad_norm": 1.24345, "iter": "137/255", "loss": 0.55731, "lr": 0.00058, "top1_err": 19.94047, "top5_err": 1.19047}
[12/19 10:22:19][INFO] logging.py:   99: json_stats: {"_type": "train_iter_", "dt": 0.71756, "dt_data": 0.00041, "dt_net": 0.71715, "epoch": "47/48", "eta": "0:04:26", "gpu_mem": "86.78G", "grad_norm": 1.22936, "iter": "138/255", "loss": 0.55789, "lr": 0.00057, "top1_err": 18.15476, "top5_err": 1.19047}
[12/19 10:22:20][INFO] logging.py:   99: json_stats: {"_type": "train_iter_", "dt": 0.72115, "dt_data": 0.00043, "dt_net": 0.72071, "epoch": "47/48", "eta": "0:04:27", "gpu_mem": "86.78G", "grad_norm": 1.35166, "iter": "139/255", "loss": 0.61832, "lr": 0.00057, "top1_err": 20.23809, "top5_err": 2.97619}
[12/19 10:22:22][INFO] logging.py:   99: json_stats: {"_type": "train_iter_", "dt": 1.93532, "dt_data": 0.07041, "dt_net": 1.86491, "epoch": "47/48", "eta": "0:11:56", "gpu_mem": "86.78G", "grad_norm": 1.22876, "iter": "140/255", "loss": 0.57044, "lr": 0.00057, "top1_err": 19.04762, "top5_err": 1.78571}
[12/19 10:22:23][INFO] logging.py:   99: json_stats: {"_type": "train_iter_", "dt": 0.71228, "dt_data": 0.00043, "dt_net": 0.71184, "epoch": "47/48", "eta": "0:04:22", "gpu_mem": "86.78G", "grad_norm": 1.21358, "iter": "141/255", "loss": 0.50271, "lr": 0.00056, "top1_err": 18.75000, "top5_err": 0.29762}
[12/19 10:22:23][INFO] logging.py:   99: json_stats: {"_type": "train_iter_", "dt": 0.72297, "dt_data": 0.00040, "dt_net": 0.72256, "epoch": "47/48", "eta": "0:04:26", "gpu_mem": "86.78G", "grad_norm": 1.15840, "iter": "142/255", "loss": 0.49359, "lr": 0.00056, "top1_err": 18.15476, "top5_err": 1.78571}
[12/19 10:22:24][INFO] logging.py:   99: json_stats: {"_type": "train_iter_", "dt": 0.72627, "dt_data": 0.00059, "dt_net": 0.72567, "epoch": "47/48", "eta": "0:04:26", "gpu_mem": "86.78G", "grad_norm": 1.27194, "iter": "143/255", "loss": 0.65668, "lr": 0.00056, "top1_err": 24.40476, "top5_err": 2.97619}
[12/19 10:22:25][INFO] logging.py:   99: json_stats: {"_type": "train_iter_", "dt": 0.70970, "dt_data": 0.00045, "dt_net": 0.70925, "epoch": "47/48", "eta": "0:04:19", "gpu_mem": "86.78G", "grad_norm": 1.22206, "iter": "144/255", "loss": 0.45277, "lr": 0.00055, "top1_err": 15.47619, "top5_err": 0.59524}
[12/19 10:23:11][INFO] logging.py:   99: json_stats: {"_type": "train_iter_", "dt": 45.78365, "dt_data": 27.21654, "dt_net": 18.56711, "epoch": "47/48", "eta": "4:38:31", "gpu_mem": "86.78G", "grad_norm": 1.24883, "iter": "145/255", "loss": 0.57776, "lr": 0.00055, "top1_err": 17.55952, "top5_err": 0.89285}
[12/19 10:23:11][INFO] logging.py:   99: json_stats: {"_type": "train_iter_", "dt": 0.70236, "dt_data": 0.00065, "dt_net": 0.70169, "epoch": "47/48", "eta": "0:04:15", "gpu_mem": "86.78G", "grad_norm": 1.21423, "iter": "146/255", "loss": 0.56879, "lr": 0.00055, "top1_err": 16.96428, "top5_err": 2.08333}
[12/19 10:23:12][INFO] logging.py:   99: json_stats: {"_type": "train_iter_", "dt": 0.70718, "dt_data": 0.00042, "dt_net": 0.70676, "epoch": "47/48", "eta": "0:04:16", "gpu_mem": "86.78G", "grad_norm": 1.10110, "iter": "147/255", "loss": 0.47813, "lr": 0.00055, "top1_err": 17.85714, "top5_err": 0.89286}
[12/19 10:23:18][INFO] logging.py:   99: json_stats: {"_type": "train_iter_", "dt": 5.58710, "dt_data": 0.00039, "dt_net": 5.58671, "epoch": "47/48", "eta": "0:33:42", "gpu_mem": "86.78G", "grad_norm": 1.21005, "iter": "148/255", "loss": 0.49440, "lr": 0.00054, "top1_err": 18.75000, "top5_err": 1.48809}
[12/19 10:23:18][INFO] logging.py:   99: json_stats: {"_type": "train_iter_", "dt": 0.70308, "dt_data": 0.00037, "dt_net": 0.70271, "epoch": "47/48", "eta": "0:04:13", "gpu_mem": "86.78G", "grad_norm": 1.28185, "iter": "149/255", "loss": 0.59338, "lr": 0.00054, "top1_err": 22.02381, "top5_err": 1.19047}
[12/19 10:23:19][INFO] logging.py:   99: json_stats: {"_type": "train_iter_", "dt": 0.70114, "dt_data": 0.00042, "dt_net": 0.70072, "epoch": "47/48", "eta": "0:04:12", "gpu_mem": "86.78G", "grad_norm": 1.29755, "iter": "150/255", "loss": 0.54105, "lr": 0.00054, "top1_err": 19.94048, "top5_err": 0.89285}
[12/19 10:23:20][INFO] logging.py:   99: json_stats: {"_type": "train_iter_", "dt": 0.70575, "dt_data": 0.00045, "dt_net": 0.70530, "epoch": "47/48", "eta": "0:04:13", "gpu_mem": "86.78G", "grad_norm": 1.33251, "iter": "151/255", "loss": 0.55811, "lr": 0.00053, "top1_err": 20.53571, "top5_err": 1.48809}
[12/19 10:23:21][INFO] logging.py:   99: json_stats: {"_type": "train_iter_", "dt": 0.70528, "dt_data": 0.00047, "dt_net": 0.70481, "epoch": "47/48", "eta": "0:04:12", "gpu_mem": "86.78G", "grad_norm": 1.23762, "iter": "152/255", "loss": 0.52842, "lr": 0.00053, "top1_err": 16.36905, "top5_err": 0.89286}
[12/19 10:24:03][INFO] logging.py:   99: json_stats: {"_type": "train_iter_", "dt": 42.65167, "dt_data": 25.75676, "dt_net": 16.89491, "epoch": "47/48", "eta": "4:13:46", "gpu_mem": "86.78G", "grad_norm": 1.27856, "iter": "153/255", "loss": 0.57250, "lr": 0.00053, "top1_err": 18.15476, "top5_err": 2.08333}
[12/19 10:24:04][INFO] logging.py:   99: json_stats: {"_type": "train_iter_", "dt": 0.70016, "dt_data": 0.00046, "dt_net": 0.69970, "epoch": "47/48", "eta": "0:04:09", "gpu_mem": "86.78G", "grad_norm": 1.27616, "iter": "154/255", "loss": 0.54012, "lr": 0.00052, "top1_err": 22.32143, "top5_err": 1.48809}
[12/19 10:24:05][INFO] logging.py:   99: json_stats: {"_type": "train_iter_", "dt": 0.70388, "dt_data": 0.00054, "dt_net": 0.70334, "epoch": "47/48", "eta": "0:04:09", "gpu_mem": "86.78G", "grad_norm": 1.38525, "iter": "155/255", "loss": 0.60623, "lr": 0.00052, "top1_err": 22.32143, "top5_err": 2.38095}
[12/19 10:24:12][INFO] logging.py:   99: json_stats: {"_type": "train_iter_", "dt": 7.24088, "dt_data": 0.00038, "dt_net": 7.24050, "epoch": "47/48", "eta": "0:42:43", "gpu_mem": "86.78G", "grad_norm": 1.17557, "iter": "156/255", "loss": 0.52818, "lr": 0.00052, "top1_err": 19.34524, "top5_err": 2.67857}
[12/19 10:24:13][INFO] logging.py:   99: json_stats: {"_type": "train_iter_", "dt": 0.70133, "dt_data": 0.00055, "dt_net": 0.70078, "epoch": "47/48", "eta": "0:04:07", "gpu_mem": "86.78G", "grad_norm": 1.38425, "iter": "157/255", "loss": 0.56983, "lr": 0.00052, "top1_err": 19.34523, "top5_err": 2.38095}
[12/19 10:24:13][INFO] logging.py:   99: json_stats: {"_type": "train_iter_", "dt": 0.70341, "dt_data": 0.00048, "dt_net": 0.70293, "epoch": "47/48", "eta": "0:04:07", "gpu_mem": "86.78G", "grad_norm": 1.43455, "iter": "158/255", "loss": 0.59007, "lr": 0.00051, "top1_err": 22.32143, "top5_err": 0.89286}
[12/19 10:24:14][INFO] logging.py:   99: json_stats: {"_type": "train_iter_", "dt": 0.70666, "dt_data": 0.00053, "dt_net": 0.70613, "epoch": "47/48", "eta": "0:04:08", "gpu_mem": "86.78G", "grad_norm": 1.15226, "iter": "159/255", "loss": 0.45235, "lr": 0.00051, "top1_err": 16.96428, "top5_err": 0.59524}
[12/19 10:24:15][INFO] logging.py:   99: json_stats: {"_type": "train_iter_", "dt": 0.70676, "dt_data": 0.00037, "dt_net": 0.70638, "epoch": "47/48", "eta": "0:04:07", "gpu_mem": "86.78G", "grad_norm": 1.18983, "iter": "160/255", "loss": 0.51274, "lr": 0.00051, "top1_err": 18.15476, "top5_err": 0.59524}
[12/19 10:24:52][INFO] logging.py:   99: json_stats: {"_type": "train_iter_", "dt": 37.30530, "dt_data": 24.10500, "dt_net": 13.20030, "epoch": "47/48", "eta": "3:36:59", "gpu_mem": "86.78G", "grad_norm": 1.24786, "iter": "161/255", "loss": 0.57913, "lr": 0.00050, "top1_err": 20.23809, "top5_err": 2.08333}
[12/19 10:24:53][INFO] logging.py:   99: json_stats: {"_type": "train_iter_", "dt": 0.70196, "dt_data": 0.00063, "dt_net": 0.70132, "epoch": "47/48", "eta": "0:04:04", "gpu_mem": "86.78G", "grad_norm": 1.28807, "iter": "162/255", "loss": 0.55541, "lr": 0.00050, "top1_err": 19.94048, "top5_err": 0.59524}
[12/19 10:24:53][INFO] logging.py:   99: json_stats: {"_type": "train_iter_", "dt": 0.70489, "dt_data": 0.00041, "dt_net": 0.70448, "epoch": "47/48", "eta": "0:04:04", "gpu_mem": "86.78G", "grad_norm": 1.18368, "iter": "163/255", "loss": 0.45163, "lr": 0.00050, "top1_err": 15.47619, "top5_err": 0.89285}
[12/19 10:25:06][INFO] logging.py:   99: json_stats: {"_type": "train_iter_", "dt": 12.47789, "dt_data": 0.00048, "dt_net": 12.47741, "epoch": "47/48", "eta": "1:11:57", "gpu_mem": "86.78G", "grad_norm": 1.20430, "iter": "164/255", "loss": 0.54382, "lr": 0.00050, "top1_err": 16.96428, "top5_err": 2.67857}
[12/19 10:25:07][INFO] logging.py:   99: json_stats: {"_type": "train_iter_", "dt": 0.72786, "dt_data": 0.00051, "dt_net": 0.72735, "epoch": "47/48", "eta": "0:04:11", "gpu_mem": "86.78G", "grad_norm": 1.26076, "iter": "165/255", "loss": 0.59134, "lr": 0.00049, "top1_err": 20.53571, "top5_err": 1.19047}
[12/19 10:25:07][INFO] logging.py:   99: json_stats: {"_type": "train_iter_", "dt": 0.71899, "dt_data": 0.00047, "dt_net": 0.71853, "epoch": "47/48", "eta": "0:04:07", "gpu_mem": "86.78G", "grad_norm": 1.12347, "iter": "166/255", "loss": 0.48678, "lr": 0.00049, "top1_err": 16.66666, "top5_err": 1.48809}
[12/19 10:25:08][INFO] logging.py:   99: json_stats: {"_type": "train_iter_", "dt": 0.71841, "dt_data": 0.00041, "dt_net": 0.71800, "epoch": "47/48", "eta": "0:04:06", "gpu_mem": "86.78G", "grad_norm": 1.26321, "iter": "167/255", "loss": 0.56462, "lr": 0.00049, "top1_err": 18.45238, "top5_err": 2.67857}
[12/19 10:25:09][INFO] logging.py:   99: json_stats: {"_type": "train_iter_", "dt": 0.71701, "dt_data": 0.00052, "dt_net": 0.71649, "epoch": "47/48", "eta": "0:04:05", "gpu_mem": "86.78G", "grad_norm": 1.27497, "iter": "168/255", "loss": 0.55046, "lr": 0.00048, "top1_err": 19.04762, "top5_err": 1.48809}
[12/19 10:25:46][INFO] logging.py:   99: json_stats: {"_type": "train_iter_", "dt": 37.50251, "dt_data": 23.41244, "dt_net": 14.09006, "epoch": "47/48", "eta": "3:33:08", "gpu_mem": "86.78G", "grad_norm": 1.20770, "iter": "169/255", "loss": 0.52985, "lr": 0.00048, "top1_err": 21.72619, "top5_err": 0.59524}
[12/19 10:25:47][INFO] logging.py:   99: json_stats: {"_type": "train_iter_", "dt": 0.71400, "dt_data": 0.00070, "dt_net": 0.71329, "epoch": "47/48", "eta": "0:04:02", "gpu_mem": "86.78G", "grad_norm": 1.32341, "iter": "170/255", "loss": 0.57784, "lr": 0.00048, "top1_err": 19.64286, "top5_err": 2.67857}
[12/19 10:25:48][INFO] logging.py:   99: json_stats: {"_type": "train_iter_", "dt": 0.70889, "dt_data": 0.00042, "dt_net": 0.70847, "epoch": "47/48", "eta": "0:04:00", "gpu_mem": "86.78G", "grad_norm": 1.08834, "iter": "171/255", "loss": 0.44751, "lr": 0.00048, "top1_err": 16.66666, "top5_err": 0.59524}
[12/19 10:25:56][INFO] logging.py:   99: json_stats: {"_type": "train_iter_", "dt": 8.64816, "dt_data": 0.00041, "dt_net": 8.64775, "epoch": "47/48", "eta": "0:48:43", "gpu_mem": "86.78G", "grad_norm": 1.32795, "iter": "172/255", "loss": 0.61407, "lr": 0.00047, "top1_err": 16.07143, "top5_err": 2.08333}
[12/19 10:25:57][INFO] logging.py:   99: json_stats: {"_type": "train_iter_", "dt": 0.70492, "dt_data": 0.00057, "dt_net": 0.70435, "epoch": "47/48", "eta": "0:03:57", "gpu_mem": "86.78G", "grad_norm": 1.19617, "iter": "173/255", "loss": 0.53132, "lr": 0.00047, "top1_err": 17.26190, "top5_err": 1.48809}
[12/19 10:25:58][INFO] logging.py:   99: json_stats: {"_type": "train_iter_", "dt": 0.71000, "dt_data": 0.00042, "dt_net": 0.70958, "epoch": "47/48", "eta": "0:03:58", "gpu_mem": "86.78G", "grad_norm": 1.16021, "iter": "174/255", "loss": 0.49544, "lr": 0.00047, "top1_err": 16.66667, "top5_err": 1.48809}
[12/19 10:25:58][INFO] logging.py:   99: json_stats: {"_type": "train_iter_", "dt": 0.69790, "dt_data": 0.00040, "dt_net": 0.69750, "epoch": "47/48", "eta": "0:03:53", "gpu_mem": "86.78G", "grad_norm": 1.22686, "iter": "175/255", "loss": 0.45978, "lr": 0.00046, "top1_err": 16.96428, "top5_err": 1.19047}
[12/19 10:25:59][INFO] logging.py:   99: json_stats: {"_type": "train_iter_", "dt": 0.70940, "dt_data": 0.00046, "dt_net": 0.70894, "epoch": "47/48", "eta": "0:03:56", "gpu_mem": "86.78G", "grad_norm": 1.42749, "iter": "176/255", "loss": 0.61852, "lr": 0.00046, "top1_err": 19.94048, "top5_err": 1.48809}
[12/19 10:26:40][INFO] logging.py:   99: json_stats: {"_type": "train_iter_", "dt": 40.47547, "dt_data": 28.02398, "dt_net": 12.45149, "epoch": "47/48", "eta": "3:44:38", "gpu_mem": "86.78G", "grad_norm": 1.27247, "iter": "177/255", "loss": 0.61444, "lr": 0.00046, "top1_err": 22.32143, "top5_err": 0.89285}
[12/19 10:26:40][INFO] logging.py:   99: json_stats: {"_type": "train_iter_", "dt": 0.69869, "dt_data": 0.00071, "dt_net": 0.69797, "epoch": "47/48", "eta": "0:03:51", "gpu_mem": "86.78G", "grad_norm": 1.33184, "iter": "178/255", "loss": 0.51690, "lr": 0.00046, "top1_err": 17.55952, "top5_err": 0.89285}
[12/19 10:26:41][INFO] logging.py:   99: json_stats: {"_type": "train_iter_", "dt": 0.70784, "dt_data": 0.00045, "dt_net": 0.70739, "epoch": "47/48", "eta": "0:03:54", "gpu_mem": "86.78G", "grad_norm": 1.16922, "iter": "179/255", "loss": 0.57257, "lr": 0.00045, "top1_err": 20.23809, "top5_err": 1.78571}
[12/19 10:26:48][INFO] logging.py:   99: json_stats: {"_type": "train_iter_", "dt": 7.34137, "dt_data": 0.00044, "dt_net": 7.34093, "epoch": "47/48", "eta": "0:40:22", "gpu_mem": "86.78G", "grad_norm": 1.13924, "iter": "180/255", "loss": 0.47842, "lr": 0.00045, "top1_err": 16.36905, "top5_err": 0.59524}
[12/19 10:26:49][INFO] logging.py:   99: json_stats: {"_type": "train_iter_", "dt": 0.70409, "dt_data": 0.00068, "dt_net": 0.70341, "epoch": "47/48", "eta": "0:03:51", "gpu_mem": "86.78G", "grad_norm": 1.14460, "iter": "181/255", "loss": 0.50910, "lr": 0.00045, "top1_err": 18.45238, "top5_err": 0.89286}
[12/19 10:26:50][INFO] logging.py:   99: json_stats: {"_type": "train_iter_", "dt": 0.70499, "dt_data": 0.00049, "dt_net": 0.70449, "epoch": "47/48", "eta": "0:03:51", "gpu_mem": "86.78G", "grad_norm": 1.29976, "iter": "182/255", "loss": 0.49611, "lr": 0.00045, "top1_err": 15.77381, "top5_err": 1.48809}
[12/19 10:26:50][INFO] logging.py:   99: json_stats: {"_type": "train_iter_", "dt": 0.70521, "dt_data": 0.00038, "dt_net": 0.70482, "epoch": "47/48", "eta": "0:03:50", "gpu_mem": "86.78G", "grad_norm": 1.27784, "iter": "183/255", "loss": 0.56033, "lr": 0.00044, "top1_err": 21.42857, "top5_err": 1.19047}
[12/19 10:26:51][INFO] logging.py:   99: json_stats: {"_type": "train_iter_", "dt": 0.70652, "dt_data": 0.00043, "dt_net": 0.70609, "epoch": "47/48", "eta": "0:03:50", "gpu_mem": "86.78G", "grad_norm": 1.10906, "iter": "184/255", "loss": 0.50373, "lr": 0.00044, "top1_err": 15.17857, "top5_err": 2.97619}
[12/19 10:27:32][INFO] logging.py:   99: json_stats: {"_type": "train_iter_", "dt": 40.80072, "dt_data": 23.80374, "dt_net": 16.99698, "epoch": "47/48", "eta": "3:41:00", "gpu_mem": "86.78G", "grad_norm": 1.26856, "iter": "185/255", "loss": 0.58211, "lr": 0.00044, "top1_err": 22.32143, "top5_err": 0.89286}
[12/19 10:27:33][INFO] logging.py:   99: json_stats: {"_type": "train_iter_", "dt": 0.70149, "dt_data": 0.00036, "dt_net": 0.70112, "epoch": "47/48", "eta": "0:03:47", "gpu_mem": "86.78G", "grad_norm": 1.50630, "iter": "186/255", "loss": 0.60495, "lr": 0.00043, "top1_err": 21.13095, "top5_err": 1.19047}
[12/19 10:27:33][INFO] logging.py:   99: json_stats: {"_type": "train_iter_", "dt": 0.71226, "dt_data": 0.00056, "dt_net": 0.71170, "epoch": "47/48", "eta": "0:03:50", "gpu_mem": "86.78G", "grad_norm": 1.27620, "iter": "187/255", "loss": 0.56881, "lr": 0.00043, "top1_err": 22.02381, "top5_err": 0.89286}
[12/19 10:27:41][INFO] logging.py:   99: json_stats: {"_type": "train_iter_", "dt": 7.46228, "dt_data": 0.00045, "dt_net": 7.46182, "epoch": "47/48", "eta": "0:40:02", "gpu_mem": "86.78G", "grad_norm": 1.41239, "iter": "188/255", "loss": 0.52311, "lr": 0.00043, "top1_err": 17.85714, "top5_err": 1.48809}
[12/19 10:27:42][INFO] logging.py:   99: json_stats: {"_type": "train_iter_", "dt": 0.71129, "dt_data": 0.00084, "dt_net": 0.71045, "epoch": "47/48", "eta": "0:03:48", "gpu_mem": "86.78G", "grad_norm": 1.25115, "iter": "189/255", "loss": 0.54072, "lr": 0.00043, "top1_err": 19.34524, "top5_err": 1.78571}
[12/19 10:27:42][INFO] logging.py:   99: json_stats: {"_type": "train_iter_", "dt": 0.70419, "dt_data": 0.00051, "dt_net": 0.70368, "epoch": "47/48", "eta": "0:03:45", "gpu_mem": "86.78G", "grad_norm": 1.48302, "iter": "190/255", "loss": 0.66713, "lr": 0.00042, "top1_err": 21.72619, "top5_err": 2.67857}
[12/19 10:27:43][INFO] logging.py:   99: json_stats: {"_type": "train_iter_", "dt": 0.69653, "dt_data": 0.00041, "dt_net": 0.69611, "epoch": "47/48", "eta": "0:03:42", "gpu_mem": "86.78G", "grad_norm": 1.40768, "iter": "191/255", "loss": 0.64067, "lr": 0.00042, "top1_err": 23.51190, "top5_err": 1.78571}
[12/19 10:27:44][INFO] logging.py:   99: json_stats: {"_type": "train_iter_", "dt": 0.70661, "dt_data": 0.00061, "dt_net": 0.70601, "epoch": "47/48", "eta": "0:03:44", "gpu_mem": "86.78G", "grad_norm": 1.33841, "iter": "192/255", "loss": 0.59092, "lr": 0.00042, "top1_err": 22.02381, "top5_err": 0.89286}
[12/19 10:28:24][INFO] logging.py:   99: json_stats: {"_type": "train_iter_", "dt": 40.56135, "dt_data": 22.88777, "dt_net": 17.67357, "epoch": "47/48", "eta": "3:34:17", "gpu_mem": "86.78G", "grad_norm": 1.46724, "iter": "193/255", "loss": 0.56521, "lr": 0.00042, "top1_err": 19.04762, "top5_err": 0.29762}
[12/19 10:28:25][INFO] logging.py:   99: json_stats: {"_type": "train_iter_", "dt": 0.70667, "dt_data": 0.00068, "dt_net": 0.70599, "epoch": "47/48", "eta": "0:03:43", "gpu_mem": "86.78G", "grad_norm": 1.07366, "iter": "194/255", "loss": 0.45594, "lr": 0.00041, "top1_err": 17.85714, "top5_err": 0.59524}
[12/19 10:28:26][INFO] logging.py:   99: json_stats: {"_type": "train_iter_", "dt": 0.70293, "dt_data": 0.00064, "dt_net": 0.70229, "epoch": "47/48", "eta": "0:03:41", "gpu_mem": "86.78G", "grad_norm": 1.10424, "iter": "195/255", "loss": 0.54488, "lr": 0.00041, "top1_err": 18.45238, "top5_err": 1.19047}
[12/19 10:28:34][INFO] logging.py:   99: json_stats: {"_type": "train_iter_", "dt": 7.84517, "dt_data": 0.00041, "dt_net": 7.84476, "epoch": "47/48", "eta": "0:41:03", "gpu_mem": "86.78G", "grad_norm": 1.29624, "iter": "196/255", "loss": 0.60377, "lr": 0.00041, "top1_err": 19.64286, "top5_err": 0.89285}
[12/19 10:28:34][INFO] logging.py:   99: json_stats: {"_type": "train_iter_", "dt": 0.71250, "dt_data": 0.00045, "dt_net": 0.71205, "epoch": "47/48", "eta": "0:03:43", "gpu_mem": "86.78G", "grad_norm": 1.27650, "iter": "197/255", "loss": 0.51995, "lr": 0.00041, "top1_err": 15.77381, "top5_err": 1.48809}
[12/19 10:28:35][INFO] logging.py:   99: json_stats: {"_type": "train_iter_", "dt": 0.71264, "dt_data": 0.00042, "dt_net": 0.71222, "epoch": "47/48", "eta": "0:03:42", "gpu_mem": "86.78G", "grad_norm": 1.23414, "iter": "198/255", "loss": 0.51345, "lr": 0.00040, "top1_err": 17.55952, "top5_err": 0.89286}
[12/19 10:28:36][INFO] logging.py:   99: json_stats: {"_type": "train_iter_", "dt": 0.71270, "dt_data": 0.00048, "dt_net": 0.71222, "epoch": "47/48", "eta": "0:03:41", "gpu_mem": "86.78G", "grad_norm": 1.28419, "iter": "199/255", "loss": 0.59710, "lr": 0.00040, "top1_err": 18.75000, "top5_err": 2.08333}
[12/19 10:28:36][INFO] logging.py:   99: json_stats: {"_type": "train_iter_", "dt": 0.71203, "dt_data": 0.00046, "dt_net": 0.71157, "epoch": "47/48", "eta": "0:03:40", "gpu_mem": "86.78G", "grad_norm": 1.25709, "iter": "200/255", "loss": 0.57775, "lr": 0.00040, "top1_err": 21.72619, "top5_err": 1.78571}
[12/19 10:29:20][INFO] logging.py:   99: json_stats: {"_type": "train_iter_", "dt": 44.01079, "dt_data": 25.14199, "dt_net": 18.86880, "epoch": "47/48", "eta": "3:46:39", "gpu_mem": "86.78G", "grad_norm": 1.45935, "iter": "201/255", "loss": 0.58065, "lr": 0.00040, "top1_err": 21.72619, "top5_err": 1.48809}
[12/19 10:29:21][INFO] logging.py:   99: json_stats: {"_type": "train_iter_", "dt": 0.70482, "dt_data": 0.00062, "dt_net": 0.70419, "epoch": "47/48", "eta": "0:03:37", "gpu_mem": "86.78G", "grad_norm": 1.34398, "iter": "202/255", "loss": 0.60560, "lr": 0.00039, "top1_err": 22.61905, "top5_err": 2.67857}
[12/19 10:29:22][INFO] logging.py:   99: json_stats: {"_type": "train_iter_", "dt": 0.69919, "dt_data": 0.00040, "dt_net": 0.69879, "epoch": "47/48", "eta": "0:03:34", "gpu_mem": "86.78G", "grad_norm": 1.26635, "iter": "203/255", "loss": 0.55862, "lr": 0.00039, "top1_err": 22.02381, "top5_err": 0.89285}
[12/19 10:29:28][INFO] logging.py:   99: json_stats: {"_type": "train_iter_", "dt": 6.46009, "dt_data": 0.00046, "dt_net": 6.45962, "epoch": "47/48", "eta": "0:32:56", "gpu_mem": "86.78G", "grad_norm": 1.11847, "iter": "204/255", "loss": 0.51789, "lr": 0.00039, "top1_err": 17.26190, "top5_err": 1.19047}
[12/19 10:29:29][INFO] logging.py:   99: json_stats: {"_type": "train_iter_", "dt": 0.69773, "dt_data": 0.00048, "dt_net": 0.69725, "epoch": "47/48", "eta": "0:03:32", "gpu_mem": "86.78G", "grad_norm": 1.33718, "iter": "205/255", "loss": 0.59652, "lr": 0.00039, "top1_err": 19.34524, "top5_err": 2.08333}
[12/19 10:29:32][INFO] logging.py:   99: json_stats: {"_type": "train_iter_", "dt": 3.02234, "dt_data": 0.00039, "dt_net": 3.02194, "epoch": "47/48", "eta": "0:15:18", "gpu_mem": "86.78G", "grad_norm": 1.45759, "iter": "206/255", "loss": 0.67019, "lr": 0.00038, "top1_err": 22.61905, "top5_err": 1.48809}
[12/19 10:29:33][INFO] logging.py:   99: json_stats: {"_type": "train_iter_", "dt": 0.71214, "dt_data": 0.00048, "dt_net": 0.71166, "epoch": "47/48", "eta": "0:03:35", "gpu_mem": "86.78G", "grad_norm": 1.44237, "iter": "207/255", "loss": 0.62876, "lr": 0.00038, "top1_err": 22.91666, "top5_err": 1.48809}
[12/19 10:29:33][INFO] logging.py:   99: json_stats: {"_type": "train_iter_", "dt": 0.71678, "dt_data": 0.00065, "dt_net": 0.71613, "epoch": "47/48", "eta": "0:03:36", "gpu_mem": "86.78G", "grad_norm": 1.15330, "iter": "208/255", "loss": 0.50757, "lr": 0.00038, "top1_err": 15.47619, "top5_err": 1.19047}
[12/19 10:30:13][INFO] logging.py:   99: json_stats: {"_type": "train_iter_", "dt": 39.81731, "dt_data": 20.42818, "dt_net": 19.38913, "epoch": "47/48", "eta": "3:19:45", "gpu_mem": "86.78G", "grad_norm": 1.14961, "iter": "209/255", "loss": 0.49240, "lr": 0.00038, "top1_err": 17.85714, "top5_err": 1.78571}
[12/19 10:30:14][INFO] logging.py:   99: json_stats: {"_type": "train_iter_", "dt": 0.70003, "dt_data": 0.00049, "dt_net": 0.69954, "epoch": "47/48", "eta": "0:03:30", "gpu_mem": "86.78G", "grad_norm": 1.09446, "iter": "210/255", "loss": 0.47594, "lr": 0.00037, "top1_err": 17.26190, "top5_err": 0.89286}
[12/19 10:30:15][INFO] logging.py:   99: json_stats: {"_type": "train_iter_", "dt": 0.70104, "dt_data": 0.00046, "dt_net": 0.70055, "epoch": "47/48", "eta": "0:03:29", "gpu_mem": "86.78G", "grad_norm": 1.05314, "iter": "211/255", "loss": 0.41796, "lr": 0.00037, "top1_err": 15.17857, "top5_err": 0.89285}
[12/19 10:30:22][INFO] logging.py:   99: json_stats: {"_type": "train_iter_", "dt": 7.45496, "dt_data": 0.00044, "dt_net": 7.45452, "epoch": "47/48", "eta": "0:37:01", "gpu_mem": "86.78G", "grad_norm": 1.32397, "iter": "212/255", "loss": 0.55144, "lr": 0.00037, "top1_err": 18.75000, "top5_err": 2.08333}
[12/19 10:30:23][INFO] logging.py:   99: json_stats: {"_type": "train_iter_", "dt": 0.70579, "dt_data": 0.00041, "dt_net": 0.70538, "epoch": "47/48", "eta": "0:03:29", "gpu_mem": "86.78G", "grad_norm": 1.29705, "iter": "213/255", "loss": 0.58229, "lr": 0.00037, "top1_err": 20.23809, "top5_err": 0.59524}
[12/19 10:30:25][INFO] logging.py:   99: json_stats: {"_type": "train_iter_", "dt": 2.71046, "dt_data": 0.00044, "dt_net": 2.71002, "epoch": "47/48", "eta": "0:13:22", "gpu_mem": "86.78G", "grad_norm": 1.09964, "iter": "214/255", "loss": 0.52468, "lr": 0.00036, "top1_err": 17.85714, "top5_err": 1.78571}
[12/19 10:30:26][INFO] logging.py:   99: json_stats: {"_type": "train_iter_", "dt": 0.69734, "dt_data": 0.00039, "dt_net": 0.69695, "epoch": "47/48", "eta": "0:03:25", "gpu_mem": "86.78G", "grad_norm": 1.25637, "iter": "215/255", "loss": 0.56392, "lr": 0.00036, "top1_err": 18.45238, "top5_err": 2.97619}
[12/19 10:30:27][INFO] logging.py:   99: json_stats: {"_type": "train_iter_", "dt": 0.70921, "dt_data": 0.00038, "dt_net": 0.70884, "epoch": "47/48", "eta": "0:03:28", "gpu_mem": "86.78G", "grad_norm": 1.33344, "iter": "216/255", "loss": 0.57258, "lr": 0.00036, "top1_err": 19.94048, "top5_err": 2.08333}
[12/19 10:31:07][INFO] logging.py:   99: json_stats: {"_type": "train_iter_", "dt": 40.02067, "dt_data": 21.73555, "dt_net": 18.28512, "epoch": "47/48", "eta": "3:15:26", "gpu_mem": "86.78G", "grad_norm": 1.34836, "iter": "217/255", "loss": 0.63482, "lr": 0.00036, "top1_err": 21.13095, "top5_err": 1.19047}
[12/19 10:31:08][INFO] logging.py:   99: json_stats: {"_type": "train_iter_", "dt": 0.74917, "dt_data": 0.00047, "dt_net": 0.74870, "epoch": "47/48", "eta": "0:03:38", "gpu_mem": "86.78G", "grad_norm": 1.18941, "iter": "218/255", "loss": 0.48610, "lr": 0.00035, "top1_err": 18.45238, "top5_err": 1.19047}
[12/19 10:31:08][INFO] logging.py:   99: json_stats: {"_type": "train_iter_", "dt": 0.70442, "dt_data": 0.00055, "dt_net": 0.70386, "epoch": "47/48", "eta": "0:03:24", "gpu_mem": "86.78G", "grad_norm": 1.32586, "iter": "219/255", "loss": 0.56604, "lr": 0.00035, "top1_err": 18.15476, "top5_err": 0.59524}
[12/19 10:31:17][INFO] logging.py:   99: json_stats: {"_type": "train_iter_", "dt": 8.47994, "dt_data": 0.00040, "dt_net": 8.47954, "epoch": "47/48", "eta": "0:40:59", "gpu_mem": "86.78G", "grad_norm": 1.20594, "iter": "220/255", "loss": 0.47301, "lr": 0.00035, "top1_err": 17.26190, "top5_err": 1.19047}
[12/19 10:31:18][INFO] logging.py:   99: json_stats: {"_type": "train_iter_", "dt": 0.71764, "dt_data": 0.00054, "dt_net": 0.71711, "epoch": "47/48", "eta": "0:03:27", "gpu_mem": "86.78G", "grad_norm": 1.32527, "iter": "221/255", "loss": 0.55584, "lr": 0.00035, "top1_err": 20.23809, "top5_err": 0.29762}
[12/19 10:31:18][INFO] logging.py:   99: json_stats: {"_type": "train_iter_", "dt": 0.71829, "dt_data": 0.00044, "dt_net": 0.71784, "epoch": "47/48", "eta": "0:03:26", "gpu_mem": "86.78G", "grad_norm": 1.11303, "iter": "222/255", "loss": 0.48743, "lr": 0.00034, "top1_err": 15.17857, "top5_err": 1.48809}
[12/19 10:31:19][INFO] logging.py:   99: json_stats: {"_type": "train_iter_", "dt": 0.71625, "dt_data": 0.00040, "dt_net": 0.71585, "epoch": "47/48", "eta": "0:03:25", "gpu_mem": "86.78G", "grad_norm": 1.30067, "iter": "223/255", "loss": 0.57972, "lr": 0.00034, "top1_err": 21.13095, "top5_err": 2.97619}
[12/19 10:31:20][INFO] logging.py:   99: json_stats: {"_type": "train_iter_", "dt": 0.72522, "dt_data": 0.00047, "dt_net": 0.72475, "epoch": "47/48", "eta": "0:03:27", "gpu_mem": "86.78G", "grad_norm": 1.34482, "iter": "224/255", "loss": 0.60622, "lr": 0.00034, "top1_err": 19.64285, "top5_err": 1.48809}
[12/19 10:32:05][INFO] logging.py:   99: json_stats: {"_type": "train_iter_", "dt": 45.04719, "dt_data": 28.69936, "dt_net": 16.34783, "epoch": "47/48", "eta": "3:33:58", "gpu_mem": "86.78G", "grad_norm": 1.41900, "iter": "225/255", "loss": 0.55314, "lr": 0.00034, "top1_err": 17.85714, "top5_err": 0.89286}
[12/19 10:32:05][INFO] logging.py:   99: json_stats: {"_type": "train_iter_", "dt": 0.71875, "dt_data": 0.00056, "dt_net": 0.71819, "epoch": "47/48", "eta": "0:03:24", "gpu_mem": "86.78G", "grad_norm": 1.15953, "iter": "226/255", "loss": 0.55348, "lr": 0.00033, "top1_err": 19.64285, "top5_err": 1.48809}
[12/19 10:32:06][INFO] logging.py:   99: json_stats: {"_type": "train_iter_", "dt": 0.71277, "dt_data": 0.00069, "dt_net": 0.71207, "epoch": "47/48", "eta": "0:03:21", "gpu_mem": "86.78G", "grad_norm": 1.32181, "iter": "227/255", "loss": 0.54072, "lr": 0.00033, "top1_err": 18.45238, "top5_err": 0.89285}
[12/19 10:32:10][INFO] logging.py:   99: json_stats: {"_type": "train_iter_", "dt": 4.15977, "dt_data": 0.00043, "dt_net": 4.15933, "epoch": "47/48", "eta": "0:19:33", "gpu_mem": "86.78G", "grad_norm": 1.29896, "iter": "228/255", "loss": 0.50381, "lr": 0.00033, "top1_err": 18.45238, "top5_err": 0.59524}
[12/19 10:32:11][INFO] logging.py:   99: json_stats: {"_type": "train_iter_", "dt": 0.69239, "dt_data": 0.00040, "dt_net": 0.69199, "epoch": "47/48", "eta": "0:03:14", "gpu_mem": "86.78G", "grad_norm": 1.26055, "iter": "229/255", "loss": 0.56353, "lr": 0.00033, "top1_err": 20.53571, "top5_err": 1.78571}
[12/19 10:32:12][INFO] logging.py:   99: json_stats: {"_type": "train_iter_", "dt": 0.70306, "dt_data": 0.00055, "dt_net": 0.70252, "epoch": "47/48", "eta": "0:03:16", "gpu_mem": "86.78G", "grad_norm": 1.16361, "iter": "230/255", "loss": 0.50550, "lr": 0.00032, "top1_err": 17.55952, "top5_err": 1.19047}
[12/19 10:32:12][INFO] logging.py:   99: json_stats: {"_type": "train_iter_", "dt": 0.70625, "dt_data": 0.00038, "dt_net": 0.70587, "epoch": "47/48", "eta": "0:03:17", "gpu_mem": "86.78G", "grad_norm": 1.27359, "iter": "231/255", "loss": 0.50065, "lr": 0.00032, "top1_err": 19.04762, "top5_err": 1.19047}
[12/19 10:32:13][INFO] logging.py:   99: json_stats: {"_type": "train_iter_", "dt": 0.71246, "dt_data": 0.00054, "dt_net": 0.71192, "epoch": "47/48", "eta": "0:03:18", "gpu_mem": "86.78G", "grad_norm": 1.18172, "iter": "232/255", "loss": 0.51606, "lr": 0.00032, "top1_err": 15.17857, "top5_err": 1.78571}
[12/19 10:33:01][INFO] logging.py:   99: json_stats: {"_type": "train_iter_", "dt": 47.96145, "dt_data": 30.25065, "dt_net": 17.71080, "epoch": "47/48", "eta": "3:41:25", "gpu_mem": "86.78G", "grad_norm": 1.49578, "iter": "233/255", "loss": 0.55610, "lr": 0.00032, "top1_err": 19.94048, "top5_err": 1.19047}
[12/19 10:33:02][INFO] logging.py:   99: json_stats: {"_type": "train_iter_", "dt": 0.69420, "dt_data": 0.00065, "dt_net": 0.69355, "epoch": "47/48", "eta": "0:03:11", "gpu_mem": "86.78G", "grad_norm": 1.38788, "iter": "234/255", "loss": 0.53553, "lr": 0.00032, "top1_err": 19.34524, "top5_err": 1.19047}
[12/19 10:33:03][INFO] logging.py:   99: json_stats: {"_type": "train_iter_", "dt": 0.70675, "dt_data": 0.00115, "dt_net": 0.70560, "epoch": "47/48", "eta": "0:03:14", "gpu_mem": "86.78G", "grad_norm": 1.47661, "iter": "235/255", "loss": 0.62350, "lr": 0.00031, "top1_err": 23.21428, "top5_err": 1.78571}
[12/19 10:33:04][INFO] logging.py:   99: json_stats: {"_type": "train_iter_", "dt": 1.67646, "dt_data": 0.00040, "dt_net": 1.67605, "epoch": "47/48", "eta": "0:07:39", "gpu_mem": "86.78G", "grad_norm": 1.35996, "iter": "236/255", "loss": 0.63022, "lr": 0.00031, "top1_err": 22.61905, "top5_err": 1.78571}
[12/19 10:33:05][INFO] logging.py:   99: json_stats: {"_type": "train_iter_", "dt": 0.70352, "dt_data": 0.00042, "dt_net": 0.70310, "epoch": "47/48", "eta": "0:03:12", "gpu_mem": "86.78G", "grad_norm": 1.26027, "iter": "237/255", "loss": 0.56833, "lr": 0.00031, "top1_err": 20.83333, "top5_err": 2.67857}
[12/19 10:33:06][INFO] logging.py:   99: json_stats: {"_type": "train_iter_", "dt": 0.70871, "dt_data": 0.00049, "dt_net": 0.70821, "epoch": "47/48", "eta": "0:03:12", "gpu_mem": "86.78G", "grad_norm": 1.27407, "iter": "238/255", "loss": 0.59117, "lr": 0.00031, "top1_err": 23.21428, "top5_err": 1.48809}
[12/19 10:33:06][INFO] logging.py:   99: json_stats: {"_type": "train_iter_", "dt": 0.70827, "dt_data": 0.00046, "dt_net": 0.70781, "epoch": "47/48", "eta": "0:03:11", "gpu_mem": "86.78G", "grad_norm": 1.46670, "iter": "239/255", "loss": 0.58216, "lr": 0.00030, "top1_err": 21.13095, "top5_err": 1.19047}
[12/19 10:33:07][INFO] logging.py:   99: json_stats: {"_type": "train_iter_", "dt": 0.70524, "dt_data": 0.00050, "dt_net": 0.70474, "epoch": "47/48", "eta": "0:03:10", "gpu_mem": "86.78G", "grad_norm": 1.26269, "iter": "240/255", "loss": 0.52625, "lr": 0.00030, "top1_err": 19.34524, "top5_err": 1.19047}
[12/19 10:33:58][INFO] logging.py:   99: json_stats: {"_type": "train_iter_", "dt": 50.49919, "dt_data": 31.36947, "dt_net": 19.12971, "epoch": "47/48", "eta": "3:46:24", "gpu_mem": "86.78G", "grad_norm": 1.27414, "iter": "241/255", "loss": 0.53164, "lr": 0.00030, "top1_err": 18.75000, "top5_err": 2.38095}
[12/19 10:33:58][INFO] logging.py:   99: json_stats: {"_type": "train_iter_", "dt": 0.69294, "dt_data": 0.00034, "dt_net": 0.69261, "epoch": "47/48", "eta": "0:03:05", "gpu_mem": "86.78G", "grad_norm": 1.45063, "iter": "242/255", "loss": 0.55753, "lr": 0.00030, "top1_err": 19.04762, "top5_err": 2.08333}
[12/19 10:33:59][INFO] logging.py:   99: json_stats: {"_type": "train_iter_", "dt": 0.68972, "dt_data": 0.00027, "dt_net": 0.68944, "epoch": "47/48", "eta": "0:03:04", "gpu_mem": "86.78G", "grad_norm": 1.20701, "iter": "243/255", "loss": 0.51401, "lr": 0.00030, "top1_err": 18.75000, "top5_err": 1.78571}
[12/19 10:34:00][INFO] logging.py:   99: json_stats: {"_type": "train_iter_", "dt": 0.96447, "dt_data": 0.00037, "dt_net": 0.96409, "epoch": "47/48", "eta": "0:04:16", "gpu_mem": "86.78G", "grad_norm": 1.32343, "iter": "244/255", "loss": 0.56955, "lr": 0.00029, "top1_err": 21.42857, "top5_err": 0.89286}
[12/19 10:34:01][INFO] logging.py:   99: json_stats: {"_type": "train_iter_", "dt": 0.67571, "dt_data": 0.00026, "dt_net": 0.67545, "epoch": "47/48", "eta": "0:02:59", "gpu_mem": "86.78G", "grad_norm": 1.16406, "iter": "245/255", "loss": 0.48280, "lr": 0.00029, "top1_err": 17.55952, "top5_err": 0.59524}
[12/19 10:34:01][INFO] logging.py:   99: json_stats: {"_type": "train_iter_", "dt": 0.69153, "dt_data": 0.00024, "dt_net": 0.69129, "epoch": "47/48", "eta": "0:03:02", "gpu_mem": "86.78G", "grad_norm": 1.33306, "iter": "246/255", "loss": 0.60919, "lr": 0.00029, "top1_err": 22.61905, "top5_err": 1.78571}
[12/19 10:34:02][INFO] logging.py:   99: json_stats: {"_type": "train_iter_", "dt": 0.69317, "dt_data": 0.00031, "dt_net": 0.69286, "epoch": "47/48", "eta": "0:03:02", "gpu_mem": "86.78G", "grad_norm": 1.28925, "iter": "247/255", "loss": 0.55889, "lr": 0.00029, "top1_err": 22.32143, "top5_err": 0.89286}
[12/19 10:34:03][INFO] logging.py:   99: json_stats: {"_type": "train_iter_", "dt": 0.68687, "dt_data": 0.00023, "dt_net": 0.68663, "epoch": "47/48", "eta": "0:02:59", "gpu_mem": "86.78G", "grad_norm": 1.23209, "iter": "248/255", "loss": 0.53504, "lr": 0.00028, "top1_err": 17.85714, "top5_err": 1.48809}
[12/19 10:34:48][INFO] logging.py:   99: json_stats: {"_type": "train_iter_", "dt": 45.39617, "dt_data": 25.42984, "dt_net": 19.96633, "epoch": "47/48", "eta": "3:17:28", "gpu_mem": "86.78G", "grad_norm": 1.28817, "iter": "249/255", "loss": 0.55839, "lr": 0.00028, "top1_err": 18.75000, "top5_err": 1.19047}
[12/19 10:34:49][INFO] logging.py:   99: json_stats: {"_type": "train_iter_", "dt": 0.66214, "dt_data": 0.00024, "dt_net": 0.66190, "epoch": "47/48", "eta": "0:02:52", "gpu_mem": "86.78G", "grad_norm": 1.14030, "iter": "250/255", "loss": 0.48186, "lr": 0.00028, "top1_err": 17.55952, "top5_err": 1.78571}
[12/19 10:34:49][INFO] logging.py:   99: json_stats: {"_type": "train_iter_", "dt": 0.66170, "dt_data": 0.00024, "dt_net": 0.66147, "epoch": "47/48", "eta": "0:02:51", "gpu_mem": "86.78G", "grad_norm": 1.30284, "iter": "251/255", "loss": 0.52659, "lr": 0.00028, "top1_err": 18.45238, "top5_err": 0.89286}
[12/19 10:34:51][INFO] logging.py:   99: json_stats: {"_type": "train_iter_", "dt": 1.14488, "dt_data": 0.00021, "dt_net": 1.14467, "epoch": "47/48", "eta": "0:04:55", "gpu_mem": "86.78G", "grad_norm": 1.11171, "iter": "252/255", "loss": 0.51068, "lr": 0.00028, "top1_err": 17.26190, "top5_err": 1.19047}
[12/19 10:34:51][INFO] logging.py:   99: json_stats: {"_type": "train_iter_", "dt": 0.66223, "dt_data": 0.00021, "dt_net": 0.66201, "epoch": "47/48", "eta": "0:02:50", "gpu_mem": "86.78G", "grad_norm": 1.21645, "iter": "253/255", "loss": 0.53293, "lr": 0.00027, "top1_err": 20.83333, "top5_err": 0.89286}
[12/19 10:34:52][INFO] logging.py:   99: json_stats: {"_type": "train_iter_", "dt": 0.66213, "dt_data": 0.00017, "dt_net": 0.66196, "epoch": "47/48", "eta": "0:02:49", "gpu_mem": "86.78G", "grad_norm": 1.16710, "iter": "254/255", "loss": 0.61265, "lr": 0.00027, "top1_err": 19.34524, "top5_err": 2.08333}
[12/19 10:34:53][INFO] logging.py:   99: json_stats: {"_type": "train_iter_", "dt": 0.66353, "dt_data": 0.00017, "dt_net": 0.66336, "epoch": "47/48", "eta": "0:02:49", "gpu_mem": "86.78G", "grad_norm": 1.21189, "iter": "255/255", "loss": 0.53551, "lr": 0.00027, "top1_err": 19.64285, "top5_err": 1.19047}
[12/19 10:34:54][INFO] logging.py:   99: json_stats: {"RAM": "218.76/856.58G", "_type": "train_epoch", "dt": 1.24381, "dt_data": 1.24381, "dt_net": 0.66336, "epoch": "47/48", "eta": "0:05:17", "gpu_mem": "86.78G", "grad_norm": 1.21189, "loss": 0.54929, "lr": 0.00027, "top1_err": 19.29622, "top5_err": 1.42040}
[12/19 10:34:54][INFO] train_net.py: 1072: Epoch 46 takes 1743.42s. Epochs from 45 to 46 take 1724.78s in average and 1724.78s in median.
[12/19 10:34:54][INFO] train_net.py: 1078: For epoch 46, each iteraction takes 6.84s in average. From epoch 45 to 46, each iteraction takes 6.76s in average.
[12/19 10:36:20][INFO] logging.py:   99: json_stats: {"_type": "val_iter", "epoch": "47/48", "eta": "3:40:03", "gpu_mem": "86.78G", "iter": "1/154", "time_diff": 86.29547, "top1_err": 14.28571, "top5_err": 0.59524}
[12/19 10:36:20][INFO] logging.py:   99: json_stats: {"_type": "val_iter", "epoch": "47/48", "eta": "0:00:44", "gpu_mem": "86.78G", "iter": "2/154", "time_diff": 0.29564, "top1_err": 16.07143, "top5_err": 0.89286}
[12/19 10:36:21][INFO] logging.py:   99: json_stats: {"_type": "val_iter", "epoch": "47/48", "eta": "0:00:45", "gpu_mem": "86.78G", "iter": "3/154", "time_diff": 0.30261, "top1_err": 11.30952, "top5_err": 0.29762}
[12/19 10:36:21][INFO] logging.py:   99: json_stats: {"_type": "val_iter", "epoch": "47/48", "eta": "0:00:46", "gpu_mem": "86.78G", "iter": "4/154", "time_diff": 0.31291, "top1_err": 16.66667, "top5_err": 0.89285}
[12/19 10:36:21][INFO] logging.py:   99: json_stats: {"_type": "val_iter", "epoch": "47/48", "eta": "0:00:46", "gpu_mem": "86.78G", "iter": "5/154", "time_diff": 0.31522, "top1_err": 13.69048, "top5_err": 1.78571}
[12/19 10:36:22][INFO] logging.py:   99: json_stats: {"_type": "val_iter", "epoch": "47/48", "eta": "0:00:45", "gpu_mem": "86.78G", "iter": "6/154", "time_diff": 0.30896, "top1_err": 11.60714, "top5_err": 0.59524}
[12/19 10:36:22][INFO] logging.py:   99: json_stats: {"_type": "val_iter", "epoch": "47/48", "eta": "0:00:45", "gpu_mem": "86.78G", "iter": "7/154", "time_diff": 0.30975, "top1_err": 13.98809, "top5_err": 0.59524}
[12/19 10:36:22][INFO] logging.py:   99: json_stats: {"_type": "val_iter", "epoch": "47/48", "eta": "0:00:45", "gpu_mem": "86.78G", "iter": "8/154", "time_diff": 0.31382, "top1_err": 13.98809, "top5_err": 0.29762}
[12/19 10:37:07][INFO] logging.py:   99: json_stats: {"_type": "val_iter", "epoch": "47/48", "eta": "1:49:15", "gpu_mem": "86.78G", "iter": "9/154", "time_diff": 45.20690, "top1_err": 13.98809, "top5_err": 0.59524}
[12/19 10:37:11][INFO] logging.py:   99: json_stats: {"_type": "val_iter", "epoch": "47/48", "eta": "0:09:08", "gpu_mem": "86.78G", "iter": "10/154", "time_diff": 3.80804, "top1_err": 14.88095, "top5_err": 0.59524}
[12/19 10:37:12][INFO] logging.py:   99: json_stats: {"_type": "val_iter", "epoch": "47/48", "eta": "0:00:43", "gpu_mem": "86.78G", "iter": "11/154", "time_diff": 0.30331, "top1_err": 12.20238, "top5_err": 0.89285}
[12/19 10:37:12][INFO] logging.py:   99: json_stats: {"_type": "val_iter", "epoch": "47/48", "eta": "0:00:42", "gpu_mem": "86.78G", "iter": "12/154", "time_diff": 0.30265, "top1_err": 17.26190, "top5_err": 0.29762}
[12/19 10:37:12][INFO] logging.py:   99: json_stats: {"_type": "val_iter", "epoch": "47/48", "eta": "0:00:44", "gpu_mem": "86.78G", "iter": "13/154", "time_diff": 0.31404, "top1_err": 17.85714, "top5_err": 2.38095}
[12/19 10:37:13][INFO] logging.py:   99: json_stats: {"_type": "val_iter", "epoch": "47/48", "eta": "0:02:32", "gpu_mem": "86.78G", "iter": "14/154", "time_diff": 1.09145, "top1_err": 13.09524, "top5_err": 0.59524}
[12/19 10:37:14][INFO] logging.py:   99: json_stats: {"_type": "val_iter", "epoch": "47/48", "eta": "0:00:41", "gpu_mem": "86.78G", "iter": "15/154", "time_diff": 0.30179, "top1_err": 15.77381, "top5_err": 0.59524}
[12/19 10:37:14][INFO] logging.py:   99: json_stats: {"_type": "val_iter", "epoch": "47/48", "eta": "0:00:41", "gpu_mem": "86.78G", "iter": "16/154", "time_diff": 0.29859, "top1_err": 12.50000, "top5_err": 0.59524}
[12/19 10:37:56][INFO] logging.py:   99: json_stats: {"_type": "val_iter", "epoch": "47/48", "eta": "1:35:06", "gpu_mem": "86.78G", "iter": "17/154", "time_diff": 41.65629, "top1_err": 15.17857, "top5_err": 0.00000}
[12/19 10:37:59][INFO] logging.py:   99: json_stats: {"_type": "val_iter", "epoch": "47/48", "eta": "0:07:37", "gpu_mem": "86.78G", "iter": "18/154", "time_diff": 3.36380, "top1_err": 14.88095, "top5_err": 0.00000}
[12/19 10:38:01][INFO] logging.py:   99: json_stats: {"_type": "val_iter", "epoch": "47/48", "eta": "0:05:02", "gpu_mem": "86.78G", "iter": "19/154", "time_diff": 2.24272, "top1_err": 12.20238, "top5_err": 1.48809}
[12/19 10:38:01][INFO] logging.py:   99: json_stats: {"_type": "val_iter", "epoch": "47/48", "eta": "0:00:40", "gpu_mem": "86.78G", "iter": "20/154", "time_diff": 0.30140, "top1_err": 15.77381, "top5_err": 0.29762}
[12/19 10:38:02][INFO] logging.py:   99: json_stats: {"_type": "val_iter", "epoch": "47/48", "eta": "0:01:00", "gpu_mem": "86.78G", "iter": "21/154", "time_diff": 0.45857, "top1_err": 15.17857, "top5_err": 0.89285}
[12/19 10:38:07][INFO] logging.py:   99: json_stats: {"_type": "val_iter", "epoch": "47/48", "eta": "0:11:39", "gpu_mem": "86.78G", "iter": "22/154", "time_diff": 5.30202, "top1_err": 15.47619, "top5_err": 1.48809}
[12/19 10:38:07][INFO] logging.py:   99: json_stats: {"_type": "val_iter", "epoch": "47/48", "eta": "0:00:39", "gpu_mem": "86.78G", "iter": "23/154", "time_diff": 0.30285, "top1_err": 15.77381, "top5_err": 1.48809}
[12/19 10:38:08][INFO] logging.py:   99: json_stats: {"_type": "val_iter", "epoch": "47/48", "eta": "0:00:38", "gpu_mem": "86.78G", "iter": "24/154", "time_diff": 0.29915, "top1_err": 15.77381, "top5_err": 0.59524}
[12/19 10:38:47][INFO] logging.py:   99: json_stats: {"_type": "val_iter", "epoch": "47/48", "eta": "1:23:15", "gpu_mem": "86.78G", "iter": "25/154", "time_diff": 38.72686, "top1_err": 15.17857, "top5_err": 0.00000}
[12/19 10:38:53][INFO] logging.py:   99: json_stats: {"_type": "val_iter", "epoch": "47/48", "eta": "0:12:46", "gpu_mem": "86.78G", "iter": "26/154", "time_diff": 5.98440, "top1_err": 14.28571, "top5_err": 0.59524}
[12/19 10:38:53][INFO] logging.py:   99: json_stats: {"_type": "val_iter", "epoch": "47/48", "eta": "0:00:38", "gpu_mem": "86.78G", "iter": "27/154", "time_diff": 0.30241, "top1_err": 14.28571, "top5_err": 0.29762}
[12/19 10:38:53][INFO] logging.py:   99: json_stats: {"_type": "val_iter", "epoch": "47/48", "eta": "0:00:38", "gpu_mem": "86.78G", "iter": "28/154", "time_diff": 0.30186, "top1_err": 15.17857, "top5_err": 0.29762}
[12/19 10:38:53][INFO] logging.py:   99: json_stats: {"_type": "val_iter", "epoch": "47/48", "eta": "0:00:38", "gpu_mem": "86.78G", "iter": "29/154", "time_diff": 0.30856, "top1_err": 16.66667, "top5_err": 0.89286}
[12/19 10:38:58][INFO] logging.py:   99: json_stats: {"_type": "val_iter", "epoch": "47/48", "eta": "0:10:24", "gpu_mem": "86.78G", "iter": "30/154", "time_diff": 5.03786, "top1_err": 17.55952, "top5_err": 0.59524}
[12/19 10:38:59][INFO] logging.py:   99: json_stats: {"_type": "val_iter", "epoch": "47/48", "eta": "0:00:36", "gpu_mem": "86.78G", "iter": "31/154", "time_diff": 0.29635, "top1_err": 15.17857, "top5_err": 1.19047}
[12/19 10:38:59][INFO] logging.py:   99: json_stats: {"_type": "val_iter", "epoch": "47/48", "eta": "0:00:36", "gpu_mem": "86.78G", "iter": "32/154", "time_diff": 0.29531, "top1_err": 15.17857, "top5_err": 1.19047}
[12/19 10:39:42][INFO] logging.py:   99: json_stats: {"_type": "val_iter", "epoch": "47/48", "eta": "1:26:03", "gpu_mem": "86.78G", "iter": "33/154", "time_diff": 42.67494, "top1_err": 14.88095, "top5_err": 0.89286}
[12/19 10:39:42][INFO] logging.py:   99: json_stats: {"_type": "val_iter", "epoch": "47/48", "eta": "0:00:35", "gpu_mem": "86.78G", "iter": "34/154", "time_diff": 0.29980, "top1_err": 17.26190, "top5_err": 1.19047}
[12/19 10:39:42][INFO] logging.py:   99: json_stats: {"_type": "val_iter", "epoch": "47/48", "eta": "0:00:35", "gpu_mem": "86.78G", "iter": "35/154", "time_diff": 0.29768, "top1_err": 14.88095, "top5_err": 1.19047}
[12/19 10:39:43][INFO] logging.py:   99: json_stats: {"_type": "val_iter", "epoch": "47/48", "eta": "0:00:37", "gpu_mem": "86.78G", "iter": "36/154", "time_diff": 0.31476, "top1_err": 16.07143, "top5_err": 1.48809}
[12/19 10:39:43][INFO] logging.py:   99: json_stats: {"_type": "val_iter", "epoch": "47/48", "eta": "0:00:36", "gpu_mem": "86.78G", "iter": "37/154", "time_diff": 0.31262, "top1_err": 12.79762, "top5_err": 0.29762}
[12/19 10:39:51][INFO] logging.py:   99: json_stats: {"_type": "val_iter", "epoch": "47/48", "eta": "0:15:10", "gpu_mem": "86.78G", "iter": "38/154", "time_diff": 7.85042, "top1_err": 14.28571, "top5_err": 1.78571}
[12/19 10:39:51][INFO] logging.py:   99: json_stats: {"_type": "val_iter", "epoch": "47/48", "eta": "0:00:34", "gpu_mem": "86.78G", "iter": "39/154", "time_diff": 0.29750, "top1_err": 9.22619, "top5_err": 0.59524}
[12/19 10:39:51][INFO] logging.py:   99: json_stats: {"_type": "val_iter", "epoch": "47/48", "eta": "0:00:34", "gpu_mem": "86.78G", "iter": "40/154", "time_diff": 0.30385, "top1_err": 12.79762, "top5_err": 0.59524}
[12/19 10:40:34][INFO] logging.py:   99: json_stats: {"_type": "val_iter", "epoch": "47/48", "eta": "1:19:31", "gpu_mem": "86.78G", "iter": "41/154", "time_diff": 42.22434, "top1_err": 15.77381, "top5_err": 0.59524}
[12/19 10:40:34][INFO] logging.py:   99: json_stats: {"_type": "val_iter", "epoch": "47/48", "eta": "0:00:33", "gpu_mem": "86.78G", "iter": "42/154", "time_diff": 0.29643, "top1_err": 15.77381, "top5_err": 1.78571}
[12/19 10:40:34][INFO] logging.py:   99: json_stats: {"_type": "val_iter", "epoch": "47/48", "eta": "0:00:33", "gpu_mem": "86.78G", "iter": "43/154", "time_diff": 0.29942, "top1_err": 15.47619, "top5_err": 0.89286}
[12/19 10:40:35][INFO] logging.py:   99: json_stats: {"_type": "val_iter", "epoch": "47/48", "eta": "0:00:34", "gpu_mem": "86.78G", "iter": "44/154", "time_diff": 0.31352, "top1_err": 14.88095, "top5_err": 0.59524}
[12/19 10:40:36][INFO] logging.py:   99: json_stats: {"_type": "val_iter", "epoch": "47/48", "eta": "0:02:28", "gpu_mem": "86.78G", "iter": "45/154", "time_diff": 1.36357, "top1_err": 14.88095, "top5_err": 0.89285}
[12/19 10:40:45][INFO] logging.py:   99: json_stats: {"_type": "val_iter", "epoch": "47/48", "eta": "0:16:36", "gpu_mem": "86.78G", "iter": "46/154", "time_diff": 9.23020, "top1_err": 13.09524, "top5_err": 0.89285}
[12/19 10:40:45][INFO] logging.py:   99: json_stats: {"_type": "val_iter", "epoch": "47/48", "eta": "0:00:31", "gpu_mem": "86.78G", "iter": "47/154", "time_diff": 0.29812, "top1_err": 11.90476, "top5_err": 0.89285}
[12/19 10:40:46][INFO] logging.py:   99: json_stats: {"_type": "val_iter", "epoch": "47/48", "eta": "0:00:31", "gpu_mem": "86.78G", "iter": "48/154", "time_diff": 0.30086, "top1_err": 14.28571, "top5_err": 0.59524}
[12/19 10:41:20][INFO] logging.py:   99: json_stats: {"_type": "val_iter", "epoch": "47/48", "eta": "1:00:12", "gpu_mem": "86.78G", "iter": "49/154", "time_diff": 34.40407, "top1_err": 16.07143, "top5_err": 0.89286}
[12/19 10:41:25][INFO] logging.py:   99: json_stats: {"_type": "val_iter", "epoch": "47/48", "eta": "0:09:07", "gpu_mem": "86.78G", "iter": "50/154", "time_diff": 5.26828, "top1_err": 16.07143, "top5_err": 0.89286}
[12/19 10:41:26][INFO] logging.py:   99: json_stats: {"_type": "val_iter", "epoch": "47/48", "eta": "0:00:31", "gpu_mem": "86.78G", "iter": "51/154", "time_diff": 0.30417, "top1_err": 11.60714, "top5_err": 0.29762}
[12/19 10:41:26][INFO] logging.py:   99: json_stats: {"_type": "val_iter", "epoch": "47/48", "eta": "0:00:30", "gpu_mem": "86.78G", "iter": "52/154", "time_diff": 0.30046, "top1_err": 16.36905, "top5_err": 1.48809}
[12/19 10:41:30][INFO] logging.py:   99: json_stats: {"_type": "val_iter", "epoch": "47/48", "eta": "0:07:21", "gpu_mem": "86.78G", "iter": "53/154", "time_diff": 4.37480, "top1_err": 16.07143, "top5_err": 0.59524}
[12/19 10:41:38][INFO] logging.py:   99: json_stats: {"_type": "val_iter", "epoch": "47/48", "eta": "0:11:56", "gpu_mem": "86.78G", "iter": "54/154", "time_diff": 7.16299, "top1_err": 16.07143, "top5_err": 0.89285}
[12/19 10:41:38][INFO] logging.py:   99: json_stats: {"_type": "val_iter", "epoch": "47/48", "eta": "0:00:29", "gpu_mem": "86.78G", "iter": "55/154", "time_diff": 0.29971, "top1_err": 14.28571, "top5_err": 0.89286}
[12/19 10:41:38][INFO] logging.py:   99: json_stats: {"_type": "val_iter", "epoch": "47/48", "eta": "0:00:29", "gpu_mem": "86.78G", "iter": "56/154", "time_diff": 0.30196, "top1_err": 16.66667, "top5_err": 0.89285}
[12/19 10:42:12][INFO] logging.py:   99: json_stats: {"_type": "val_iter", "epoch": "47/48", "eta": "0:55:13", "gpu_mem": "86.78G", "iter": "57/154", "time_diff": 34.16136, "top1_err": 14.88095, "top5_err": 0.00000}
[12/19 10:42:17][INFO] logging.py:   99: json_stats: {"_type": "val_iter", "epoch": "47/48", "eta": "0:07:17", "gpu_mem": "86.78G", "iter": "58/154", "time_diff": 4.56188, "top1_err": 18.45238, "top5_err": 0.00000}
[12/19 10:42:17][INFO] logging.py:   99: json_stats: {"_type": "val_iter", "epoch": "47/48", "eta": "0:00:28", "gpu_mem": "86.78G", "iter": "59/154", "time_diff": 0.30223, "top1_err": 13.39285, "top5_err": 0.00000}
[12/19 10:42:18][INFO] logging.py:   99: json_stats: {"_type": "val_iter", "epoch": "47/48", "eta": "0:00:28", "gpu_mem": "86.78G", "iter": "60/154", "time_diff": 0.30392, "top1_err": 14.28571, "top5_err": 1.19047}
[12/19 10:42:23][INFO] logging.py:   99: json_stats: {"_type": "val_iter", "epoch": "47/48", "eta": "0:09:11", "gpu_mem": "86.78G", "iter": "61/154", "time_diff": 5.93180, "top1_err": 14.58333, "top5_err": 0.89285}
[12/19 10:42:27][INFO] logging.py:   99: json_stats: {"_type": "val_iter", "epoch": "47/48", "eta": "0:06:07", "gpu_mem": "86.78G", "iter": "62/154", "time_diff": 3.99258, "top1_err": 13.69047, "top5_err": 1.48809}
[12/19 10:42:28][INFO] logging.py:   99: json_stats: {"_type": "val_iter", "epoch": "47/48", "eta": "0:00:27", "gpu_mem": "86.78G", "iter": "63/154", "time_diff": 0.30066, "top1_err": 16.66666, "top5_err": 1.19047}
[12/19 10:42:28][INFO] logging.py:   99: json_stats: {"_type": "val_iter", "epoch": "47/48", "eta": "0:00:26", "gpu_mem": "86.78G", "iter": "64/154", "time_diff": 0.29774, "top1_err": 12.79762, "top5_err": 0.00000}
[12/19 10:42:57][INFO] logging.py:   99: json_stats: {"_type": "val_iter", "epoch": "47/48", "eta": "0:42:15", "gpu_mem": "86.78G", "iter": "65/154", "time_diff": 28.48601, "top1_err": 13.39286, "top5_err": 0.29762}
[12/19 10:43:07][INFO] logging.py:   99: json_stats: {"_type": "val_iter", "epoch": "47/48", "eta": "0:14:52", "gpu_mem": "86.78G", "iter": "66/154", "time_diff": 10.14263, "top1_err": 13.09524, "top5_err": 0.29762}
[12/19 10:43:07][INFO] logging.py:   99: json_stats: {"_type": "val_iter", "epoch": "47/48", "eta": "0:00:26", "gpu_mem": "86.78G", "iter": "67/154", "time_diff": 0.30353, "top1_err": 15.77381, "top5_err": 0.29762}
[12/19 10:43:07][INFO] logging.py:   99: json_stats: {"_type": "val_iter", "epoch": "47/48", "eta": "0:00:26", "gpu_mem": "86.78G", "iter": "68/154", "time_diff": 0.30284, "top1_err": 16.66667, "top5_err": 0.29762}
[12/19 10:43:17][INFO] logging.py:   99: json_stats: {"_type": "val_iter", "epoch": "47/48", "eta": "0:13:09", "gpu_mem": "86.78G", "iter": "69/154", "time_diff": 9.28473, "top1_err": 18.15476, "top5_err": 0.29762}
[12/19 10:43:17][INFO] logging.py:   99: json_stats: {"_type": "val_iter", "epoch": "47/48", "eta": "0:00:25", "gpu_mem": "86.78G", "iter": "70/154", "time_diff": 0.30379, "top1_err": 12.50000, "top5_err": 1.78571}
[12/19 10:43:17][INFO] logging.py:   99: json_stats: {"_type": "val_iter", "epoch": "47/48", "eta": "0:00:25", "gpu_mem": "86.78G", "iter": "71/154", "time_diff": 0.30525, "top1_err": 19.04762, "top5_err": 0.59524}
[12/19 10:43:17][INFO] logging.py:   99: json_stats: {"_type": "val_iter", "epoch": "47/48", "eta": "0:00:24", "gpu_mem": "86.78G", "iter": "72/154", "time_diff": 0.30450, "top1_err": 11.60714, "top5_err": 0.59524}
[12/19 10:43:46][INFO] logging.py:   99: json_stats: {"_type": "val_iter", "epoch": "47/48", "eta": "0:39:00", "gpu_mem": "86.78G", "iter": "73/154", "time_diff": 28.89131, "top1_err": 15.77381, "top5_err": 1.19047}
[12/19 10:43:56][INFO] logging.py:   99: json_stats: {"_type": "val_iter", "epoch": "47/48", "eta": "0:13:17", "gpu_mem": "86.78G", "iter": "74/154", "time_diff": 9.96793, "top1_err": 12.20238, "top5_err": 0.89285}
[12/19 10:43:57][INFO] logging.py:   99: json_stats: {"_type": "val_iter", "epoch": "47/48", "eta": "0:00:24", "gpu_mem": "86.78G", "iter": "75/154", "time_diff": 0.30796, "top1_err": 18.45238, "top5_err": 1.78571}
[12/19 10:43:57][INFO] logging.py:   99: json_stats: {"_type": "val_iter", "epoch": "47/48", "eta": "0:00:23", "gpu_mem": "86.78G", "iter": "76/154", "time_diff": 0.30621, "top1_err": 13.69047, "top5_err": 0.59524}
[12/19 10:44:07][INFO] logging.py:   99: json_stats: {"_type": "val_iter", "epoch": "47/48", "eta": "0:13:02", "gpu_mem": "86.78G", "iter": "77/154", "time_diff": 10.15877, "top1_err": 11.90476, "top5_err": 0.29762}
[12/19 10:44:07][INFO] logging.py:   99: json_stats: {"_type": "val_iter", "epoch": "47/48", "eta": "0:00:22", "gpu_mem": "86.78G", "iter": "78/154", "time_diff": 0.30138, "top1_err": 15.17857, "top5_err": 0.59524}
[12/19 10:44:08][INFO] logging.py:   99: json_stats: {"_type": "val_iter", "epoch": "47/48", "eta": "0:00:22", "gpu_mem": "86.78G", "iter": "79/154", "time_diff": 0.30558, "top1_err": 16.96428, "top5_err": 1.78571}
[12/19 10:44:08][INFO] logging.py:   99: json_stats: {"_type": "val_iter", "epoch": "47/48", "eta": "0:00:22", "gpu_mem": "86.78G", "iter": "80/154", "time_diff": 0.30389, "top1_err": 14.58333, "top5_err": 0.89286}
[12/19 10:44:30][INFO] logging.py:   99: json_stats: {"_type": "val_iter", "epoch": "47/48", "eta": "0:26:33", "gpu_mem": "86.78G", "iter": "81/154", "time_diff": 21.83318, "top1_err": 13.98809, "top5_err": 1.48809}
[12/19 10:44:51][INFO] logging.py:   99: json_stats: {"_type": "val_iter", "epoch": "47/48", "eta": "0:25:48", "gpu_mem": "86.78G", "iter": "82/154", "time_diff": 21.50260, "top1_err": 13.98809, "top5_err": 1.19047}
[12/19 10:44:52][INFO] logging.py:   99: json_stats: {"_type": "val_iter", "epoch": "47/48", "eta": "0:00:21", "gpu_mem": "86.78G", "iter": "83/154", "time_diff": 0.30565, "top1_err": 14.28571, "top5_err": 0.00000}
[12/19 10:44:52][INFO] logging.py:   99: json_stats: {"_type": "val_iter", "epoch": "47/48", "eta": "0:00:21", "gpu_mem": "86.78G", "iter": "84/154", "time_diff": 0.31041, "top1_err": 13.39285, "top5_err": 1.19047}
[12/19 10:44:59][INFO] logging.py:   99: json_stats: {"_type": "val_iter", "epoch": "47/48", "eta": "0:07:47", "gpu_mem": "86.78G", "iter": "85/154", "time_diff": 6.77221, "top1_err": 14.58333, "top5_err": 0.29762}
[12/19 10:44:59][INFO] logging.py:   99: json_stats: {"_type": "val_iter", "epoch": "47/48", "eta": "0:00:20", "gpu_mem": "86.78G", "iter": "86/154", "time_diff": 0.30351, "top1_err": 14.28571, "top5_err": 0.89285}
[12/19 10:44:59][INFO] logging.py:   99: json_stats: {"_type": "val_iter", "epoch": "47/48", "eta": "0:00:20", "gpu_mem": "86.78G", "iter": "87/154", "time_diff": 0.30285, "top1_err": 12.50000, "top5_err": 0.89286}
[12/19 10:45:00][INFO] logging.py:   99: json_stats: {"_type": "val_iter", "epoch": "47/48", "eta": "0:00:20", "gpu_mem": "86.78G", "iter": "88/154", "time_diff": 0.30355, "top1_err": 14.88095, "top5_err": 0.29762}
[12/19 10:45:21][INFO] logging.py:   99: json_stats: {"_type": "val_iter", "epoch": "47/48", "eta": "0:22:58", "gpu_mem": "86.78G", "iter": "89/154", "time_diff": 21.21491, "top1_err": 11.30952, "top5_err": 0.89285}
[12/19 10:45:45][INFO] logging.py:   99: json_stats: {"_type": "val_iter", "epoch": "47/48", "eta": "0:25:29", "gpu_mem": "86.78G", "iter": "90/154", "time_diff": 23.89426, "top1_err": 12.50000, "top5_err": 0.59524}
[12/19 10:45:45][INFO] logging.py:   99: json_stats: {"_type": "val_iter", "epoch": "47/48", "eta": "0:00:19", "gpu_mem": "86.78G", "iter": "91/154", "time_diff": 0.30862, "top1_err": 16.96428, "top5_err": 0.59524}
[12/19 10:45:45][INFO] logging.py:   99: json_stats: {"_type": "val_iter", "epoch": "47/48", "eta": "0:00:19", "gpu_mem": "86.78G", "iter": "92/154", "time_diff": 0.30762, "top1_err": 14.28571, "top5_err": 0.59524}
[12/19 10:45:50][INFO] logging.py:   99: json_stats: {"_type": "val_iter", "epoch": "47/48", "eta": "0:05:02", "gpu_mem": "86.78G", "iter": "93/154", "time_diff": 4.95106, "top1_err": 17.55952, "top5_err": 0.00000}
[12/19 10:45:51][INFO] logging.py:   99: json_stats: {"_type": "val_iter", "epoch": "47/48", "eta": "0:00:18", "gpu_mem": "86.78G", "iter": "94/154", "time_diff": 0.30254, "top1_err": 11.30952, "top5_err": 0.00000}
[12/19 10:45:51][INFO] logging.py:   99: json_stats: {"_type": "val_iter", "epoch": "47/48", "eta": "0:00:18", "gpu_mem": "86.78G", "iter": "95/154", "time_diff": 0.30586, "top1_err": 12.20238, "top5_err": 0.59524}
[12/19 10:45:51][INFO] logging.py:   99: json_stats: {"_type": "val_iter", "epoch": "47/48", "eta": "0:00:17", "gpu_mem": "86.78G", "iter": "96/154", "time_diff": 0.30018, "top1_err": 18.45238, "top5_err": 0.59524}
[12/19 10:46:09][INFO] logging.py:   99: json_stats: {"_type": "val_iter", "epoch": "47/48", "eta": "0:16:24", "gpu_mem": "86.78G", "iter": "97/154", "time_diff": 17.27698, "top1_err": 14.58333, "top5_err": 0.89285}
[12/19 10:46:32][INFO] logging.py:   99: json_stats: {"_type": "val_iter", "epoch": "47/48", "eta": "0:22:05", "gpu_mem": "86.78G", "iter": "98/154", "time_diff": 23.66521, "top1_err": 14.28571, "top5_err": 0.00000}
[12/19 10:46:33][INFO] logging.py:   99: json_stats: {"_type": "val_iter", "epoch": "47/48", "eta": "0:00:16", "gpu_mem": "86.78G", "iter": "99/154", "time_diff": 0.30770, "top1_err": 14.28571, "top5_err": 0.89286}
[12/19 10:46:33][INFO] logging.py:   99: json_stats: {"_type": "val_iter", "epoch": "47/48", "eta": "0:00:16", "gpu_mem": "86.78G", "iter": "100/154", "time_diff": 0.30973, "top1_err": 15.17857, "top5_err": 0.89285}
[12/19 10:46:40][INFO] logging.py:   99: json_stats: {"_type": "val_iter", "epoch": "47/48", "eta": "0:05:57", "gpu_mem": "86.78G", "iter": "101/154", "time_diff": 6.73799, "top1_err": 18.15476, "top5_err": 0.00000}
[12/19 10:46:40][INFO] logging.py:   99: json_stats: {"_type": "val_iter", "epoch": "47/48", "eta": "0:00:15", "gpu_mem": "86.78G", "iter": "102/154", "time_diff": 0.29191, "top1_err": 16.07143, "top5_err": 1.19047}
[12/19 10:46:41][INFO] logging.py:   99: json_stats: {"_type": "val_iter", "epoch": "47/48", "eta": "0:01:03", "gpu_mem": "86.78G", "iter": "103/154", "time_diff": 1.24663, "top1_err": 15.17857, "top5_err": 0.59524}
[12/19 10:46:41][INFO] logging.py:   99: json_stats: {"_type": "val_iter", "epoch": "47/48", "eta": "0:00:15", "gpu_mem": "86.78G", "iter": "104/154", "time_diff": 0.30301, "top1_err": 14.88095, "top5_err": 0.89286}
[12/19 10:47:03][INFO] logging.py:   99: json_stats: {"_type": "val_iter", "epoch": "47/48", "eta": "0:17:15", "gpu_mem": "86.78G", "iter": "105/154", "time_diff": 21.14278, "top1_err": 11.30952, "top5_err": 0.89286}
[12/19 10:47:23][INFO] logging.py:   99: json_stats: {"_type": "val_iter", "epoch": "47/48", "eta": "0:15:58", "gpu_mem": "86.78G", "iter": "106/154", "time_diff": 19.96378, "top1_err": 12.79762, "top5_err": 0.29762}
[12/19 10:47:23][INFO] logging.py:   99: json_stats: {"_type": "val_iter", "epoch": "47/48", "eta": "0:00:14", "gpu_mem": "86.78G", "iter": "107/154", "time_diff": 0.30815, "top1_err": 16.66666, "top5_err": 0.29762}
[12/19 10:47:23][INFO] logging.py:   99: json_stats: {"_type": "val_iter", "epoch": "47/48", "eta": "0:00:14", "gpu_mem": "86.78G", "iter": "108/154", "time_diff": 0.31103, "top1_err": 16.96428, "top5_err": 0.89285}
[12/19 10:47:29][INFO] logging.py:   99: json_stats: {"_type": "val_iter", "epoch": "47/48", "eta": "0:04:12", "gpu_mem": "86.78G", "iter": "109/154", "time_diff": 5.61855, "top1_err": 13.69048, "top5_err": 1.19047}
[12/19 10:47:30][INFO] logging.py:   99: json_stats: {"_type": "val_iter", "epoch": "47/48", "eta": "0:00:52", "gpu_mem": "86.78G", "iter": "110/154", "time_diff": 1.19186, "top1_err": 15.47619, "top5_err": 0.89286}
[12/19 10:47:30][INFO] logging.py:   99: json_stats: {"_type": "val_iter", "epoch": "47/48", "eta": "0:00:12", "gpu_mem": "86.78G", "iter": "111/154", "time_diff": 0.30036, "top1_err": 17.26190, "top5_err": 1.19047}
[12/19 10:47:31][INFO] logging.py:   99: json_stats: {"_type": "val_iter", "epoch": "47/48", "eta": "0:00:12", "gpu_mem": "86.78G", "iter": "112/154", "time_diff": 0.30511, "top1_err": 12.79762, "top5_err": 0.59524}
[12/19 10:47:50][INFO] logging.py:   99: json_stats: {"_type": "val_iter", "epoch": "47/48", "eta": "0:13:29", "gpu_mem": "86.78G", "iter": "113/154", "time_diff": 19.75527, "top1_err": 15.47619, "top5_err": 0.59524}
[12/19 10:48:12][INFO] logging.py:   99: json_stats: {"_type": "val_iter", "epoch": "47/48", "eta": "0:14:46", "gpu_mem": "86.78G", "iter": "114/154", "time_diff": 22.16037, "top1_err": 13.09524, "top5_err": 0.89286}
[12/19 10:48:13][INFO] logging.py:   99: json_stats: {"_type": "val_iter", "epoch": "47/48", "eta": "0:00:11", "gpu_mem": "86.78G", "iter": "115/154", "time_diff": 0.30617, "top1_err": 13.98809, "top5_err": 0.59524}
[12/19 10:48:13][INFO] logging.py:   99: json_stats: {"_type": "val_iter", "epoch": "47/48", "eta": "0:00:11", "gpu_mem": "86.78G", "iter": "116/154", "time_diff": 0.30715, "top1_err": 12.79762, "top5_err": 0.29762}
[12/19 10:48:24][INFO] logging.py:   99: json_stats: {"_type": "val_iter", "epoch": "47/48", "eta": "0:06:34", "gpu_mem": "86.78G", "iter": "117/154", "time_diff": 10.65264, "top1_err": 14.88095, "top5_err": 0.89286}
[12/19 10:48:24][INFO] logging.py:   99: json_stats: {"_type": "val_iter", "epoch": "47/48", "eta": "0:00:10", "gpu_mem": "86.78G", "iter": "118/154", "time_diff": 0.28884, "top1_err": 16.07142, "top5_err": 0.89286}
[12/19 10:48:24][INFO] logging.py:   99: json_stats: {"_type": "val_iter", "epoch": "47/48", "eta": "0:00:10", "gpu_mem": "86.78G", "iter": "119/154", "time_diff": 0.30248, "top1_err": 17.26190, "top5_err": 1.48809}
[12/19 10:48:25][INFO] logging.py:   99: json_stats: {"_type": "val_iter", "epoch": "47/48", "eta": "0:00:10", "gpu_mem": "86.78G", "iter": "120/154", "time_diff": 0.30883, "top1_err": 12.79762, "top5_err": 0.29762}
[12/19 10:48:42][INFO] logging.py:   99: json_stats: {"_type": "val_iter", "epoch": "47/48", "eta": "0:09:35", "gpu_mem": "86.78G", "iter": "121/154", "time_diff": 17.43835, "top1_err": 16.66667, "top5_err": 0.00000}
[12/19 10:49:06][INFO] logging.py:   99: json_stats: {"_type": "val_iter", "epoch": "47/48", "eta": "0:12:38", "gpu_mem": "86.78G", "iter": "122/154", "time_diff": 23.70062, "top1_err": 15.17857, "top5_err": 0.59524}
[12/19 10:49:06][INFO] logging.py:   99: json_stats: {"_type": "val_iter", "epoch": "47/48", "eta": "0:00:09", "gpu_mem": "86.78G", "iter": "123/154", "time_diff": 0.30514, "top1_err": 13.39286, "top5_err": 0.89285}
[12/19 10:49:06][INFO] logging.py:   99: json_stats: {"_type": "val_iter", "epoch": "47/48", "eta": "0:00:09", "gpu_mem": "86.78G", "iter": "124/154", "time_diff": 0.30511, "top1_err": 14.58333, "top5_err": 0.89286}
[12/19 10:49:21][INFO] logging.py:   99: json_stats: {"_type": "val_iter", "epoch": "47/48", "eta": "0:07:15", "gpu_mem": "86.78G", "iter": "125/154", "time_diff": 15.02326, "top1_err": 12.79762, "top5_err": 0.29762}
[12/19 10:49:22][INFO] logging.py:   99: json_stats: {"_type": "val_iter", "epoch": "47/48", "eta": "0:00:08", "gpu_mem": "86.78G", "iter": "126/154", "time_diff": 0.29697, "top1_err": 16.96428, "top5_err": 1.78571}
[12/19 10:49:22][INFO] logging.py:   99: json_stats: {"_type": "val_iter", "epoch": "47/48", "eta": "0:00:08", "gpu_mem": "86.78G", "iter": "127/154", "time_diff": 0.30405, "top1_err": 11.30952, "top5_err": 0.00000}
[12/19 10:49:22][INFO] logging.py:   99: json_stats: {"_type": "val_iter", "epoch": "47/48", "eta": "0:00:08", "gpu_mem": "86.78G", "iter": "128/154", "time_diff": 0.31665, "top1_err": 13.39286, "top5_err": 0.59524}
[12/19 10:49:32][INFO] logging.py:   99: json_stats: {"_type": "val_iter", "epoch": "47/48", "eta": "0:04:00", "gpu_mem": "86.78G", "iter": "129/154", "time_diff": 9.60291, "top1_err": 12.79762, "top5_err": 0.89285}
[12/19 10:49:54][INFO] logging.py:   99: json_stats: {"_type": "val_iter", "epoch": "47/48", "eta": "0:08:52", "gpu_mem": "86.78G", "iter": "130/154", "time_diff": 22.20243, "top1_err": 14.88095, "top5_err": 0.59524}
[12/19 10:49:54][INFO] logging.py:   99: json_stats: {"_type": "val_iter", "epoch": "47/48", "eta": "0:00:07", "gpu_mem": "86.78G", "iter": "131/154", "time_diff": 0.30648, "top1_err": 14.28571, "top5_err": 0.89286}
[12/19 10:49:55][INFO] logging.py:   99: json_stats: {"_type": "val_iter", "epoch": "47/48", "eta": "0:00:06", "gpu_mem": "86.78G", "iter": "132/154", "time_diff": 0.31019, "top1_err": 12.79762, "top5_err": 0.89286}
[12/19 10:50:14][INFO] logging.py:   99: json_stats: {"_type": "val_iter", "epoch": "47/48", "eta": "0:06:41", "gpu_mem": "86.78G", "iter": "133/154", "time_diff": 19.13111, "top1_err": 15.47619, "top5_err": 1.48809}
[12/19 10:50:14][INFO] logging.py:   99: json_stats: {"_type": "val_iter", "epoch": "47/48", "eta": "0:00:05", "gpu_mem": "86.78G", "iter": "134/154", "time_diff": 0.29089, "top1_err": 16.07143, "top5_err": 0.59524}
[12/19 10:50:15][INFO] logging.py:   99: json_stats: {"_type": "val_iter", "epoch": "47/48", "eta": "0:00:05", "gpu_mem": "86.78G", "iter": "135/154", "time_diff": 0.30557, "top1_err": 15.17857, "top5_err": 1.19047}
[12/19 10:50:15][INFO] logging.py:   99: json_stats: {"_type": "val_iter", "epoch": "47/48", "eta": "0:00:05", "gpu_mem": "86.78G", "iter": "136/154", "time_diff": 0.30392, "top1_err": 18.45238, "top5_err": 1.19047}
[12/19 10:50:28][INFO] logging.py:   99: json_stats: {"_type": "val_iter", "epoch": "47/48", "eta": "0:03:36", "gpu_mem": "86.78G", "iter": "137/154", "time_diff": 12.75835, "top1_err": 13.09524, "top5_err": 1.19047}
[12/19 10:50:48][INFO] logging.py:   99: json_stats: {"_type": "val_iter", "epoch": "47/48", "eta": "0:05:23", "gpu_mem": "86.78G", "iter": "138/154", "time_diff": 20.21723, "top1_err": 16.36905, "top5_err": 0.89285}
[12/19 10:50:48][INFO] logging.py:   99: json_stats: {"_type": "val_iter", "epoch": "47/48", "eta": "0:00:04", "gpu_mem": "86.78G", "iter": "139/154", "time_diff": 0.30725, "top1_err": 16.66666, "top5_err": 1.48809}
[12/19 10:50:48][INFO] logging.py:   99: json_stats: {"_type": "val_iter", "epoch": "47/48", "eta": "0:00:04", "gpu_mem": "86.78G", "iter": "140/154", "time_diff": 0.30206, "top1_err": 13.69047, "top5_err": 0.59524}
[12/19 10:51:03][INFO] logging.py:   99: json_stats: {"_type": "val_iter", "epoch": "47/48", "eta": "0:03:13", "gpu_mem": "86.78G", "iter": "141/154", "time_diff": 14.88836, "top1_err": 12.79762, "top5_err": 0.59524}
[12/19 10:51:04][INFO] logging.py:   99: json_stats: {"_type": "val_iter", "epoch": "47/48", "eta": "0:00:03", "gpu_mem": "86.78G", "iter": "142/154", "time_diff": 0.28817, "top1_err": 16.66667, "top5_err": 1.19047}
[12/19 10:51:04][INFO] logging.py:   99: json_stats: {"_type": "val_iter", "epoch": "47/48", "eta": "0:00:03", "gpu_mem": "86.78G", "iter": "143/154", "time_diff": 0.30139, "top1_err": 13.98809, "top5_err": 0.59524}
[12/19 10:51:04][INFO] logging.py:   99: json_stats: {"_type": "val_iter", "epoch": "47/48", "eta": "0:00:03", "gpu_mem": "86.78G", "iter": "144/154", "time_diff": 0.30278, "top1_err": 14.88095, "top5_err": 1.19047}
[12/19 10:51:14][INFO] logging.py:   99: json_stats: {"_type": "val_iter", "epoch": "47/48", "eta": "0:01:27", "gpu_mem": "86.78G", "iter": "145/154", "time_diff": 9.71025, "top1_err": 14.28571, "top5_err": 0.29762}
[12/19 10:51:40][INFO] logging.py:   99: json_stats: {"_type": "val_iter", "epoch": "47/48", "eta": "0:03:28", "gpu_mem": "86.78G", "iter": "146/154", "time_diff": 26.09248, "top1_err": 13.39285, "top5_err": 0.29762}
[12/19 10:51:40][INFO] logging.py:   99: json_stats: {"_type": "val_iter", "epoch": "47/48", "eta": "0:00:02", "gpu_mem": "86.78G", "iter": "147/154", "time_diff": 0.29184, "top1_err": 12.79762, "top5_err": 0.29762}
[12/19 10:51:41][INFO] logging.py:   99: json_stats: {"_type": "val_iter", "epoch": "47/48", "eta": "0:00:01", "gpu_mem": "86.78G", "iter": "148/154", "time_diff": 0.28674, "top1_err": 14.58333, "top5_err": 0.59524}
[12/19 10:51:59][INFO] logging.py:   99: json_stats: {"_type": "val_iter", "epoch": "47/48", "eta": "0:01:31", "gpu_mem": "86.78G", "iter": "149/154", "time_diff": 18.38502, "top1_err": 14.28571, "top5_err": 1.19047}
[12/19 10:51:59][INFO] logging.py:   99: json_stats: {"_type": "val_iter", "epoch": "47/48", "eta": "0:00:01", "gpu_mem": "86.78G", "iter": "150/154", "time_diff": 0.28052, "top1_err": 14.88095, "top5_err": 0.89285}
[12/19 10:52:00][INFO] logging.py:   99: json_stats: {"_type": "val_iter", "epoch": "47/48", "eta": "0:00:00", "gpu_mem": "86.78G", "iter": "151/154", "time_diff": 0.28461, "top1_err": 11.60714, "top5_err": 1.48809}
[12/19 10:52:00][INFO] logging.py:   99: json_stats: {"_type": "val_iter", "epoch": "47/48", "eta": "0:00:00", "gpu_mem": "86.78G", "iter": "152/154", "time_diff": 0.28673, "top1_err": 12.20238, "top5_err": 0.59524}
[12/19 10:52:02][INFO] logging.py:   99: json_stats: {"_type": "val_iter", "epoch": "47/48", "eta": "0:00:02", "gpu_mem": "86.78G", "iter": "153/154", "time_diff": 2.60269, "top1_err": 14.88095, "top5_err": 0.29762}
[12/19 10:52:06][INFO] logging.py:   99: json_stats: {"_type": "val_iter", "epoch": "47/48", "eta": "0:00:00", "gpu_mem": "86.78G", "iter": "154/154", "time_diff": 3.78045, "top1_err": 16.66667, "top5_err": 0.55556}
[12/19 10:52:07][INFO] logging.py:   99: json_stats: {"RAM": "317.10/856.58G", "_type": "val_epoch", "epoch": "47/48", "gpu_mem": "86.78G", "min_top1_err": 14.44910, "min_top5_err": 0.76568, "time_diff": 0.95339, "top1_err": 14.64682, "top5_err": 0.76568}
[12/19 10:53:35][INFO] logging.py:   99: json_stats: {"_type": "train_iter_", "dt": 87.91072, "dt_data": 78.25229, "dt_net": 9.65843, "epoch": "48/48", "eta": "6:12:09", "gpu_mem": "86.78G", "grad_norm": 1.29911, "iter": "1/255", "loss": 0.59253, "lr": 0.00027, "top1_err": 20.83333, "top5_err": 1.48809}
[12/19 10:53:36][INFO] logging.py:   99: json_stats: {"_type": "train_iter_", "dt": 0.71013, "dt_data": 0.00039, "dt_net": 0.70973, "epoch": "48/48", "eta": "0:02:59", "gpu_mem": "86.78G", "grad_norm": 1.08296, "iter": "2/255", "loss": 0.52894, "lr": 0.00027, "top1_err": 18.45238, "top5_err": 2.38095}
[12/19 10:53:37][INFO] logging.py:   99: json_stats: {"_type": "train_iter_", "dt": 0.70798, "dt_data": 0.00043, "dt_net": 0.70755, "epoch": "48/48", "eta": "0:02:58", "gpu_mem": "86.78G", "grad_norm": 1.29107, "iter": "3/255", "loss": 0.48232, "lr": 0.00026, "top1_err": 19.04762, "top5_err": 0.89286}
[12/19 10:53:37][INFO] logging.py:   99: json_stats: {"_type": "train_iter_", "dt": 0.70671, "dt_data": 0.00038, "dt_net": 0.70633, "epoch": "48/48", "eta": "0:02:57", "gpu_mem": "86.78G", "grad_norm": 1.05015, "iter": "4/255", "loss": 0.44598, "lr": 0.00026, "top1_err": 16.36905, "top5_err": 1.19047}
[12/19 10:53:38][INFO] logging.py:   99: json_stats: {"_type": "train_iter_", "dt": 0.71233, "dt_data": 0.00044, "dt_net": 0.71188, "epoch": "48/48", "eta": "0:02:58", "gpu_mem": "86.78G", "grad_norm": 1.14512, "iter": "5/255", "loss": 0.43874, "lr": 0.00026, "top1_err": 13.98809, "top5_err": 0.29762}
[12/19 10:53:39][INFO] logging.py:   99: json_stats: {"_type": "train_iter_", "dt": 0.70385, "dt_data": 0.00039, "dt_net": 0.70345, "epoch": "48/48", "eta": "0:02:55", "gpu_mem": "86.78G", "grad_norm": 1.47764, "iter": "6/255", "loss": 0.62083, "lr": 0.00026, "top1_err": 22.32143, "top5_err": 1.48809}
[12/19 10:53:39][INFO] logging.py:   99: json_stats: {"_type": "train_iter_", "dt": 0.70111, "dt_data": 0.00048, "dt_net": 0.70063, "epoch": "48/48", "eta": "0:02:53", "gpu_mem": "86.78G", "grad_norm": 1.31946, "iter": "7/255", "loss": 0.58864, "lr": 0.00026, "top1_err": 19.34524, "top5_err": 2.67857}
[12/19 10:53:40][INFO] logging.py:   99: json_stats: {"_type": "train_iter_", "dt": 0.71185, "dt_data": 0.00040, "dt_net": 0.71145, "epoch": "48/48", "eta": "0:02:55", "gpu_mem": "86.78G", "grad_norm": 1.40056, "iter": "8/255", "loss": 0.58856, "lr": 0.00025, "top1_err": 19.64285, "top5_err": 1.48809}
[12/19 10:54:30][INFO] logging.py:   99: json_stats: {"_type": "train_iter_", "dt": 49.61050, "dt_data": 37.37211, "dt_net": 12.23839, "epoch": "48/48", "eta": "3:23:24", "gpu_mem": "86.78G", "grad_norm": 1.18811, "iter": "9/255", "loss": 0.56086, "lr": 0.00025, "top1_err": 19.34524, "top5_err": 0.89285}
[12/19 10:54:30][INFO] logging.py:   99: json_stats: {"_type": "train_iter_", "dt": 0.71354, "dt_data": 0.00043, "dt_net": 0.71311, "epoch": "48/48", "eta": "0:02:54", "gpu_mem": "86.78G", "grad_norm": 1.20792, "iter": "10/255", "loss": 0.49005, "lr": 0.00025, "top1_err": 16.36905, "top5_err": 1.48809}
[12/19 10:54:31][INFO] logging.py:   99: json_stats: {"_type": "train_iter_", "dt": 0.71153, "dt_data": 0.00045, "dt_net": 0.71108, "epoch": "48/48", "eta": "0:02:53", "gpu_mem": "86.78G", "grad_norm": 1.45194, "iter": "11/255", "loss": 0.58586, "lr": 0.00025, "top1_err": 19.04762, "top5_err": 1.78571}
[12/19 10:54:32][INFO] logging.py:   99: json_stats: {"_type": "train_iter_", "dt": 0.71319, "dt_data": 0.00040, "dt_net": 0.71279, "epoch": "48/48", "eta": "0:02:53", "gpu_mem": "86.78G", "grad_norm": 1.21900, "iter": "12/255", "loss": 0.53941, "lr": 0.00025, "top1_err": 18.15476, "top5_err": 1.48809}
[12/19 10:54:33][INFO] logging.py:   99: json_stats: {"_type": "train_iter_", "dt": 0.71326, "dt_data": 0.00043, "dt_net": 0.71283, "epoch": "48/48", "eta": "0:02:52", "gpu_mem": "86.78G", "grad_norm": 1.43507, "iter": "13/255", "loss": 0.58645, "lr": 0.00024, "top1_err": 19.04762, "top5_err": 1.78571}
[12/19 10:54:33][INFO] logging.py:   99: json_stats: {"_type": "train_iter_", "dt": 0.70355, "dt_data": 0.00045, "dt_net": 0.70310, "epoch": "48/48", "eta": "0:02:49", "gpu_mem": "86.78G", "grad_norm": 1.18565, "iter": "14/255", "loss": 0.49920, "lr": 0.00024, "top1_err": 19.04762, "top5_err": 0.59524}
[12/19 10:54:34][INFO] logging.py:   99: json_stats: {"_type": "train_iter_", "dt": 0.71050, "dt_data": 0.00040, "dt_net": 0.71010, "epoch": "48/48", "eta": "0:02:50", "gpu_mem": "86.78G", "grad_norm": 1.13133, "iter": "15/255", "loss": 0.46566, "lr": 0.00024, "top1_err": 17.85714, "top5_err": 1.19047}
[12/19 10:54:35][INFO] logging.py:   99: json_stats: {"_type": "train_iter_", "dt": 0.71254, "dt_data": 0.00042, "dt_net": 0.71212, "epoch": "48/48", "eta": "0:02:50", "gpu_mem": "86.78G", "grad_norm": 1.32747, "iter": "16/255", "loss": 0.52785, "lr": 0.00024, "top1_err": 16.96428, "top5_err": 1.19047}
[12/19 10:55:21][INFO] logging.py:   99: json_stats: {"_type": "train_iter_", "dt": 45.94411, "dt_data": 33.12096, "dt_net": 12.82315, "epoch": "48/48", "eta": "3:02:14", "gpu_mem": "86.78G", "grad_norm": 1.31052, "iter": "17/255", "loss": 0.59270, "lr": 0.00024, "top1_err": 19.34524, "top5_err": 1.19047}
[12/19 10:55:21][INFO] logging.py:   99: json_stats: {"_type": "train_iter_", "dt": 0.70796, "dt_data": 0.00041, "dt_net": 0.70755, "epoch": "48/48", "eta": "0:02:47", "gpu_mem": "86.78G", "grad_norm": 1.12231, "iter": "18/255", "loss": 0.53105, "lr": 0.00023, "top1_err": 19.04762, "top5_err": 2.08333}
[12/19 10:55:22][INFO] logging.py:   99: json_stats: {"_type": "train_iter_", "dt": 0.70930, "dt_data": 0.00040, "dt_net": 0.70890, "epoch": "48/48", "eta": "0:02:47", "gpu_mem": "86.78G", "grad_norm": 1.32161, "iter": "19/255", "loss": 0.59837, "lr": 0.00023, "top1_err": 21.13095, "top5_err": 1.78571}
[12/19 10:55:23][INFO] logging.py:   99: json_stats: {"_type": "train_iter_", "dt": 0.70793, "dt_data": 0.00040, "dt_net": 0.70753, "epoch": "48/48", "eta": "0:02:46", "gpu_mem": "86.78G", "grad_norm": 1.11281, "iter": "20/255", "loss": 0.50829, "lr": 0.00023, "top1_err": 19.94047, "top5_err": 0.89285}
[12/19 10:55:23][INFO] logging.py:   99: json_stats: {"_type": "train_iter_", "dt": 0.70448, "dt_data": 0.00041, "dt_net": 0.70407, "epoch": "48/48", "eta": "0:02:44", "gpu_mem": "86.78G", "grad_norm": 1.29037, "iter": "21/255", "loss": 0.54825, "lr": 0.00023, "top1_err": 20.83333, "top5_err": 2.38095}
[12/19 10:55:24][INFO] logging.py:   99: json_stats: {"_type": "train_iter_", "dt": 0.70951, "dt_data": 0.00037, "dt_net": 0.70914, "epoch": "48/48", "eta": "0:02:45", "gpu_mem": "86.78G", "grad_norm": 1.27425, "iter": "22/255", "loss": 0.52107, "lr": 0.00023, "top1_err": 20.53571, "top5_err": 0.89286}
[12/19 10:55:25][INFO] logging.py:   99: json_stats: {"_type": "train_iter_", "dt": 0.69952, "dt_data": 0.00035, "dt_net": 0.69917, "epoch": "48/48", "eta": "0:02:42", "gpu_mem": "86.78G", "grad_norm": 1.22319, "iter": "23/255", "loss": 0.56490, "lr": 0.00022, "top1_err": 19.64285, "top5_err": 0.89286}
[12/19 10:55:26][INFO] logging.py:   99: json_stats: {"_type": "train_iter_", "dt": 0.71216, "dt_data": 0.00048, "dt_net": 0.71168, "epoch": "48/48", "eta": "0:02:44", "gpu_mem": "86.78G", "grad_norm": 1.34590, "iter": "24/255", "loss": 0.65785, "lr": 0.00022, "top1_err": 22.32143, "top5_err": 1.48809}
[12/19 10:56:15][INFO] logging.py:   99: json_stats: {"_type": "train_iter_", "dt": 49.25706, "dt_data": 32.30466, "dt_net": 16.95240, "epoch": "48/48", "eta": "3:08:49", "gpu_mem": "86.78G", "grad_norm": 1.18047, "iter": "25/255", "loss": 0.49553, "lr": 0.00022, "top1_err": 18.15476, "top5_err": 0.89286}
[12/19 10:56:16][INFO] logging.py:   99: json_stats: {"_type": "train_iter_", "dt": 0.70606, "dt_data": 0.00046, "dt_net": 0.70559, "epoch": "48/48", "eta": "0:02:41", "gpu_mem": "86.78G", "grad_norm": 1.53559, "iter": "26/255", "loss": 0.63095, "lr": 0.00022, "top1_err": 21.13095, "top5_err": 2.38095}
[12/19 10:56:16][INFO] logging.py:   99: json_stats: {"_type": "train_iter_", "dt": 0.70812, "dt_data": 0.00045, "dt_net": 0.70766, "epoch": "48/48", "eta": "0:02:41", "gpu_mem": "86.78G", "grad_norm": 1.29506, "iter": "27/255", "loss": 0.48253, "lr": 0.00022, "top1_err": 18.15476, "top5_err": 0.29762}
[12/19 10:56:17][INFO] logging.py:   99: json_stats: {"_type": "train_iter_", "dt": 0.70690, "dt_data": 0.00046, "dt_net": 0.70643, "epoch": "48/48", "eta": "0:02:40", "gpu_mem": "86.78G", "grad_norm": 1.32639, "iter": "28/255", "loss": 0.56885, "lr": 0.00021, "top1_err": 18.45238, "top5_err": 1.19047}
[12/19 10:56:18][INFO] logging.py:   99: json_stats: {"_type": "train_iter_", "dt": 0.70715, "dt_data": 0.00040, "dt_net": 0.70674, "epoch": "48/48", "eta": "0:02:39", "gpu_mem": "86.78G", "grad_norm": 1.30946, "iter": "29/255", "loss": 0.48516, "lr": 0.00021, "top1_err": 15.77381, "top5_err": 0.59524}
[12/19 10:56:18][INFO] logging.py:   99: json_stats: {"_type": "train_iter_", "dt": 0.71298, "dt_data": 0.00041, "dt_net": 0.71257, "epoch": "48/48", "eta": "0:02:40", "gpu_mem": "86.78G", "grad_norm": 1.33296, "iter": "30/255", "loss": 0.51888, "lr": 0.00021, "top1_err": 16.96428, "top5_err": 1.19047}
[12/19 10:56:19][INFO] logging.py:   99: json_stats: {"_type": "train_iter_", "dt": 0.70177, "dt_data": 0.00036, "dt_net": 0.70142, "epoch": "48/48", "eta": "0:02:37", "gpu_mem": "86.78G", "grad_norm": 1.12180, "iter": "31/255", "loss": 0.54515, "lr": 0.00021, "top1_err": 17.85714, "top5_err": 1.48809}
[12/19 10:56:20][INFO] logging.py:   99: json_stats: {"_type": "train_iter_", "dt": 0.71269, "dt_data": 0.00048, "dt_net": 0.71220, "epoch": "48/48", "eta": "0:02:38", "gpu_mem": "86.78G", "grad_norm": 1.26588, "iter": "32/255", "loss": 0.43847, "lr": 0.00021, "top1_err": 16.66666, "top5_err": 0.59524}
[12/19 10:57:06][INFO] logging.py:   99: json_stats: {"_type": "train_iter_", "dt": 46.72367, "dt_data": 26.96438, "dt_net": 19.75929, "epoch": "48/48", "eta": "2:52:52", "gpu_mem": "86.78G", "grad_norm": 1.07349, "iter": "33/255", "loss": 0.44891, "lr": 0.00020, "top1_err": 16.07143, "top5_err": 1.19047}
[12/19 10:57:10][INFO] logging.py:   99: json_stats: {"_type": "train_iter_", "dt": 3.47158, "dt_data": 0.00047, "dt_net": 3.47111, "epoch": "48/48", "eta": "0:12:47", "gpu_mem": "86.78G", "grad_norm": 1.12434, "iter": "34/255", "loss": 0.43872, "lr": 0.00020, "top1_err": 15.47619, "top5_err": 0.29762}
[12/19 10:57:11][INFO] logging.py:   99: json_stats: {"_type": "train_iter_", "dt": 0.71461, "dt_data": 0.00047, "dt_net": 0.71414, "epoch": "48/48", "eta": "0:02:37", "gpu_mem": "86.78G", "grad_norm": 1.20090, "iter": "35/255", "loss": 0.51582, "lr": 0.00020, "top1_err": 17.55952, "top5_err": 1.19047}
[12/19 10:57:11][INFO] logging.py:   99: json_stats: {"_type": "train_iter_", "dt": 0.71304, "dt_data": 0.00038, "dt_net": 0.71266, "epoch": "48/48", "eta": "0:02:36", "gpu_mem": "86.78G", "grad_norm": 1.16787, "iter": "36/255", "loss": 0.49898, "lr": 0.00020, "top1_err": 19.34524, "top5_err": 0.59524}
[12/19 10:57:12][INFO] logging.py:   99: json_stats: {"_type": "train_iter_", "dt": 0.72924, "dt_data": 0.00038, "dt_net": 0.72885, "epoch": "48/48", "eta": "0:02:38", "gpu_mem": "86.78G", "grad_norm": 1.31713, "iter": "37/255", "loss": 0.65334, "lr": 0.00020, "top1_err": 22.02381, "top5_err": 1.78571}
[12/19 10:57:13][INFO] logging.py:   99: json_stats: {"_type": "train_iter_", "dt": 0.71705, "dt_data": 0.00037, "dt_net": 0.71668, "epoch": "48/48", "eta": "0:02:35", "gpu_mem": "86.78G", "grad_norm": 1.27933, "iter": "38/255", "loss": 0.62718, "lr": 0.00020, "top1_err": 20.83333, "top5_err": 1.19047}
[12/19 10:57:14][INFO] logging.py:   99: json_stats: {"_type": "train_iter_", "dt": 0.71830, "dt_data": 0.00037, "dt_net": 0.71793, "epoch": "48/48", "eta": "0:02:35", "gpu_mem": "86.78G", "grad_norm": 1.18702, "iter": "39/255", "loss": 0.47282, "lr": 0.00019, "top1_err": 18.15476, "top5_err": 0.00000}
[12/19 10:57:14][INFO] logging.py:   99: json_stats: {"_type": "train_iter_", "dt": 0.71390, "dt_data": 0.00052, "dt_net": 0.71337, "epoch": "48/48", "eta": "0:02:33", "gpu_mem": "86.78G", "grad_norm": 1.18747, "iter": "40/255", "loss": 0.53625, "lr": 0.00019, "top1_err": 19.94048, "top5_err": 1.19047}
[12/19 10:58:03][INFO] logging.py:   99: json_stats: {"_type": "train_iter_", "dt": 48.56229, "dt_data": 24.71009, "dt_net": 23.85219, "epoch": "48/48", "eta": "2:53:12", "gpu_mem": "86.78G", "grad_norm": 1.09711, "iter": "41/255", "loss": 0.51152, "lr": 0.00019, "top1_err": 17.26190, "top5_err": 2.38095}
[12/19 10:58:04][INFO] logging.py:   99: json_stats: {"_type": "train_iter_", "dt": 0.71043, "dt_data": 0.00048, "dt_net": 0.70995, "epoch": "48/48", "eta": "0:02:31", "gpu_mem": "86.78G", "grad_norm": 1.28136, "iter": "42/255", "loss": 0.57626, "lr": 0.00019, "top1_err": 21.42857, "top5_err": 1.48809}
[12/19 10:58:04][INFO] logging.py:   99: json_stats: {"_type": "train_iter_", "dt": 0.71097, "dt_data": 0.00041, "dt_net": 0.71056, "epoch": "48/48", "eta": "0:02:30", "gpu_mem": "86.78G", "grad_norm": 1.42351, "iter": "43/255", "loss": 0.59826, "lr": 0.00019, "top1_err": 20.83333, "top5_err": 1.19047}
[12/19 10:58:05][INFO] logging.py:   99: json_stats: {"_type": "train_iter_", "dt": 0.71065, "dt_data": 0.00038, "dt_net": 0.71027, "epoch": "48/48", "eta": "0:02:29", "gpu_mem": "86.78G", "grad_norm": 1.09904, "iter": "44/255", "loss": 0.52971, "lr": 0.00019, "top1_err": 16.66666, "top5_err": 1.48809}
[12/19 10:58:06][INFO] logging.py:   99: json_stats: {"_type": "train_iter_", "dt": 0.70101, "dt_data": 0.00043, "dt_net": 0.70057, "epoch": "48/48", "eta": "0:02:27", "gpu_mem": "86.78G", "grad_norm": 1.27249, "iter": "45/255", "loss": 0.53970, "lr": 0.00018, "top1_err": 20.53571, "top5_err": 0.59524}
[12/19 10:58:06][INFO] logging.py:   99: json_stats: {"_type": "train_iter_", "dt": 0.70856, "dt_data": 0.00041, "dt_net": 0.70815, "epoch": "48/48", "eta": "0:02:28", "gpu_mem": "86.78G", "grad_norm": 1.28109, "iter": "46/255", "loss": 0.58248, "lr": 0.00018, "top1_err": 19.64286, "top5_err": 2.08333}
[12/19 10:58:07][INFO] logging.py:   99: json_stats: {"_type": "train_iter_", "dt": 0.71096, "dt_data": 0.00055, "dt_net": 0.71042, "epoch": "48/48", "eta": "0:02:27", "gpu_mem": "86.78G", "grad_norm": 1.25613, "iter": "47/255", "loss": 0.62551, "lr": 0.00018, "top1_err": 21.13095, "top5_err": 2.67857}
[12/19 10:58:08][INFO] logging.py:   99: json_stats: {"_type": "train_iter_", "dt": 0.70964, "dt_data": 0.00048, "dt_net": 0.70916, "epoch": "48/48", "eta": "0:02:26", "gpu_mem": "86.78G", "grad_norm": 1.25230, "iter": "48/255", "loss": 0.55413, "lr": 0.00018, "top1_err": 19.64285, "top5_err": 1.19047}
[12/19 10:58:51][INFO] logging.py:   99: json_stats: {"_type": "train_iter_", "dt": 43.25072, "dt_data": 19.77490, "dt_net": 23.47581, "epoch": "48/48", "eta": "2:28:29", "gpu_mem": "86.78G", "grad_norm": 1.37724, "iter": "49/255", "loss": 0.51233, "lr": 0.00018, "top1_err": 17.85714, "top5_err": 0.89286}
[12/19 10:58:54][INFO] logging.py:   99: json_stats: {"_type": "train_iter_", "dt": 3.36729, "dt_data": 0.00058, "dt_net": 3.36671, "epoch": "48/48", "eta": "0:11:30", "gpu_mem": "86.78G", "grad_norm": 1.18009, "iter": "50/255", "loss": 0.48753, "lr": 0.00017, "top1_err": 17.55952, "top5_err": 1.19047}
[12/19 10:58:55][INFO] logging.py:   99: json_stats: {"_type": "train_iter_", "dt": 0.71004, "dt_data": 0.00046, "dt_net": 0.70959, "epoch": "48/48", "eta": "0:02:24", "gpu_mem": "86.78G", "grad_norm": 1.31234, "iter": "51/255", "loss": 0.58882, "lr": 0.00017, "top1_err": 22.61905, "top5_err": 1.78571}
[12/19 10:58:56][INFO] logging.py:   99: json_stats: {"_type": "train_iter_", "dt": 0.71069, "dt_data": 0.00040, "dt_net": 0.71028, "epoch": "48/48", "eta": "0:02:24", "gpu_mem": "86.78G", "grad_norm": 1.42621, "iter": "52/255", "loss": 0.59022, "lr": 0.00017, "top1_err": 20.23809, "top5_err": 1.19047}
[12/19 10:58:57][INFO] logging.py:   99: json_stats: {"_type": "train_iter_", "dt": 0.71183, "dt_data": 0.00038, "dt_net": 0.71145, "epoch": "48/48", "eta": "0:02:23", "gpu_mem": "86.78G", "grad_norm": 1.09815, "iter": "53/255", "loss": 0.46470, "lr": 0.00017, "top1_err": 18.15476, "top5_err": 1.48809}
[12/19 10:58:57][INFO] logging.py:   99: json_stats: {"_type": "train_iter_", "dt": 0.70587, "dt_data": 0.00038, "dt_net": 0.70549, "epoch": "48/48", "eta": "0:02:21", "gpu_mem": "86.78G", "grad_norm": 1.11420, "iter": "54/255", "loss": 0.45674, "lr": 0.00017, "top1_err": 14.28571, "top5_err": 1.78571}
[12/19 10:58:58][INFO] logging.py:   99: json_stats: {"_type": "train_iter_", "dt": 0.70137, "dt_data": 0.00042, "dt_net": 0.70095, "epoch": "48/48", "eta": "0:02:20", "gpu_mem": "86.78G", "grad_norm": 1.27478, "iter": "55/255", "loss": 0.61323, "lr": 0.00017, "top1_err": 21.72619, "top5_err": 1.48809}
[12/19 10:58:59][INFO] logging.py:   99: json_stats: {"_type": "train_iter_", "dt": 0.70925, "dt_data": 0.00039, "dt_net": 0.70886, "epoch": "48/48", "eta": "0:02:21", "gpu_mem": "86.78G", "grad_norm": 1.31317, "iter": "56/255", "loss": 0.53860, "lr": 0.00016, "top1_err": 19.64286, "top5_err": 0.89286}
[12/19 10:59:45][INFO] logging.py:   99: json_stats: {"_type": "train_iter_", "dt": 46.54961, "dt_data": 21.32413, "dt_net": 25.22547, "epoch": "48/48", "eta": "2:33:36", "gpu_mem": "86.78G", "grad_norm": 1.08568, "iter": "57/255", "loss": 0.48804, "lr": 0.00016, "top1_err": 16.36905, "top5_err": 1.78571}
[12/19 10:59:46][INFO] logging.py:   99: json_stats: {"_type": "train_iter_", "dt": 1.24971, "dt_data": 0.55011, "dt_net": 0.69959, "epoch": "48/48", "eta": "0:04:06", "gpu_mem": "86.78G", "grad_norm": 1.24088, "iter": "58/255", "loss": 0.50403, "lr": 0.00016, "top1_err": 17.85714, "top5_err": 0.00000}
[12/19 10:59:47][INFO] logging.py:   99: json_stats: {"_type": "train_iter_", "dt": 0.70299, "dt_data": 0.00046, "dt_net": 0.70253, "epoch": "48/48", "eta": "0:02:17", "gpu_mem": "86.78G", "grad_norm": 1.23091, "iter": "59/255", "loss": 0.47940, "lr": 0.00016, "top1_err": 16.07143, "top5_err": 1.48809}
[12/19 10:59:48][INFO] logging.py:   99: json_stats: {"_type": "train_iter_", "dt": 0.71209, "dt_data": 0.00037, "dt_net": 0.71172, "epoch": "48/48", "eta": "0:02:18", "gpu_mem": "86.78G", "grad_norm": 1.29748, "iter": "60/255", "loss": 0.59170, "lr": 0.00016, "top1_err": 20.53572, "top5_err": 1.78571}
[12/19 10:59:49][INFO] logging.py:   99: json_stats: {"_type": "train_iter_", "dt": 0.70717, "dt_data": 0.00040, "dt_net": 0.70677, "epoch": "48/48", "eta": "0:02:17", "gpu_mem": "86.78G", "grad_norm": 1.02661, "iter": "61/255", "loss": 0.41015, "lr": 0.00016, "top1_err": 13.09523, "top5_err": 0.89286}
[12/19 10:59:49][INFO] logging.py:   99: json_stats: {"_type": "train_iter_", "dt": 0.70580, "dt_data": 0.00046, "dt_net": 0.70535, "epoch": "48/48", "eta": "0:02:16", "gpu_mem": "86.78G", "grad_norm": 1.24987, "iter": "62/255", "loss": 0.52263, "lr": 0.00015, "top1_err": 18.75000, "top5_err": 1.48809}
[12/19 10:59:50][INFO] logging.py:   99: json_stats: {"_type": "train_iter_", "dt": 0.70907, "dt_data": 0.00043, "dt_net": 0.70865, "epoch": "48/48", "eta": "0:02:16", "gpu_mem": "86.78G", "grad_norm": 1.31729, "iter": "63/255", "loss": 0.55177, "lr": 0.00015, "top1_err": 19.94048, "top5_err": 1.48809}
[12/19 10:59:51][INFO] logging.py:   99: json_stats: {"_type": "train_iter_", "dt": 0.70855, "dt_data": 0.00039, "dt_net": 0.70816, "epoch": "48/48", "eta": "0:02:15", "gpu_mem": "86.78G", "grad_norm": 1.54660, "iter": "64/255", "loss": 0.62893, "lr": 0.00015, "top1_err": 20.53571, "top5_err": 1.48809}
[12/19 11:00:35][INFO] logging.py:   99: json_stats: {"_type": "train_iter_", "dt": 44.75532, "dt_data": 24.52171, "dt_net": 20.23360, "epoch": "48/48", "eta": "2:21:43", "gpu_mem": "86.78G", "grad_norm": 1.25251, "iter": "65/255", "loss": 0.54294, "lr": 0.00015, "top1_err": 19.94047, "top5_err": 1.48809}
[12/19 11:00:44][INFO] logging.py:   99: json_stats: {"_type": "train_iter_", "dt": 8.37615, "dt_data": 7.67281, "dt_net": 0.70334, "epoch": "48/48", "eta": "0:26:23", "gpu_mem": "86.78G", "grad_norm": 1.36014, "iter": "66/255", "loss": 0.57240, "lr": 0.00015, "top1_err": 22.91666, "top5_err": 0.59524}
[12/19 11:00:45][INFO] logging.py:   99: json_stats: {"_type": "train_iter_", "dt": 0.71135, "dt_data": 0.00037, "dt_net": 0.71098, "epoch": "48/48", "eta": "0:02:13", "gpu_mem": "86.78G", "grad_norm": 1.21954, "iter": "67/255", "loss": 0.50863, "lr": 0.00015, "top1_err": 17.26190, "top5_err": 0.59524}
[12/19 11:00:45][INFO] logging.py:   99: json_stats: {"_type": "train_iter_", "dt": 0.70665, "dt_data": 0.00037, "dt_net": 0.70627, "epoch": "48/48", "eta": "0:02:12", "gpu_mem": "86.78G", "grad_norm": 1.18056, "iter": "68/255", "loss": 0.51399, "lr": 0.00015, "top1_err": 16.07143, "top5_err": 2.38095}
[12/19 11:00:46][INFO] logging.py:   99: json_stats: {"_type": "train_iter_", "dt": 0.70224, "dt_data": 0.00040, "dt_net": 0.70184, "epoch": "48/48", "eta": "0:02:10", "gpu_mem": "86.78G", "grad_norm": 1.24832, "iter": "69/255", "loss": 0.59259, "lr": 0.00014, "top1_err": 19.64286, "top5_err": 2.08333}
[12/19 11:00:47][INFO] logging.py:   99: json_stats: {"_type": "train_iter_", "dt": 0.72024, "dt_data": 0.00036, "dt_net": 0.71988, "epoch": "48/48", "eta": "0:02:13", "gpu_mem": "86.78G", "grad_norm": 1.32321, "iter": "70/255", "loss": 0.56081, "lr": 0.00014, "top1_err": 18.45238, "top5_err": 1.78571}
[12/19 11:00:47][INFO] logging.py:   99: json_stats: {"_type": "train_iter_", "dt": 0.70954, "dt_data": 0.00035, "dt_net": 0.70918, "epoch": "48/48", "eta": "0:02:10", "gpu_mem": "86.78G", "grad_norm": 1.23154, "iter": "71/255", "loss": 0.56168, "lr": 0.00014, "top1_err": 19.64286, "top5_err": 2.08333}
[12/19 11:00:48][INFO] logging.py:   99: json_stats: {"_type": "train_iter_", "dt": 0.71453, "dt_data": 0.00036, "dt_net": 0.71417, "epoch": "48/48", "eta": "0:02:10", "gpu_mem": "86.78G", "grad_norm": 1.26368, "iter": "72/255", "loss": 0.51059, "lr": 0.00014, "top1_err": 18.15476, "top5_err": 1.19047}
[12/19 11:01:30][INFO] logging.py:   99: json_stats: {"_type": "train_iter_", "dt": 41.57315, "dt_data": 23.33945, "dt_net": 18.23370, "epoch": "48/48", "eta": "2:06:06", "gpu_mem": "86.78G", "grad_norm": 1.11121, "iter": "73/255", "loss": 0.48987, "lr": 0.00014, "top1_err": 16.07143, "top5_err": 1.19047}
[12/19 11:01:38][INFO] logging.py:   99: json_stats: {"_type": "train_iter_", "dt": 8.55691, "dt_data": 7.85928, "dt_net": 0.69763, "epoch": "48/48", "eta": "0:25:48", "gpu_mem": "86.78G", "grad_norm": 1.33230, "iter": "74/255", "loss": 0.54267, "lr": 0.00014, "top1_err": 16.36905, "top5_err": 1.48809}
[12/19 11:01:39][INFO] logging.py:   99: json_stats: {"_type": "train_iter_", "dt": 0.70844, "dt_data": 0.00079, "dt_net": 0.70765, "epoch": "48/48", "eta": "0:02:07", "gpu_mem": "86.78G", "grad_norm": 1.40163, "iter": "75/255", "loss": 0.53208, "lr": 0.00013, "top1_err": 19.94048, "top5_err": 1.19047}
[12/19 11:01:40][INFO] logging.py:   99: json_stats: {"_type": "train_iter_", "dt": 0.70626, "dt_data": 0.00047, "dt_net": 0.70576, "epoch": "48/48", "eta": "0:02:06", "gpu_mem": "86.78G", "grad_norm": 1.21727, "iter": "76/255", "loss": 0.53912, "lr": 0.00013, "top1_err": 18.45238, "top5_err": 2.08333}
[12/19 11:01:40][INFO] logging.py:   99: json_stats: {"_type": "train_iter_", "dt": 0.70361, "dt_data": 0.00043, "dt_net": 0.70317, "epoch": "48/48", "eta": "0:02:05", "gpu_mem": "86.78G", "grad_norm": 1.27724, "iter": "77/255", "loss": 0.57609, "lr": 0.00013, "top1_err": 20.53571, "top5_err": 1.78571}
[12/19 11:01:41][INFO] logging.py:   99: json_stats: {"_type": "train_iter_", "dt": 0.69923, "dt_data": 0.00042, "dt_net": 0.69881, "epoch": "48/48", "eta": "0:02:03", "gpu_mem": "86.78G", "grad_norm": 1.32662, "iter": "78/255", "loss": 0.50588, "lr": 0.00013, "top1_err": 19.34524, "top5_err": 0.59524}
[12/19 11:01:42][INFO] logging.py:   99: json_stats: {"_type": "train_iter_", "dt": 0.70803, "dt_data": 0.00039, "dt_net": 0.70764, "epoch": "48/48", "eta": "0:02:04", "gpu_mem": "86.78G", "grad_norm": 1.22822, "iter": "79/255", "loss": 0.53100, "lr": 0.00013, "top1_err": 19.64286, "top5_err": 1.78571}
[12/19 11:01:42][INFO] logging.py:   99: json_stats: {"_type": "train_iter_", "dt": 0.70470, "dt_data": 0.00047, "dt_net": 0.70422, "epoch": "48/48", "eta": "0:02:03", "gpu_mem": "86.78G", "grad_norm": 1.21455, "iter": "80/255", "loss": 0.51252, "lr": 0.00013, "top1_err": 16.66667, "top5_err": 1.19047}
[12/19 11:02:26][INFO] logging.py:   99: json_stats: {"_type": "train_iter_", "dt": 43.59856, "dt_data": 21.63927, "dt_net": 21.95929, "epoch": "48/48", "eta": "2:06:26", "gpu_mem": "86.78G", "grad_norm": 1.35175, "iter": "81/255", "loss": 0.57504, "lr": 0.00013, "top1_err": 20.83333, "top5_err": 1.19047}
[12/19 11:02:33][INFO] logging.py:   99: json_stats: {"_type": "train_iter_", "dt": 6.62243, "dt_data": 3.90685, "dt_net": 2.71558, "epoch": "48/48", "eta": "0:19:05", "gpu_mem": "86.78G", "grad_norm": 1.32317, "iter": "82/255", "loss": 0.57410, "lr": 0.00012, "top1_err": 19.94048, "top5_err": 1.78571}
[12/19 11:02:33][INFO] logging.py:   99: json_stats: {"_type": "train_iter_", "dt": 0.72338, "dt_data": 0.00040, "dt_net": 0.72297, "epoch": "48/48", "eta": "0:02:04", "gpu_mem": "86.78G", "grad_norm": 1.12585, "iter": "83/255", "loss": 0.51087, "lr": 0.00012, "top1_err": 17.55952, "top5_err": 1.19047}
[12/19 11:02:34][INFO] logging.py:   99: json_stats: {"_type": "train_iter_", "dt": 0.71822, "dt_data": 0.00044, "dt_net": 0.71778, "epoch": "48/48", "eta": "0:02:02", "gpu_mem": "86.78G", "grad_norm": 1.15190, "iter": "84/255", "loss": 0.42633, "lr": 0.00012, "top1_err": 14.58333, "top5_err": 0.59524}
[12/19 11:02:35][INFO] logging.py:   99: json_stats: {"_type": "train_iter_", "dt": 0.71463, "dt_data": 0.00038, "dt_net": 0.71425, "epoch": "48/48", "eta": "0:02:01", "gpu_mem": "86.78G", "grad_norm": 1.27484, "iter": "85/255", "loss": 0.57315, "lr": 0.00012, "top1_err": 22.02381, "top5_err": 0.89285}
[12/19 11:02:36][INFO] logging.py:   99: json_stats: {"_type": "train_iter_", "dt": 0.71380, "dt_data": 0.00062, "dt_net": 0.71318, "epoch": "48/48", "eta": "0:02:00", "gpu_mem": "86.78G", "grad_norm": 1.26550, "iter": "86/255", "loss": 0.50277, "lr": 0.00012, "top1_err": 17.85714, "top5_err": 1.19047}
[12/19 11:02:36][INFO] logging.py:   99: json_stats: {"_type": "train_iter_", "dt": 0.72805, "dt_data": 0.00041, "dt_net": 0.72763, "epoch": "48/48", "eta": "0:02:02", "gpu_mem": "86.78G", "grad_norm": 1.39850, "iter": "87/255", "loss": 0.58438, "lr": 0.00012, "top1_err": 19.04762, "top5_err": 0.59524}
[12/19 11:02:37][INFO] logging.py:   99: json_stats: {"_type": "train_iter_", "dt": 0.71748, "dt_data": 0.00064, "dt_net": 0.71683, "epoch": "48/48", "eta": "0:01:59", "gpu_mem": "86.78G", "grad_norm": 1.29485, "iter": "88/255", "loss": 0.54758, "lr": 0.00012, "top1_err": 17.85714, "top5_err": 1.19047}
[12/19 11:03:19][INFO] logging.py:   99: json_stats: {"_type": "train_iter_", "dt": 42.43053, "dt_data": 20.83788, "dt_net": 21.59265, "epoch": "48/48", "eta": "1:57:23", "gpu_mem": "86.78G", "grad_norm": 1.34383, "iter": "89/255", "loss": 0.54579, "lr": 0.00011, "top1_err": 18.15476, "top5_err": 1.78571}
[12/19 11:03:25][INFO] logging.py:   99: json_stats: {"_type": "train_iter_", "dt": 5.78876, "dt_data": 4.62310, "dt_net": 1.16566, "epoch": "48/48", "eta": "0:15:55", "gpu_mem": "86.78G", "grad_norm": 1.33605, "iter": "90/255", "loss": 0.55537, "lr": 0.00011, "top1_err": 19.94048, "top5_err": 1.48809}
[12/19 11:03:26][INFO] logging.py:   99: json_stats: {"_type": "train_iter_", "dt": 0.71146, "dt_data": 0.00039, "dt_net": 0.71107, "epoch": "48/48", "eta": "0:01:56", "gpu_mem": "86.78G", "grad_norm": 1.22428, "iter": "91/255", "loss": 0.53348, "lr": 0.00011, "top1_err": 19.64286, "top5_err": 0.59524}
[12/19 11:03:27][INFO] logging.py:   99: json_stats: {"_type": "train_iter_", "dt": 0.72495, "dt_data": 0.00054, "dt_net": 0.72441, "epoch": "48/48", "eta": "0:01:58", "gpu_mem": "86.78G", "grad_norm": 1.23163, "iter": "92/255", "loss": 0.51563, "lr": 0.00011, "top1_err": 18.15476, "top5_err": 0.89286}
[12/19 11:03:27][INFO] logging.py:   99: json_stats: {"_type": "train_iter_", "dt": 0.70791, "dt_data": 0.00038, "dt_net": 0.70754, "epoch": "48/48", "eta": "0:01:54", "gpu_mem": "86.78G", "grad_norm": 1.43564, "iter": "93/255", "loss": 0.51160, "lr": 0.00011, "top1_err": 17.85714, "top5_err": 1.19047}
[12/19 11:03:28][INFO] logging.py:   99: json_stats: {"_type": "train_iter_", "dt": 0.70695, "dt_data": 0.00037, "dt_net": 0.70658, "epoch": "48/48", "eta": "0:01:53", "gpu_mem": "86.78G", "grad_norm": 1.20841, "iter": "94/255", "loss": 0.51556, "lr": 0.00011, "top1_err": 20.83333, "top5_err": 0.29762}
[12/19 11:03:29][INFO] logging.py:   99: json_stats: {"_type": "train_iter_", "dt": 0.70829, "dt_data": 0.00039, "dt_net": 0.70790, "epoch": "48/48", "eta": "0:01:53", "gpu_mem": "86.78G", "grad_norm": 1.28559, "iter": "95/255", "loss": 0.60514, "lr": 0.00011, "top1_err": 21.42857, "top5_err": 2.97619}
[12/19 11:03:30][INFO] logging.py:   99: json_stats: {"_type": "train_iter_", "dt": 0.70793, "dt_data": 0.00044, "dt_net": 0.70749, "epoch": "48/48", "eta": "0:01:52", "gpu_mem": "86.78G", "grad_norm": 1.32964, "iter": "96/255", "loss": 0.60401, "lr": 0.00011, "top1_err": 22.02381, "top5_err": 1.78571}
[12/19 11:04:11][INFO] logging.py:   99: json_stats: {"_type": "train_iter_", "dt": 41.90938, "dt_data": 20.66781, "dt_net": 21.24157, "epoch": "48/48", "eta": "1:50:21", "gpu_mem": "86.78G", "grad_norm": 1.32323, "iter": "97/255", "loss": 0.55445, "lr": 0.00010, "top1_err": 17.26190, "top5_err": 1.19047}
[12/19 11:04:21][INFO] logging.py:   99: json_stats: {"_type": "train_iter_", "dt": 9.48772, "dt_data": 8.78920, "dt_net": 0.69851, "epoch": "48/48", "eta": "0:24:49", "gpu_mem": "86.78G", "grad_norm": 1.29843, "iter": "98/255", "loss": 0.53741, "lr": 0.00010, "top1_err": 18.75000, "top5_err": 2.38095}
[12/19 11:04:22][INFO] logging.py:   99: json_stats: {"_type": "train_iter_", "dt": 0.69860, "dt_data": 0.00046, "dt_net": 0.69814, "epoch": "48/48", "eta": "0:01:48", "gpu_mem": "86.78G", "grad_norm": 1.46751, "iter": "99/255", "loss": 0.58648, "lr": 0.00010, "top1_err": 20.23809, "top5_err": 1.78571}
[12/19 11:04:22][INFO] logging.py:   99: json_stats: {"_type": "train_iter_", "dt": 0.70690, "dt_data": 0.00040, "dt_net": 0.70649, "epoch": "48/48", "eta": "0:01:49", "gpu_mem": "86.78G", "grad_norm": 1.20601, "iter": "100/255", "loss": 0.54253, "lr": 0.00010, "top1_err": 19.94048, "top5_err": 0.89285}
[12/19 11:04:23][INFO] logging.py:   99: json_stats: {"_type": "train_iter_", "dt": 0.70558, "dt_data": 0.00038, "dt_net": 0.70520, "epoch": "48/48", "eta": "0:01:48", "gpu_mem": "86.78G", "grad_norm": 1.21873, "iter": "101/255", "loss": 0.60427, "lr": 0.00010, "top1_err": 23.21428, "top5_err": 2.08333}
[12/19 11:04:24][INFO] logging.py:   99: json_stats: {"_type": "train_iter_", "dt": 0.70937, "dt_data": 0.00086, "dt_net": 0.70851, "epoch": "48/48", "eta": "0:01:48", "gpu_mem": "86.78G", "grad_norm": 1.18412, "iter": "102/255", "loss": 0.50774, "lr": 0.00010, "top1_err": 18.45238, "top5_err": 0.59524}
[12/19 11:04:24][INFO] logging.py:   99: json_stats: {"_type": "train_iter_", "dt": 0.70870, "dt_data": 0.00062, "dt_net": 0.70808, "epoch": "48/48", "eta": "0:01:47", "gpu_mem": "86.78G", "grad_norm": 1.47443, "iter": "103/255", "loss": 0.62287, "lr": 0.00010, "top1_err": 22.32143, "top5_err": 1.48809}
[12/19 11:04:25][INFO] logging.py:   99: json_stats: {"_type": "train_iter_", "dt": 0.70439, "dt_data": 0.00036, "dt_net": 0.70402, "epoch": "48/48", "eta": "0:01:46", "gpu_mem": "86.78G", "grad_norm": 1.28464, "iter": "104/255", "loss": 0.60176, "lr": 0.00010, "top1_err": 19.64285, "top5_err": 2.97619}
[12/19 11:05:04][INFO] logging.py:   99: json_stats: {"_type": "train_iter_", "dt": 39.32501, "dt_data": 20.03303, "dt_net": 19.29198, "epoch": "48/48", "eta": "1:38:18", "gpu_mem": "86.78G", "grad_norm": 1.25043, "iter": "105/255", "loss": 0.53042, "lr": 0.00009, "top1_err": 19.64286, "top5_err": 1.48809}
[12/19 11:05:17][INFO] logging.py:   99: json_stats: {"_type": "train_iter_", "dt": 12.47975, "dt_data": 11.78141, "dt_net": 0.69834, "epoch": "48/48", "eta": "0:30:59", "gpu_mem": "86.78G", "grad_norm": 1.29022, "iter": "106/255", "loss": 0.54134, "lr": 0.00009, "top1_err": 18.45238, "top5_err": 0.89286}
[12/19 11:05:18][INFO] logging.py:   99: json_stats: {"_type": "train_iter_", "dt": 0.70653, "dt_data": 0.00045, "dt_net": 0.70608, "epoch": "48/48", "eta": "0:01:44", "gpu_mem": "86.78G", "grad_norm": 1.18913, "iter": "107/255", "loss": 0.54214, "lr": 0.00009, "top1_err": 19.94047, "top5_err": 0.89286}
[12/19 11:05:18][INFO] logging.py:   99: json_stats: {"_type": "train_iter_", "dt": 0.70376, "dt_data": 0.00042, "dt_net": 0.70334, "epoch": "48/48", "eta": "0:01:43", "gpu_mem": "86.78G", "grad_norm": 1.20367, "iter": "108/255", "loss": 0.52966, "lr": 0.00009, "top1_err": 19.04762, "top5_err": 1.78571}
[12/19 11:05:19][INFO] logging.py:   99: json_stats: {"_type": "train_iter_", "dt": 0.70249, "dt_data": 0.00040, "dt_net": 0.70209, "epoch": "48/48", "eta": "0:01:42", "gpu_mem": "86.78G", "grad_norm": 1.15435, "iter": "109/255", "loss": 0.50103, "lr": 0.00009, "top1_err": 18.45238, "top5_err": 1.48809}
[12/19 11:05:20][INFO] logging.py:   99: json_stats: {"_type": "train_iter_", "dt": 0.70953, "dt_data": 0.00038, "dt_net": 0.70915, "epoch": "48/48", "eta": "0:01:42", "gpu_mem": "86.78G", "grad_norm": 1.26717, "iter": "110/255", "loss": 0.51872, "lr": 0.00009, "top1_err": 16.66667, "top5_err": 2.08333}
[12/19 11:05:21][INFO] logging.py:   99: json_stats: {"_type": "train_iter_", "dt": 0.69925, "dt_data": 0.00051, "dt_net": 0.69873, "epoch": "48/48", "eta": "0:01:40", "gpu_mem": "86.78G", "grad_norm": 1.24821, "iter": "111/255", "loss": 0.52372, "lr": 0.00009, "top1_err": 18.15476, "top5_err": 1.48809}
[12/19 11:05:21][INFO] logging.py:   99: json_stats: {"_type": "train_iter_", "dt": 0.70479, "dt_data": 0.00044, "dt_net": 0.70434, "epoch": "48/48", "eta": "0:01:40", "gpu_mem": "86.78G", "grad_norm": 1.34371, "iter": "112/255", "loss": 0.57763, "lr": 0.00009, "top1_err": 18.75000, "top5_err": 2.38095}
[12/19 11:05:53][INFO] logging.py:   99: json_stats: {"_type": "train_iter_", "dt": 31.59933, "dt_data": 18.93618, "dt_net": 12.66314, "epoch": "48/48", "eta": "1:14:47", "gpu_mem": "86.78G", "grad_norm": 1.32685, "iter": "113/255", "loss": 0.57510, "lr": 0.00008, "top1_err": 18.75000, "top5_err": 2.97619}
[12/19 11:06:10][INFO] logging.py:   99: json_stats: {"_type": "train_iter_", "dt": 17.16004, "dt_data": 16.46361, "dt_net": 0.69644, "epoch": "48/48", "eta": "0:40:19", "gpu_mem": "86.78G", "grad_norm": 1.28361, "iter": "114/255", "loss": 0.50561, "lr": 0.00008, "top1_err": 17.55952, "top5_err": 0.59524}
[12/19 11:06:11][INFO] logging.py:   99: json_stats: {"_type": "train_iter_", "dt": 0.70057, "dt_data": 0.00046, "dt_net": 0.70010, "epoch": "48/48", "eta": "0:01:38", "gpu_mem": "86.78G", "grad_norm": 1.26109, "iter": "115/255", "loss": 0.52895, "lr": 0.00008, "top1_err": 17.26190, "top5_err": 1.48809}
[12/19 11:06:11][INFO] logging.py:   99: json_stats: {"_type": "train_iter_", "dt": 0.70858, "dt_data": 0.00043, "dt_net": 0.70815, "epoch": "48/48", "eta": "0:01:38", "gpu_mem": "86.78G", "grad_norm": 1.40391, "iter": "116/255", "loss": 0.61885, "lr": 0.00008, "top1_err": 22.02381, "top5_err": 1.48809}
[12/19 11:06:12][INFO] logging.py:   99: json_stats: {"_type": "train_iter_", "dt": 0.70408, "dt_data": 0.00045, "dt_net": 0.70363, "epoch": "48/48", "eta": "0:01:37", "gpu_mem": "86.78G", "grad_norm": 1.22945, "iter": "117/255", "loss": 0.53495, "lr": 0.00008, "top1_err": 20.23809, "top5_err": 1.48809}
[12/19 11:06:13][INFO] logging.py:   99: json_stats: {"_type": "train_iter_", "dt": 0.70789, "dt_data": 0.00043, "dt_net": 0.70745, "epoch": "48/48", "eta": "0:01:36", "gpu_mem": "86.78G", "grad_norm": 1.16534, "iter": "118/255", "loss": 0.52519, "lr": 0.00008, "top1_err": 17.85714, "top5_err": 1.48809}
[12/19 11:06:13][INFO] logging.py:   99: json_stats: {"_type": "train_iter_", "dt": 0.69250, "dt_data": 0.00045, "dt_net": 0.69205, "epoch": "48/48", "eta": "0:01:34", "gpu_mem": "86.78G", "grad_norm": 1.04173, "iter": "119/255", "loss": 0.43615, "lr": 0.00008, "top1_err": 15.17857, "top5_err": 0.29762}
[12/19 11:06:15][INFO] logging.py:   99: json_stats: {"_type": "train_iter_", "dt": 1.63283, "dt_data": 0.00048, "dt_net": 1.63234, "epoch": "48/48", "eta": "0:03:40", "gpu_mem": "86.78G", "grad_norm": 1.42481, "iter": "120/255", "loss": 0.60089, "lr": 0.00008, "top1_err": 19.94048, "top5_err": 1.19047}
[12/19 11:06:46][INFO] logging.py:   99: json_stats: {"_type": "train_iter_", "dt": 31.26190, "dt_data": 18.07025, "dt_net": 13.19165, "epoch": "48/48", "eta": "1:09:49", "gpu_mem": "86.78G", "grad_norm": 1.09371, "iter": "121/255", "loss": 0.49452, "lr": 0.00008, "top1_err": 18.45238, "top5_err": 2.08333}
[12/19 11:07:05][INFO] logging.py:   99: json_stats: {"_type": "train_iter_", "dt": 18.30497, "dt_data": 17.59813, "dt_net": 0.70684, "epoch": "48/48", "eta": "0:40:34", "gpu_mem": "86.78G", "grad_norm": 1.18317, "iter": "122/255", "loss": 0.55030, "lr": 0.00007, "top1_err": 20.83333, "top5_err": 0.89285}
[12/19 11:07:05][INFO] logging.py:   99: json_stats: {"_type": "train_iter_", "dt": 0.71546, "dt_data": 0.00045, "dt_net": 0.71501, "epoch": "48/48", "eta": "0:01:34", "gpu_mem": "86.78G", "grad_norm": 1.31458, "iter": "123/255", "loss": 0.61165, "lr": 0.00007, "top1_err": 22.32143, "top5_err": 1.48809}
[12/19 11:07:06][INFO] logging.py:   99: json_stats: {"_type": "train_iter_", "dt": 0.72133, "dt_data": 0.00045, "dt_net": 0.72087, "epoch": "48/48", "eta": "0:01:34", "gpu_mem": "86.78G", "grad_norm": 1.31897, "iter": "124/255", "loss": 0.54821, "lr": 0.00007, "top1_err": 21.42857, "top5_err": 1.19047}
[12/19 11:07:07][INFO] logging.py:   99: json_stats: {"_type": "train_iter_", "dt": 0.72140, "dt_data": 0.00046, "dt_net": 0.72094, "epoch": "48/48", "eta": "0:01:33", "gpu_mem": "86.78G", "grad_norm": 1.35104, "iter": "125/255", "loss": 0.51925, "lr": 0.00007, "top1_err": 19.04762, "top5_err": 0.29762}
[12/19 11:07:08][INFO] logging.py:   99: json_stats: {"_type": "train_iter_", "dt": 0.72179, "dt_data": 0.00042, "dt_net": 0.72137, "epoch": "48/48", "eta": "0:01:33", "gpu_mem": "86.78G", "grad_norm": 1.10007, "iter": "126/255", "loss": 0.49582, "lr": 0.00007, "top1_err": 16.96428, "top5_err": 1.78571}
[12/19 11:07:08][INFO] logging.py:   99: json_stats: {"_type": "train_iter_", "dt": 0.71616, "dt_data": 0.00037, "dt_net": 0.71579, "epoch": "48/48", "eta": "0:01:31", "gpu_mem": "86.78G", "grad_norm": 1.42370, "iter": "127/255", "loss": 0.59407, "lr": 0.00007, "top1_err": 21.13095, "top5_err": 1.78571}
[12/19 11:07:09][INFO] logging.py:   99: json_stats: {"_type": "train_iter_", "dt": 0.72314, "dt_data": 0.00045, "dt_net": 0.72268, "epoch": "48/48", "eta": "0:01:31", "gpu_mem": "86.78G", "grad_norm": 1.10199, "iter": "128/255", "loss": 0.44763, "lr": 0.00007, "top1_err": 15.17857, "top5_err": 1.78571}
[12/19 11:07:36][INFO] logging.py:   99: json_stats: {"_type": "train_iter_", "dt": 27.30410, "dt_data": 23.22915, "dt_net": 4.07495, "epoch": "48/48", "eta": "0:57:20", "gpu_mem": "86.78G", "grad_norm": 1.34304, "iter": "129/255", "loss": 0.58280, "lr": 0.00007, "top1_err": 18.15476, "top5_err": 1.78571}
[12/19 11:08:01][INFO] logging.py:   99: json_stats: {"_type": "train_iter_", "dt": 24.80748, "dt_data": 24.10459, "dt_net": 0.70288, "epoch": "48/48", "eta": "0:51:40", "gpu_mem": "86.78G", "grad_norm": 1.48441, "iter": "130/255", "loss": 0.66603, "lr": 0.00007, "top1_err": 24.10714, "top5_err": 2.08333}
[12/19 11:08:02][INFO] logging.py:   99: json_stats: {"_type": "train_iter_", "dt": 0.72225, "dt_data": 0.00049, "dt_net": 0.72176, "epoch": "48/48", "eta": "0:01:29", "gpu_mem": "86.78G", "grad_norm": 1.34141, "iter": "131/255", "loss": 0.60759, "lr": 0.00006, "top1_err": 19.64285, "top5_err": 1.19047}
[12/19 11:08:03][INFO] logging.py:   99: json_stats: {"_type": "train_iter_", "dt": 0.71446, "dt_data": 0.00048, "dt_net": 0.71398, "epoch": "48/48", "eta": "0:01:27", "gpu_mem": "86.78G", "grad_norm": 1.13756, "iter": "132/255", "loss": 0.44140, "lr": 0.00006, "top1_err": 15.77381, "top5_err": 0.89286}
[12/19 11:08:03][INFO] logging.py:   99: json_stats: {"_type": "train_iter_", "dt": 0.70556, "dt_data": 0.00049, "dt_net": 0.70507, "epoch": "48/48", "eta": "0:01:26", "gpu_mem": "86.78G", "grad_norm": 1.31118, "iter": "133/255", "loss": 0.64330, "lr": 0.00006, "top1_err": 24.10714, "top5_err": 3.27381}
[12/19 11:08:04][INFO] logging.py:   99: json_stats: {"_type": "train_iter_", "dt": 0.70623, "dt_data": 0.00070, "dt_net": 0.70553, "epoch": "48/48", "eta": "0:01:25", "gpu_mem": "86.78G", "grad_norm": 1.48117, "iter": "134/255", "loss": 0.61392, "lr": 0.00006, "top1_err": 21.13095, "top5_err": 2.08333}
[12/19 11:08:05][INFO] logging.py:   99: json_stats: {"_type": "train_iter_", "dt": 0.69938, "dt_data": 0.00041, "dt_net": 0.69896, "epoch": "48/48", "eta": "0:01:23", "gpu_mem": "86.78G", "grad_norm": 1.53972, "iter": "135/255", "loss": 0.68646, "lr": 0.00006, "top1_err": 23.80952, "top5_err": 1.78571}
[12/19 11:08:05][INFO] logging.py:   99: json_stats: {"_type": "train_iter_", "dt": 0.70480, "dt_data": 0.00043, "dt_net": 0.70437, "epoch": "48/48", "eta": "0:01:23", "gpu_mem": "86.78G", "grad_norm": 1.32568, "iter": "136/255", "loss": 0.57904, "lr": 0.00006, "top1_err": 22.32143, "top5_err": 0.89286}
[12/19 11:08:32][INFO] logging.py:   99: json_stats: {"_type": "train_iter_", "dt": 26.22624, "dt_data": 22.17620, "dt_net": 4.05003, "epoch": "48/48", "eta": "0:51:34", "gpu_mem": "86.78G", "grad_norm": 1.15635, "iter": "137/255", "loss": 0.55363, "lr": 0.00006, "top1_err": 19.64286, "top5_err": 2.38095}
[12/19 11:08:55][INFO] logging.py:   99: json_stats: {"_type": "train_iter_", "dt": 22.91607, "dt_data": 22.21744, "dt_net": 0.69863, "epoch": "48/48", "eta": "0:44:41", "gpu_mem": "86.78G", "grad_norm": 1.29044, "iter": "138/255", "loss": 0.56689, "lr": 0.00006, "top1_err": 18.45238, "top5_err": 2.08333}
[12/19 11:08:55][INFO] logging.py:   99: json_stats: {"_type": "train_iter_", "dt": 0.70695, "dt_data": 0.00053, "dt_net": 0.70641, "epoch": "48/48", "eta": "0:01:22", "gpu_mem": "86.78G", "grad_norm": 1.38717, "iter": "139/255", "loss": 0.61765, "lr": 0.00006, "top1_err": 19.34524, "top5_err": 1.78571}
[12/19 11:08:56][INFO] logging.py:   99: json_stats: {"_type": "train_iter_", "dt": 0.70359, "dt_data": 0.00092, "dt_net": 0.70267, "epoch": "48/48", "eta": "0:01:20", "gpu_mem": "86.78G", "grad_norm": 1.35126, "iter": "140/255", "loss": 0.59117, "lr": 0.00006, "top1_err": 21.72619, "top5_err": 1.78571}
[12/19 11:08:57][INFO] logging.py:   99: json_stats: {"_type": "train_iter_", "dt": 0.70143, "dt_data": 0.00046, "dt_net": 0.70097, "epoch": "48/48", "eta": "0:01:19", "gpu_mem": "86.78G", "grad_norm": 1.38278, "iter": "141/255", "loss": 0.55840, "lr": 0.00005, "top1_err": 21.42857, "top5_err": 1.48809}
[12/19 11:08:57][INFO] logging.py:   99: json_stats: {"_type": "train_iter_", "dt": 0.71067, "dt_data": 0.00041, "dt_net": 0.71026, "epoch": "48/48", "eta": "0:01:20", "gpu_mem": "86.78G", "grad_norm": 1.21400, "iter": "142/255", "loss": 0.49588, "lr": 0.00005, "top1_err": 17.26190, "top5_err": 1.48809}
[12/19 11:08:58][INFO] logging.py:   99: json_stats: {"_type": "train_iter_", "dt": 0.70091, "dt_data": 0.00063, "dt_net": 0.70028, "epoch": "48/48", "eta": "0:01:18", "gpu_mem": "86.78G", "grad_norm": 1.01513, "iter": "143/255", "loss": 0.43939, "lr": 0.00005, "top1_err": 15.17857, "top5_err": 0.89286}
[12/19 11:08:59][INFO] logging.py:   99: json_stats: {"_type": "train_iter_", "dt": 0.70857, "dt_data": 0.00043, "dt_net": 0.70813, "epoch": "48/48", "eta": "0:01:18", "gpu_mem": "86.78G", "grad_norm": 1.18392, "iter": "144/255", "loss": 0.46424, "lr": 0.00005, "top1_err": 15.77381, "top5_err": 0.59524}
[12/19 11:09:22][INFO] logging.py:   99: json_stats: {"_type": "train_iter_", "dt": 22.92233, "dt_data": 22.21122, "dt_net": 0.71110, "epoch": "48/48", "eta": "0:42:01", "gpu_mem": "86.78G", "grad_norm": 1.42410, "iter": "145/255", "loss": 0.65244, "lr": 0.00005, "top1_err": 24.10714, "top5_err": 1.19047}
[12/19 11:09:48][INFO] logging.py:   99: json_stats: {"_type": "train_iter_", "dt": 26.00705, "dt_data": 25.31101, "dt_net": 0.69604, "epoch": "48/48", "eta": "0:47:14", "gpu_mem": "86.78G", "grad_norm": 1.27634, "iter": "146/255", "loss": 0.52488, "lr": 0.00005, "top1_err": 18.15476, "top5_err": 0.89286}
[12/19 11:09:48][INFO] logging.py:   99: json_stats: {"_type": "train_iter_", "dt": 0.70084, "dt_data": 0.00049, "dt_net": 0.70035, "epoch": "48/48", "eta": "0:01:15", "gpu_mem": "86.78G", "grad_norm": 1.16519, "iter": "147/255", "loss": 0.48912, "lr": 0.00005, "top1_err": 16.96428, "top5_err": 0.59524}
[12/19 11:09:49][INFO] logging.py:   99: json_stats: {"_type": "train_iter_", "dt": 0.70808, "dt_data": 0.00049, "dt_net": 0.70758, "epoch": "48/48", "eta": "0:01:15", "gpu_mem": "86.78G", "grad_norm": 1.47328, "iter": "148/255", "loss": 0.55259, "lr": 0.00005, "top1_err": 20.53571, "top5_err": 1.48809}
[12/19 11:09:50][INFO] logging.py:   99: json_stats: {"_type": "train_iter_", "dt": 0.70575, "dt_data": 0.00040, "dt_net": 0.70535, "epoch": "48/48", "eta": "0:01:14", "gpu_mem": "86.78G", "grad_norm": 1.24049, "iter": "149/255", "loss": 0.48355, "lr": 0.00005, "top1_err": 16.66666, "top5_err": 1.48809}
[12/19 11:09:51][INFO] logging.py:   99: json_stats: {"_type": "train_iter_", "dt": 0.70736, "dt_data": 0.00041, "dt_net": 0.70695, "epoch": "48/48", "eta": "0:01:14", "gpu_mem": "86.78G", "grad_norm": 1.29210, "iter": "150/255", "loss": 0.60269, "lr": 0.00005, "top1_err": 22.02381, "top5_err": 0.59524}
[12/19 11:09:51][INFO] logging.py:   99: json_stats: {"_type": "train_iter_", "dt": 0.69690, "dt_data": 0.00053, "dt_net": 0.69637, "epoch": "48/48", "eta": "0:01:12", "gpu_mem": "86.78G", "grad_norm": 1.38259, "iter": "151/255", "loss": 0.66048, "lr": 0.00005, "top1_err": 19.94048, "top5_err": 2.67857}
[12/19 11:09:52][INFO] logging.py:   99: json_stats: {"_type": "train_iter_", "dt": 0.70435, "dt_data": 0.00045, "dt_net": 0.70390, "epoch": "48/48", "eta": "0:01:12", "gpu_mem": "86.78G", "grad_norm": 1.28575, "iter": "152/255", "loss": 0.53729, "lr": 0.00004, "top1_err": 18.15476, "top5_err": 1.78571}
[12/19 11:10:16][INFO] logging.py:   99: json_stats: {"_type": "train_iter_", "dt": 23.94698, "dt_data": 23.24314, "dt_net": 0.70383, "epoch": "48/48", "eta": "0:40:42", "gpu_mem": "86.78G", "grad_norm": 1.50384, "iter": "153/255", "loss": 0.57932, "lr": 0.00004, "top1_err": 19.64286, "top5_err": 2.38095}
[12/19 11:10:44][INFO] logging.py:   99: json_stats: {"_type": "train_iter_", "dt": 27.82810, "dt_data": 27.12811, "dt_net": 0.69999, "epoch": "48/48", "eta": "0:46:50", "gpu_mem": "86.78G", "grad_norm": 1.22549, "iter": "154/255", "loss": 0.52026, "lr": 0.00004, "top1_err": 17.55952, "top5_err": 1.19047}
[12/19 11:10:44][INFO] logging.py:   99: json_stats: {"_type": "train_iter_", "dt": 0.70987, "dt_data": 0.00040, "dt_net": 0.70947, "epoch": "48/48", "eta": "0:01:10", "gpu_mem": "86.78G", "grad_norm": 1.15588, "iter": "155/255", "loss": 0.48723, "lr": 0.00004, "top1_err": 17.55952, "top5_err": 0.59524}
[12/19 11:10:45][INFO] logging.py:   99: json_stats: {"_type": "train_iter_", "dt": 0.71808, "dt_data": 0.00045, "dt_net": 0.71763, "epoch": "48/48", "eta": "0:01:11", "gpu_mem": "86.78G", "grad_norm": 1.24132, "iter": "156/255", "loss": 0.56631, "lr": 0.00004, "top1_err": 19.64285, "top5_err": 2.08333}
[12/19 11:10:46][INFO] logging.py:   99: json_stats: {"_type": "train_iter_", "dt": 0.71411, "dt_data": 0.00035, "dt_net": 0.71376, "epoch": "48/48", "eta": "0:01:09", "gpu_mem": "86.78G", "grad_norm": 1.31039, "iter": "157/255", "loss": 0.53805, "lr": 0.00004, "top1_err": 19.94047, "top5_err": 0.89285}
[12/19 11:10:47][INFO] logging.py:   99: json_stats: {"_type": "train_iter_", "dt": 0.73655, "dt_data": 0.00059, "dt_net": 0.73596, "epoch": "48/48", "eta": "0:01:11", "gpu_mem": "86.78G", "grad_norm": 1.19551, "iter": "158/255", "loss": 0.51772, "lr": 0.00004, "top1_err": 18.45238, "top5_err": 0.89285}
[12/19 11:10:47][INFO] logging.py:   99: json_stats: {"_type": "train_iter_", "dt": 0.71584, "dt_data": 0.00047, "dt_net": 0.71537, "epoch": "48/48", "eta": "0:01:08", "gpu_mem": "86.78G", "grad_norm": 1.23134, "iter": "159/255", "loss": 0.53511, "lr": 0.00004, "top1_err": 18.45238, "top5_err": 1.48809}
[12/19 11:10:48][INFO] logging.py:   99: json_stats: {"_type": "train_iter_", "dt": 0.71354, "dt_data": 0.00040, "dt_net": 0.71314, "epoch": "48/48", "eta": "0:01:07", "gpu_mem": "86.78G", "grad_norm": 1.28727, "iter": "160/255", "loss": 0.53051, "lr": 0.00004, "top1_err": 20.83333, "top5_err": 0.89286}
[12/19 11:11:08][INFO] logging.py:   99: json_stats: {"_type": "train_iter_", "dt": 19.95618, "dt_data": 19.25496, "dt_net": 0.70122, "epoch": "48/48", "eta": "0:31:15", "gpu_mem": "86.78G", "grad_norm": 1.18258, "iter": "161/255", "loss": 0.50406, "lr": 0.00004, "top1_err": 20.53572, "top5_err": 1.19047}
[12/19 11:11:34][INFO] logging.py:   99: json_stats: {"_type": "train_iter_", "dt": 25.87473, "dt_data": 23.06646, "dt_net": 2.80827, "epoch": "48/48", "eta": "0:40:06", "gpu_mem": "86.78G", "grad_norm": 1.44255, "iter": "162/255", "loss": 0.64376, "lr": 0.00004, "top1_err": 19.94047, "top5_err": 1.78571}
[12/19 11:11:35][INFO] logging.py:   99: json_stats: {"_type": "train_iter_", "dt": 0.70216, "dt_data": 0.00042, "dt_net": 0.70174, "epoch": "48/48", "eta": "0:01:04", "gpu_mem": "86.78G", "grad_norm": 1.29313, "iter": "163/255", "loss": 0.54318, "lr": 0.00004, "top1_err": 18.45238, "top5_err": 0.89285}
[12/19 11:11:35][INFO] logging.py:   99: json_stats: {"_type": "train_iter_", "dt": 0.70752, "dt_data": 0.00043, "dt_net": 0.70709, "epoch": "48/48", "eta": "0:01:04", "gpu_mem": "86.78G", "grad_norm": 1.30303, "iter": "164/255", "loss": 0.52683, "lr": 0.00003, "top1_err": 19.64286, "top5_err": 1.78571}
[12/19 11:11:36][INFO] logging.py:   99: json_stats: {"_type": "train_iter_", "dt": 0.70448, "dt_data": 0.00039, "dt_net": 0.70409, "epoch": "48/48", "eta": "0:01:03", "gpu_mem": "86.78G", "grad_norm": 1.17005, "iter": "165/255", "loss": 0.50366, "lr": 0.00003, "top1_err": 17.85714, "top5_err": 0.89286}
[12/19 11:11:37][INFO] logging.py:   99: json_stats: {"_type": "train_iter_", "dt": 0.70765, "dt_data": 0.00037, "dt_net": 0.70728, "epoch": "48/48", "eta": "0:01:02", "gpu_mem": "86.78G", "grad_norm": 1.20034, "iter": "166/255", "loss": 0.51153, "lr": 0.00003, "top1_err": 15.17857, "top5_err": 1.19047}
[12/19 11:11:37][INFO] logging.py:   99: json_stats: {"_type": "train_iter_", "dt": 0.69938, "dt_data": 0.00043, "dt_net": 0.69895, "epoch": "48/48", "eta": "0:01:01", "gpu_mem": "86.78G", "grad_norm": 1.19530, "iter": "167/255", "loss": 0.54238, "lr": 0.00003, "top1_err": 20.23809, "top5_err": 2.38095}
[12/19 11:11:46][INFO] logging.py:   99: json_stats: {"_type": "train_iter_", "dt": 8.46151, "dt_data": 0.00052, "dt_net": 8.46100, "epoch": "48/48", "eta": "0:12:16", "gpu_mem": "86.78G", "grad_norm": 1.31053, "iter": "168/255", "loss": 0.60616, "lr": 0.00003, "top1_err": 22.02381, "top5_err": 0.59524}
[12/19 11:12:01][INFO] logging.py:   99: json_stats: {"_type": "train_iter_", "dt": 14.74050, "dt_data": 14.04841, "dt_net": 0.69209, "epoch": "48/48", "eta": "0:21:07", "gpu_mem": "86.78G", "grad_norm": 1.38997, "iter": "169/255", "loss": 0.59320, "lr": 0.00003, "top1_err": 18.15476, "top5_err": 2.08333}
[12/19 11:12:30][INFO] logging.py:   99: json_stats: {"_type": "train_iter_", "dt": 29.02028, "dt_data": 27.00329, "dt_net": 2.01699, "epoch": "48/48", "eta": "0:41:06", "gpu_mem": "86.78G", "grad_norm": 1.19921, "iter": "170/255", "loss": 0.48025, "lr": 0.00003, "top1_err": 18.75000, "top5_err": 0.59524}
[12/19 11:12:30][INFO] logging.py:   99: json_stats: {"_type": "train_iter_", "dt": 0.69701, "dt_data": 0.00039, "dt_net": 0.69662, "epoch": "48/48", "eta": "0:00:58", "gpu_mem": "86.78G", "grad_norm": 1.15315, "iter": "171/255", "loss": 0.48682, "lr": 0.00003, "top1_err": 15.77381, "top5_err": 0.89285}
[12/19 11:12:31][INFO] logging.py:   99: json_stats: {"_type": "train_iter_", "dt": 0.70225, "dt_data": 0.00048, "dt_net": 0.70177, "epoch": "48/48", "eta": "0:00:58", "gpu_mem": "86.78G", "grad_norm": 1.31411, "iter": "172/255", "loss": 0.58961, "lr": 0.00003, "top1_err": 19.64286, "top5_err": 1.48809}
[12/19 11:12:32][INFO] logging.py:   99: json_stats: {"_type": "train_iter_", "dt": 0.70452, "dt_data": 0.00044, "dt_net": 0.70407, "epoch": "48/48", "eta": "0:00:57", "gpu_mem": "86.78G", "grad_norm": 1.31289, "iter": "173/255", "loss": 0.51578, "lr": 0.00003, "top1_err": 16.36905, "top5_err": 1.19047}
[12/19 11:12:32][INFO] logging.py:   99: json_stats: {"_type": "train_iter_", "dt": 0.70892, "dt_data": 0.00038, "dt_net": 0.70854, "epoch": "48/48", "eta": "0:00:57", "gpu_mem": "86.78G", "grad_norm": 1.37883, "iter": "174/255", "loss": 0.55543, "lr": 0.00003, "top1_err": 20.83333, "top5_err": 0.29762}
[12/19 11:12:33][INFO] logging.py:   99: json_stats: {"_type": "train_iter_", "dt": 0.70025, "dt_data": 0.00050, "dt_net": 0.69974, "epoch": "48/48", "eta": "0:00:56", "gpu_mem": "86.78G", "grad_norm": 1.46815, "iter": "175/255", "loss": 0.56451, "lr": 0.00003, "top1_err": 19.34524, "top5_err": 1.19047}
[12/19 11:12:36][INFO] logging.py:   99: json_stats: {"_type": "train_iter_", "dt": 2.71337, "dt_data": 0.00043, "dt_net": 2.71294, "epoch": "48/48", "eta": "0:03:34", "gpu_mem": "86.78G", "grad_norm": 1.27026, "iter": "176/255", "loss": 0.49990, "lr": 0.00003, "top1_err": 17.85714, "top5_err": 1.48809}
[12/19 11:12:58][INFO] logging.py:   99: json_stats: {"_type": "train_iter_", "dt": 22.26032, "dt_data": 21.56005, "dt_net": 0.70028, "epoch": "48/48", "eta": "0:28:56", "gpu_mem": "86.78G", "grad_norm": 1.24776, "iter": "177/255", "loss": 0.50251, "lr": 0.00003, "top1_err": 18.75000, "top5_err": 0.59524}
[12/19 11:13:22][INFO] logging.py:   99: json_stats: {"_type": "train_iter_", "dt": 23.94914, "dt_data": 18.65358, "dt_net": 5.29556, "epoch": "48/48", "eta": "0:30:44", "gpu_mem": "86.78G", "grad_norm": 1.42532, "iter": "178/255", "loss": 0.59024, "lr": 0.00003, "top1_err": 21.13095, "top5_err": 1.48809}
[12/19 11:13:23][INFO] logging.py:   99: json_stats: {"_type": "train_iter_", "dt": 0.69985, "dt_data": 0.00042, "dt_net": 0.69943, "epoch": "48/48", "eta": "0:00:53", "gpu_mem": "86.78G", "grad_norm": 1.11756, "iter": "179/255", "loss": 0.47361, "lr": 0.00002, "top1_err": 14.88095, "top5_err": 1.19047}
[12/19 11:13:23][INFO] logging.py:   99: json_stats: {"_type": "train_iter_", "dt": 0.70716, "dt_data": 0.00045, "dt_net": 0.70670, "epoch": "48/48", "eta": "0:00:53", "gpu_mem": "86.78G", "grad_norm": 1.08333, "iter": "180/255", "loss": 0.52424, "lr": 0.00002, "top1_err": 19.04762, "top5_err": 2.38095}
[12/19 11:13:24][INFO] logging.py:   99: json_stats: {"_type": "train_iter_", "dt": 0.71009, "dt_data": 0.00040, "dt_net": 0.70969, "epoch": "48/48", "eta": "0:00:52", "gpu_mem": "86.78G", "grad_norm": 1.18152, "iter": "181/255", "loss": 0.50070, "lr": 0.00002, "top1_err": 18.45238, "top5_err": 0.59524}
[12/19 11:13:25][INFO] logging.py:   99: json_stats: {"_type": "train_iter_", "dt": 0.72200, "dt_data": 0.00091, "dt_net": 0.72109, "epoch": "48/48", "eta": "0:00:52", "gpu_mem": "86.78G", "grad_norm": 1.32166, "iter": "182/255", "loss": 0.58451, "lr": 0.00002, "top1_err": 21.13095, "top5_err": 1.48809}
[12/19 11:13:26][INFO] logging.py:   99: json_stats: {"_type": "train_iter_", "dt": 0.71501, "dt_data": 0.00047, "dt_net": 0.71454, "epoch": "48/48", "eta": "0:00:51", "gpu_mem": "86.78G", "grad_norm": 1.08931, "iter": "183/255", "loss": 0.47024, "lr": 0.00002, "top1_err": 15.77381, "top5_err": 0.89285}
[12/19 11:13:32][INFO] logging.py:   99: json_stats: {"_type": "train_iter_", "dt": 6.44427, "dt_data": 3.39986, "dt_net": 3.04441, "epoch": "48/48", "eta": "0:07:37", "gpu_mem": "86.78G", "grad_norm": 1.38755, "iter": "184/255", "loss": 0.59191, "lr": 0.00002, "top1_err": 19.64286, "top5_err": 0.59524}
[12/19 11:13:52][INFO] logging.py:   99: json_stats: {"_type": "train_iter_", "dt": 20.07683, "dt_data": 19.38383, "dt_net": 0.69299, "epoch": "48/48", "eta": "0:23:25", "gpu_mem": "86.78G", "grad_norm": 1.24107, "iter": "185/255", "loss": 0.56816, "lr": 0.00002, "top1_err": 20.53571, "top5_err": 1.78571}
[12/19 11:14:16][INFO] logging.py:   99: json_stats: {"_type": "train_iter_", "dt": 23.59239, "dt_data": 21.27876, "dt_net": 2.31363, "epoch": "48/48", "eta": "0:27:07", "gpu_mem": "86.78G", "grad_norm": 1.29331, "iter": "186/255", "loss": 0.50138, "lr": 0.00002, "top1_err": 20.23809, "top5_err": 0.59524}
[12/19 11:14:16][INFO] logging.py:   99: json_stats: {"_type": "train_iter_", "dt": 0.70886, "dt_data": 0.00038, "dt_net": 0.70848, "epoch": "48/48", "eta": "0:00:48", "gpu_mem": "86.78G", "grad_norm": 1.04838, "iter": "187/255", "loss": 0.41186, "lr": 0.00002, "top1_err": 14.28571, "top5_err": 0.29762}
[12/19 11:14:17][INFO] logging.py:   99: json_stats: {"_type": "train_iter_", "dt": 0.70474, "dt_data": 0.00107, "dt_net": 0.70367, "epoch": "48/48", "eta": "0:00:47", "gpu_mem": "86.78G", "grad_norm": 1.27811, "iter": "188/255", "loss": 0.52615, "lr": 0.00002, "top1_err": 23.21428, "top5_err": 1.19047}
[12/19 11:14:18][INFO] logging.py:   99: json_stats: {"_type": "train_iter_", "dt": 0.70054, "dt_data": 0.00044, "dt_net": 0.70009, "epoch": "48/48", "eta": "0:00:46", "gpu_mem": "86.78G", "grad_norm": 1.24720, "iter": "189/255", "loss": 0.57823, "lr": 0.00002, "top1_err": 18.75000, "top5_err": 2.08333}
[12/19 11:14:19][INFO] logging.py:   99: json_stats: {"_type": "train_iter_", "dt": 0.70895, "dt_data": 0.00040, "dt_net": 0.70854, "epoch": "48/48", "eta": "0:00:46", "gpu_mem": "86.78G", "grad_norm": 1.27140, "iter": "190/255", "loss": 0.54305, "lr": 0.00002, "top1_err": 19.94048, "top5_err": 1.48809}
[12/19 11:14:19][INFO] logging.py:   99: json_stats: {"_type": "train_iter_", "dt": 0.70122, "dt_data": 0.00046, "dt_net": 0.70076, "epoch": "48/48", "eta": "0:00:44", "gpu_mem": "86.78G", "grad_norm": 1.38185, "iter": "191/255", "loss": 0.55195, "lr": 0.00002, "top1_err": 18.75000, "top5_err": 1.78571}
[12/19 11:14:25][INFO] logging.py:   99: json_stats: {"_type": "train_iter_", "dt": 5.57919, "dt_data": 4.87142, "dt_net": 0.70777, "epoch": "48/48", "eta": "0:05:51", "gpu_mem": "86.78G", "grad_norm": 1.18191, "iter": "192/255", "loss": 0.50564, "lr": 0.00002, "top1_err": 16.96428, "top5_err": 1.48809}
[12/19 11:14:47][INFO] logging.py:   99: json_stats: {"_type": "train_iter_", "dt": 21.70833, "dt_data": 20.99680, "dt_net": 0.71154, "epoch": "48/48", "eta": "0:22:25", "gpu_mem": "86.78G", "grad_norm": 1.14642, "iter": "193/255", "loss": 0.42743, "lr": 0.00002, "top1_err": 14.28571, "top5_err": 0.89285}
[12/19 11:15:09][INFO] logging.py:   99: json_stats: {"_type": "train_iter_", "dt": 22.59183, "dt_data": 17.82612, "dt_net": 4.76571, "epoch": "48/48", "eta": "0:22:58", "gpu_mem": "86.78G", "grad_norm": 1.36949, "iter": "194/255", "loss": 0.63349, "lr": 0.00002, "top1_err": 22.02381, "top5_err": 1.78571}
[12/19 11:15:10][INFO] logging.py:   99: json_stats: {"_type": "train_iter_", "dt": 0.69839, "dt_data": 0.00047, "dt_net": 0.69791, "epoch": "48/48", "eta": "0:00:41", "gpu_mem": "86.78G", "grad_norm": 1.03971, "iter": "195/255", "loss": 0.48686, "lr": 0.00002, "top1_err": 16.66666, "top5_err": 0.89285}
[12/19 11:15:11][INFO] logging.py:   99: json_stats: {"_type": "train_iter_", "dt": 0.69943, "dt_data": 0.00035, "dt_net": 0.69908, "epoch": "48/48", "eta": "0:00:41", "gpu_mem": "86.78G", "grad_norm": 1.30857, "iter": "196/255", "loss": 0.55132, "lr": 0.00001, "top1_err": 19.34524, "top5_err": 1.19047}
[12/19 11:15:11][INFO] logging.py:   99: json_stats: {"_type": "train_iter_", "dt": 0.70125, "dt_data": 0.00047, "dt_net": 0.70078, "epoch": "48/48", "eta": "0:00:40", "gpu_mem": "86.78G", "grad_norm": 1.36106, "iter": "197/255", "loss": 0.61660, "lr": 0.00001, "top1_err": 22.32143, "top5_err": 2.38095}
[12/19 11:15:12][INFO] logging.py:   99: json_stats: {"_type": "train_iter_", "dt": 0.70641, "dt_data": 0.00042, "dt_net": 0.70599, "epoch": "48/48", "eta": "0:00:40", "gpu_mem": "86.78G", "grad_norm": 1.30294, "iter": "198/255", "loss": 0.58403, "lr": 0.00001, "top1_err": 20.53571, "top5_err": 2.38095}
[12/19 11:15:13][INFO] logging.py:   99: json_stats: {"_type": "train_iter_", "dt": 0.69596, "dt_data": 0.00059, "dt_net": 0.69538, "epoch": "48/48", "eta": "0:00:38", "gpu_mem": "86.78G", "grad_norm": 1.33554, "iter": "199/255", "loss": 0.58282, "lr": 0.00001, "top1_err": 22.61905, "top5_err": 0.89285}
[12/19 11:15:19][INFO] logging.py:   99: json_stats: {"_type": "train_iter_", "dt": 5.95423, "dt_data": 5.25020, "dt_net": 0.70402, "epoch": "48/48", "eta": "0:05:27", "gpu_mem": "86.78G", "grad_norm": 1.39322, "iter": "200/255", "loss": 0.56132, "lr": 0.00001, "top1_err": 20.23809, "top5_err": 1.48809}
[12/19 11:15:38][INFO] logging.py:   99: json_stats: {"_type": "train_iter_", "dt": 19.53151, "dt_data": 18.83554, "dt_net": 0.69597, "epoch": "48/48", "eta": "0:17:34", "gpu_mem": "86.78G", "grad_norm": 1.36543, "iter": "201/255", "loss": 0.56663, "lr": 0.00001, "top1_err": 22.61905, "top5_err": 1.48809}
[12/19 11:16:02][INFO] logging.py:   99: json_stats: {"_type": "train_iter_", "dt": 24.30233, "dt_data": 23.60117, "dt_net": 0.70116, "epoch": "48/48", "eta": "0:21:28", "gpu_mem": "86.78G", "grad_norm": 1.39919, "iter": "202/255", "loss": 0.64784, "lr": 0.00001, "top1_err": 21.42857, "top5_err": 2.08333}
[12/19 11:16:03][INFO] logging.py:   99: json_stats: {"_type": "train_iter_", "dt": 0.69654, "dt_data": 0.00054, "dt_net": 0.69599, "epoch": "48/48", "eta": "0:00:36", "gpu_mem": "86.78G", "grad_norm": 1.22296, "iter": "203/255", "loss": 0.48365, "lr": 0.00001, "top1_err": 17.85714, "top5_err": 0.29762}
[12/19 11:16:04][INFO] logging.py:   99: json_stats: {"_type": "train_iter_", "dt": 0.70488, "dt_data": 0.00061, "dt_net": 0.70427, "epoch": "48/48", "eta": "0:00:35", "gpu_mem": "86.78G", "grad_norm": 1.27913, "iter": "204/255", "loss": 0.57279, "lr": 0.00001, "top1_err": 21.72619, "top5_err": 2.38095}
[12/19 11:16:05][INFO] logging.py:   99: json_stats: {"_type": "train_iter_", "dt": 0.70413, "dt_data": 0.00043, "dt_net": 0.70369, "epoch": "48/48", "eta": "0:00:35", "gpu_mem": "86.78G", "grad_norm": 1.48250, "iter": "205/255", "loss": 0.68924, "lr": 0.00001, "top1_err": 22.32143, "top5_err": 2.67857}
[12/19 11:16:05][INFO] logging.py:   99: json_stats: {"_type": "train_iter_", "dt": 0.70338, "dt_data": 0.00040, "dt_net": 0.70298, "epoch": "48/48", "eta": "0:00:34", "gpu_mem": "86.78G", "grad_norm": 1.27221, "iter": "206/255", "loss": 0.59771, "lr": 0.00001, "top1_err": 21.72619, "top5_err": 0.59524}
[12/19 11:16:06][INFO] logging.py:   99: json_stats: {"_type": "train_iter_", "dt": 0.70637, "dt_data": 0.00040, "dt_net": 0.70597, "epoch": "48/48", "eta": "0:00:33", "gpu_mem": "86.78G", "grad_norm": 1.29472, "iter": "207/255", "loss": 0.53740, "lr": 0.00001, "top1_err": 20.53571, "top5_err": 1.19047}
[12/19 11:16:11][INFO] logging.py:   99: json_stats: {"_type": "train_iter_", "dt": 4.73562, "dt_data": 3.48844, "dt_net": 1.24718, "epoch": "48/48", "eta": "0:03:42", "gpu_mem": "86.78G", "grad_norm": 1.38418, "iter": "208/255", "loss": 0.61823, "lr": 0.00001, "top1_err": 22.61905, "top5_err": 1.78571}
[12/19 11:16:33][INFO] logging.py:   99: json_stats: {"_type": "train_iter_", "dt": 22.06548, "dt_data": 21.36523, "dt_net": 0.70025, "epoch": "48/48", "eta": "0:16:55", "gpu_mem": "86.78G", "grad_norm": 1.29577, "iter": "209/255", "loss": 0.57745, "lr": 0.00001, "top1_err": 20.83333, "top5_err": 0.89286}
[12/19 11:16:55][INFO] logging.py:   99: json_stats: {"_type": "train_iter_", "dt": 22.06848, "dt_data": 21.36353, "dt_net": 0.70494, "epoch": "48/48", "eta": "0:16:33", "gpu_mem": "86.78G", "grad_norm": 1.37356, "iter": "210/255", "loss": 0.60656, "lr": 0.00001, "top1_err": 23.21428, "top5_err": 2.38095}
[12/19 11:16:56][INFO] logging.py:   99: json_stats: {"_type": "train_iter_", "dt": 0.70257, "dt_data": 0.00039, "dt_net": 0.70217, "epoch": "48/48", "eta": "0:00:30", "gpu_mem": "86.78G", "grad_norm": 1.40359, "iter": "211/255", "loss": 0.57444, "lr": 0.00001, "top1_err": 19.34524, "top5_err": 2.08333}
[12/19 11:16:56][INFO] logging.py:   99: json_stats: {"_type": "train_iter_", "dt": 0.70749, "dt_data": 0.00039, "dt_net": 0.70710, "epoch": "48/48", "eta": "0:00:30", "gpu_mem": "86.78G", "grad_norm": 1.29948, "iter": "212/255", "loss": 0.65347, "lr": 0.00001, "top1_err": 23.80952, "top5_err": 2.67857}
[12/19 11:16:57][INFO] logging.py:   99: json_stats: {"_type": "train_iter_", "dt": 0.70170, "dt_data": 0.00038, "dt_net": 0.70132, "epoch": "48/48", "eta": "0:00:29", "gpu_mem": "86.78G", "grad_norm": 1.19139, "iter": "213/255", "loss": 0.53219, "lr": 0.00001, "top1_err": 17.85714, "top5_err": 1.78571}
[12/19 11:16:58][INFO] logging.py:   99: json_stats: {"_type": "train_iter_", "dt": 0.70431, "dt_data": 0.00038, "dt_net": 0.70393, "epoch": "48/48", "eta": "0:00:28", "gpu_mem": "86.78G", "grad_norm": 1.23140, "iter": "214/255", "loss": 0.45010, "lr": 0.00001, "top1_err": 16.07143, "top5_err": 0.29762}
[12/19 11:16:58][INFO] logging.py:   99: json_stats: {"_type": "train_iter_", "dt": 0.82847, "dt_data": 0.00047, "dt_net": 0.82799, "epoch": "48/48", "eta": "0:00:33", "gpu_mem": "86.78G", "grad_norm": 1.28813, "iter": "215/255", "loss": 0.54905, "lr": 0.00001, "top1_err": 21.13095, "top5_err": 1.48809}
[12/19 11:17:08][INFO] logging.py:   99: json_stats: {"_type": "train_iter_", "dt": 9.90449, "dt_data": 3.06470, "dt_net": 6.83979, "epoch": "48/48", "eta": "0:06:26", "gpu_mem": "86.78G", "grad_norm": 1.24192, "iter": "216/255", "loss": 0.56151, "lr": 0.00001, "top1_err": 19.34524, "top5_err": 1.78571}
[12/19 11:17:23][INFO] logging.py:   99: json_stats: {"_type": "train_iter_", "dt": 14.18517, "dt_data": 13.48669, "dt_net": 0.69847, "epoch": "48/48", "eta": "0:08:59", "gpu_mem": "86.78G", "grad_norm": 1.19348, "iter": "217/255", "loss": 0.50060, "lr": 0.00001, "top1_err": 17.55952, "top5_err": 1.19047}
[12/19 11:17:49][INFO] logging.py:   99: json_stats: {"_type": "train_iter_", "dt": 26.66572, "dt_data": 25.96432, "dt_net": 0.70140, "epoch": "48/48", "eta": "0:16:26", "gpu_mem": "86.78G", "grad_norm": 1.27660, "iter": "218/255", "loss": 0.51534, "lr": 0.00001, "top1_err": 16.66666, "top5_err": 1.48809}
[12/19 11:17:50][INFO] logging.py:   99: json_stats: {"_type": "train_iter_", "dt": 0.69904, "dt_data": 0.00040, "dt_net": 0.69864, "epoch": "48/48", "eta": "0:00:25", "gpu_mem": "86.78G", "grad_norm": 1.30454, "iter": "219/255", "loss": 0.46507, "lr": 0.00001, "top1_err": 16.07143, "top5_err": 0.59524}
[12/19 11:17:51][INFO] logging.py:   99: json_stats: {"_type": "train_iter_", "dt": 0.70333, "dt_data": 0.00050, "dt_net": 0.70284, "epoch": "48/48", "eta": "0:00:24", "gpu_mem": "86.78G", "grad_norm": 1.32881, "iter": "220/255", "loss": 0.56935, "lr": 0.00001, "top1_err": 21.13095, "top5_err": 0.59524}
[12/19 11:17:51][INFO] logging.py:   99: json_stats: {"_type": "train_iter_", "dt": 0.70180, "dt_data": 0.00042, "dt_net": 0.70138, "epoch": "48/48", "eta": "0:00:23", "gpu_mem": "86.78G", "grad_norm": 1.36049, "iter": "221/255", "loss": 0.56452, "lr": 0.00001, "top1_err": 20.23809, "top5_err": 2.08333}
[12/19 11:17:52][INFO] logging.py:   99: json_stats: {"_type": "train_iter_", "dt": 0.70707, "dt_data": 0.00038, "dt_net": 0.70667, "epoch": "48/48", "eta": "0:00:23", "gpu_mem": "86.78G", "grad_norm": 1.41843, "iter": "222/255", "loss": 0.62912, "lr": 0.00000, "top1_err": 20.53572, "top5_err": 1.78571}
[12/19 11:17:53][INFO] logging.py:   99: json_stats: {"_type": "train_iter_", "dt": 0.80909, "dt_data": 0.00042, "dt_net": 0.80867, "epoch": "48/48", "eta": "0:00:25", "gpu_mem": "86.78G", "grad_norm": 1.11535, "iter": "223/255", "loss": 0.52713, "lr": 0.00000, "top1_err": 17.85714, "top5_err": 1.19047}
[12/19 11:18:00][INFO] logging.py:   99: json_stats: {"_type": "train_iter_", "dt": 7.32736, "dt_data": 6.02368, "dt_net": 1.30368, "epoch": "48/48", "eta": "0:03:47", "gpu_mem": "86.78G", "grad_norm": 1.17550, "iter": "224/255", "loss": 0.52186, "lr": 0.00000, "top1_err": 17.85714, "top5_err": 1.48809}
[12/19 11:18:18][INFO] logging.py:   99: json_stats: {"_type": "train_iter_", "dt": 17.69391, "dt_data": 16.97621, "dt_net": 0.71770, "epoch": "48/48", "eta": "0:08:50", "gpu_mem": "86.78G", "grad_norm": 1.33002, "iter": "225/255", "loss": 0.62219, "lr": 0.00000, "top1_err": 20.53572, "top5_err": 1.48809}
[12/19 11:18:43][INFO] logging.py:   99: json_stats: {"_type": "train_iter_", "dt": 25.09694, "dt_data": 24.39859, "dt_net": 0.69834, "epoch": "48/48", "eta": "0:12:07", "gpu_mem": "86.78G", "grad_norm": 1.27697, "iter": "226/255", "loss": 0.52068, "lr": 0.00000, "top1_err": 16.66667, "top5_err": 0.89286}
[12/19 11:18:44][INFO] logging.py:   99: json_stats: {"_type": "train_iter_", "dt": 0.70263, "dt_data": 0.00039, "dt_net": 0.70225, "epoch": "48/48", "eta": "0:00:19", "gpu_mem": "86.78G", "grad_norm": 1.27265, "iter": "227/255", "loss": 0.53502, "lr": 0.00000, "top1_err": 17.55952, "top5_err": 2.38095}
[12/19 11:18:44][INFO] logging.py:   99: json_stats: {"_type": "train_iter_", "dt": 0.70388, "dt_data": 0.00038, "dt_net": 0.70350, "epoch": "48/48", "eta": "0:00:19", "gpu_mem": "86.78G", "grad_norm": 1.31847, "iter": "228/255", "loss": 0.51598, "lr": 0.00000, "top1_err": 18.15476, "top5_err": 1.48809}
[12/19 11:18:45][INFO] logging.py:   99: json_stats: {"_type": "train_iter_", "dt": 0.70185, "dt_data": 0.00043, "dt_net": 0.70142, "epoch": "48/48", "eta": "0:00:18", "gpu_mem": "86.78G", "grad_norm": 1.20848, "iter": "229/255", "loss": 0.56847, "lr": 0.00000, "top1_err": 19.04762, "top5_err": 1.78571}
[12/19 11:18:46][INFO] logging.py:   99: json_stats: {"_type": "train_iter_", "dt": 0.70551, "dt_data": 0.00047, "dt_net": 0.70503, "epoch": "48/48", "eta": "0:00:17", "gpu_mem": "86.78G", "grad_norm": 1.28969, "iter": "230/255", "loss": 0.58285, "lr": 0.00000, "top1_err": 20.83333, "top5_err": 2.38095}
[12/19 11:18:48][INFO] logging.py:   99: json_stats: {"_type": "train_iter_", "dt": 2.59834, "dt_data": 0.00036, "dt_net": 2.59798, "epoch": "48/48", "eta": "0:01:02", "gpu_mem": "86.78G", "grad_norm": 1.37800, "iter": "231/255", "loss": 0.62348, "lr": 0.00000, "top1_err": 20.83333, "top5_err": 1.78571}
[12/19 11:18:53][INFO] logging.py:   99: json_stats: {"_type": "train_iter_", "dt": 4.36974, "dt_data": 0.00041, "dt_net": 4.36932, "epoch": "48/48", "eta": "0:01:40", "gpu_mem": "86.78G", "grad_norm": 1.45786, "iter": "232/255", "loss": 0.55971, "lr": 0.00000, "top1_err": 21.13095, "top5_err": 0.59524}
[12/19 11:19:06][INFO] logging.py:   99: json_stats: {"_type": "train_iter_", "dt": 13.26961, "dt_data": 12.57226, "dt_net": 0.69735, "epoch": "48/48", "eta": "0:04:51", "gpu_mem": "86.78G", "grad_norm": 1.19163, "iter": "233/255", "loss": 0.51554, "lr": 0.00000, "top1_err": 17.26190, "top5_err": 1.78571}
[12/19 11:19:34][INFO] logging.py:   99: json_stats: {"_type": "train_iter_", "dt": 27.54947, "dt_data": 26.60962, "dt_net": 0.93985, "epoch": "48/48", "eta": "0:09:38", "gpu_mem": "86.78G", "grad_norm": 1.22976, "iter": "234/255", "loss": 0.49981, "lr": 0.00000, "top1_err": 17.85714, "top5_err": 0.89285}
[12/19 11:19:34][INFO] logging.py:   99: json_stats: {"_type": "train_iter_", "dt": 0.70215, "dt_data": 0.00038, "dt_net": 0.70177, "epoch": "48/48", "eta": "0:00:14", "gpu_mem": "86.78G", "grad_norm": 1.26877, "iter": "235/255", "loss": 0.54499, "lr": 0.00000, "top1_err": 19.04762, "top5_err": 1.19047}
[12/19 11:19:35][INFO] logging.py:   99: json_stats: {"_type": "train_iter_", "dt": 0.70278, "dt_data": 0.00037, "dt_net": 0.70241, "epoch": "48/48", "eta": "0:00:13", "gpu_mem": "86.78G", "grad_norm": 1.16239, "iter": "236/255", "loss": 0.44311, "lr": 0.00000, "top1_err": 18.45238, "top5_err": 0.29762}
[12/19 11:19:39][INFO] logging.py:   99: json_stats: {"_type": "train_iter_", "dt": 3.69037, "dt_data": 2.97983, "dt_net": 0.71053, "epoch": "48/48", "eta": "0:01:06", "gpu_mem": "86.78G", "grad_norm": 1.33462, "iter": "237/255", "loss": 0.62737, "lr": 0.00000, "top1_err": 22.02381, "top5_err": 2.38095}
[12/19 11:19:39][INFO] logging.py:   99: json_stats: {"_type": "train_iter_", "dt": 0.71565, "dt_data": 0.00050, "dt_net": 0.71515, "epoch": "48/48", "eta": "0:00:12", "gpu_mem": "86.78G", "grad_norm": 1.27895, "iter": "238/255", "loss": 0.54918, "lr": 0.00000, "top1_err": 18.45238, "top5_err": 0.59524}
[12/19 11:19:45][INFO] logging.py:   99: json_stats: {"_type": "train_iter_", "dt": 6.02069, "dt_data": 0.00039, "dt_net": 6.02030, "epoch": "48/48", "eta": "0:01:36", "gpu_mem": "86.78G", "grad_norm": 1.38164, "iter": "239/255", "loss": 0.67405, "lr": 0.00000, "top1_err": 23.51190, "top5_err": 2.08333}
[12/19 11:19:46][INFO] logging.py:   99: json_stats: {"_type": "train_iter_", "dt": 0.77097, "dt_data": 0.00062, "dt_net": 0.77035, "epoch": "48/48", "eta": "0:00:11", "gpu_mem": "86.78G", "grad_norm": 1.56387, "iter": "240/255", "loss": 0.61672, "lr": 0.00000, "top1_err": 19.64286, "top5_err": 2.08333}
[12/19 11:19:58][INFO] logging.py:   99: json_stats: {"_type": "train_iter_", "dt": 12.02808, "dt_data": 11.33138, "dt_net": 0.69669, "epoch": "48/48", "eta": "0:02:48", "gpu_mem": "86.78G", "grad_norm": 1.20175, "iter": "241/255", "loss": 0.53936, "lr": 0.00000, "top1_err": 18.45238, "top5_err": 1.19047}
[12/19 11:20:30][INFO] logging.py:   99: json_stats: {"_type": "train_iter_", "dt": 31.56995, "dt_data": 30.85698, "dt_net": 0.71297, "epoch": "48/48", "eta": "0:06:50", "gpu_mem": "86.78G", "grad_norm": 1.11678, "iter": "242/255", "loss": 0.47758, "lr": 0.00000, "top1_err": 17.85714, "top5_err": 0.89286}
[12/19 11:20:30][INFO] logging.py:   99: json_stats: {"_type": "train_iter_", "dt": 0.70459, "dt_data": 0.00025, "dt_net": 0.70434, "epoch": "48/48", "eta": "0:00:08", "gpu_mem": "86.78G", "grad_norm": 1.22288, "iter": "243/255", "loss": 0.49255, "lr": 0.00000, "top1_err": 16.66667, "top5_err": 0.59524}
[12/19 11:20:31][INFO] logging.py:   99: json_stats: {"_type": "train_iter_", "dt": 0.71083, "dt_data": 0.00024, "dt_net": 0.71059, "epoch": "48/48", "eta": "0:00:07", "gpu_mem": "86.78G", "grad_norm": 1.25575, "iter": "244/255", "loss": 0.54038, "lr": 0.00000, "top1_err": 20.23809, "top5_err": 0.59524}
[12/19 11:20:33][INFO] logging.py:   99: json_stats: {"_type": "train_iter_", "dt": 1.49602, "dt_data": 0.78831, "dt_net": 0.70771, "epoch": "48/48", "eta": "0:00:14", "gpu_mem": "86.78G", "grad_norm": 1.05328, "iter": "245/255", "loss": 0.45468, "lr": 0.00000, "top1_err": 16.07142, "top5_err": 1.19047}
[12/19 11:20:33][INFO] logging.py:   99: json_stats: {"_type": "train_iter_", "dt": 0.71513, "dt_data": 0.00030, "dt_net": 0.71483, "epoch": "48/48", "eta": "0:00:06", "gpu_mem": "86.78G", "grad_norm": 1.13271, "iter": "246/255", "loss": 0.51617, "lr": 0.00000, "top1_err": 19.94047, "top5_err": 0.89285}
[12/19 11:20:42][INFO] logging.py:   99: json_stats: {"_type": "train_iter_", "dt": 8.31517, "dt_data": 0.00038, "dt_net": 8.31479, "epoch": "48/48", "eta": "0:01:06", "gpu_mem": "86.78G", "grad_norm": 1.33808, "iter": "247/255", "loss": 0.54660, "lr": 0.00000, "top1_err": 20.53571, "top5_err": 1.19047}
[12/19 11:20:42][INFO] logging.py:   99: json_stats: {"_type": "train_iter_", "dt": 0.68700, "dt_data": 0.00029, "dt_net": 0.68671, "epoch": "48/48", "eta": "0:00:04", "gpu_mem": "86.78G", "grad_norm": 1.37870, "iter": "248/255", "loss": 0.55368, "lr": 0.00000, "top1_err": 20.53571, "top5_err": 0.59524}
[12/19 11:20:54][INFO] logging.py:   99: json_stats: {"_type": "train_iter_", "dt": 11.85809, "dt_data": 11.19045, "dt_net": 0.66764, "epoch": "48/48", "eta": "0:01:11", "gpu_mem": "86.78G", "grad_norm": 1.15997, "iter": "249/255", "loss": 0.54825, "lr": 0.00000, "top1_err": 20.83333, "top5_err": 0.59524}
[12/19 11:21:22][INFO] logging.py:   99: json_stats: {"_type": "train_iter_", "dt": 27.47176, "dt_data": 26.79501, "dt_net": 0.67675, "epoch": "48/48", "eta": "0:02:17", "gpu_mem": "86.78G", "grad_norm": 1.27593, "iter": "250/255", "loss": 0.70016, "lr": 0.00000, "top1_err": 22.02381, "top5_err": 2.67857}
[12/19 11:21:22][INFO] logging.py:   99: json_stats: {"_type": "train_iter_", "dt": 0.67632, "dt_data": 0.00023, "dt_net": 0.67609, "epoch": "48/48", "eta": "0:00:02", "gpu_mem": "86.78G", "grad_norm": 1.14457, "iter": "251/255", "loss": 0.47643, "lr": 0.00000, "top1_err": 17.26190, "top5_err": 0.59524}
[12/19 11:21:23][INFO] logging.py:   99: json_stats: {"_type": "train_iter_", "dt": 0.68385, "dt_data": 0.00021, "dt_net": 0.68363, "epoch": "48/48", "eta": "0:00:02", "gpu_mem": "86.78G", "grad_norm": 1.32403, "iter": "252/255", "loss": 0.51741, "lr": 0.00000, "top1_err": 16.66667, "top5_err": 0.89286}
[12/19 11:21:27][INFO] logging.py:   99: json_stats: {"_type": "train_iter_", "dt": 3.69426, "dt_data": 3.02918, "dt_net": 0.66508, "epoch": "48/48", "eta": "0:00:07", "gpu_mem": "86.78G", "grad_norm": 1.34402, "iter": "253/255", "loss": 0.59910, "lr": 0.00000, "top1_err": 19.64285, "top5_err": 1.48809}
[12/19 11:21:27][INFO] logging.py:   99: json_stats: {"_type": "train_iter_", "dt": 0.66424, "dt_data": 0.00022, "dt_net": 0.66401, "epoch": "48/48", "eta": "0:00:00", "gpu_mem": "86.78G", "grad_norm": 1.29335, "iter": "254/255", "loss": 0.56638, "lr": 0.00000, "top1_err": 19.34524, "top5_err": 2.38095}
[12/19 11:21:32][INFO] logging.py:   99: json_stats: {"_type": "train_iter_", "dt": 4.65129, "dt_data": 0.00021, "dt_net": 4.65108, "epoch": "48/48", "eta": "0:00:00", "gpu_mem": "86.78G", "grad_norm": 1.42124, "iter": "255/255", "loss": 0.62396, "lr": 0.00000, "top1_err": 21.42857, "top5_err": 2.38095}
[12/19 11:21:33][INFO] logging.py:   99: json_stats: {"RAM": "225.61/856.58G", "_type": "train_epoch", "dt": 1.23515, "dt_data": 1.23515, "dt_net": 4.65108, "epoch": "48/48", "eta": "0:00:00", "gpu_mem": "86.78G", "grad_norm": 1.42124, "loss": 0.54563, "lr": 0.00000, "top1_err": 19.17250, "top5_err": 1.38655}
[12/19 11:21:33][INFO] train_net.py: 1072: Epoch 47 takes 1766.18s. Epochs from 45 to 47 take 1738.58s in average and 1743.42s in median.
[12/19 11:21:33][INFO] train_net.py: 1078: For epoch 47, each iteraction takes 6.93s in average. From epoch 45 to 47, each iteraction takes 6.82s in average.
[12/19 11:23:04][INFO] logging.py:   99: json_stats: {"_type": "val_iter", "epoch": "48/48", "eta": "3:50:22", "gpu_mem": "86.78G", "iter": "1/154", "time_diff": 90.34527, "top1_err": 13.09524, "top5_err": 0.59524}
[12/19 11:23:04][INFO] logging.py:   99: json_stats: {"_type": "val_iter", "epoch": "48/48", "eta": "0:00:44", "gpu_mem": "86.78G", "iter": "2/154", "time_diff": 0.29416, "top1_err": 16.07143, "top5_err": 0.89286}
[12/19 11:23:04][INFO] logging.py:   99: json_stats: {"_type": "val_iter", "epoch": "48/48", "eta": "0:00:45", "gpu_mem": "86.78G", "iter": "3/154", "time_diff": 0.29921, "top1_err": 11.30952, "top5_err": 0.59524}
[12/19 11:23:05][INFO] logging.py:   99: json_stats: {"_type": "val_iter", "epoch": "48/48", "eta": "0:00:47", "gpu_mem": "86.78G", "iter": "4/154", "time_diff": 0.31415, "top1_err": 13.98809, "top5_err": 0.29762}
[12/19 11:23:05][INFO] logging.py:   99: json_stats: {"_type": "val_iter", "epoch": "48/48", "eta": "0:00:46", "gpu_mem": "86.78G", "iter": "5/154", "time_diff": 0.31416, "top1_err": 13.09524, "top5_err": 1.48809}
[12/19 11:23:05][INFO] logging.py:   99: json_stats: {"_type": "val_iter", "epoch": "48/48", "eta": "0:00:44", "gpu_mem": "86.78G", "iter": "6/154", "time_diff": 0.30346, "top1_err": 15.77381, "top5_err": 0.59524}
[12/19 11:23:06][INFO] logging.py:   99: json_stats: {"_type": "val_iter", "epoch": "48/48", "eta": "0:00:45", "gpu_mem": "86.78G", "iter": "7/154", "time_diff": 0.30916, "top1_err": 12.50000, "top5_err": 0.59524}
[12/19 11:23:06][INFO] logging.py:   99: json_stats: {"_type": "val_iter", "epoch": "48/48", "eta": "0:00:45", "gpu_mem": "86.78G", "iter": "8/154", "time_diff": 0.31192, "top1_err": 13.69047, "top5_err": 0.29762}
[12/19 11:23:52][INFO] logging.py:   99: json_stats: {"_type": "val_iter", "epoch": "48/48", "eta": "1:50:33", "gpu_mem": "86.78G", "iter": "9/154", "time_diff": 45.75128, "top1_err": 15.47619, "top5_err": 1.19047}
[12/19 11:23:55][INFO] logging.py:   99: json_stats: {"_type": "val_iter", "epoch": "48/48", "eta": "0:06:42", "gpu_mem": "86.78G", "iter": "10/154", "time_diff": 2.79515, "top1_err": 13.39286, "top5_err": 0.59524}
[12/19 11:23:55][INFO] logging.py:   99: json_stats: {"_type": "val_iter", "epoch": "48/48", "eta": "0:00:42", "gpu_mem": "86.78G", "iter": "11/154", "time_diff": 0.29660, "top1_err": 12.50000, "top5_err": 0.89285}
[12/19 11:23:55][INFO] logging.py:   99: json_stats: {"_type": "val_iter", "epoch": "48/48", "eta": "0:00:43", "gpu_mem": "86.78G", "iter": "12/154", "time_diff": 0.30414, "top1_err": 19.04762, "top5_err": 1.48809}
[12/19 11:23:55][INFO] logging.py:   99: json_stats: {"_type": "val_iter", "epoch": "48/48", "eta": "0:00:43", "gpu_mem": "86.78G", "iter": "13/154", "time_diff": 0.30927, "top1_err": 15.47619, "top5_err": 1.78571}
[12/19 11:23:56][INFO] logging.py:   99: json_stats: {"_type": "val_iter", "epoch": "48/48", "eta": "0:00:43", "gpu_mem": "86.78G", "iter": "14/154", "time_diff": 0.31422, "top1_err": 16.07143, "top5_err": 0.89286}
[12/19 11:23:56][INFO] logging.py:   99: json_stats: {"_type": "val_iter", "epoch": "48/48", "eta": "0:00:41", "gpu_mem": "86.78G", "iter": "15/154", "time_diff": 0.30147, "top1_err": 13.39285, "top5_err": 0.59524}
[12/19 11:23:56][INFO] logging.py:   99: json_stats: {"_type": "val_iter", "epoch": "48/48", "eta": "0:00:42", "gpu_mem": "86.78G", "iter": "16/154", "time_diff": 0.30925, "top1_err": 13.69047, "top5_err": 0.59524}
[12/19 11:24:39][INFO] logging.py:   99: json_stats: {"_type": "val_iter", "epoch": "48/48", "eta": "1:37:06", "gpu_mem": "86.78G", "iter": "17/154", "time_diff": 42.53025, "top1_err": 15.17857, "top5_err": 0.00000}
[12/19 11:24:43][INFO] logging.py:   99: json_stats: {"_type": "val_iter", "epoch": "48/48", "eta": "0:09:21", "gpu_mem": "86.78G", "iter": "18/154", "time_diff": 4.12662, "top1_err": 15.17857, "top5_err": 0.29762}
[12/19 11:24:43][INFO] logging.py:   99: json_stats: {"_type": "val_iter", "epoch": "48/48", "eta": "0:00:40", "gpu_mem": "86.78G", "iter": "19/154", "time_diff": 0.30256, "top1_err": 13.39285, "top5_err": 1.19047}
[12/19 11:24:44][INFO] logging.py:   99: json_stats: {"_type": "val_iter", "epoch": "48/48", "eta": "0:00:40", "gpu_mem": "86.78G", "iter": "20/154", "time_diff": 0.29999, "top1_err": 14.88095, "top5_err": 0.29762}
[12/19 11:24:44][INFO] logging.py:   99: json_stats: {"_type": "val_iter", "epoch": "48/48", "eta": "0:00:40", "gpu_mem": "86.78G", "iter": "21/154", "time_diff": 0.30800, "top1_err": 13.98809, "top5_err": 0.89286}
[12/19 11:24:44][INFO] logging.py:   99: json_stats: {"_type": "val_iter", "epoch": "48/48", "eta": "0:00:41", "gpu_mem": "86.78G", "iter": "22/154", "time_diff": 0.31271, "top1_err": 18.45238, "top5_err": 1.48809}
[12/19 11:24:46][INFO] logging.py:   99: json_stats: {"_type": "val_iter", "epoch": "48/48", "eta": "0:03:18", "gpu_mem": "86.78G", "iter": "23/154", "time_diff": 1.51336, "top1_err": 13.39285, "top5_err": 1.48809}
[12/19 11:24:46][INFO] logging.py:   99: json_stats: {"_type": "val_iter", "epoch": "48/48", "eta": "0:00:39", "gpu_mem": "86.78G", "iter": "24/154", "time_diff": 0.30209, "top1_err": 12.50000, "top5_err": 0.29762}
[12/19 11:25:32][INFO] logging.py:   99: json_stats: {"_type": "val_iter", "epoch": "48/48", "eta": "1:38:11", "gpu_mem": "86.78G", "iter": "25/154", "time_diff": 45.67434, "top1_err": 14.88095, "top5_err": 0.59524}
[12/19 11:25:39][INFO] logging.py:   99: json_stats: {"_type": "val_iter", "epoch": "48/48", "eta": "0:14:34", "gpu_mem": "86.78G", "iter": "26/154", "time_diff": 6.83299, "top1_err": 11.30952, "top5_err": 0.29762}
[12/19 11:25:39][INFO] logging.py:   99: json_stats: {"_type": "val_iter", "epoch": "48/48", "eta": "0:00:38", "gpu_mem": "86.78G", "iter": "27/154", "time_diff": 0.30239, "top1_err": 13.09524, "top5_err": 0.29762}
[12/19 11:25:39][INFO] logging.py:   99: json_stats: {"_type": "val_iter", "epoch": "48/48", "eta": "0:00:37", "gpu_mem": "86.78G", "iter": "28/154", "time_diff": 0.29885, "top1_err": 12.20238, "top5_err": 0.59524}
[12/19 11:25:40][INFO] logging.py:   99: json_stats: {"_type": "val_iter", "epoch": "48/48", "eta": "0:00:38", "gpu_mem": "86.78G", "iter": "29/154", "time_diff": 0.30421, "top1_err": 17.55952, "top5_err": 0.29762}
[12/19 11:25:40][INFO] logging.py:   99: json_stats: {"_type": "val_iter", "epoch": "48/48", "eta": "0:00:39", "gpu_mem": "86.78G", "iter": "30/154", "time_diff": 0.31563, "top1_err": 16.36905, "top5_err": 0.59524}
[12/19 11:25:40][INFO] logging.py:   99: json_stats: {"_type": "val_iter", "epoch": "48/48", "eta": "0:00:37", "gpu_mem": "86.78G", "iter": "31/154", "time_diff": 0.30522, "top1_err": 16.36905, "top5_err": 0.29762}
[12/19 11:25:40][INFO] logging.py:   99: json_stats: {"_type": "val_iter", "epoch": "48/48", "eta": "0:00:37", "gpu_mem": "86.78G", "iter": "32/154", "time_diff": 0.30709, "top1_err": 14.28571, "top5_err": 1.48809}
[12/19 11:26:27][INFO] logging.py:   99: json_stats: {"_type": "val_iter", "epoch": "48/48", "eta": "1:34:01", "gpu_mem": "86.78G", "iter": "33/154", "time_diff": 46.62333, "top1_err": 16.96428, "top5_err": 1.19047}
[12/19 11:26:27][INFO] logging.py:   99: json_stats: {"_type": "val_iter", "epoch": "48/48", "eta": "0:00:35", "gpu_mem": "86.78G", "iter": "34/154", "time_diff": 0.29904, "top1_err": 15.47619, "top5_err": 1.48809}
[12/19 11:26:28][INFO] logging.py:   99: json_stats: {"_type": "val_iter", "epoch": "48/48", "eta": "0:00:37", "gpu_mem": "86.78G", "iter": "35/154", "time_diff": 0.31494, "top1_err": 16.07143, "top5_err": 1.48809}
[12/19 11:26:28][INFO] logging.py:   99: json_stats: {"_type": "val_iter", "epoch": "48/48", "eta": "0:00:37", "gpu_mem": "86.78G", "iter": "36/154", "time_diff": 0.31621, "top1_err": 15.17857, "top5_err": 0.29762}
[12/19 11:26:28][INFO] logging.py:   99: json_stats: {"_type": "val_iter", "epoch": "48/48", "eta": "0:00:36", "gpu_mem": "86.78G", "iter": "37/154", "time_diff": 0.31025, "top1_err": 15.47619, "top5_err": 0.59524}
[12/19 11:26:29][INFO] logging.py:   99: json_stats: {"_type": "val_iter", "epoch": "48/48", "eta": "0:00:36", "gpu_mem": "86.78G", "iter": "38/154", "time_diff": 0.31646, "top1_err": 16.66666, "top5_err": 1.78571}
[12/19 11:26:29][INFO] logging.py:   99: json_stats: {"_type": "val_iter", "epoch": "48/48", "eta": "0:00:36", "gpu_mem": "86.78G", "iter": "39/154", "time_diff": 0.31546, "top1_err": 9.82143, "top5_err": 0.89286}
[12/19 11:26:29][INFO] logging.py:   99: json_stats: {"_type": "val_iter", "epoch": "48/48", "eta": "0:00:35", "gpu_mem": "86.78G", "iter": "40/154", "time_diff": 0.31385, "top1_err": 13.98809, "top5_err": 1.19047}
[12/19 11:27:22][INFO] logging.py:   99: json_stats: {"_type": "val_iter", "epoch": "48/48", "eta": "1:38:54", "gpu_mem": "86.78G", "iter": "41/154", "time_diff": 52.51468, "top1_err": 15.17857, "top5_err": 0.00000}
[12/19 11:27:22][INFO] logging.py:   99: json_stats: {"_type": "val_iter", "epoch": "48/48", "eta": "0:00:33", "gpu_mem": "86.78G", "iter": "42/154", "time_diff": 0.29914, "top1_err": 16.66667, "top5_err": 1.78571}
[12/19 11:27:22][INFO] logging.py:   99: json_stats: {"_type": "val_iter", "epoch": "48/48", "eta": "0:00:33", "gpu_mem": "86.78G", "iter": "43/154", "time_diff": 0.30541, "top1_err": 15.47619, "top5_err": 0.29762}
[12/19 11:27:23][INFO] logging.py:   99: json_stats: {"_type": "val_iter", "epoch": "48/48", "eta": "0:00:33", "gpu_mem": "86.78G", "iter": "44/154", "time_diff": 0.30567, "top1_err": 16.07143, "top5_err": 0.89285}
[12/19 11:27:23][INFO] logging.py:   99: json_stats: {"_type": "val_iter", "epoch": "48/48", "eta": "0:00:33", "gpu_mem": "86.78G", "iter": "45/154", "time_diff": 0.31091, "top1_err": 14.88095, "top5_err": 0.89285}
[12/19 11:27:23][INFO] logging.py:   99: json_stats: {"_type": "val_iter", "epoch": "48/48", "eta": "0:00:33", "gpu_mem": "86.78G", "iter": "46/154", "time_diff": 0.30671, "top1_err": 16.36905, "top5_err": 0.29762}
[12/19 11:27:24][INFO] logging.py:   99: json_stats: {"_type": "val_iter", "epoch": "48/48", "eta": "0:00:32", "gpu_mem": "86.78G", "iter": "47/154", "time_diff": 0.30829, "top1_err": 11.90476, "top5_err": 0.59524}
[12/19 11:27:24][INFO] logging.py:   99: json_stats: {"_type": "val_iter", "epoch": "48/48", "eta": "0:00:32", "gpu_mem": "86.78G", "iter": "48/154", "time_diff": 0.31049, "top1_err": 16.07143, "top5_err": 0.00000}
[12/19 11:28:11][INFO] logging.py:   99: json_stats: {"_type": "val_iter", "epoch": "48/48", "eta": "1:22:10", "gpu_mem": "86.78G", "iter": "49/154", "time_diff": 46.96147, "top1_err": 15.17857, "top5_err": 1.48809}
[12/19 11:28:11][INFO] logging.py:   99: json_stats: {"_type": "val_iter", "epoch": "48/48", "eta": "0:00:51", "gpu_mem": "86.78G", "iter": "50/154", "time_diff": 0.49699, "top1_err": 14.88095, "top5_err": 0.89285}
[12/19 11:28:12][INFO] logging.py:   99: json_stats: {"_type": "val_iter", "epoch": "48/48", "eta": "0:00:31", "gpu_mem": "86.78G", "iter": "51/154", "time_diff": 0.30157, "top1_err": 12.50000, "top5_err": 0.00000}
[12/19 11:28:12][INFO] logging.py:   99: json_stats: {"_type": "val_iter", "epoch": "48/48", "eta": "0:00:30", "gpu_mem": "86.78G", "iter": "52/154", "time_diff": 0.29958, "top1_err": 16.66666, "top5_err": 2.08333}
[12/19 11:28:12][INFO] logging.py:   99: json_stats: {"_type": "val_iter", "epoch": "48/48", "eta": "0:00:30", "gpu_mem": "86.78G", "iter": "53/154", "time_diff": 0.30516, "top1_err": 16.07143, "top5_err": 1.48809}
[12/19 11:28:13][INFO] logging.py:   99: json_stats: {"_type": "val_iter", "epoch": "48/48", "eta": "0:00:31", "gpu_mem": "86.78G", "iter": "54/154", "time_diff": 0.31874, "top1_err": 14.28571, "top5_err": 0.00000}
[12/19 11:28:13][INFO] logging.py:   99: json_stats: {"_type": "val_iter", "epoch": "48/48", "eta": "0:00:30", "gpu_mem": "86.78G", "iter": "55/154", "time_diff": 0.30589, "top1_err": 12.20238, "top5_err": 1.19047}
[12/19 11:28:13][INFO] logging.py:   99: json_stats: {"_type": "val_iter", "epoch": "48/48", "eta": "0:00:29", "gpu_mem": "86.78G", "iter": "56/154", "time_diff": 0.30503, "top1_err": 15.77381, "top5_err": 1.78571}
[12/19 11:29:04][INFO] logging.py:   99: json_stats: {"_type": "val_iter", "epoch": "48/48", "eta": "1:21:51", "gpu_mem": "86.78G", "iter": "57/154", "time_diff": 50.63341, "top1_err": 13.69047, "top5_err": 0.00000}
[12/19 11:29:04][INFO] logging.py:   99: json_stats: {"_type": "val_iter", "epoch": "48/48", "eta": "0:00:28", "gpu_mem": "86.78G", "iter": "58/154", "time_diff": 0.29905, "top1_err": 17.26190, "top5_err": 0.59524}
[12/19 11:29:05][INFO] logging.py:   99: json_stats: {"_type": "val_iter", "epoch": "48/48", "eta": "0:00:29", "gpu_mem": "86.78G", "iter": "59/154", "time_diff": 0.30677, "top1_err": 12.50000, "top5_err": 0.29762}
[12/19 11:29:05][INFO] logging.py:   99: json_stats: {"_type": "val_iter", "epoch": "48/48", "eta": "0:00:28", "gpu_mem": "86.78G", "iter": "60/154", "time_diff": 0.30351, "top1_err": 15.17857, "top5_err": 0.29762}
[12/19 11:29:05][INFO] logging.py:   99: json_stats: {"_type": "val_iter", "epoch": "48/48", "eta": "0:00:28", "gpu_mem": "86.78G", "iter": "61/154", "time_diff": 0.31130, "top1_err": 14.28571, "top5_err": 0.59524}
[12/19 11:29:05][INFO] logging.py:   99: json_stats: {"_type": "val_iter", "epoch": "48/48", "eta": "0:00:28", "gpu_mem": "86.78G", "iter": "62/154", "time_diff": 0.30997, "top1_err": 13.09524, "top5_err": 0.59524}
[12/19 11:29:06][INFO] logging.py:   99: json_stats: {"_type": "val_iter", "epoch": "48/48", "eta": "0:00:27", "gpu_mem": "86.78G", "iter": "63/154", "time_diff": 0.30416, "top1_err": 16.66667, "top5_err": 0.59524}
[12/19 11:29:06][INFO] logging.py:   99: json_stats: {"_type": "val_iter", "epoch": "48/48", "eta": "0:00:27", "gpu_mem": "86.78G", "iter": "64/154", "time_diff": 0.30977, "top1_err": 13.39286, "top5_err": 0.89286}
[12/19 11:29:50][INFO] logging.py:   99: json_stats: {"_type": "val_iter", "epoch": "48/48", "eta": "1:05:11", "gpu_mem": "86.78G", "iter": "65/154", "time_diff": 43.95051, "top1_err": 13.98809, "top5_err": 0.59524}
[12/19 11:29:54][INFO] logging.py:   99: json_stats: {"_type": "val_iter", "epoch": "48/48", "eta": "0:06:09", "gpu_mem": "86.78G", "iter": "66/154", "time_diff": 4.19979, "top1_err": 14.28571, "top5_err": 0.59524}
[12/19 11:29:55][INFO] logging.py:   99: json_stats: {"_type": "val_iter", "epoch": "48/48", "eta": "0:00:26", "gpu_mem": "86.78G", "iter": "67/154", "time_diff": 0.30431, "top1_err": 11.60714, "top5_err": 0.89285}
[12/19 11:29:55][INFO] logging.py:   99: json_stats: {"_type": "val_iter", "epoch": "48/48", "eta": "0:00:26", "gpu_mem": "86.78G", "iter": "68/154", "time_diff": 0.30385, "top1_err": 14.28571, "top5_err": 0.29762}
[12/19 11:29:55][INFO] logging.py:   99: json_stats: {"_type": "val_iter", "epoch": "48/48", "eta": "0:00:26", "gpu_mem": "86.78G", "iter": "69/154", "time_diff": 0.31437, "top1_err": 17.55952, "top5_err": 0.89285}
[12/19 11:29:55][INFO] logging.py:   99: json_stats: {"_type": "val_iter", "epoch": "48/48", "eta": "0:00:26", "gpu_mem": "86.78G", "iter": "70/154", "time_diff": 0.31249, "top1_err": 15.17857, "top5_err": 1.48809}
[12/19 11:29:56][INFO] logging.py:   99: json_stats: {"_type": "val_iter", "epoch": "48/48", "eta": "0:00:25", "gpu_mem": "86.78G", "iter": "71/154", "time_diff": 0.30756, "top1_err": 13.98809, "top5_err": 0.29762}
[12/19 11:29:56][INFO] logging.py:   99: json_stats: {"_type": "val_iter", "epoch": "48/48", "eta": "0:00:25", "gpu_mem": "86.78G", "iter": "72/154", "time_diff": 0.31023, "top1_err": 14.88095, "top5_err": 1.19047}
[12/19 11:30:40][INFO] logging.py:   99: json_stats: {"_type": "val_iter", "epoch": "48/48", "eta": "0:58:50", "gpu_mem": "86.78G", "iter": "73/154", "time_diff": 43.58677, "top1_err": 15.77381, "top5_err": 1.48809}
[12/19 11:30:45][INFO] logging.py:   99: json_stats: {"_type": "val_iter", "epoch": "48/48", "eta": "0:06:56", "gpu_mem": "86.78G", "iter": "74/154", "time_diff": 5.21026, "top1_err": 14.28571, "top5_err": 0.89286}
[12/19 11:30:45][INFO] logging.py:   99: json_stats: {"_type": "val_iter", "epoch": "48/48", "eta": "0:00:23", "gpu_mem": "86.78G", "iter": "75/154", "time_diff": 0.30373, "top1_err": 14.88095, "top5_err": 1.48809}
[12/19 11:30:45][INFO] logging.py:   99: json_stats: {"_type": "val_iter", "epoch": "48/48", "eta": "0:00:23", "gpu_mem": "86.78G", "iter": "76/154", "time_diff": 0.30447, "top1_err": 15.17857, "top5_err": 1.48809}
[12/19 11:30:46][INFO] logging.py:   99: json_stats: {"_type": "val_iter", "epoch": "48/48", "eta": "0:00:24", "gpu_mem": "86.78G", "iter": "77/154", "time_diff": 0.31233, "top1_err": 13.98809, "top5_err": 0.59524}
[12/19 11:30:46][INFO] logging.py:   99: json_stats: {"_type": "val_iter", "epoch": "48/48", "eta": "0:00:23", "gpu_mem": "86.78G", "iter": "78/154", "time_diff": 0.31505, "top1_err": 15.47619, "top5_err": 0.29762}
[12/19 11:30:47][INFO] logging.py:   99: json_stats: {"_type": "val_iter", "epoch": "48/48", "eta": "0:00:52", "gpu_mem": "86.78G", "iter": "79/154", "time_diff": 0.70295, "top1_err": 16.36905, "top5_err": 0.89286}
[12/19 11:30:47][INFO] logging.py:   99: json_stats: {"_type": "val_iter", "epoch": "48/48", "eta": "0:00:22", "gpu_mem": "86.78G", "iter": "80/154", "time_diff": 0.29732, "top1_err": 13.39286, "top5_err": 0.29762}
[12/19 11:31:25][INFO] logging.py:   99: json_stats: {"_type": "val_iter", "epoch": "48/48", "eta": "0:45:54", "gpu_mem": "86.78G", "iter": "81/154", "time_diff": 37.73919, "top1_err": 13.09524, "top5_err": 0.59524}
[12/19 11:31:44][INFO] logging.py:   99: json_stats: {"_type": "val_iter", "epoch": "48/48", "eta": "0:23:14", "gpu_mem": "86.78G", "iter": "82/154", "time_diff": 19.36115, "top1_err": 14.88095, "top5_err": 0.59524}
[12/19 11:31:45][INFO] logging.py:   99: json_stats: {"_type": "val_iter", "epoch": "48/48", "eta": "0:00:21", "gpu_mem": "86.78G", "iter": "83/154", "time_diff": 0.29981, "top1_err": 16.36905, "top5_err": 0.89285}
[12/19 11:31:45][INFO] logging.py:   99: json_stats: {"_type": "val_iter", "epoch": "48/48", "eta": "0:00:21", "gpu_mem": "86.78G", "iter": "84/154", "time_diff": 0.30388, "top1_err": 11.60714, "top5_err": 1.19047}
[12/19 11:31:45][INFO] logging.py:   99: json_stats: {"_type": "val_iter", "epoch": "48/48", "eta": "0:00:21", "gpu_mem": "86.78G", "iter": "85/154", "time_diff": 0.30660, "top1_err": 11.90476, "top5_err": 0.29762}
[12/19 11:31:45][INFO] logging.py:   99: json_stats: {"_type": "val_iter", "epoch": "48/48", "eta": "0:00:21", "gpu_mem": "86.78G", "iter": "86/154", "time_diff": 0.31422, "top1_err": 12.20238, "top5_err": 0.59524}
[12/19 11:31:46][INFO] logging.py:   99: json_stats: {"_type": "val_iter", "epoch": "48/48", "eta": "0:00:20", "gpu_mem": "86.78G", "iter": "87/154", "time_diff": 0.30581, "top1_err": 12.79762, "top5_err": 0.59524}
[12/19 11:31:46][INFO] logging.py:   99: json_stats: {"_type": "val_iter", "epoch": "48/48", "eta": "0:00:20", "gpu_mem": "86.78G", "iter": "88/154", "time_diff": 0.30329, "top1_err": 13.69047, "top5_err": 0.59524}
[12/19 11:32:17][INFO] logging.py:   99: json_stats: {"_type": "val_iter", "epoch": "48/48", "eta": "0:33:25", "gpu_mem": "86.78G", "iter": "89/154", "time_diff": 30.84848, "top1_err": 13.69047, "top5_err": 0.59524}
[12/19 11:32:37][INFO] logging.py:   99: json_stats: {"_type": "val_iter", "epoch": "48/48", "eta": "0:21:49", "gpu_mem": "86.78G", "iter": "90/154", "time_diff": 20.46762, "top1_err": 12.50000, "top5_err": 0.59524}
[12/19 11:32:38][INFO] logging.py:   99: json_stats: {"_type": "val_iter", "epoch": "48/48", "eta": "0:00:18", "gpu_mem": "86.78G", "iter": "91/154", "time_diff": 0.30129, "top1_err": 18.15476, "top5_err": 0.29762}
[12/19 11:32:38][INFO] logging.py:   99: json_stats: {"_type": "val_iter", "epoch": "48/48", "eta": "0:00:18", "gpu_mem": "86.78G", "iter": "92/154", "time_diff": 0.30109, "top1_err": 12.20238, "top5_err": 0.59524}
[12/19 11:32:38][INFO] logging.py:   99: json_stats: {"_type": "val_iter", "epoch": "48/48", "eta": "0:00:18", "gpu_mem": "86.78G", "iter": "93/154", "time_diff": 0.31136, "top1_err": 18.45238, "top5_err": 0.89285}
[12/19 11:32:39][INFO] logging.py:   99: json_stats: {"_type": "val_iter", "epoch": "48/48", "eta": "0:00:18", "gpu_mem": "86.78G", "iter": "94/154", "time_diff": 0.31196, "top1_err": 13.39285, "top5_err": 0.89286}
[12/19 11:32:39][INFO] logging.py:   99: json_stats: {"_type": "val_iter", "epoch": "48/48", "eta": "0:00:18", "gpu_mem": "86.78G", "iter": "95/154", "time_diff": 0.30741, "top1_err": 14.88095, "top5_err": 1.48809}
[12/19 11:32:39][INFO] logging.py:   99: json_stats: {"_type": "val_iter", "epoch": "48/48", "eta": "0:00:17", "gpu_mem": "86.78G", "iter": "96/154", "time_diff": 0.30168, "top1_err": 15.77381, "top5_err": 0.59524}
[12/19 11:33:04][INFO] logging.py:   99: json_stats: {"_type": "val_iter", "epoch": "48/48", "eta": "0:23:15", "gpu_mem": "86.78G", "iter": "97/154", "time_diff": 24.48893, "top1_err": 17.26190, "top5_err": 0.59524}
[12/19 11:33:25][INFO] logging.py:   99: json_stats: {"_type": "val_iter", "epoch": "48/48", "eta": "0:19:50", "gpu_mem": "86.78G", "iter": "98/154", "time_diff": 21.26161, "top1_err": 11.90476, "top5_err": 0.29762}
[12/19 11:33:25][INFO] logging.py:   99: json_stats: {"_type": "val_iter", "epoch": "48/48", "eta": "0:00:16", "gpu_mem": "86.78G", "iter": "99/154", "time_diff": 0.30006, "top1_err": 14.28571, "top5_err": 1.48809}
[12/19 11:33:26][INFO] logging.py:   99: json_stats: {"_type": "val_iter", "epoch": "48/48", "eta": "0:00:16", "gpu_mem": "86.78G", "iter": "100/154", "time_diff": 0.30290, "top1_err": 18.15476, "top5_err": 0.59524}
[12/19 11:33:26][INFO] logging.py:   99: json_stats: {"_type": "val_iter", "epoch": "48/48", "eta": "0:00:16", "gpu_mem": "86.78G", "iter": "101/154", "time_diff": 0.31027, "top1_err": 17.26190, "top5_err": 0.29762}
[12/19 11:33:26][INFO] logging.py:   99: json_stats: {"_type": "val_iter", "epoch": "48/48", "eta": "0:00:16", "gpu_mem": "86.78G", "iter": "102/154", "time_diff": 0.31224, "top1_err": 16.36905, "top5_err": 0.89286}
[12/19 11:33:26][INFO] logging.py:   99: json_stats: {"_type": "val_iter", "epoch": "48/48", "eta": "0:00:15", "gpu_mem": "86.78G", "iter": "103/154", "time_diff": 0.30635, "top1_err": 16.36905, "top5_err": 0.89286}
[12/19 11:33:27][INFO] logging.py:   99: json_stats: {"_type": "val_iter", "epoch": "48/48", "eta": "0:00:15", "gpu_mem": "86.78G", "iter": "104/154", "time_diff": 0.30081, "top1_err": 15.17857, "top5_err": 1.48809}
[12/19 11:33:58][INFO] logging.py:   99: json_stats: {"_type": "val_iter", "epoch": "48/48", "eta": "0:25:35", "gpu_mem": "86.78G", "iter": "105/154", "time_diff": 31.34106, "top1_err": 13.69048, "top5_err": 0.59524}
[12/19 11:34:16][INFO] logging.py:   99: json_stats: {"_type": "val_iter", "epoch": "48/48", "eta": "0:14:15", "gpu_mem": "86.78G", "iter": "106/154", "time_diff": 17.83065, "top1_err": 12.20238, "top5_err": 0.59524}
[12/19 11:34:16][INFO] logging.py:   99: json_stats: {"_type": "val_iter", "epoch": "48/48", "eta": "0:00:14", "gpu_mem": "86.78G", "iter": "107/154", "time_diff": 0.30098, "top1_err": 15.17857, "top5_err": 0.29762}
[12/19 11:34:17][INFO] logging.py:   99: json_stats: {"_type": "val_iter", "epoch": "48/48", "eta": "0:00:13", "gpu_mem": "86.78G", "iter": "108/154", "time_diff": 0.30008, "top1_err": 15.47619, "top5_err": 0.89285}
[12/19 11:34:17][INFO] logging.py:   99: json_stats: {"_type": "val_iter", "epoch": "48/48", "eta": "0:00:13", "gpu_mem": "86.78G", "iter": "109/154", "time_diff": 0.31015, "top1_err": 15.17857, "top5_err": 0.89286}
[12/19 11:34:17][INFO] logging.py:   99: json_stats: {"_type": "val_iter", "epoch": "48/48", "eta": "0:00:13", "gpu_mem": "86.78G", "iter": "110/154", "time_diff": 0.31305, "top1_err": 15.17857, "top5_err": 1.19047}
[12/19 11:34:17][INFO] logging.py:   99: json_stats: {"_type": "val_iter", "epoch": "48/48", "eta": "0:00:13", "gpu_mem": "86.78G", "iter": "111/154", "time_diff": 0.30303, "top1_err": 16.96428, "top5_err": 1.48809}
[12/19 11:34:18][INFO] logging.py:   99: json_stats: {"_type": "val_iter", "epoch": "48/48", "eta": "0:00:12", "gpu_mem": "86.78G", "iter": "112/154", "time_diff": 0.30385, "top1_err": 13.98809, "top5_err": 0.89285}
[12/19 11:34:48][INFO] logging.py:   99: json_stats: {"_type": "val_iter", "epoch": "48/48", "eta": "0:20:27", "gpu_mem": "86.78G", "iter": "113/154", "time_diff": 29.92944, "top1_err": 16.07143, "top5_err": 0.29762}
[12/19 11:35:03][INFO] logging.py:   99: json_stats: {"_type": "val_iter", "epoch": "48/48", "eta": "0:10:16", "gpu_mem": "86.78G", "iter": "114/154", "time_diff": 15.40494, "top1_err": 14.58333, "top5_err": 0.59524}
[12/19 11:35:03][INFO] logging.py:   99: json_stats: {"_type": "val_iter", "epoch": "48/48", "eta": "0:00:11", "gpu_mem": "86.78G", "iter": "115/154", "time_diff": 0.30109, "top1_err": 14.88095, "top5_err": 0.59524}
[12/19 11:35:04][INFO] logging.py:   99: json_stats: {"_type": "val_iter", "epoch": "48/48", "eta": "0:00:11", "gpu_mem": "86.78G", "iter": "116/154", "time_diff": 0.31016, "top1_err": 13.69047, "top5_err": 0.29762}
[12/19 11:35:08][INFO] logging.py:   99: json_stats: {"_type": "val_iter", "epoch": "48/48", "eta": "0:02:20", "gpu_mem": "86.78G", "iter": "117/154", "time_diff": 3.79764, "top1_err": 14.58333, "top5_err": 0.59524}
[12/19 11:35:08][INFO] logging.py:   99: json_stats: {"_type": "val_iter", "epoch": "48/48", "eta": "0:00:10", "gpu_mem": "86.78G", "iter": "118/154", "time_diff": 0.30234, "top1_err": 15.77381, "top5_err": 1.19047}
[12/19 11:35:08][INFO] logging.py:   99: json_stats: {"_type": "val_iter", "epoch": "48/48", "eta": "0:00:10", "gpu_mem": "86.78G", "iter": "119/154", "time_diff": 0.30412, "top1_err": 17.26190, "top5_err": 0.89286}
[12/19 11:35:08][INFO] logging.py:   99: json_stats: {"_type": "val_iter", "epoch": "48/48", "eta": "0:00:10", "gpu_mem": "86.78G", "iter": "120/154", "time_diff": 0.31121, "top1_err": 13.39285, "top5_err": 0.29762}
[12/19 11:35:39][INFO] logging.py:   99: json_stats: {"_type": "val_iter", "epoch": "48/48", "eta": "0:16:50", "gpu_mem": "86.78G", "iter": "121/154", "time_diff": 30.61436, "top1_err": 13.39285, "top5_err": 0.59524}
[12/19 11:35:51][INFO] logging.py:   99: json_stats: {"_type": "val_iter", "epoch": "48/48", "eta": "0:06:33", "gpu_mem": "86.78G", "iter": "122/154", "time_diff": 12.29703, "top1_err": 15.77381, "top5_err": 0.29762}
[12/19 11:35:52][INFO] logging.py:   99: json_stats: {"_type": "val_iter", "epoch": "48/48", "eta": "0:00:09", "gpu_mem": "86.78G", "iter": "123/154", "time_diff": 0.30925, "top1_err": 15.77381, "top5_err": 1.48809}
[12/19 11:35:52][INFO] logging.py:   99: json_stats: {"_type": "val_iter", "epoch": "48/48", "eta": "0:00:09", "gpu_mem": "86.78G", "iter": "124/154", "time_diff": 0.30789, "top1_err": 13.98809, "top5_err": 0.59524}
[12/19 11:35:59][INFO] logging.py:   99: json_stats: {"_type": "val_iter", "epoch": "48/48", "eta": "0:03:20", "gpu_mem": "86.78G", "iter": "125/154", "time_diff": 6.91591, "top1_err": 13.39286, "top5_err": 0.29762}
[12/19 11:35:59][INFO] logging.py:   99: json_stats: {"_type": "val_iter", "epoch": "48/48", "eta": "0:00:08", "gpu_mem": "86.78G", "iter": "126/154", "time_diff": 0.29335, "top1_err": 12.79762, "top5_err": 2.08333}
[12/19 11:36:00][INFO] logging.py:   99: json_stats: {"_type": "val_iter", "epoch": "48/48", "eta": "0:00:08", "gpu_mem": "86.78G", "iter": "127/154", "time_diff": 0.31161, "top1_err": 14.28571, "top5_err": 0.00000}
[12/19 11:36:00][INFO] logging.py:   99: json_stats: {"_type": "val_iter", "epoch": "48/48", "eta": "0:00:08", "gpu_mem": "86.78G", "iter": "128/154", "time_diff": 0.31706, "top1_err": 15.47619, "top5_err": 0.59524}
[12/19 11:36:31][INFO] logging.py:   99: json_stats: {"_type": "val_iter", "epoch": "48/48", "eta": "0:13:03", "gpu_mem": "86.78G", "iter": "129/154", "time_diff": 31.34423, "top1_err": 11.01190, "top5_err": 0.29762}
[12/19 11:36:41][INFO] logging.py:   99: json_stats: {"_type": "val_iter", "epoch": "48/48", "eta": "0:03:58", "gpu_mem": "86.78G", "iter": "130/154", "time_diff": 9.94317, "top1_err": 13.98809, "top5_err": 0.59524}
[12/19 11:36:41][INFO] logging.py:   99: json_stats: {"_type": "val_iter", "epoch": "48/48", "eta": "0:00:07", "gpu_mem": "86.78G", "iter": "131/154", "time_diff": 0.30685, "top1_err": 12.20238, "top5_err": 1.19047}
[12/19 11:36:42][INFO] logging.py:   99: json_stats: {"_type": "val_iter", "epoch": "48/48", "eta": "0:00:06", "gpu_mem": "86.78G", "iter": "132/154", "time_diff": 0.30560, "top1_err": 13.69047, "top5_err": 1.48809}
[12/19 11:36:54][INFO] logging.py:   99: json_stats: {"_type": "val_iter", "epoch": "48/48", "eta": "0:04:11", "gpu_mem": "86.78G", "iter": "133/154", "time_diff": 11.98088, "top1_err": 16.36905, "top5_err": 1.19047}
[12/19 11:36:54][INFO] logging.py:   99: json_stats: {"_type": "val_iter", "epoch": "48/48", "eta": "0:00:05", "gpu_mem": "86.78G", "iter": "134/154", "time_diff": 0.29073, "top1_err": 13.69047, "top5_err": 0.59524}
[12/19 11:36:54][INFO] logging.py:   99: json_stats: {"_type": "val_iter", "epoch": "48/48", "eta": "0:00:05", "gpu_mem": "86.78G", "iter": "135/154", "time_diff": 0.30248, "top1_err": 11.90476, "top5_err": 1.48809}
[12/19 11:36:55][INFO] logging.py:   99: json_stats: {"_type": "val_iter", "epoch": "48/48", "eta": "0:00:05", "gpu_mem": "86.78G", "iter": "136/154", "time_diff": 0.31341, "top1_err": 16.36905, "top5_err": 1.19047}
[12/19 11:37:26][INFO] logging.py:   99: json_stats: {"_type": "val_iter", "epoch": "48/48", "eta": "0:08:54", "gpu_mem": "86.78G", "iter": "137/154", "time_diff": 31.41562, "top1_err": 15.17857, "top5_err": 0.89285}
[12/19 11:37:33][INFO] logging.py:   99: json_stats: {"_type": "val_iter", "epoch": "48/48", "eta": "0:01:50", "gpu_mem": "86.78G", "iter": "138/154", "time_diff": 6.90776, "top1_err": 15.47619, "top5_err": 0.29762}
[12/19 11:37:33][INFO] logging.py:   99: json_stats: {"_type": "val_iter", "epoch": "48/48", "eta": "0:00:04", "gpu_mem": "86.78G", "iter": "139/154", "time_diff": 0.30050, "top1_err": 13.98809, "top5_err": 0.59524}
[12/19 11:37:34][INFO] logging.py:   99: json_stats: {"_type": "val_iter", "epoch": "48/48", "eta": "0:00:04", "gpu_mem": "86.78G", "iter": "140/154", "time_diff": 0.30222, "top1_err": 13.98809, "top5_err": 1.19047}
[12/19 11:37:46][INFO] logging.py:   99: json_stats: {"_type": "val_iter", "epoch": "48/48", "eta": "0:02:44", "gpu_mem": "86.78G", "iter": "141/154", "time_diff": 12.66277, "top1_err": 13.09524, "top5_err": 0.89286}
[12/19 11:37:47][INFO] logging.py:   99: json_stats: {"_type": "val_iter", "epoch": "48/48", "eta": "0:00:03", "gpu_mem": "86.78G", "iter": "142/154", "time_diff": 0.29911, "top1_err": 16.07143, "top5_err": 1.78571}
[12/19 11:37:47][INFO] logging.py:   99: json_stats: {"_type": "val_iter", "epoch": "48/48", "eta": "0:00:03", "gpu_mem": "86.78G", "iter": "143/154", "time_diff": 0.30157, "top1_err": 14.28571, "top5_err": 0.29762}
[12/19 11:37:47][INFO] logging.py:   99: json_stats: {"_type": "val_iter", "epoch": "48/48", "eta": "0:00:03", "gpu_mem": "86.78G", "iter": "144/154", "time_diff": 0.30055, "top1_err": 15.77381, "top5_err": 1.19047}
[12/19 11:38:14][INFO] logging.py:   99: json_stats: {"_type": "val_iter", "epoch": "48/48", "eta": "0:03:57", "gpu_mem": "86.78G", "iter": "145/154", "time_diff": 26.39472, "top1_err": 11.01190, "top5_err": 0.29762}
[12/19 11:38:27][INFO] logging.py:   99: json_stats: {"_type": "val_iter", "epoch": "48/48", "eta": "0:01:49", "gpu_mem": "86.78G", "iter": "146/154", "time_diff": 13.69959, "top1_err": 14.58333, "top5_err": 0.59524}
[12/19 11:38:28][INFO] logging.py:   99: json_stats: {"_type": "val_iter", "epoch": "48/48", "eta": "0:00:02", "gpu_mem": "86.78G", "iter": "147/154", "time_diff": 0.28642, "top1_err": 16.36905, "top5_err": 0.00000}
[12/19 11:38:28][INFO] logging.py:   99: json_stats: {"_type": "val_iter", "epoch": "48/48", "eta": "0:00:01", "gpu_mem": "86.78G", "iter": "148/154", "time_diff": 0.28724, "top1_err": 16.36905, "top5_err": 0.29762}
[12/19 11:38:37][INFO] logging.py:   99: json_stats: {"_type": "val_iter", "epoch": "48/48", "eta": "0:00:46", "gpu_mem": "86.78G", "iter": "149/154", "time_diff": 9.32831, "top1_err": 13.98809, "top5_err": 0.89286}
[12/19 11:38:37][INFO] logging.py:   99: json_stats: {"_type": "val_iter", "epoch": "48/48", "eta": "0:00:01", "gpu_mem": "86.78G", "iter": "150/154", "time_diff": 0.28228, "top1_err": 11.90476, "top5_err": 0.89285}
[12/19 11:38:38][INFO] logging.py:   99: json_stats: {"_type": "val_iter", "epoch": "48/48", "eta": "0:00:00", "gpu_mem": "86.78G", "iter": "151/154", "time_diff": 0.28503, "top1_err": 14.58333, "top5_err": 1.78571}
[12/19 11:38:38][INFO] logging.py:   99: json_stats: {"_type": "val_iter", "epoch": "48/48", "eta": "0:00:00", "gpu_mem": "86.78G", "iter": "152/154", "time_diff": 0.28803, "top1_err": 11.01190, "top5_err": 0.00000}
[12/19 11:39:03][INFO] logging.py:   99: json_stats: {"_type": "val_iter", "epoch": "48/48", "eta": "0:00:25", "gpu_mem": "86.78G", "iter": "153/154", "time_diff": 25.33390, "top1_err": 15.47619, "top5_err": 0.59524}
[12/19 11:39:03][INFO] logging.py:   99: json_stats: {"_type": "val_iter", "epoch": "48/48", "eta": "0:00:00", "gpu_mem": "86.78G", "iter": "154/154", "time_diff": 0.15190, "top1_err": 12.77778, "top5_err": 0.55556}
[12/19 11:39:04][INFO] logging.py:   99: json_stats: {"RAM": "334.88/856.58G", "_type": "val_epoch", "epoch": "48/48", "gpu_mem": "86.78G", "min_top1_err": 14.44910, "min_top5_err": 0.76568, "time_diff": 0.94570, "top1_err": 14.57122, "top5_err": 0.78313}
[12/19 11:39:04][INFO] train_net.py: 1165: training done: _p31.67_f109.50 _t29.06_m86.78 _a85.55 Top5 Acc: 99.23 MEM: 86.78 f: 109.4997
