Running on host nid001026
Time is Wed 26 Feb 11:07:15 UTC 2025
Slurm job ID is 45724
/usr/bin/rm: cannot remove '/usr/local/cuda/compat/lib': Read-only file system
rm: cannot remove '/usr/local/cuda/compat/lib': Read-only file system
config files: ['/mnt/imslowfast/configs/species_classification/MVIT_B_16x4_DISJOINT_F=32.yaml']
[02/26 11:07:37][INFO] train_net.py:  845: Train with config:
[02/26 11:07:37][INFO] train_net.py:  846: CfgNode({'CONTRASTIVE': CfgNode({'T': 0.07, 'DIM': 128, 'LENGTH': 239975, 'QUEUE_LEN': 65536, 'MOMENTUM': 0.5, 'MOMENTUM_ANNEALING': False, 'TYPE': 'mem', 'INTERP_MEMORY': False, 'MEM_TYPE': '1d', 'NUM_CLASSES_DOWNSTREAM': 400, 'NUM_MLP_LAYERS': 1, 'MLP_DIM': 2048, 'BN_MLP': False, 'BN_SYNC_MLP': False, 'LOCAL_SHUFFLE_BN': True, 'MOCO_MULTI_VIEW_QUEUE': False, 'DELTA_CLIPS_MIN': -inf, 'DELTA_CLIPS_MAX': inf, 'PREDICTOR_DEPTHS': [], 'SEQUENTIAL': False, 'SIMCLR_DIST_ON': True, 'SWAV_QEUE_LEN': 0, 'KNN_ON': True}), 'FRAMEWISE_MIXUP': CfgNode({'ENABLE': False, 'INDEPENDENT_FRAME_MIX': False, 'RANDOMISE_FRAME_MIX': False}), 'TAP': CfgNode({'ENABLE': False, 'NUM_CLIPS': 4, 'NUM_FRAMES': 4, 'SLIDING_WINDOW': False, 'OVERLAP': None}), 'BN': CfgNode({'USE_PRECISE_STATS': False, 'NUM_BATCHES_PRECISE': 200, 'WEIGHT_DECAY': 0.0, 'NORM_TYPE': 'batchnorm', 'NUM_SPLITS': 1, 'NUM_SYNC_DEVICES': 1, 'GLOBAL_SYNC': False}), 'TRAIN': CfgNode({'ENABLE': True, 'KILL_LOSS_EXPLOSION_FACTOR': 0.0, 'DATASET': 'kinetics', 'BATCH_SIZE': 64, 'EVAL_PERIOD': 1, 'CHECKPOINT_PERIOD': 5, 'AUTO_RESUME': True, 'CHECKPOINT_FILE_PATH': '', 'CHECKPOINT_TYPE': 'pytorch', 'CHECKPOINT_INFLATE': False, 'CHECKPOINT_EPOCH_RESET': False, 'CHECKPOINT_CLEAR_NAME_PATTERN': (), 'MIXED_PRECISION': True, 'CHECKPOINT_IN_INIT': False, 'BG_MODEL_CHECKPOINT_FILE_PATH': '', 'BG_MODEL_CHECKPOINT_TYPE': 'pytorch', 'FG_MODEL_CHECKPOINT_FILE_PATH': '', 'FG_MODEL_CHECKPOINT_TYPE': 'pytorch'}), 'AUG': CfgNode({'ENABLE': False, 'NUM_SAMPLE': 1, 'COLOR_JITTER': 0.4, 'AA_TYPE': 'rand-m7-n4-mstd0.5-inc1', 'INTERPOLATION': 'bicubic', 'RE_PROB': 0.25, 'RE_MODE': 'pixel', 'RE_COUNT': 1, 'RE_SPLIT': False, 'GEN_MASK_LOADER': False, 'MASK_TUBE': False, 'MASK_FRAMES': False, 'MASK_WINDOW_SIZE': [8, 7, 7], 'MASK_RATIO': 0.0, 'MAX_MASK_PATCHES_PER_BLOCK': None, 'MANIFOLD_MIXUP': False, 'MANIFOLD_MIXUP_ALPHA': 1.0, 'MANIFOLD_MIXUP_CLASS_FREQUENCIES': '', 'MANIFOLD_MIXUP_PAIRS': False, 'MANIFOLD_MIXUP_TRIPLETS': False}), 'SAMPLING': CfgNode({'BALANCED': False, 'BALANCE_TYPE': None}), 'VIS_MASK': CfgNode({'ENABLE': False}), 'MIXUP': CfgNode({'ENABLE': False, 'ALPHA': 0.8, 'CUTMIX_ALPHA': 1.0, 'PROB': 1.0, 'SWITCH_PROB': 0.5, 'LABEL_SMOOTH_VALUE': 0.1}), 'TEST': CfgNode({'ENABLE': True, 'DATASET': 'kinetics', 'BATCH_SIZE': 8, 'CHECKPOINT_FILE_PATH': '', 'NUM_ENSEMBLE_VIEWS': 1, 'NUM_SPATIAL_CROPS': 1, 'CHECKPOINT_TYPE': 'pytorch', 'SAVE_RESULTS_PATH': '', 'NUM_TEMPORAL_CLIPS': [], 'RETURN_FEATS': False, 'RETURN_CAS': False}), 'RESNET': CfgNode({'TRANS_FUNC': 'bottleneck_transform', 'NUM_GROUPS': 1, 'WIDTH_PER_GROUP': 64, 'INPLACE_RELU': True, 'STRIDE_1X1': False, 'ZERO_INIT_FINAL_BN': False, 'ZERO_INIT_FINAL_CONV': False, 'DEPTH': 50, 'NUM_BLOCK_TEMP_KERNEL': [[3], [4], [6], [3]], 'SPATIAL_STRIDES': [[1], [2], [2], [2]], 'SPATIAL_DILATIONS': [[1], [1], [1], [1]]}), 'X3D': CfgNode({'WIDTH_FACTOR': 1.0, 'DEPTH_FACTOR': 1.0, 'BOTTLENECK_FACTOR': 1.0, 'DIM_C5': 2048, 'DIM_C1': 12, 'SCALE_RES2': False, 'BN_LIN5': False, 'CHANNELWISE_3x3x3': True}), 'NONLOCAL': CfgNode({'LOCATION': [[[]], [[]], [[]], [[]]], 'GROUP': [[1], [1], [1], [1]], 'INSTANTIATION': 'dot_product', 'POOL': [[[1, 2, 2], [1, 2, 2]], [[1, 2, 2], [1, 2, 2]], [[1, 2, 2], [1, 2, 2]], [[1, 2, 2], [1, 2, 2]]]}), 'MODEL': CfgNode({'ARCH': 'mvit', 'MODEL_NAME': 'MViT', 'NUM_CLASSES': 16, 'LOSS_FUNC': 'cross_entropy', 'SINGLE_PATHWAY_ARCH': ['2d', 'c2d', 'i3d', 'slow', 'x3d', 'mvit', 'maskmvit'], 'MULTI_PATHWAY_ARCH': ['slowfast'], 'DROPOUT_RATE': 0.5, 'DROPCONNECT_RATE': 0.0, 'FC_INIT_STD': 0.01, 'HEAD_ACT': 'none', 'ACT_CHECKPOINT': False, 'DETACH_FINAL_FC': False, 'DETACH_HEAD': False, 'REINIT_HEAD': False, 'FROZEN_BN': False, 'FP16_ALLREDUCE': False, 'FEAT_AGGREGATOR': 'avg_pool', 'HEAD_MLP_DIM': 2048}), 'MVIT': CfgNode({'MODE': 'conv', 'POOL_FIRST': False, 'CLS_EMBED_ON': True, 'PATCH_KERNEL': [3, 7, 7], 'PATCH_STRIDE': [2, 4, 4], 'PATCH_PADDING': [1, 3, 3], 'PATCH_2D': False, 'EMBED_DIM': 96, 'NUM_HEADS': 1, 'MLP_RATIO': 4.0, 'QKV_BIAS': True, 'DROPPATH_RATE': 0.2, 'LAYER_SCALE_INIT_VALUE': 0.0, 'DEPTH': 16, 'NORM': 'layernorm', 'DIM_MUL': [[1, 2.0], [3, 2.0], [14, 2.0]], 'HEAD_MUL': [[1, 2.0], [3, 2.0], [14, 2.0]], 'POOL_KV_STRIDE': [], 'POOL_KV_STRIDE_ADAPTIVE': [1, 8, 8], 'POOL_Q_STRIDE': [[0, 1, 1, 1], [1, 1, 2, 2], [2, 1, 1, 1], [3, 1, 2, 2], [4, 1, 1, 1], [5, 1, 1, 1], [6, 1, 1, 1], [7, 1, 1, 1], [8, 1, 1, 1], [9, 1, 1, 1], [10, 1, 1, 1], [11, 1, 1, 1], [12, 1, 1, 1], [13, 1, 1, 1], [14, 1, 2, 2], [15, 1, 1, 1]], 'POOL_KVQ_KERNEL': [3, 3, 3], 'ZERO_DECAY_POS_CLS': False, 'NORM_STEM': False, 'SEP_POS_EMBED': False, 'DROPOUT_RATE': 0.0, 'USE_ABS_POS': False, 'REL_POS_SPATIAL': True, 'REL_POS_TEMPORAL': True, 'REL_POS_ZERO_INIT': False, 'RESIDUAL_POOLING': True, 'DIM_MUL_IN_ATT': True, 'SEPARATE_QKV': False, 'HEAD_INIT_SCALE': 1.0, 'USE_MEAN_POOLING': False, 'USE_FIXED_SINCOS_POS': False, 'REV': CfgNode({'ENABLE': False, 'RESPATH_FUSE': 'concat', 'BUFFER_LAYERS': [], 'RES_PATH': 'conv', 'PRE_Q_FUSION': 'avg'})}), 'MASK': CfgNode({'ENABLE': False, 'MAE_ON': False, 'MAE_RND_MASK': False, 'PER_FRAME_MASKING': False, 'TIME_STRIDE_LOSS': True, 'NORM_PRED_PIXEL': True, 'SCALE_INIT_BY_DEPTH': False, 'DECODER_EMBED_DIM': 512, 'DECODER_SEP_POS_EMBED': False, 'DEC_KV_KERNEL': [], 'DEC_KV_STRIDE': [], 'PRETRAIN_DEPTH': [15], 'HEAD_TYPE': 'separate', 'DECODER_DEPTH': 0, 'PRED_HOG': False}), 'SLOWFAST': CfgNode({'BETA_INV': 8, 'ALPHA': 8, 'FUSION_CONV_CHANNEL_RATIO': 2, 'FUSION_KERNEL_SZ': 5}), 'DATA': CfgNode({'SPATIAL_SAMPLING': False, 'PATH_TO_DATA_DIR': '/mnt/data/top_priority_annotations/kinetics/disjoint', 'PATH_LABEL_SEPARATOR': ' ', 'PATH_LABEL_SEPARATOR_IDX': -1, 'PATH_PREFIX': '/mnt/data/top_priority_species', 'NUM_FRAMES': 32, 'SAMPLING_RATE': 24, 'TRAIN_PCA_EIGVAL': [0.225, 0.224, 0.229], 'TRAIN_PCA_EIGVEC': [[-0.5675, 0.7192, 0.4009], [-0.5808, -0.0045, -0.814], [-0.5836, -0.6948, 0.4203]], 'PATH_TO_PRELOAD_IMDB': '', 'USE_MEAN': True, 'MEAN': [0.45, 0.45, 0.45], 'INPUT_CHANNEL_NUM': [3], 'STD': [0.225, 0.225, 0.225], 'TRAIN_JITTER_SCALES': [256, 320], 'TRAIN_JITTER_SCALES_RELATIVE': [0.08, 1.0], 'TRAIN_JITTER_ASPECT_RELATIVE': [0.75, 1.3333], 'USE_OFFSET_SAMPLING': True, 'TRAIN_JITTER_MOTION_SHIFT': False, 'TRAIN_CROP_SIZE': 256, 'TEST_CROP_SIZE': 256, 'TARGET_FPS': 30, 'TRAIN_JITTER_FPS': 0.0, 'DECODING_BACKEND': 'torchvision', 'DECODING_SHORT_SIZE': 256, 'INV_UNIFORM_SAMPLE': False, 'RANDOM_FLIP': True, 'MULTI_LABEL': False, 'ENSEMBLE_METHOD': 'sum', 'REVERSE_INPUT_CHANNEL': False, 'TRAIN_CROP_NUM_TEMPORAL': 1, 'TRAIN_CROP_NUM_SPATIAL': 1, 'COLOR_RND_GRAYSCALE': 0.0, 'LOADER_CHUNK_SIZE': 0, 'LOADER_CHUNK_OVERALL_SIZE': 0, 'SKIP_ROWS': 0, 'TIME_DIFF_PROB': 0.0, 'SSL_COLOR_JITTER': False, 'SSL_COLOR_BRI_CON_SAT': [0.4, 0.4, 0.4], 'SSL_COLOR_HUE': 0.1, 'SSL_MOCOV2_AUG': False, 'SSL_BLUR_SIGMA_MIN': [0.0, 0.1], 'SSL_BLUR_SIGMA_MAX': [0.0, 2.0], 'IN22K_TRAINVAL': False, 'IN22k_VAL_IN1K': '', 'IN_VAL_CROP_RATIO': 0.875, 'DUMMY_LOAD': False, 'PSEUDO_LABELS': '', 'PSEUDO_LABELS_WEIGHT': 1.0}), 'FG_BG_MIXUP': CfgNode({'ENABLE': False, 'RAND_SUB': False, 'MIX_ON_EVAL': False, 'ADD_BG': CfgNode({'ENABLE': False, 'ALPHA_MIN': 0.0, 'ALPHA_MAX': 1.0, 'SCHEDULER': 'linear'}), 'SUBTRACT_BG': CfgNode({'ENABLE': False, 'ALPHA_MIN': 0.0, 'ALPHA_MAX': 1.0, 'SCHEDULER': 'linear', 'APPLY_CLASSWISE': CfgNode({'ENABLE': False, 'CLASSES': []}), 'ORTHO_EMBS': False}), 'ADD_BG2': CfgNode({'ENABLE': False, 'START_FROM_EPOCH': 100}), 'SELECT_RAND_BG_FRAME': CfgNode({'ENABLE': False, 'DUPLICATE_FRAME': False}), 'GEN_BG_NO_GRAD': False, 'CONCAT_BG_FRAMES': CfgNode({'ENABLE': False, 'RATIO': 1.0, 'SORT_BG_FRAMES': False, 'SUBSAMPLE_CONCAT_FRAMES': False})}), 'FGFG_MIXUP': CfgNode({'ENABLE': False}), 'SOLVER': CfgNode({'BASE_LR': 0.0001, 'LR_POLICY': 'cosine', 'COSINE_END_LR': 1e-06, 'GAMMA': 0.1, 'STEP_SIZE': 1, 'STEPS': [], 'LRS': [], 'MAX_EPOCH': 48, 'MOMENTUM': 0.9, 'DAMPENING': 0.0, 'NESTEROV': True, 'WEIGHT_DECAY': 0.05, 'WARMUP_FACTOR': 0.1, 'WARMUP_EPOCHS': 5.0, 'WARMUP_START_LR': 1e-06, 'OPTIMIZING_METHOD': 'adamw', 'BASE_LR_SCALE_NUM_SHARDS': True, 'COSINE_AFTER_WARMUP': True, 'ZERO_WD_1D_PARAM': True, 'CLIP_GRAD_VAL': None, 'CLIP_GRAD_L2NORM': 1.0, 'LARS_ON': False, 'LAYER_DECAY': 1.0, 'BETAS': (0.9, 0.999)}), 'TASK': '', 'NUM_GPUS': 4, 'NUM_SHARDS': 1, 'SHARD_ID': 0, 'OUTPUT_DIR': '/mnt/imslowfast/results/species_classification/mvitv2_disjoint_f=32', 'RNG_SEED': 0, 'LOG_PERIOD': 10, 'LOG_MODEL_INFO': True, 'DIST_BACKEND': 'nccl', 'USE_SBATCH': False, 'BENCHMARK': CfgNode({'NUM_EPOCHS': 5, 'LOG_PERIOD': 100, 'SHUFFLE': True}), 'DATA_LOADER': CfgNode({'NUM_WORKERS': 8, 'PIN_MEMORY': True, 'ENABLE_MULTI_THREAD_DECODE': False}), 'DETECTION': CfgNode({'ENABLE': False, 'ALIGNED': True, 'SPATIAL_SCALE_FACTOR': 16, 'ROI_XFORM_RESOLUTION': 7}), 'AVA': CfgNode({'FRAME_DIR': '/mnt/fair-flash3-east/ava_trainval_frames.img/', 'FRAME_LIST_DIR': '/mnt/vol/gfsai-flash3-east/ai-group/users/haoqifan/ava/frame_list/', 'ANNOTATION_DIR': '/mnt/vol/gfsai-flash3-east/ai-group/users/haoqifan/ava/frame_list/', 'TRAIN_LISTS': ['train.csv'], 'TEST_LISTS': ['val.csv'], 'TRAIN_GT_BOX_LISTS': ['ava_train_v2.2.csv'], 'TRAIN_PREDICT_BOX_LISTS': [], 'TEST_PREDICT_BOX_LISTS': ['ava_val_predicted_boxes.csv'], 'DETECTION_SCORE_THRESH': 0.9, 'BGR': False, 'TRAIN_USE_COLOR_AUGMENTATION': False, 'TRAIN_PCA_JITTER_ONLY': True, 'TEST_FORCE_FLIP': False, 'FULL_TEST_ON_VAL': False, 'LABEL_MAP_FILE': 'ava_action_list_v2.2_for_activitynet_2019.pbtxt', 'EXCLUSION_FILE': 'ava_val_excluded_timestamps_v2.2.csv', 'GROUNDTRUTH_FILE': 'ava_val_v2.2.csv', 'IMG_PROC_BACKEND': 'cv2'}), 'MULTIGRID': CfgNode({'EPOCH_FACTOR': 1.5, 'SHORT_CYCLE': False, 'SHORT_CYCLE_FACTORS': [0.5, 0.7071067811865476], 'LONG_CYCLE': False, 'LONG_CYCLE_FACTORS': [(0.25, 0.7071067811865476), (0.5, 0.7071067811865476), (0.5, 1), (1, 1)], 'BN_BASE_SIZE': 8, 'EVAL_FREQ': 3, 'LONG_CYCLE_SAMPLING_RATE': 0, 'DEFAULT_B': 0, 'DEFAULT_T': 0, 'DEFAULT_S': 0}), 'TENSORBOARD': CfgNode({'ENABLE': True, 'PREDICTIONS_PATH': '', 'LOG_DIR': '', 'CLASS_NAMES_PATH': '', 'CATEGORIES_PATH': '', 'CONFUSION_MATRIX': CfgNode({'ENABLE': False, 'FIGSIZE': [8, 8], 'SUBSET_PATH': ''}), 'HISTOGRAM': CfgNode({'ENABLE': False, 'SUBSET_PATH': '', 'TOPK': 10, 'FIGSIZE': [8, 8]}), 'MODEL_VIS': CfgNode({'ENABLE': False, 'MODEL_WEIGHTS': False, 'ACTIVATIONS': False, 'INPUT_VIDEO': False, 'LAYER_LIST': [], 'TOPK_PREDS': 1, 'COLORMAP': 'Pastel2', 'GRAD_CAM': CfgNode({'ENABLE': True, 'LAYER_LIST': [], 'USE_TRUE_LABEL': False, 'COLORMAP': 'viridis'})}), 'WRONG_PRED_VIS': CfgNode({'ENABLE': False, 'TAG': 'Incorrectly classified videos.', 'SUBSET_PATH': ''})}), 'DEMO': CfgNode({'ENABLE': False, 'LABEL_FILE_PATH': '', 'WEBCAM': -1, 'INPUT_VIDEO': '', 'DISPLAY_WIDTH': 0, 'DISPLAY_HEIGHT': 0, 'DETECTRON2_CFG': 'COCO-Detection/faster_rcnn_R_50_FPN_3x.yaml', 'DETECTRON2_WEIGHTS': 'detectron2://COCO-Detection/faster_rcnn_R_50_FPN_3x/137849458/model_final_280758.pkl', 'DETECTRON2_THRESH': 0.9, 'BUFFER_SIZE': 0, 'OUTPUT_FILE': '', 'OUTPUT_FPS': -1, 'INPUT_FORMAT': 'BGR', 'CLIP_VIS_SIZE': 10, 'NUM_VIS_INSTANCES': 2, 'PREDS_BOXES': '', 'THREAD_ENABLE': False, 'NUM_CLIPS_SKIP': 0, 'GT_BOXES': '', 'STARTING_SECOND': 900, 'FPS': 30, 'VIS_MODE': 'thres', 'COMMON_CLASS_THRES': 0.7, 'UNCOMMON_CLASS_THRES': 0.3, 'COMMON_CLASS_NAMES': ['watch (a person)', 'talk to (e.g., self, a person, a group)', 'listen to (a person)', 'touch (an object)', 'carry/hold (an object)', 'walk', 'sit', 'lie/sleep', 'bend/bow (at the waist)'], 'SLOWMO': 1})})
[02/26 11:07:49][INFO] misc.py:  237: Model:
DistributedDataParallel(
  (module): MViT(
    (patch_embed): PatchEmbed(
      (proj): Conv3d(3, 96, kernel_size=(3, 7, 7), stride=(2, 4, 4), padding=(1, 3, 3))
    )
    (blocks): ModuleList(
      (0): MultiScaleBlock(
        (norm1): LayerNorm((96,), eps=1e-06, elementwise_affine=True)
        (attn): MultiScaleAttention(
          (qkv): Linear(in_features=96, out_features=288, bias=True)
          (proj): Linear(in_features=96, out_features=96, bias=True)
          (pool_q): Conv3d(96, 96, kernel_size=(3, 3, 3), stride=(1, 1, 1), padding=(1, 1, 1), groups=96, bias=False)
          (norm_q): LayerNorm((96,), eps=1e-06, elementwise_affine=True)
          (pool_k): Conv3d(96, 96, kernel_size=(3, 3, 3), stride=(1, 8, 8), padding=(1, 1, 1), groups=96, bias=False)
          (norm_k): LayerNorm((96,), eps=1e-06, elementwise_affine=True)
          (pool_v): Conv3d(96, 96, kernel_size=(3, 3, 3), stride=(1, 8, 8), padding=(1, 1, 1), groups=96, bias=False)
          (norm_v): LayerNorm((96,), eps=1e-06, elementwise_affine=True)
        )
        (drop_path): Identity()
        (norm2): LayerNorm((96,), eps=1e-06, elementwise_affine=True)
        (mlp): Mlp(
          (fc1): Linear(in_features=96, out_features=384, bias=True)
          (act): GELU(approximate='none')
          (fc2): Linear(in_features=384, out_features=96, bias=True)
        )
      )
      (1): MultiScaleBlock(
        (norm1): LayerNorm((96,), eps=1e-06, elementwise_affine=True)
        (attn): MultiScaleAttention(
          (qkv): Linear(in_features=96, out_features=576, bias=True)
          (proj): Linear(in_features=192, out_features=192, bias=True)
          (pool_q): Conv3d(96, 96, kernel_size=(3, 3, 3), stride=(1, 2, 2), padding=(1, 1, 1), groups=96, bias=False)
          (norm_q): LayerNorm((96,), eps=1e-06, elementwise_affine=True)
          (pool_k): Conv3d(96, 96, kernel_size=(3, 3, 3), stride=(1, 4, 4), padding=(1, 1, 1), groups=96, bias=False)
          (norm_k): LayerNorm((96,), eps=1e-06, elementwise_affine=True)
          (pool_v): Conv3d(96, 96, kernel_size=(3, 3, 3), stride=(1, 4, 4), padding=(1, 1, 1), groups=96, bias=False)
          (norm_v): LayerNorm((96,), eps=1e-06, elementwise_affine=True)
        )
        (drop_path): DropPath()
        (norm2): LayerNorm((192,), eps=1e-06, elementwise_affine=True)
        (mlp): Mlp(
          (fc1): Linear(in_features=192, out_features=768, bias=True)
          (act): GELU(approximate='none')
          (fc2): Linear(in_features=768, out_features=192, bias=True)
        )
        (proj): Linear(in_features=96, out_features=192, bias=True)
        (pool_skip): MaxPool3d(kernel_size=[1, 3, 3], stride=[1, 2, 2], padding=[0, 1, 1], dilation=1, ceil_mode=False)
      )
      (2): MultiScaleBlock(
        (norm1): LayerNorm((192,), eps=1e-06, elementwise_affine=True)
        (attn): MultiScaleAttention(
          (qkv): Linear(in_features=192, out_features=576, bias=True)
          (proj): Linear(in_features=192, out_features=192, bias=True)
          (pool_q): Conv3d(96, 96, kernel_size=(3, 3, 3), stride=(1, 1, 1), padding=(1, 1, 1), groups=96, bias=False)
          (norm_q): LayerNorm((96,), eps=1e-06, elementwise_affine=True)
          (pool_k): Conv3d(96, 96, kernel_size=(3, 3, 3), stride=(1, 4, 4), padding=(1, 1, 1), groups=96, bias=False)
          (norm_k): LayerNorm((96,), eps=1e-06, elementwise_affine=True)
          (pool_v): Conv3d(96, 96, kernel_size=(3, 3, 3), stride=(1, 4, 4), padding=(1, 1, 1), groups=96, bias=False)
          (norm_v): LayerNorm((96,), eps=1e-06, elementwise_affine=True)
        )
        (drop_path): DropPath()
        (norm2): LayerNorm((192,), eps=1e-06, elementwise_affine=True)
        (mlp): Mlp(
          (fc1): Linear(in_features=192, out_features=768, bias=True)
          (act): GELU(approximate='none')
          (fc2): Linear(in_features=768, out_features=192, bias=True)
        )
      )
      (3): MultiScaleBlock(
        (norm1): LayerNorm((192,), eps=1e-06, elementwise_affine=True)
        (attn): MultiScaleAttention(
          (qkv): Linear(in_features=192, out_features=1152, bias=True)
          (proj): Linear(in_features=384, out_features=384, bias=True)
          (pool_q): Conv3d(96, 96, kernel_size=(3, 3, 3), stride=(1, 2, 2), padding=(1, 1, 1), groups=96, bias=False)
          (norm_q): LayerNorm((96,), eps=1e-06, elementwise_affine=True)
          (pool_k): Conv3d(96, 96, kernel_size=(3, 3, 3), stride=(1, 2, 2), padding=(1, 1, 1), groups=96, bias=False)
          (norm_k): LayerNorm((96,), eps=1e-06, elementwise_affine=True)
          (pool_v): Conv3d(96, 96, kernel_size=(3, 3, 3), stride=(1, 2, 2), padding=(1, 1, 1), groups=96, bias=False)
          (norm_v): LayerNorm((96,), eps=1e-06, elementwise_affine=True)
        )
        (drop_path): DropPath()
        (norm2): LayerNorm((384,), eps=1e-06, elementwise_affine=True)
        (mlp): Mlp(
          (fc1): Linear(in_features=384, out_features=1536, bias=True)
          (act): GELU(approximate='none')
          (fc2): Linear(in_features=1536, out_features=384, bias=True)
        )
        (proj): Linear(in_features=192, out_features=384, bias=True)
        (pool_skip): MaxPool3d(kernel_size=[1, 3, 3], stride=[1, 2, 2], padding=[0, 1, 1], dilation=1, ceil_mode=False)
      )
      (4-13): 10 x MultiScaleBlock(
        (norm1): LayerNorm((384,), eps=1e-06, elementwise_affine=True)
        (attn): MultiScaleAttention(
          (qkv): Linear(in_features=384, out_features=1152, bias=True)
          (proj): Linear(in_features=384, out_features=384, bias=True)
          (pool_q): Conv3d(96, 96, kernel_size=(3, 3, 3), stride=(1, 1, 1), padding=(1, 1, 1), groups=96, bias=False)
          (norm_q): LayerNorm((96,), eps=1e-06, elementwise_affine=True)
          (pool_k): Conv3d(96, 96, kernel_size=(3, 3, 3), stride=(1, 2, 2), padding=(1, 1, 1), groups=96, bias=False)
          (norm_k): LayerNorm((96,), eps=1e-06, elementwise_affine=True)
          (pool_v): Conv3d(96, 96, kernel_size=(3, 3, 3), stride=(1, 2, 2), padding=(1, 1, 1), groups=96, bias=False)
          (norm_v): LayerNorm((96,), eps=1e-06, elementwise_affine=True)
        )
        (drop_path): DropPath()
        (norm2): LayerNorm((384,), eps=1e-06, elementwise_affine=True)
        (mlp): Mlp(
          (fc1): Linear(in_features=384, out_features=1536, bias=True)
          (act): GELU(approximate='none')
          (fc2): Linear(in_features=1536, out_features=384, bias=True)
        )
      )
      (14): MultiScaleBlock(
        (norm1): LayerNorm((384,), eps=1e-06, elementwise_affine=True)
        (attn): MultiScaleAttention(
          (qkv): Linear(in_features=384, out_features=2304, bias=True)
          (proj): Linear(in_features=768, out_features=768, bias=True)
          (pool_q): Conv3d(96, 96, kernel_size=(3, 3, 3), stride=(1, 2, 2), padding=(1, 1, 1), groups=96, bias=False)
          (norm_q): LayerNorm((96,), eps=1e-06, elementwise_affine=True)
          (pool_k): Conv3d(96, 96, kernel_size=(3, 3, 3), stride=(1, 1, 1), padding=(1, 1, 1), groups=96, bias=False)
          (norm_k): LayerNorm((96,), eps=1e-06, elementwise_affine=True)
          (pool_v): Conv3d(96, 96, kernel_size=(3, 3, 3), stride=(1, 1, 1), padding=(1, 1, 1), groups=96, bias=False)
          (norm_v): LayerNorm((96,), eps=1e-06, elementwise_affine=True)
        )
        (drop_path): DropPath()
        (norm2): LayerNorm((768,), eps=1e-06, elementwise_affine=True)
        (mlp): Mlp(
          (fc1): Linear(in_features=768, out_features=3072, bias=True)
          (act): GELU(approximate='none')
          (fc2): Linear(in_features=3072, out_features=768, bias=True)
        )
        (proj): Linear(in_features=384, out_features=768, bias=True)
        (pool_skip): MaxPool3d(kernel_size=[1, 3, 3], stride=[1, 2, 2], padding=[0, 1, 1], dilation=1, ceil_mode=False)
      )
      (15): MultiScaleBlock(
        (norm1): LayerNorm((768,), eps=1e-06, elementwise_affine=True)
        (attn): MultiScaleAttention(
          (qkv): Linear(in_features=768, out_features=2304, bias=True)
          (proj): Linear(in_features=768, out_features=768, bias=True)
          (pool_q): Conv3d(96, 96, kernel_size=(3, 3, 3), stride=(1, 1, 1), padding=(1, 1, 1), groups=96, bias=False)
          (norm_q): LayerNorm((96,), eps=1e-06, elementwise_affine=True)
          (pool_k): Conv3d(96, 96, kernel_size=(3, 3, 3), stride=(1, 1, 1), padding=(1, 1, 1), groups=96, bias=False)
          (norm_k): LayerNorm((96,), eps=1e-06, elementwise_affine=True)
          (pool_v): Conv3d(96, 96, kernel_size=(3, 3, 3), stride=(1, 1, 1), padding=(1, 1, 1), groups=96, bias=False)
          (norm_v): LayerNorm((96,), eps=1e-06, elementwise_affine=True)
        )
        (drop_path): DropPath()
        (norm2): LayerNorm((768,), eps=1e-06, elementwise_affine=True)
        (mlp): Mlp(
          (fc1): Linear(in_features=768, out_features=3072, bias=True)
          (act): GELU(approximate='none')
          (fc2): Linear(in_features=3072, out_features=768, bias=True)
        )
      )
    )
    (norm): LayerNorm((768,), eps=1e-06, elementwise_affine=True)
    (head): TransformerBasicHead(
      (dropout): Dropout(p=0.5, inplace=False)
      (projection): Linear(in_features=768, out_features=16, bias=True)
    )
  )
)
[02/26 11:07:49][INFO] misc.py:  239: Params: 34,282,768
[02/26 11:07:49][INFO] misc.py:  240: Mem: 0.2557835578918457 MB
[02/26 11:07:51][WARNING] jit_analysis.py:  499: Unsupported operator aten::mul encountered 489 time(s)
[02/26 11:07:51][WARNING] jit_analysis.py:  499: Unsupported operator aten::div encountered 68 time(s)
[02/26 11:07:51][WARNING] jit_analysis.py:  499: Unsupported operator aten::sub encountered 96 time(s)
[02/26 11:07:51][WARNING] jit_analysis.py:  499: Unsupported operator aten::add_ encountered 64 time(s)
[02/26 11:07:51][WARNING] jit_analysis.py:  499: Unsupported operator aten::add encountered 80 time(s)
[02/26 11:07:51][WARNING] jit_analysis.py:  499: Unsupported operator aten::softmax encountered 16 time(s)
[02/26 11:07:51][WARNING] jit_analysis.py:  499: Unsupported operator aten::gelu encountered 16 time(s)
[02/26 11:07:51][WARNING] jit_analysis.py:  499: Unsupported operator aten::max_pool3d encountered 3 time(s)
[02/26 11:07:51][WARNING] jit_analysis.py:  511: The following submodules of the model were never called during the trace of the graph. They may be unused, or they were accessed by direct calls to .forward() or via other python methods. In the latter case they will have zeros for statistics, though their statistics will still contribute to their parent calling module.
module.blocks.1.drop_path, module.blocks.10.drop_path, module.blocks.11.drop_path, module.blocks.12.drop_path, module.blocks.13.drop_path, module.blocks.14.drop_path, module.blocks.15.drop_path, module.blocks.2.drop_path, module.blocks.3.drop_path, module.blocks.4.drop_path, module.blocks.5.drop_path, module.blocks.6.drop_path, module.blocks.7.drop_path, module.blocks.8.drop_path, module.blocks.9.drop_path
[02/26 11:07:51][INFO] misc.py:  242: Flops: 229.28437195200001 G
[02/26 11:07:52][WARNING] jit_analysis.py:  499: Unsupported operator aten::layer_norm encountered 81 time(s)
[02/26 11:07:52][WARNING] jit_analysis.py:  499: Unsupported operator aten::mul encountered 489 time(s)
[02/26 11:07:52][WARNING] jit_analysis.py:  499: Unsupported operator aten::div encountered 68 time(s)
[02/26 11:07:52][WARNING] jit_analysis.py:  499: Unsupported operator aten::sub encountered 96 time(s)
[02/26 11:07:52][WARNING] jit_analysis.py:  499: Unsupported operator aten::add_ encountered 64 time(s)
[02/26 11:07:52][WARNING] jit_analysis.py:  499: Unsupported operator aten::add encountered 80 time(s)
[02/26 11:07:52][WARNING] jit_analysis.py:  499: Unsupported operator aten::softmax encountered 16 time(s)
[02/26 11:07:52][WARNING] jit_analysis.py:  499: Unsupported operator aten::gelu encountered 16 time(s)
[02/26 11:07:52][WARNING] jit_analysis.py:  499: Unsupported operator aten::max_pool3d encountered 3 time(s)
[02/26 11:07:52][WARNING] jit_analysis.py:  511: The following submodules of the model were never called during the trace of the graph. They may be unused, or they were accessed by direct calls to .forward() or via other python methods. In the latter case they will have zeros for statistics, though their statistics will still contribute to their parent calling module.
module.blocks.1.drop_path, module.blocks.10.drop_path, module.blocks.11.drop_path, module.blocks.12.drop_path, module.blocks.13.drop_path, module.blocks.14.drop_path, module.blocks.15.drop_path, module.blocks.2.drop_path, module.blocks.3.drop_path, module.blocks.4.drop_path, module.blocks.5.drop_path, module.blocks.6.drop_path, module.blocks.7.drop_path, module.blocks.8.drop_path, module.blocks.9.drop_path
[02/26 11:07:52][INFO] misc.py:  243: Activations: 968.5333290000001 M
[02/26 11:07:52][INFO] misc.py:  248: nvidia-smi
Wed Feb 26 11:07:52 2025       
+---------------------------------------------------------------------------------------+
| NVIDIA-SMI 535.230.02             Driver Version: 535.230.02   CUDA Version: 12.3     |
|-----------------------------------------+----------------------+----------------------+
| GPU  Name                 Persistence-M | Bus-Id        Disp.A | Volatile Uncorr. ECC |
| Fan  Temp   Perf          Pwr:Usage/Cap |         Memory-Usage | GPU-Util  Compute M. |
|                                         |                      |               MIG M. |
|=========================================+======================+======================|
|   0  NVIDIA GH200 120GB             On  | 00000009:01:00.0 Off |                    0 |
| N/A   22C    P0             142W / 900W |   8092MiB / 97871MiB |      0%      Default |
|                                         |                      |             Disabled |
+-----------------------------------------+----------------------+----------------------+
|   1  NVIDIA GH200 120GB             On  | 00000019:01:00.0 Off |                    0 |
| N/A   25C    P0             136W / 900W |   2832MiB / 97871MiB |      0%      Default |
|                                         |                      |             Disabled |
+-----------------------------------------+----------------------+----------------------+
|   2  NVIDIA GH200 120GB             On  | 00000029:01:00.0 Off |                    0 |
| N/A   24C    P0             126W / 900W |   2831MiB / 97871MiB |      0%      Default |
|                                         |                      |             Disabled |
+-----------------------------------------+----------------------+----------------------+
|   3  NVIDIA GH200 120GB             On  | 00000039:01:00.0 Off |                    0 |
| N/A   23C    P0             136W / 900W |   2727MiB / 97871MiB |      0%      Default |
|                                         |                      |             Disabled |
+-----------------------------------------+----------------------+----------------------+
                                                                                         
+---------------------------------------------------------------------------------------+
| Processes:                                                                            |
|  GPU   GI   CI        PID   Type   Process name                            GPU Memory |
|        ID   ID                                                             Usage      |
|=======================================================================================|
|    0   N/A  N/A     68083      C   /usr/bin/python                            7664MiB |
|    1   N/A  N/A     68084      C   /usr/bin/python                            2406MiB |
|    2   N/A  N/A     68085      C   /usr/bin/python                            2406MiB |
|    3   N/A  N/A     68086      C   /usr/bin/python                            2302MiB |
+---------------------------------------------------------------------------------------+
bn 0, non bn 166, zero 231, no grad 0
[02/26 11:07:53][INFO] train_net.py:  861: Load from last checkpoint.
[02/26 11:07:53][INFO] checkpoint.py:  222: Loading network weights from /mnt/imslowfast/results/species_classification/mvitv2_disjoint_f=32/checkpoints/checkpoint_epoch_00040.pyth.
missing keys: []
unexpected keys: []
[02/26 11:07:53][INFO] kinetics.py:   92: Constructing Kinetics train...
[02/26 11:07:53][INFO] kinetics.py:  164: Constructing kinetics dataloader (size: 83002 skip_rows 0) from /mnt/data/top_priority_annotations/kinetics/disjoint/train.csv 
SAMPLING.BALANCED: False; BALANCE_TYPE: None
[02/26 11:07:53][INFO] kinetics.py:   92: Constructing Kinetics val...
[02/26 11:07:54][INFO] kinetics.py:  164: Constructing kinetics dataloader (size: 54561 skip_rows 0) from /mnt/data/top_priority_annotations/kinetics/disjoint/val.csv 
SAMPLING.BALANCED: False; BALANCE_TYPE: None
[02/26 11:07:54][INFO] tensorboard_vis.py:   52: To see logged results in Tensorboard, please launch using the command             `tensorboard  --port=<port-number> --logdir /mnt/imslowfast/results/species_classification/mvitv2_disjoint_f=32/runs-kinetics`
[02/26 11:07:54][INFO] train_net.py:  944: Start epoch: 41
[02/26 11:08:48][INFO] logging.py:   99: json_stats: {"_type": "train_iter_", "dt": 1.46470, "dt_data": 0.00047, "dt_net": 1.46422, "epoch": "41/48", "eta": "4:12:51", "gpu_mem": "77.43G", "grad_norm": 4.12390, "iter": "10/1296", "loss": 0.25898, "lr": 0.00001, "top1_err": 9.37500, "top5_err": 0.00000}
[02/26 11:09:04][INFO] logging.py:   99: json_stats: {"_type": "train_iter_", "dt": 1.46022, "dt_data": 0.00028, "dt_net": 1.45994, "epoch": "41/48", "eta": "4:11:50", "gpu_mem": "77.43G", "grad_norm": 2.57625, "iter": "20/1296", "loss": 0.28812, "lr": 0.00001, "top1_err": 10.93750, "top5_err": 0.00000}
[02/26 11:09:18][INFO] logging.py:   99: json_stats: {"_type": "train_iter_", "dt": 1.45797, "dt_data": 0.00045, "dt_net": 1.45752, "epoch": "41/48", "eta": "4:11:12", "gpu_mem": "77.43G", "grad_norm": 3.22931, "iter": "30/1296", "loss": 0.26198, "lr": 0.00001, "top1_err": 11.71875, "top5_err": 0.00000}
[02/26 11:09:35][INFO] logging.py:   99: json_stats: {"_type": "train_iter_", "dt": 1.46405, "dt_data": 0.00044, "dt_net": 1.46361, "epoch": "41/48", "eta": "4:12:00", "gpu_mem": "77.43G", "grad_norm": 3.82597, "iter": "40/1296", "loss": 0.25511, "lr": 0.00001, "top1_err": 10.93750, "top5_err": 0.00000}
[02/26 11:09:57][INFO] logging.py:   99: json_stats: {"_type": "train_iter_", "dt": 5.73715, "dt_data": 4.26612, "dt_net": 1.47103, "epoch": "41/48", "eta": "16:26:35", "gpu_mem": "77.43G", "grad_norm": 2.69824, "iter": "50/1296", "loss": 0.24068, "lr": 0.00001, "top1_err": 10.15625, "top5_err": 0.00000}
[02/26 11:10:12][INFO] logging.py:   99: json_stats: {"_type": "train_iter_", "dt": 1.46222, "dt_data": 0.00063, "dt_net": 1.46159, "epoch": "41/48", "eta": "4:11:12", "gpu_mem": "77.43G", "grad_norm": 3.65336, "iter": "60/1296", "loss": 0.20215, "lr": 0.00001, "top1_err": 9.37500, "top5_err": 0.00000}
[02/26 11:10:27][INFO] logging.py:   99: json_stats: {"_type": "train_iter_", "dt": 1.46271, "dt_data": 0.00050, "dt_net": 1.46220, "epoch": "41/48", "eta": "4:11:02", "gpu_mem": "77.43G", "grad_norm": 3.52793, "iter": "70/1296", "loss": 0.26741, "lr": 0.00001, "top1_err": 10.15625, "top5_err": 0.00000}
[02/26 11:10:42][INFO] logging.py:   99: json_stats: {"_type": "train_iter_", "dt": 1.46946, "dt_data": 0.00045, "dt_net": 1.46901, "epoch": "41/48", "eta": "4:11:57", "gpu_mem": "77.43G", "grad_norm": 3.20854, "iter": "80/1296", "loss": 0.27868, "lr": 0.00001, "top1_err": 10.93750, "top5_err": 0.00000}
[02/26 11:11:02][INFO] logging.py:   99: json_stats: {"_type": "train_iter_", "dt": 4.94874, "dt_data": 3.50717, "dt_net": 1.44157, "epoch": "41/48", "eta": "14:07:43", "gpu_mem": "77.43G", "grad_norm": 2.87280, "iter": "90/1296", "loss": 0.27749, "lr": 0.00001, "top1_err": 9.37500, "top5_err": 0.00000}
[02/26 11:11:18][INFO] logging.py:   99: json_stats: {"_type": "train_iter_", "dt": 1.45595, "dt_data": 0.00043, "dt_net": 1.45552, "epoch": "41/48", "eta": "4:09:09", "gpu_mem": "77.43G", "grad_norm": 3.28489, "iter": "100/1296", "loss": 0.30908, "lr": 0.00001, "top1_err": 11.71875, "top5_err": 0.00000}
[02/26 11:11:37][INFO] logging.py:   99: json_stats: {"_type": "train_iter_", "dt": 1.44903, "dt_data": 0.00052, "dt_net": 1.44850, "epoch": "41/48", "eta": "4:07:44", "gpu_mem": "77.43G", "grad_norm": 3.58511, "iter": "110/1296", "loss": 0.27290, "lr": 0.00001, "top1_err": 9.37500, "top5_err": 0.00000}
[02/26 11:11:54][INFO] logging.py:   99: json_stats: {"_type": "train_iter_", "dt": 1.45150, "dt_data": 0.00041, "dt_net": 1.45109, "epoch": "41/48", "eta": "4:07:55", "gpu_mem": "77.43G", "grad_norm": 4.77609, "iter": "120/1296", "loss": 0.27778, "lr": 0.00001, "top1_err": 10.15625, "top5_err": 0.00000}
[02/26 11:12:09][INFO] logging.py:   99: json_stats: {"_type": "train_iter_", "dt": 1.46537, "dt_data": 0.00048, "dt_net": 1.46488, "epoch": "41/48", "eta": "4:10:02", "gpu_mem": "77.43G", "grad_norm": 4.64164, "iter": "130/1296", "loss": 0.26934, "lr": 0.00001, "top1_err": 10.15625, "top5_err": 0.00000}
[02/26 11:12:23][INFO] logging.py:   99: json_stats: {"_type": "train_iter_", "dt": 1.46667, "dt_data": 0.00037, "dt_net": 1.46629, "epoch": "41/48", "eta": "4:10:01", "gpu_mem": "77.43G", "grad_norm": 3.75082, "iter": "140/1296", "loss": 0.22143, "lr": 0.00001, "top1_err": 7.81250, "top5_err": 0.00000}
[02/26 11:12:38][INFO] logging.py:   99: json_stats: {"_type": "train_iter_", "dt": 1.46900, "dt_data": 0.00041, "dt_net": 1.46859, "epoch": "41/48", "eta": "4:10:10", "gpu_mem": "77.43G", "grad_norm": 3.14218, "iter": "150/1296", "loss": 0.25035, "lr": 0.00001, "top1_err": 11.71875, "top5_err": 0.00000}
[02/26 11:12:53][INFO] logging.py:   99: json_stats: {"_type": "train_iter_", "dt": 1.45724, "dt_data": 0.00093, "dt_net": 1.45631, "epoch": "41/48", "eta": "4:07:55", "gpu_mem": "77.43G", "grad_norm": 2.96556, "iter": "160/1296", "loss": 0.27591, "lr": 0.00001, "top1_err": 10.15625, "top5_err": 0.00000}
[02/26 11:13:13][INFO] logging.py:   99: json_stats: {"_type": "train_iter_", "dt": 5.00845, "dt_data": 3.56398, "dt_net": 1.44447, "epoch": "41/48", "eta": "14:11:16", "gpu_mem": "77.43G", "grad_norm": 3.80755, "iter": "170/1296", "loss": 0.23230, "lr": 0.00001, "top1_err": 7.81250, "top5_err": 0.00000}
[02/26 11:13:33][INFO] logging.py:   99: json_stats: {"_type": "train_iter_", "dt": 1.46436, "dt_data": 0.00047, "dt_net": 1.46388, "epoch": "41/48", "eta": "4:08:38", "gpu_mem": "77.43G", "grad_norm": 3.89437, "iter": "180/1296", "loss": 0.28917, "lr": 0.00001, "top1_err": 11.71875, "top5_err": 0.00000}
[02/26 11:13:48][INFO] logging.py:   99: json_stats: {"_type": "train_iter_", "dt": 1.45947, "dt_data": 0.00080, "dt_net": 1.45867, "epoch": "41/48", "eta": "4:07:34", "gpu_mem": "77.43G", "grad_norm": 4.61161, "iter": "190/1296", "loss": 0.19472, "lr": 0.00001, "top1_err": 9.37500, "top5_err": 0.00000}
[02/26 11:14:03][INFO] logging.py:   99: json_stats: {"_type": "train_iter_", "dt": 1.46200, "dt_data": 0.00105, "dt_net": 1.46094, "epoch": "41/48", "eta": "4:07:45", "gpu_mem": "77.43G", "grad_norm": 3.20781, "iter": "200/1296", "loss": 0.25277, "lr": 0.00001, "top1_err": 9.37500, "top5_err": 0.00000}
[02/26 11:14:21][INFO] logging.py:   99: json_stats: {"_type": "train_iter_", "dt": 4.49761, "dt_data": 3.05408, "dt_net": 1.44353, "epoch": "41/48", "eta": "12:41:26", "gpu_mem": "77.43G", "grad_norm": 3.22451, "iter": "210/1296", "loss": 0.32783, "lr": 0.00001, "top1_err": 9.37500, "top5_err": 0.00000}
[02/26 11:14:39][INFO] logging.py:   99: json_stats: {"_type": "train_iter_", "dt": 1.44645, "dt_data": 0.00053, "dt_net": 1.44592, "epoch": "41/48", "eta": "4:04:38", "gpu_mem": "77.43G", "grad_norm": 2.39615, "iter": "220/1296", "loss": 0.25329, "lr": 0.00001, "top1_err": 7.81250, "top5_err": 0.00000}
[02/26 11:14:54][INFO] logging.py:   99: json_stats: {"_type": "train_iter_", "dt": 1.45979, "dt_data": 0.00114, "dt_net": 1.45865, "epoch": "41/48", "eta": "4:06:39", "gpu_mem": "77.43G", "grad_norm": 1.48282, "iter": "230/1296", "loss": 0.19487, "lr": 0.00001, "top1_err": 6.25000, "top5_err": 0.00000}
[02/26 11:15:08][INFO] logging.py:   99: json_stats: {"_type": "train_iter_", "dt": 1.46275, "dt_data": 0.00082, "dt_net": 1.46193, "epoch": "41/48", "eta": "4:06:54", "gpu_mem": "77.43G", "grad_norm": 4.50171, "iter": "240/1296", "loss": 0.28642, "lr": 0.00001, "top1_err": 11.71875, "top5_err": 0.00000}
[02/26 11:15:24][INFO] logging.py:   99: json_stats: {"_type": "train_iter_", "dt": 2.14237, "dt_data": 0.68950, "dt_net": 1.45287, "epoch": "41/48", "eta": "6:01:16", "gpu_mem": "77.43G", "grad_norm": 3.65943, "iter": "250/1296", "loss": 0.27891, "lr": 0.00001, "top1_err": 10.15625, "top5_err": 0.00000}
[02/26 11:15:41][INFO] logging.py:   99: json_stats: {"_type": "train_iter_", "dt": 1.46072, "dt_data": 0.00042, "dt_net": 1.46029, "epoch": "41/48", "eta": "4:06:04", "gpu_mem": "77.43G", "grad_norm": 4.15828, "iter": "260/1296", "loss": 0.26921, "lr": 0.00001, "top1_err": 10.93750, "top5_err": 0.00000}
[02/26 11:15:57][INFO] logging.py:   99: json_stats: {"_type": "train_iter_", "dt": 1.46039, "dt_data": 0.00041, "dt_net": 1.45997, "epoch": "41/48", "eta": "4:05:46", "gpu_mem": "77.43G", "grad_norm": 4.20371, "iter": "270/1296", "loss": 0.29658, "lr": 0.00001, "top1_err": 9.37500, "top5_err": 0.00000}
[02/26 11:16:13][INFO] logging.py:   99: json_stats: {"_type": "train_iter_", "dt": 1.46185, "dt_data": 0.00127, "dt_net": 1.46058, "epoch": "41/48", "eta": "4:05:47", "gpu_mem": "77.43G", "grad_norm": 8.15207, "iter": "280/1296", "loss": 0.29335, "lr": 0.00001, "top1_err": 12.50000, "top5_err": 0.00000}
[02/26 11:16:29][INFO] logging.py:   99: json_stats: {"_type": "train_iter_", "dt": 1.46378, "dt_data": 0.00146, "dt_net": 1.46231, "epoch": "41/48", "eta": "4:05:51", "gpu_mem": "77.43G", "grad_norm": 4.71448, "iter": "290/1296", "loss": 0.31142, "lr": 0.00001, "top1_err": 10.93750, "top5_err": 0.00000}
[02/26 11:16:46][INFO] logging.py:   99: json_stats: {"_type": "train_iter_", "dt": 1.45330, "dt_data": 0.00066, "dt_net": 1.45264, "epoch": "41/48", "eta": "4:03:51", "gpu_mem": "77.43G", "grad_norm": 3.08580, "iter": "300/1296", "loss": 0.25458, "lr": 0.00001, "top1_err": 8.59375, "top5_err": 0.00000}
[02/26 11:17:03][INFO] logging.py:   99: json_stats: {"_type": "train_iter_", "dt": 1.46371, "dt_data": 0.00046, "dt_net": 1.46324, "epoch": "41/48", "eta": "4:05:21", "gpu_mem": "77.43G", "grad_norm": 5.37928, "iter": "310/1296", "loss": 0.31894, "lr": 0.00001, "top1_err": 10.15625, "top5_err": 0.00000}
[02/26 11:17:20][INFO] logging.py:   99: json_stats: {"_type": "train_iter_", "dt": 1.45381, "dt_data": 0.00060, "dt_net": 1.45321, "epoch": "41/48", "eta": "4:03:27", "gpu_mem": "77.43G", "grad_norm": 3.59443, "iter": "320/1296", "loss": 0.27309, "lr": 0.00001, "top1_err": 8.59375, "top5_err": 0.00000}
[02/26 11:17:38][INFO] logging.py:   99: json_stats: {"_type": "train_iter_", "dt": 1.45610, "dt_data": 0.00183, "dt_net": 1.45426, "epoch": "41/48", "eta": "4:03:36", "gpu_mem": "77.43G", "grad_norm": 3.96800, "iter": "330/1296", "loss": 0.24541, "lr": 0.00001, "top1_err": 8.59375, "top5_err": 0.00000}
[02/26 11:17:53][INFO] logging.py:   99: json_stats: {"_type": "train_iter_", "dt": 1.45043, "dt_data": 0.00039, "dt_net": 1.45004, "epoch": "41/48", "eta": "4:02:24", "gpu_mem": "77.43G", "grad_norm": 1.75099, "iter": "340/1296", "loss": 0.22031, "lr": 0.00001, "top1_err": 7.81250, "top5_err": 0.00000}
[02/26 11:18:12][INFO] logging.py:   99: json_stats: {"_type": "train_iter_", "dt": 1.45759, "dt_data": 0.00044, "dt_net": 1.45715, "epoch": "41/48", "eta": "4:03:22", "gpu_mem": "77.43G", "grad_norm": 4.33186, "iter": "350/1296", "loss": 0.25093, "lr": 0.00001, "top1_err": 10.15625, "top5_err": 0.00000}
[02/26 11:18:31][INFO] logging.py:   99: json_stats: {"_type": "train_iter_", "dt": 1.45267, "dt_data": 0.00045, "dt_net": 1.45222, "epoch": "41/48", "eta": "4:02:18", "gpu_mem": "77.43G", "grad_norm": 5.36482, "iter": "360/1296", "loss": 0.23848, "lr": 0.00001, "top1_err": 8.59375, "top5_err": 0.00000}
[02/26 11:18:48][INFO] logging.py:   99: json_stats: {"_type": "train_iter_", "dt": 1.45601, "dt_data": 0.00078, "dt_net": 1.45522, "epoch": "41/48", "eta": "4:02:37", "gpu_mem": "77.43G", "grad_norm": 3.75043, "iter": "370/1296", "loss": 0.24830, "lr": 0.00001, "top1_err": 7.81250, "top5_err": 0.00000}
[02/26 11:19:04][INFO] logging.py:   99: json_stats: {"_type": "train_iter_", "dt": 1.45456, "dt_data": 0.00048, "dt_net": 1.45408, "epoch": "41/48", "eta": "4:02:08", "gpu_mem": "77.43G", "grad_norm": 4.54815, "iter": "380/1296", "loss": 0.22477, "lr": 0.00001, "top1_err": 8.59375, "top5_err": 0.00000}
[02/26 11:19:23][INFO] logging.py:   99: json_stats: {"_type": "train_iter_", "dt": 1.45410, "dt_data": 0.00080, "dt_net": 1.45329, "epoch": "41/48", "eta": "4:01:48", "gpu_mem": "77.43G", "grad_norm": 2.89855, "iter": "390/1296", "loss": 0.30994, "lr": 0.00001, "top1_err": 10.93750, "top5_err": 0.00000}
[02/26 11:19:45][INFO] logging.py:   99: json_stats: {"_type": "train_iter_", "dt": 1.43654, "dt_data": 0.00091, "dt_net": 1.43562, "epoch": "41/48", "eta": "3:58:39", "gpu_mem": "77.43G", "grad_norm": 3.99651, "iter": "400/1296", "loss": 0.28236, "lr": 0.00001, "top1_err": 12.50000, "top5_err": 0.00000}
[02/26 11:20:03][INFO] logging.py:   99: json_stats: {"_type": "train_iter_", "dt": 1.44872, "dt_data": 0.00044, "dt_net": 1.44827, "epoch": "41/48", "eta": "4:00:26", "gpu_mem": "77.43G", "grad_norm": 4.80753, "iter": "410/1296", "loss": 0.30721, "lr": 0.00001, "top1_err": 10.93750, "top5_err": 0.00000}
[02/26 11:20:18][INFO] logging.py:   99: json_stats: {"_type": "train_iter_", "dt": 1.45623, "dt_data": 0.00037, "dt_net": 1.45586, "epoch": "41/48", "eta": "4:01:26", "gpu_mem": "77.43G", "grad_norm": 3.74313, "iter": "420/1296", "loss": 0.25001, "lr": 0.00001, "top1_err": 9.37500, "top5_err": 0.00000}
[02/26 11:20:33][INFO] logging.py:   99: json_stats: {"_type": "train_iter_", "dt": 1.45691, "dt_data": 0.00056, "dt_net": 1.45634, "epoch": "41/48", "eta": "4:01:18", "gpu_mem": "77.43G", "grad_norm": 2.43075, "iter": "430/1296", "loss": 0.25220, "lr": 0.00001, "top1_err": 7.81250, "top5_err": 0.00000}
[02/26 11:20:52][INFO] logging.py:   99: json_stats: {"_type": "train_iter_", "dt": 1.45357, "dt_data": 0.00099, "dt_net": 1.45257, "epoch": "41/48", "eta": "4:00:31", "gpu_mem": "77.43G", "grad_norm": 3.43231, "iter": "440/1296", "loss": 0.24040, "lr": 0.00001, "top1_err": 8.59375, "top5_err": 0.00000}
[02/26 11:21:08][INFO] logging.py:   99: json_stats: {"_type": "train_iter_", "dt": 1.45636, "dt_data": 0.00126, "dt_net": 1.45510, "epoch": "41/48", "eta": "4:00:44", "gpu_mem": "77.43G", "grad_norm": 4.34873, "iter": "450/1296", "loss": 0.24050, "lr": 0.00001, "top1_err": 8.59375, "top5_err": 0.00000}
[02/26 11:21:27][INFO] logging.py:   99: json_stats: {"_type": "train_iter_", "dt": 1.44643, "dt_data": 0.00117, "dt_net": 1.44525, "epoch": "41/48", "eta": "3:58:51", "gpu_mem": "77.43G", "grad_norm": 3.67173, "iter": "460/1296", "loss": 0.29479, "lr": 0.00001, "top1_err": 11.71875, "top5_err": 0.00000}
[02/26 11:21:44][INFO] logging.py:   99: json_stats: {"_type": "train_iter_", "dt": 1.45523, "dt_data": 0.00098, "dt_net": 1.45424, "epoch": "41/48", "eta": "4:00:03", "gpu_mem": "77.43G", "grad_norm": 3.63296, "iter": "470/1296", "loss": 0.26410, "lr": 0.00001, "top1_err": 8.59375, "top5_err": 0.00000}
[02/26 11:22:03][INFO] logging.py:   99: json_stats: {"_type": "train_iter_", "dt": 1.44931, "dt_data": 0.00089, "dt_net": 1.44842, "epoch": "41/48", "eta": "3:58:50", "gpu_mem": "77.43G", "grad_norm": 4.10842, "iter": "480/1296", "loss": 0.24707, "lr": 0.00001, "top1_err": 8.59375, "top5_err": 0.00000}
[02/26 11:22:19][INFO] logging.py:   99: json_stats: {"_type": "train_iter_", "dt": 1.45947, "dt_data": 0.00078, "dt_net": 1.45869, "epoch": "41/48", "eta": "4:00:16", "gpu_mem": "77.43G", "grad_norm": 3.40942, "iter": "490/1296", "loss": 0.21849, "lr": 0.00001, "top1_err": 8.59375, "top5_err": 0.00000}
[02/26 11:22:37][INFO] logging.py:   99: json_stats: {"_type": "train_iter_", "dt": 1.45001, "dt_data": 0.00051, "dt_net": 1.44950, "epoch": "41/48", "eta": "3:58:28", "gpu_mem": "77.43G", "grad_norm": 4.48034, "iter": "500/1296", "loss": 0.28181, "lr": 0.00001, "top1_err": 10.93750, "top5_err": 0.00000}
[02/26 11:22:52][INFO] logging.py:   99: json_stats: {"_type": "train_iter_", "dt": 1.46044, "dt_data": 0.00043, "dt_net": 1.46001, "epoch": "41/48", "eta": "3:59:57", "gpu_mem": "77.43G", "grad_norm": 4.73432, "iter": "510/1296", "loss": 0.25217, "lr": 0.00001, "top1_err": 9.37500, "top5_err": 0.00000}
[02/26 11:23:16][INFO] logging.py:   99: json_stats: {"_type": "train_iter_", "dt": 1.44106, "dt_data": 0.00048, "dt_net": 1.44057, "epoch": "41/48", "eta": "3:56:31", "gpu_mem": "77.43G", "grad_norm": 3.87844, "iter": "520/1296", "loss": 0.23437, "lr": 0.00001, "top1_err": 10.15625, "top5_err": 0.00000}
[02/26 11:23:34][INFO] logging.py:   99: json_stats: {"_type": "train_iter_", "dt": 1.44901, "dt_data": 0.00033, "dt_net": 1.44869, "epoch": "41/48", "eta": "3:57:35", "gpu_mem": "77.43G", "grad_norm": 4.65462, "iter": "530/1296", "loss": 0.29122, "lr": 0.00001, "top1_err": 9.37500, "top5_err": 0.00000}
[02/26 11:23:50][INFO] logging.py:   99: json_stats: {"_type": "train_iter_", "dt": 1.45483, "dt_data": 0.00035, "dt_net": 1.45448, "epoch": "41/48", "eta": "3:58:18", "gpu_mem": "77.43G", "grad_norm": 5.82704, "iter": "540/1296", "loss": 0.22069, "lr": 0.00001, "top1_err": 7.03125, "top5_err": 0.00000}
[02/26 11:24:08][INFO] logging.py:   99: json_stats: {"_type": "train_iter_", "dt": 1.45900, "dt_data": 0.00111, "dt_net": 1.45787, "epoch": "41/48", "eta": "3:58:44", "gpu_mem": "77.43G", "grad_norm": 3.28277, "iter": "550/1296", "loss": 0.25845, "lr": 0.00001, "top1_err": 9.37500, "top5_err": 0.00000}
[02/26 11:24:27][INFO] logging.py:   99: json_stats: {"_type": "train_iter_", "dt": 1.45619, "dt_data": 0.00075, "dt_net": 1.45543, "epoch": "41/48", "eta": "3:58:02", "gpu_mem": "77.43G", "grad_norm": 4.23894, "iter": "560/1296", "loss": 0.23948, "lr": 0.00001, "top1_err": 8.59375, "top5_err": 0.00000}
[02/26 11:24:43][INFO] logging.py:   99: json_stats: {"_type": "train_iter_", "dt": 1.45742, "dt_data": 0.00045, "dt_net": 1.45696, "epoch": "41/48", "eta": "3:57:59", "gpu_mem": "77.43G", "grad_norm": 4.35422, "iter": "570/1296", "loss": 0.26891, "lr": 0.00001, "top1_err": 9.37500, "top5_err": 0.00000}
[02/26 11:25:01][INFO] logging.py:   99: json_stats: {"_type": "train_iter_", "dt": 1.45704, "dt_data": 0.00037, "dt_net": 1.45667, "epoch": "41/48", "eta": "3:57:41", "gpu_mem": "77.43G", "grad_norm": 3.18074, "iter": "580/1296", "loss": 0.28262, "lr": 0.00001, "top1_err": 10.93750, "top5_err": 0.00000}
[02/26 11:25:19][INFO] logging.py:   99: json_stats: {"_type": "train_iter_", "dt": 1.45127, "dt_data": 0.00038, "dt_net": 1.45089, "epoch": "41/48", "eta": "3:56:30", "gpu_mem": "77.43G", "grad_norm": 4.11901, "iter": "590/1296", "loss": 0.26202, "lr": 0.00001, "top1_err": 10.93750, "top5_err": 0.00000}
[02/26 11:25:37][INFO] logging.py:   99: json_stats: {"_type": "train_iter_", "dt": 1.44919, "dt_data": 0.00071, "dt_net": 1.44848, "epoch": "41/48", "eta": "3:55:55", "gpu_mem": "77.43G", "grad_norm": 5.13642, "iter": "600/1296", "loss": 0.31640, "lr": 0.00001, "top1_err": 12.50000, "top5_err": 0.00000}
[02/26 11:25:56][INFO] logging.py:   99: json_stats: {"_type": "train_iter_", "dt": 1.44779, "dt_data": 0.00058, "dt_net": 1.44721, "epoch": "41/48", "eta": "3:55:27", "gpu_mem": "77.43G", "grad_norm": 2.27995, "iter": "610/1296", "loss": 0.26790, "lr": 0.00001, "top1_err": 8.59375, "top5_err": 0.00000}
[02/26 11:26:11][INFO] logging.py:   99: json_stats: {"_type": "train_iter_", "dt": 1.45965, "dt_data": 0.00040, "dt_net": 1.45925, "epoch": "41/48", "eta": "3:57:08", "gpu_mem": "77.43G", "grad_norm": 4.73136, "iter": "620/1296", "loss": 0.24949, "lr": 0.00001, "top1_err": 8.59375, "top5_err": 0.00000}
[02/26 11:26:28][INFO] logging.py:   99: json_stats: {"_type": "train_iter_", "dt": 1.45668, "dt_data": 0.00048, "dt_net": 1.45620, "epoch": "41/48", "eta": "3:56:25", "gpu_mem": "77.43G", "grad_norm": 3.08123, "iter": "630/1296", "loss": 0.25736, "lr": 0.00001, "top1_err": 8.59375, "top5_err": 0.00000}
[02/26 11:26:49][INFO] logging.py:   99: json_stats: {"_type": "train_iter_", "dt": 1.44343, "dt_data": 0.00037, "dt_net": 1.44306, "epoch": "41/48", "eta": "3:54:01", "gpu_mem": "77.43G", "grad_norm": 4.57519, "iter": "640/1296", "loss": 0.26984, "lr": 0.00001, "top1_err": 9.37500, "top5_err": 0.00000}
[02/26 11:27:06][INFO] logging.py:   99: json_stats: {"_type": "train_iter_", "dt": 1.45506, "dt_data": 0.00088, "dt_net": 1.45419, "epoch": "41/48", "eta": "3:55:40", "gpu_mem": "77.43G", "grad_norm": 4.30610, "iter": "650/1296", "loss": 0.25934, "lr": 0.00001, "top1_err": 9.37500, "top5_err": 0.00000}
[02/26 11:27:23][INFO] logging.py:   99: json_stats: {"_type": "train_iter_", "dt": 1.45763, "dt_data": 0.00043, "dt_net": 1.45720, "epoch": "41/48", "eta": "3:55:50", "gpu_mem": "77.43G", "grad_norm": 3.93216, "iter": "660/1296", "loss": 0.25401, "lr": 0.00001, "top1_err": 10.15625, "top5_err": 0.00000}
[02/26 11:27:41][INFO] logging.py:   99: json_stats: {"_type": "train_iter_", "dt": 1.45315, "dt_data": 0.00072, "dt_net": 1.45243, "epoch": "41/48", "eta": "3:54:52", "gpu_mem": "77.43G", "grad_norm": 4.54951, "iter": "670/1296", "loss": 0.33691, "lr": 0.00001, "top1_err": 12.50000, "top5_err": 0.00000}
[02/26 11:27:59][INFO] logging.py:   99: json_stats: {"_type": "train_iter_", "dt": 1.45090, "dt_data": 0.00041, "dt_net": 1.45050, "epoch": "41/48", "eta": "3:54:16", "gpu_mem": "77.43G", "grad_norm": 1.88389, "iter": "680/1296", "loss": 0.27316, "lr": 0.00001, "top1_err": 11.71875, "top5_err": 0.00000}
[02/26 11:28:17][INFO] logging.py:   99: json_stats: {"_type": "train_iter_", "dt": 1.44196, "dt_data": 0.00049, "dt_net": 1.44146, "epoch": "41/48", "eta": "3:52:35", "gpu_mem": "77.43G", "grad_norm": 3.29027, "iter": "690/1296", "loss": 0.31610, "lr": 0.00001, "top1_err": 11.71875, "top5_err": 0.00000}
[02/26 11:28:34][INFO] logging.py:   99: json_stats: {"_type": "train_iter_", "dt": 1.45110, "dt_data": 0.00044, "dt_net": 1.45066, "epoch": "41/48", "eta": "3:53:49", "gpu_mem": "77.43G", "grad_norm": 3.01382, "iter": "700/1296", "loss": 0.23508, "lr": 0.00001, "top1_err": 7.03125, "top5_err": 0.00000}
[02/26 11:28:51][INFO] logging.py:   99: json_stats: {"_type": "train_iter_", "dt": 1.46100, "dt_data": 0.00048, "dt_net": 1.46052, "epoch": "41/48", "eta": "3:55:10", "gpu_mem": "77.43G", "grad_norm": 2.25546, "iter": "710/1296", "loss": 0.21129, "lr": 0.00001, "top1_err": 7.03125, "top5_err": 0.00000}
[02/26 11:29:08][INFO] logging.py:   99: json_stats: {"_type": "train_iter_", "dt": 1.45592, "dt_data": 0.00036, "dt_net": 1.45556, "epoch": "41/48", "eta": "3:54:06", "gpu_mem": "77.43G", "grad_norm": 2.84240, "iter": "720/1296", "loss": 0.31526, "lr": 0.00001, "top1_err": 10.15625, "top5_err": 0.00000}
[02/26 11:29:23][INFO] logging.py:   99: json_stats: {"_type": "train_iter_", "dt": 1.45715, "dt_data": 0.00047, "dt_net": 1.45668, "epoch": "41/48", "eta": "3:54:04", "gpu_mem": "77.43G", "grad_norm": 4.82067, "iter": "730/1296", "loss": 0.24821, "lr": 0.00001, "top1_err": 9.37500, "top5_err": 0.00000}
[02/26 11:29:41][INFO] logging.py:   99: json_stats: {"_type": "train_iter_", "dt": 1.45262, "dt_data": 0.00053, "dt_net": 1.45209, "epoch": "41/48", "eta": "3:53:05", "gpu_mem": "77.43G", "grad_norm": 3.38276, "iter": "740/1296", "loss": 0.26048, "lr": 0.00001, "top1_err": 9.37500, "top5_err": 0.00000}
[02/26 11:29:56][INFO] logging.py:   99: json_stats: {"_type": "train_iter_", "dt": 1.46201, "dt_data": 0.00095, "dt_net": 1.46106, "epoch": "41/48", "eta": "3:54:21", "gpu_mem": "77.43G", "grad_norm": 2.93194, "iter": "750/1296", "loss": 0.21320, "lr": 0.00001, "top1_err": 9.37500, "top5_err": 0.00000}
[02/26 11:30:14][INFO] logging.py:   99: json_stats: {"_type": "train_iter_", "dt": 1.46270, "dt_data": 0.00099, "dt_net": 1.46171, "epoch": "41/48", "eta": "3:54:13", "gpu_mem": "77.43G", "grad_norm": 5.83362, "iter": "760/1296", "loss": 0.27272, "lr": 0.00001, "top1_err": 10.15625, "top5_err": 0.00000}
[02/26 11:30:29][INFO] logging.py:   99: json_stats: {"_type": "train_iter_", "dt": 1.46778, "dt_data": 0.00041, "dt_net": 1.46737, "epoch": "41/48", "eta": "3:54:47", "gpu_mem": "77.43G", "grad_norm": 4.82137, "iter": "770/1296", "loss": 0.20972, "lr": 0.00001, "top1_err": 7.03125, "top5_err": 0.00000}
[02/26 11:30:45][INFO] logging.py:   99: json_stats: {"_type": "train_iter_", "dt": 1.46287, "dt_data": 0.00078, "dt_net": 1.46209, "epoch": "41/48", "eta": "3:53:45", "gpu_mem": "77.43G", "grad_norm": 6.34758, "iter": "780/1296", "loss": 0.25942, "lr": 0.00001, "top1_err": 7.81250, "top5_err": 0.00000}
[02/26 11:31:03][INFO] logging.py:   99: json_stats: {"_type": "train_iter_", "dt": 1.46510, "dt_data": 0.00067, "dt_net": 1.46443, "epoch": "41/48", "eta": "3:53:52", "gpu_mem": "77.43G", "grad_norm": 4.39804, "iter": "790/1296", "loss": 0.32090, "lr": 0.00001, "top1_err": 11.71875, "top5_err": 0.00000}
[02/26 11:31:21][INFO] logging.py:   99: json_stats: {"_type": "train_iter_", "dt": 1.45689, "dt_data": 0.00039, "dt_net": 1.45651, "epoch": "41/48", "eta": "3:52:19", "gpu_mem": "77.43G", "grad_norm": 4.40252, "iter": "800/1296", "loss": 0.30227, "lr": 0.00001, "top1_err": 10.15625, "top5_err": 0.00000}
[02/26 11:31:37][INFO] logging.py:   99: json_stats: {"_type": "train_iter_", "dt": 1.46503, "dt_data": 0.00064, "dt_net": 1.46438, "epoch": "41/48", "eta": "3:53:22", "gpu_mem": "77.43G", "grad_norm": 4.72294, "iter": "810/1296", "loss": 0.26939, "lr": 0.00001, "top1_err": 9.37500, "top5_err": 0.00000}
[02/26 11:31:54][INFO] logging.py:   99: json_stats: {"_type": "train_iter_", "dt": 1.46234, "dt_data": 0.00040, "dt_net": 1.46193, "epoch": "41/48", "eta": "3:52:42", "gpu_mem": "77.43G", "grad_norm": 4.62988, "iter": "820/1296", "loss": 0.23620, "lr": 0.00001, "top1_err": 7.81250, "top5_err": 0.00000}
[02/26 11:32:10][INFO] logging.py:   99: json_stats: {"_type": "train_iter_", "dt": 1.46217, "dt_data": 0.00053, "dt_net": 1.46164, "epoch": "41/48", "eta": "3:52:26", "gpu_mem": "77.43G", "grad_norm": 4.45947, "iter": "830/1296", "loss": 0.25182, "lr": 0.00001, "top1_err": 10.93750, "top5_err": 0.00000}
[02/26 11:32:25][INFO] logging.py:   99: json_stats: {"_type": "train_iter_", "dt": 1.45878, "dt_data": 0.00045, "dt_net": 1.45833, "epoch": "41/48", "eta": "3:51:39", "gpu_mem": "77.43G", "grad_norm": 3.11391, "iter": "840/1296", "loss": 0.34467, "lr": 0.00001, "top1_err": 13.28125, "top5_err": 0.00000}
[02/26 11:32:41][INFO] logging.py:   99: json_stats: {"_type": "train_iter_", "dt": 1.46450, "dt_data": 0.00043, "dt_net": 1.46407, "epoch": "41/48", "eta": "3:52:19", "gpu_mem": "77.43G", "grad_norm": 2.40415, "iter": "850/1296", "loss": 0.23088, "lr": 0.00001, "top1_err": 7.03125, "top5_err": 0.00000}
[02/26 11:32:58][INFO] logging.py:   99: json_stats: {"_type": "train_iter_", "dt": 1.45867, "dt_data": 0.00046, "dt_net": 1.45821, "epoch": "41/48", "eta": "3:51:09", "gpu_mem": "77.43G", "grad_norm": 4.61938, "iter": "860/1296", "loss": 0.24332, "lr": 0.00001, "top1_err": 7.81250, "top5_err": 0.00000}
[02/26 11:33:17][INFO] logging.py:   99: json_stats: {"_type": "train_iter_", "dt": 3.08523, "dt_data": 1.63624, "dt_net": 1.44899, "epoch": "41/48", "eta": "8:08:23", "gpu_mem": "77.43G", "grad_norm": 2.81289, "iter": "870/1296", "loss": 0.31703, "lr": 0.00001, "top1_err": 10.93750, "top5_err": 0.00000}
[02/26 11:33:33][INFO] logging.py:   99: json_stats: {"_type": "train_iter_", "dt": 1.45461, "dt_data": 0.00044, "dt_net": 1.45417, "epoch": "41/48", "eta": "3:50:01", "gpu_mem": "77.43G", "grad_norm": 3.29924, "iter": "880/1296", "loss": 0.31375, "lr": 0.00001, "top1_err": 12.50000, "top5_err": 0.00000}
[02/26 11:33:51][INFO] logging.py:   99: json_stats: {"_type": "train_iter_", "dt": 1.44762, "dt_data": 0.00092, "dt_net": 1.44669, "epoch": "41/48", "eta": "3:48:40", "gpu_mem": "77.43G", "grad_norm": 3.26924, "iter": "890/1296", "loss": 0.26358, "lr": 0.00001, "top1_err": 11.71875, "top5_err": 0.00000}
[02/26 11:34:06][INFO] logging.py:   99: json_stats: {"_type": "train_iter_", "dt": 1.46660, "dt_data": 0.00034, "dt_net": 1.46626, "epoch": "41/48", "eta": "3:51:25", "gpu_mem": "77.43G", "grad_norm": 4.78950, "iter": "900/1296", "loss": 0.27079, "lr": 0.00001, "top1_err": 9.37500, "top5_err": 0.00000}
[02/26 11:34:25][INFO] logging.py:   99: json_stats: {"_type": "train_iter_", "dt": 2.69757, "dt_data": 1.24943, "dt_net": 1.44814, "epoch": "41/48", "eta": "7:05:13", "gpu_mem": "77.43G", "grad_norm": 3.69929, "iter": "910/1296", "loss": 0.31461, "lr": 0.00001, "top1_err": 11.71875, "top5_err": 0.00000}
[02/26 11:34:41][INFO] logging.py:   99: json_stats: {"_type": "train_iter_", "dt": 1.45888, "dt_data": 0.00039, "dt_net": 1.45849, "epoch": "41/48", "eta": "3:49:43", "gpu_mem": "77.43G", "grad_norm": 3.71772, "iter": "920/1296", "loss": 0.24093, "lr": 0.00001, "top1_err": 7.03125, "top5_err": 0.00000}
[02/26 11:34:55][INFO] logging.py:   99: json_stats: {"_type": "train_iter_", "dt": 1.46890, "dt_data": 0.00034, "dt_net": 1.46855, "epoch": "41/48", "eta": "3:51:03", "gpu_mem": "77.43G", "grad_norm": 4.20319, "iter": "930/1296", "loss": 0.25086, "lr": 0.00001, "top1_err": 9.37500, "top5_err": 0.00000}
[02/26 11:35:12][INFO] logging.py:   99: json_stats: {"_type": "train_iter_", "dt": 1.45790, "dt_data": 0.00081, "dt_net": 1.45709, "epoch": "41/48", "eta": "3:49:05", "gpu_mem": "77.43G", "grad_norm": 6.65819, "iter": "940/1296", "loss": 0.27766, "lr": 0.00001, "top1_err": 8.59375, "top5_err": 0.00000}
[02/26 11:35:29][INFO] logging.py:   99: json_stats: {"_type": "train_iter_", "dt": 1.46413, "dt_data": 0.00086, "dt_net": 1.46326, "epoch": "41/48", "eta": "3:49:49", "gpu_mem": "77.43G", "grad_norm": 5.02369, "iter": "950/1296", "loss": 0.24032, "lr": 0.00001, "top1_err": 9.37500, "top5_err": 0.00000}
[02/26 11:35:47][INFO] logging.py:   99: json_stats: {"_type": "train_iter_", "dt": 2.55161, "dt_data": 0.00044, "dt_net": 2.55117, "epoch": "41/48", "eta": "6:40:05", "gpu_mem": "77.43G", "grad_norm": 2.78075, "iter": "960/1296", "loss": 0.22601, "lr": 0.00001, "top1_err": 10.15625, "top5_err": 0.00000}
[02/26 11:36:06][INFO] logging.py:   99: json_stats: {"_type": "train_iter_", "dt": 1.45964, "dt_data": 0.00047, "dt_net": 1.45917, "epoch": "41/48", "eta": "3:48:37", "gpu_mem": "77.43G", "grad_norm": 3.80561, "iter": "970/1296", "loss": 0.28010, "lr": 0.00001, "top1_err": 9.37500, "top5_err": 0.00000}
[02/26 11:36:20][INFO] logging.py:   99: json_stats: {"_type": "train_iter_", "dt": 1.46156, "dt_data": 0.00036, "dt_net": 1.46120, "epoch": "41/48", "eta": "3:48:41", "gpu_mem": "77.43G", "grad_norm": 3.92946, "iter": "980/1296", "loss": 0.29858, "lr": 0.00001, "top1_err": 10.93750, "top5_err": 0.00000}
[02/26 11:36:39][INFO] logging.py:   99: json_stats: {"_type": "train_iter_", "dt": 1.44703, "dt_data": 0.00139, "dt_net": 1.44564, "epoch": "41/48", "eta": "3:46:10", "gpu_mem": "77.43G", "grad_norm": 1.71252, "iter": "990/1296", "loss": 0.22920, "lr": 0.00001, "top1_err": 9.37500, "top5_err": 0.00000}
[02/26 11:36:59][INFO] logging.py:   99: json_stats: {"_type": "train_iter_", "dt": 3.86248, "dt_data": 0.00042, "dt_net": 3.86207, "epoch": "41/48", "eta": "10:03:03", "gpu_mem": "77.43G", "grad_norm": 5.03432, "iter": "1000/1296", "loss": 0.26825, "lr": 0.00001, "top1_err": 8.59375, "top5_err": 0.00000}
[02/26 11:37:14][INFO] logging.py:   99: json_stats: {"_type": "train_iter_", "dt": 1.45895, "dt_data": 0.00037, "dt_net": 1.45857, "epoch": "41/48", "eta": "3:47:32", "gpu_mem": "77.43G", "grad_norm": 4.03690, "iter": "1010/1296", "loss": 0.24779, "lr": 0.00001, "top1_err": 10.93750, "top5_err": 0.00000}
[02/26 11:37:32][INFO] logging.py:   99: json_stats: {"_type": "train_iter_", "dt": 1.45330, "dt_data": 0.00038, "dt_net": 1.45292, "epoch": "41/48", "eta": "3:46:25", "gpu_mem": "77.43G", "grad_norm": 5.31689, "iter": "1020/1296", "loss": 0.29266, "lr": 0.00001, "top1_err": 10.93750, "top5_err": 0.00000}
[02/26 11:37:48][INFO] logging.py:   99: json_stats: {"_type": "train_iter_", "dt": 1.45739, "dt_data": 0.00078, "dt_net": 1.45661, "epoch": "41/48", "eta": "3:46:49", "gpu_mem": "77.43G", "grad_norm": 3.51064, "iter": "1030/1296", "loss": 0.22748, "lr": 0.00001, "top1_err": 9.37500, "top5_err": 0.00000}
[02/26 11:38:06][INFO] logging.py:   99: json_stats: {"_type": "train_iter_", "dt": 2.78716, "dt_data": 0.00037, "dt_net": 2.78679, "epoch": "41/48", "eta": "7:13:18", "gpu_mem": "77.43G", "grad_norm": 2.10684, "iter": "1040/1296", "loss": 0.30011, "lr": 0.00001, "top1_err": 11.71875, "top5_err": 0.00000}
[02/26 11:38:23][INFO] logging.py:   99: json_stats: {"_type": "train_iter_", "dt": 1.45815, "dt_data": 0.00163, "dt_net": 1.45651, "epoch": "41/48", "eta": "3:46:27", "gpu_mem": "77.43G", "grad_norm": 3.60307, "iter": "1050/1296", "loss": 0.26905, "lr": 0.00001, "top1_err": 10.15625, "top5_err": 0.00000}
[02/26 11:38:40][INFO] logging.py:   99: json_stats: {"_type": "train_iter_", "dt": 1.46112, "dt_data": 0.00053, "dt_net": 1.46059, "epoch": "41/48", "eta": "3:46:40", "gpu_mem": "77.43G", "grad_norm": 2.31764, "iter": "1060/1296", "loss": 0.23757, "lr": 0.00001, "top1_err": 9.37500, "top5_err": 0.00000}
[02/26 11:38:58][INFO] logging.py:   99: json_stats: {"_type": "train_iter_", "dt": 1.44790, "dt_data": 0.00039, "dt_net": 1.44751, "epoch": "41/48", "eta": "3:44:22", "gpu_mem": "77.43G", "grad_norm": 3.14712, "iter": "1070/1296", "loss": 0.31247, "lr": 0.00001, "top1_err": 12.50000, "top5_err": 0.00000}
[02/26 11:39:16][INFO] logging.py:   99: json_stats: {"_type": "train_iter_", "dt": 1.44785, "dt_data": 0.00040, "dt_net": 1.44745, "epoch": "41/48", "eta": "3:44:07", "gpu_mem": "77.43G", "grad_norm": 3.76233, "iter": "1080/1296", "loss": 0.30381, "lr": 0.00001, "top1_err": 11.71875, "top5_err": 0.00000}
[02/26 11:39:32][INFO] logging.py:   99: json_stats: {"_type": "train_iter_", "dt": 1.95472, "dt_data": 0.00039, "dt_net": 1.95432, "epoch": "41/48", "eta": "5:02:15", "gpu_mem": "77.43G", "grad_norm": 2.38697, "iter": "1090/1296", "loss": 0.30896, "lr": 0.00001, "top1_err": 10.93750, "top5_err": 0.00000}
[02/26 11:39:54][INFO] logging.py:   99: json_stats: {"_type": "train_iter_", "dt": 1.43528, "dt_data": 0.00052, "dt_net": 1.43476, "epoch": "41/48", "eta": "3:41:42", "gpu_mem": "77.43G", "grad_norm": 6.58555, "iter": "1100/1296", "loss": 0.30010, "lr": 0.00001, "top1_err": 10.15625, "top5_err": 0.00000}
[02/26 11:40:12][INFO] logging.py:   99: json_stats: {"_type": "train_iter_", "dt": 1.43683, "dt_data": 0.00040, "dt_net": 1.43643, "epoch": "41/48", "eta": "3:41:42", "gpu_mem": "77.43G", "grad_norm": 3.32816, "iter": "1110/1296", "loss": 0.26610, "lr": 0.00001, "top1_err": 8.59375, "top5_err": 0.00000}
[02/26 11:40:32][INFO] logging.py:   99: json_stats: {"_type": "train_iter_", "dt": 1.44791, "dt_data": 0.00041, "dt_net": 1.44749, "epoch": "41/48", "eta": "3:43:10", "gpu_mem": "77.43G", "grad_norm": 5.37068, "iter": "1120/1296", "loss": 0.26696, "lr": 0.00001, "top1_err": 9.37500, "top5_err": 0.00000}
[02/26 11:40:51][INFO] logging.py:   99: json_stats: {"_type": "train_iter_", "dt": 4.32793, "dt_data": 0.00110, "dt_net": 4.32682, "epoch": "41/48", "eta": "11:06:21", "gpu_mem": "77.43G", "grad_norm": 3.09763, "iter": "1130/1296", "loss": 0.18557, "lr": 0.00001, "top1_err": 7.81250, "top5_err": 0.00000}
[02/26 11:41:10][INFO] logging.py:   99: json_stats: {"_type": "train_iter_", "dt": 1.44127, "dt_data": 0.00049, "dt_net": 1.44078, "epoch": "41/48", "eta": "3:41:40", "gpu_mem": "77.43G", "grad_norm": 4.43183, "iter": "1140/1296", "loss": 0.21883, "lr": 0.00001, "top1_err": 7.03125, "top5_err": 0.00000}
[02/26 11:41:28][INFO] logging.py:   99: json_stats: {"_type": "train_iter_", "dt": 1.44894, "dt_data": 0.00079, "dt_net": 1.44815, "epoch": "41/48", "eta": "3:42:36", "gpu_mem": "77.43G", "grad_norm": 4.65945, "iter": "1150/1296", "loss": 0.32702, "lr": 0.00001, "top1_err": 8.59375, "top5_err": 0.00000}
[02/26 11:41:45][INFO] logging.py:   99: json_stats: {"_type": "train_iter_", "dt": 1.45207, "dt_data": 0.00038, "dt_net": 1.45169, "epoch": "41/48", "eta": "3:42:50", "gpu_mem": "77.43G", "grad_norm": 4.19206, "iter": "1160/1296", "loss": 0.27335, "lr": 0.00001, "top1_err": 10.93750, "top5_err": 0.00000}
[02/26 11:42:04][INFO] logging.py:   99: json_stats: {"_type": "train_iter_", "dt": 2.03560, "dt_data": 0.00077, "dt_net": 2.03482, "epoch": "41/48", "eta": "5:12:03", "gpu_mem": "77.43G", "grad_norm": 3.47847, "iter": "1170/1296", "loss": 0.23104, "lr": 0.00001, "top1_err": 9.37500, "top5_err": 0.00000}
[02/26 11:42:21][INFO] logging.py:   99: json_stats: {"_type": "train_iter_", "dt": 1.45868, "dt_data": 0.00035, "dt_net": 1.45834, "epoch": "41/48", "eta": "3:43:22", "gpu_mem": "77.43G", "grad_norm": 4.10328, "iter": "1180/1296", "loss": 0.25495, "lr": 0.00001, "top1_err": 8.59375, "top5_err": 0.00000}
[02/26 11:42:35][INFO] logging.py:   99: json_stats: {"_type": "train_iter_", "dt": 1.45899, "dt_data": 0.00093, "dt_net": 1.45805, "epoch": "41/48", "eta": "3:43:10", "gpu_mem": "77.43G", "grad_norm": 3.91120, "iter": "1190/1296", "loss": 0.27596, "lr": 0.00001, "top1_err": 10.93750, "top5_err": 0.00000}
[02/26 11:42:50][INFO] logging.py:   99: json_stats: {"_type": "train_iter_", "dt": 1.45811, "dt_data": 0.00038, "dt_net": 1.45773, "epoch": "41/48", "eta": "3:42:47", "gpu_mem": "77.43G", "grad_norm": 2.42671, "iter": "1200/1296", "loss": 0.20246, "lr": 0.00001, "top1_err": 7.81250, "top5_err": 0.00000}
[02/26 11:43:08][INFO] logging.py:   99: json_stats: {"_type": "train_iter_", "dt": 4.40362, "dt_data": 0.00070, "dt_net": 4.40290, "epoch": "41/48", "eta": "11:12:08", "gpu_mem": "77.43G", "grad_norm": 2.82820, "iter": "1210/1296", "loss": 0.26703, "lr": 0.00001, "top1_err": 10.93750, "top5_err": 0.00000}
[02/26 11:43:24][INFO] logging.py:   99: json_stats: {"_type": "train_iter_", "dt": 1.46112, "dt_data": 0.00045, "dt_net": 1.46067, "epoch": "41/48", "eta": "3:42:46", "gpu_mem": "77.43G", "grad_norm": 3.36742, "iter": "1220/1296", "loss": 0.23005, "lr": 0.00001, "top1_err": 7.03125, "top5_err": 0.00000}
[02/26 11:43:40][INFO] logging.py:   99: json_stats: {"_type": "train_iter_", "dt": 1.45783, "dt_data": 0.00055, "dt_net": 1.45728, "epoch": "41/48", "eta": "3:42:01", "gpu_mem": "77.43G", "grad_norm": 3.11867, "iter": "1230/1296", "loss": 0.24430, "lr": 0.00001, "top1_err": 10.15625, "top5_err": 0.00000}
[02/26 11:43:57][INFO] logging.py:   99: json_stats: {"_type": "train_iter_", "dt": 1.46558, "dt_data": 0.00042, "dt_net": 1.46516, "epoch": "41/48", "eta": "3:42:57", "gpu_mem": "77.43G", "grad_norm": 3.67054, "iter": "1240/1296", "loss": 0.30304, "lr": 0.00001, "top1_err": 10.15625, "top5_err": 0.00000}
[02/26 11:44:18][INFO] logging.py:   99: json_stats: {"_type": "train_iter_", "dt": 5.50239, "dt_data": 0.00075, "dt_net": 5.50163, "epoch": "41/48", "eta": "13:56:10", "gpu_mem": "77.43G", "grad_norm": 3.17404, "iter": "1250/1296", "loss": 0.28743, "lr": 0.00001, "top1_err": 10.15625, "top5_err": 0.00000}
[02/26 11:44:33][INFO] logging.py:   99: json_stats: {"_type": "train_iter_", "dt": 1.46302, "dt_data": 0.00096, "dt_net": 1.46206, "epoch": "41/48", "eta": "3:42:05", "gpu_mem": "77.43G", "grad_norm": 3.97679, "iter": "1260/1296", "loss": 0.26147, "lr": 0.00001, "top1_err": 10.93750, "top5_err": 0.00000}
[02/26 11:44:48][INFO] logging.py:   99: json_stats: {"_type": "train_iter_", "dt": 1.45667, "dt_data": 0.00044, "dt_net": 1.45622, "epoch": "41/48", "eta": "3:40:52", "gpu_mem": "77.43G", "grad_norm": 2.55783, "iter": "1270/1296", "loss": 0.24535, "lr": 0.00001, "top1_err": 10.93750, "top5_err": 0.00000}
[02/26 11:45:07][INFO] logging.py:   99: json_stats: {"_type": "train_iter_", "dt": 1.45004, "dt_data": 0.00073, "dt_net": 1.44930, "epoch": "41/48", "eta": "3:39:37", "gpu_mem": "77.43G", "grad_norm": 3.08140, "iter": "1280/1296", "loss": 0.23541, "lr": 0.00001, "top1_err": 10.15625, "top5_err": 0.00000}
[02/26 11:45:25][INFO] logging.py:   99: json_stats: {"_type": "train_iter_", "dt": 1.41055, "dt_data": 0.00024, "dt_net": 1.41031, "epoch": "41/48", "eta": "3:33:25", "gpu_mem": "77.43G", "grad_norm": 5.13982, "iter": "1290/1296", "loss": 0.26874, "lr": 0.00001, "top1_err": 10.15625, "top5_err": 0.00000}
[02/26 11:45:38][INFO] logging.py:   99: json_stats: {"RAM": "254.80/856.58G", "_type": "train_epoch", "dt": 1.45789, "dt_data": 1.45789, "dt_net": 1.40956, "epoch": "41/48", "eta": "3:40:25", "gpu_mem": "77.43G", "grad_norm": 3.50479, "loss": 0.27297, "lr": 0.00001, "top1_err": 9.88619, "top5_err": 0.24957}
[02/26 11:45:38][INFO] train_net.py: 1072: Epoch 40 takes 2264.39s. Epochs from 40 to 40 take 2264.39s in average and 2264.39s in median.
[02/26 11:45:38][INFO] train_net.py: 1078: For epoch 40, each iteraction takes 1.75s in average. From epoch 40 to 40, each iteraction takes 1.75s in average.
[02/26 11:46:39][INFO] logging.py:   99: json_stats: {"_type": "val_iter", "epoch": "41/48", "eta": "0:05:53", "gpu_mem": "77.43G", "iter": "10/853", "time_diff": 0.41921, "top1_err": 23.43750, "top5_err": 4.68750}
[02/26 11:46:55][INFO] logging.py:   99: json_stats: {"_type": "val_iter", "epoch": "41/48", "eta": "0:05:56", "gpu_mem": "77.43G", "iter": "20/853", "time_diff": 0.42758, "top1_err": 25.00000, "top5_err": 3.90625}
[02/26 11:47:12][INFO] logging.py:   99: json_stats: {"_type": "val_iter", "epoch": "41/48", "eta": "0:05:43", "gpu_mem": "77.43G", "iter": "30/853", "time_diff": 0.41725, "top1_err": 21.87500, "top5_err": 3.12500}
[02/26 11:47:27][INFO] logging.py:   99: json_stats: {"_type": "val_iter", "epoch": "41/48", "eta": "0:05:56", "gpu_mem": "77.43G", "iter": "40/853", "time_diff": 0.43875, "top1_err": 25.78125, "top5_err": 1.56250}
[02/26 11:47:49][INFO] logging.py:   99: json_stats: {"_type": "val_iter", "epoch": "41/48", "eta": "0:05:42", "gpu_mem": "77.43G", "iter": "50/853", "time_diff": 0.42646, "top1_err": 20.31250, "top5_err": 3.12500}
[02/26 11:48:06][INFO] logging.py:   99: json_stats: {"_type": "val_iter", "epoch": "41/48", "eta": "0:05:37", "gpu_mem": "77.43G", "iter": "60/853", "time_diff": 0.42509, "top1_err": 27.34375, "top5_err": 4.68750}
[02/26 11:48:23][INFO] logging.py:   99: json_stats: {"_type": "val_iter", "epoch": "41/48", "eta": "0:05:31", "gpu_mem": "77.43G", "iter": "70/853", "time_diff": 0.42337, "top1_err": 24.21875, "top5_err": 4.68750}
[02/26 11:48:37][INFO] logging.py:   99: json_stats: {"_type": "val_iter", "epoch": "41/48", "eta": "0:05:31", "gpu_mem": "77.43G", "iter": "80/853", "time_diff": 0.42900, "top1_err": 26.56250, "top5_err": 2.34375}
[02/26 11:49:03][INFO] logging.py:   99: json_stats: {"_type": "val_iter", "epoch": "41/48", "eta": "0:05:15", "gpu_mem": "77.43G", "iter": "90/853", "time_diff": 0.41376, "top1_err": 25.78125, "top5_err": 5.46875}
[02/26 11:49:16][INFO] logging.py:   99: json_stats: {"_type": "val_iter", "epoch": "41/48", "eta": "0:05:13", "gpu_mem": "77.43G", "iter": "100/853", "time_diff": 0.41572, "top1_err": 23.43750, "top5_err": 3.12500}
[02/26 11:49:31][INFO] logging.py:   99: json_stats: {"_type": "val_iter", "epoch": "41/48", "eta": "0:05:18", "gpu_mem": "77.43G", "iter": "110/853", "time_diff": 0.42863, "top1_err": 25.78125, "top5_err": 3.12500}
[02/26 11:49:48][INFO] logging.py:   99: json_stats: {"_type": "val_iter", "epoch": "41/48", "eta": "0:05:16", "gpu_mem": "77.43G", "iter": "120/853", "time_diff": 0.43229, "top1_err": 21.09375, "top5_err": 2.34375}
[02/26 11:50:16][INFO] logging.py:   99: json_stats: {"_type": "val_iter", "epoch": "41/48", "eta": "0:04:49", "gpu_mem": "77.43G", "iter": "130/853", "time_diff": 0.40052, "top1_err": 27.34375, "top5_err": 3.12500}
[02/26 11:50:32][INFO] logging.py:   99: json_stats: {"_type": "val_iter", "epoch": "41/48", "eta": "0:04:56", "gpu_mem": "77.43G", "iter": "140/853", "time_diff": 0.41579, "top1_err": 23.43750, "top5_err": 3.12500}
[02/26 11:50:46][INFO] logging.py:   99: json_stats: {"_type": "val_iter", "epoch": "41/48", "eta": "0:05:01", "gpu_mem": "77.43G", "iter": "150/853", "time_diff": 0.42885, "top1_err": 29.68750, "top5_err": 3.90625}
[02/26 11:50:59][INFO] logging.py:   99: json_stats: {"_type": "val_iter", "epoch": "41/48", "eta": "0:04:54", "gpu_mem": "77.43G", "iter": "160/853", "time_diff": 0.42478, "top1_err": 20.31250, "top5_err": 3.12500}
[02/26 11:51:27][INFO] logging.py:   99: json_stats: {"_type": "val_iter", "epoch": "41/48", "eta": "0:04:40", "gpu_mem": "77.43G", "iter": "170/853", "time_diff": 0.41113, "top1_err": 25.00000, "top5_err": 3.12500}
[02/26 11:51:45][INFO] logging.py:   99: json_stats: {"_type": "val_iter", "epoch": "41/48", "eta": "0:04:32", "gpu_mem": "77.43G", "iter": "180/853", "time_diff": 0.40489, "top1_err": 27.34375, "top5_err": 3.12500}
[02/26 11:52:02][INFO] logging.py:   99: json_stats: {"_type": "val_iter", "epoch": "41/48", "eta": "0:04:37", "gpu_mem": "77.43G", "iter": "190/853", "time_diff": 0.41830, "top1_err": 21.87500, "top5_err": 4.68750}
[02/26 11:52:17][INFO] logging.py:   99: json_stats: {"_type": "val_iter", "epoch": "41/48", "eta": "0:04:38", "gpu_mem": "77.43G", "iter": "200/853", "time_diff": 0.42591, "top1_err": 21.87500, "top5_err": 4.68750}
[02/26 11:52:43][INFO] logging.py:   99: json_stats: {"_type": "val_iter", "epoch": "41/48", "eta": "0:04:32", "gpu_mem": "77.43G", "iter": "210/853", "time_diff": 0.42316, "top1_err": 25.00000, "top5_err": 1.56250}
[02/26 11:52:59][INFO] logging.py:   99: json_stats: {"_type": "val_iter", "epoch": "41/48", "eta": "0:04:26", "gpu_mem": "77.43G", "iter": "220/853", "time_diff": 0.42068, "top1_err": 24.21875, "top5_err": 2.34375}
[02/26 11:53:14][INFO] logging.py:   99: json_stats: {"_type": "val_iter", "epoch": "41/48", "eta": "0:04:20", "gpu_mem": "77.43G", "iter": "230/853", "time_diff": 0.41836, "top1_err": 28.90625, "top5_err": 6.25000}
[02/26 11:53:30][INFO] logging.py:   99: json_stats: {"_type": "val_iter", "epoch": "41/48", "eta": "0:04:22", "gpu_mem": "77.43G", "iter": "240/853", "time_diff": 0.42778, "top1_err": 21.09375, "top5_err": 3.90625}
[02/26 11:54:00][INFO] logging.py:   99: json_stats: {"_type": "val_iter", "epoch": "41/48", "eta": "0:03:58", "gpu_mem": "77.43G", "iter": "250/853", "time_diff": 0.39523, "top1_err": 29.68750, "top5_err": 4.68750}
[02/26 11:54:12][INFO] logging.py:   99: json_stats: {"_type": "val_iter", "epoch": "41/48", "eta": "0:04:07", "gpu_mem": "77.43G", "iter": "260/853", "time_diff": 0.41809, "top1_err": 25.78125, "top5_err": 3.12500}
[02/26 11:54:29][INFO] logging.py:   99: json_stats: {"_type": "val_iter", "epoch": "41/48", "eta": "0:04:07", "gpu_mem": "77.43G", "iter": "270/853", "time_diff": 0.42464, "top1_err": 24.21875, "top5_err": 3.90625}
[02/26 11:54:43][INFO] logging.py:   99: json_stats: {"_type": "val_iter", "epoch": "41/48", "eta": "0:04:02", "gpu_mem": "77.43G", "iter": "280/853", "time_diff": 0.42283, "top1_err": 26.56250, "top5_err": 1.56250}
[02/26 11:55:08][INFO] logging.py:   99: json_stats: {"_type": "val_iter", "epoch": "41/48", "eta": "0:03:51", "gpu_mem": "77.43G", "iter": "290/853", "time_diff": 0.41188, "top1_err": 24.21875, "top5_err": 3.90625}
[02/26 11:55:25][INFO] logging.py:   99: json_stats: {"_type": "val_iter", "epoch": "41/48", "eta": "0:03:51", "gpu_mem": "77.43G", "iter": "300/853", "time_diff": 0.41869, "top1_err": 21.87500, "top5_err": 3.12500}
[02/26 11:55:43][INFO] logging.py:   99: json_stats: {"_type": "val_iter", "epoch": "41/48", "eta": "0:03:47", "gpu_mem": "77.43G", "iter": "310/853", "time_diff": 0.41925, "top1_err": 20.31250, "top5_err": 3.12500}
[02/26 11:56:01][INFO] logging.py:   99: json_stats: {"_type": "val_iter", "epoch": "41/48", "eta": "0:03:45", "gpu_mem": "77.43G", "iter": "320/853", "time_diff": 0.42266, "top1_err": 22.65625, "top5_err": 3.12500}
[02/26 11:56:17][INFO] logging.py:   99: json_stats: {"_type": "val_iter", "epoch": "41/48", "eta": "0:03:42", "gpu_mem": "77.43G", "iter": "330/853", "time_diff": 0.42464, "top1_err": 21.09375, "top5_err": 2.34375}
[02/26 11:56:45][INFO] logging.py:   99: json_stats: {"_type": "val_iter", "epoch": "41/48", "eta": "1:21:53", "gpu_mem": "77.43G", "iter": "340/853", "time_diff": 9.57780, "top1_err": 22.65625, "top5_err": 3.12500}
[02/26 11:56:57][INFO] logging.py:   99: json_stats: {"_type": "val_iter", "epoch": "41/48", "eta": "0:03:36", "gpu_mem": "77.43G", "iter": "350/853", "time_diff": 0.43012, "top1_err": 25.00000, "top5_err": 1.56250}
[02/26 11:57:11][INFO] logging.py:   99: json_stats: {"_type": "val_iter", "epoch": "41/48", "eta": "0:03:30", "gpu_mem": "77.43G", "iter": "360/853", "time_diff": 0.42634, "top1_err": 23.43750, "top5_err": 3.12500}
[02/26 11:57:33][INFO] logging.py:   99: json_stats: {"_type": "val_iter", "epoch": "41/48", "eta": "0:03:21", "gpu_mem": "77.43G", "iter": "370/853", "time_diff": 0.41761, "top1_err": 26.56250, "top5_err": 6.25000}
[02/26 11:58:00][INFO] logging.py:   99: json_stats: {"_type": "val_iter", "epoch": "41/48", "eta": "1:21:05", "gpu_mem": "77.43G", "iter": "380/853", "time_diff": 10.28670, "top1_err": 24.21875, "top5_err": 4.68750}
[02/26 11:58:16][INFO] logging.py:   99: json_stats: {"_type": "val_iter", "epoch": "41/48", "eta": "0:03:10", "gpu_mem": "77.43G", "iter": "390/853", "time_diff": 0.41091, "top1_err": 23.43750, "top5_err": 1.56250}
[02/26 11:58:33][INFO] logging.py:   99: json_stats: {"_type": "val_iter", "epoch": "41/48", "eta": "0:03:05", "gpu_mem": "77.43G", "iter": "400/853", "time_diff": 0.40895, "top1_err": 21.09375, "top5_err": 3.12500}
[02/26 11:58:46][INFO] logging.py:   99: json_stats: {"_type": "val_iter", "epoch": "41/48", "eta": "0:03:07", "gpu_mem": "77.43G", "iter": "410/853", "time_diff": 0.42253, "top1_err": 24.21875, "top5_err": 2.34375}
[02/26 11:59:14][INFO] logging.py:   99: json_stats: {"_type": "val_iter", "epoch": "41/48", "eta": "1:14:06", "gpu_mem": "77.43G", "iter": "420/853", "time_diff": 10.26853, "top1_err": 26.56250, "top5_err": 4.68750}
[02/26 11:59:26][INFO] logging.py:   99: json_stats: {"_type": "val_iter", "epoch": "41/48", "eta": "0:02:58", "gpu_mem": "77.43G", "iter": "430/853", "time_diff": 0.42143, "top1_err": 23.43750, "top5_err": 1.56250}
[02/26 11:59:46][INFO] logging.py:   99: json_stats: {"_type": "val_iter", "epoch": "41/48", "eta": "0:02:53", "gpu_mem": "77.43G", "iter": "440/853", "time_diff": 0.42116, "top1_err": 22.65625, "top5_err": 2.34375}
[02/26 12:00:00][INFO] logging.py:   99: json_stats: {"_type": "val_iter", "epoch": "41/48", "eta": "0:02:53", "gpu_mem": "77.43G", "iter": "450/853", "time_diff": 0.43015, "top1_err": 23.43750, "top5_err": 2.34375}
[02/26 12:00:28][INFO] logging.py:   99: json_stats: {"_type": "val_iter", "epoch": "41/48", "eta": "1:08:06", "gpu_mem": "77.43G", "iter": "460/853", "time_diff": 10.39917, "top1_err": 23.43750, "top5_err": 4.68750}
[02/26 12:00:46][INFO] logging.py:   99: json_stats: {"_type": "val_iter", "epoch": "41/48", "eta": "0:02:35", "gpu_mem": "77.43G", "iter": "470/853", "time_diff": 0.40552, "top1_err": 25.00000, "top5_err": 3.12500}
[02/26 12:01:04][INFO] logging.py:   99: json_stats: {"_type": "val_iter", "epoch": "41/48", "eta": "0:02:29", "gpu_mem": "77.43G", "iter": "480/853", "time_diff": 0.40061, "top1_err": 24.21875, "top5_err": 4.68750}
[02/26 12:01:21][INFO] logging.py:   99: json_stats: {"_type": "val_iter", "epoch": "41/48", "eta": "0:02:30", "gpu_mem": "77.43G", "iter": "490/853", "time_diff": 0.41360, "top1_err": 25.00000, "top5_err": 3.90625}
[02/26 12:01:47][INFO] logging.py:   99: json_stats: {"_type": "val_iter", "epoch": "41/48", "eta": "1:07:49", "gpu_mem": "77.43G", "iter": "500/853", "time_diff": 11.52835, "top1_err": 25.00000, "top5_err": 5.46875}
[02/26 12:02:06][INFO] logging.py:   99: json_stats: {"_type": "val_iter", "epoch": "41/48", "eta": "0:02:18", "gpu_mem": "77.43G", "iter": "510/853", "time_diff": 0.40513, "top1_err": 24.21875, "top5_err": 4.68750}
[02/26 12:02:22][INFO] logging.py:   99: json_stats: {"_type": "val_iter", "epoch": "41/48", "eta": "0:02:15", "gpu_mem": "77.43G", "iter": "520/853", "time_diff": 0.40725, "top1_err": 23.43750, "top5_err": 3.12500}
[02/26 12:02:39][INFO] logging.py:   99: json_stats: {"_type": "val_iter", "epoch": "41/48", "eta": "0:02:13", "gpu_mem": "77.43G", "iter": "530/853", "time_diff": 0.41262, "top1_err": 21.09375, "top5_err": 3.12500}
[02/26 12:03:02][INFO] logging.py:   99: json_stats: {"_type": "val_iter", "epoch": "41/48", "eta": "0:40:05", "gpu_mem": "77.43G", "iter": "540/853", "time_diff": 7.68619, "top1_err": 28.12500, "top5_err": 3.12500}
[02/26 12:03:16][INFO] logging.py:   99: json_stats: {"_type": "val_iter", "epoch": "41/48", "eta": "0:02:08", "gpu_mem": "77.43G", "iter": "550/853", "time_diff": 0.42355, "top1_err": 25.78125, "top5_err": 3.90625}
[02/26 12:03:32][INFO] logging.py:   99: json_stats: {"_type": "val_iter", "epoch": "41/48", "eta": "0:02:02", "gpu_mem": "77.43G", "iter": "560/853", "time_diff": 0.41812, "top1_err": 23.43750, "top5_err": 1.56250}
[02/26 12:03:51][INFO] logging.py:   99: json_stats: {"_type": "val_iter", "epoch": "41/48", "eta": "0:01:58", "gpu_mem": "77.43G", "iter": "570/853", "time_diff": 0.41855, "top1_err": 23.43750, "top5_err": 4.68750}
[02/26 12:04:14][INFO] logging.py:   99: json_stats: {"_type": "val_iter", "epoch": "41/48", "eta": "0:17:24", "gpu_mem": "77.43G", "iter": "580/853", "time_diff": 3.82607, "top1_err": 24.21875, "top5_err": 4.68750}
[02/26 12:04:27][INFO] logging.py:   99: json_stats: {"_type": "val_iter", "epoch": "41/48", "eta": "0:01:53", "gpu_mem": "77.43G", "iter": "590/853", "time_diff": 0.43137, "top1_err": 25.00000, "top5_err": 4.68750}
[02/26 12:04:59][INFO] logging.py:   99: json_stats: {"_type": "val_iter", "epoch": "41/48", "eta": "0:01:39", "gpu_mem": "77.43G", "iter": "600/853", "time_diff": 0.39439, "top1_err": 26.56250, "top5_err": 4.68750}
[02/26 12:05:10][INFO] logging.py:   99: json_stats: {"_type": "val_iter", "epoch": "41/48", "eta": "0:01:42", "gpu_mem": "77.43G", "iter": "610/853", "time_diff": 0.42272, "top1_err": 25.78125, "top5_err": 3.12500}
[02/26 12:05:30][INFO] logging.py:   99: json_stats: {"_type": "val_iter", "epoch": "41/48", "eta": "0:30:52", "gpu_mem": "77.43G", "iter": "620/853", "time_diff": 7.95176, "top1_err": 21.87500, "top5_err": 3.12500}
[02/26 12:05:49][INFO] logging.py:   99: json_stats: {"_type": "val_iter", "epoch": "41/48", "eta": "0:01:34", "gpu_mem": "77.43G", "iter": "630/853", "time_diff": 0.42560, "top1_err": 24.21875, "top5_err": 3.12500}
[02/26 12:06:07][INFO] logging.py:   99: json_stats: {"_type": "val_iter", "epoch": "41/48", "eta": "0:01:29", "gpu_mem": "77.43G", "iter": "640/853", "time_diff": 0.41817, "top1_err": 27.34375, "top5_err": 3.12500}
[02/26 12:06:22][INFO] logging.py:   99: json_stats: {"_type": "val_iter", "epoch": "41/48", "eta": "0:01:26", "gpu_mem": "77.43G", "iter": "650/853", "time_diff": 0.42655, "top1_err": 26.56250, "top5_err": 3.90625}
[02/26 12:06:49][INFO] logging.py:   99: json_stats: {"_type": "val_iter", "epoch": "41/48", "eta": "0:34:03", "gpu_mem": "77.43G", "iter": "660/853", "time_diff": 10.58954, "top1_err": 22.65625, "top5_err": 2.34375}
[02/26 12:07:07][INFO] logging.py:   99: json_stats: {"_type": "val_iter", "epoch": "41/48", "eta": "0:01:16", "gpu_mem": "77.43G", "iter": "670/853", "time_diff": 0.41932, "top1_err": 25.78125, "top5_err": 3.90625}
[02/26 12:07:27][INFO] logging.py:   99: json_stats: {"_type": "val_iter", "epoch": "41/48", "eta": "0:01:09", "gpu_mem": "77.43G", "iter": "680/853", "time_diff": 0.40085, "top1_err": 26.56250, "top5_err": 3.12500}
[02/26 12:07:44][INFO] logging.py:   99: json_stats: {"_type": "val_iter", "epoch": "41/48", "eta": "0:01:07", "gpu_mem": "77.43G", "iter": "690/853", "time_diff": 0.41261, "top1_err": 25.78125, "top5_err": 3.12500}
[02/26 12:08:12][INFO] logging.py:   99: json_stats: {"_type": "val_iter", "epoch": "41/48", "eta": "0:28:58", "gpu_mem": "77.43G", "iter": "700/853", "time_diff": 11.36342, "top1_err": 22.65625, "top5_err": 1.56250}
[02/26 12:08:30][INFO] logging.py:   99: json_stats: {"_type": "val_iter", "epoch": "41/48", "eta": "0:00:59", "gpu_mem": "77.43G", "iter": "710/853", "time_diff": 0.41442, "top1_err": 25.00000, "top5_err": 4.68750}
[02/26 12:08:48][INFO] logging.py:   99: json_stats: {"_type": "val_iter", "epoch": "41/48", "eta": "0:00:53", "gpu_mem": "77.43G", "iter": "720/853", "time_diff": 0.40147, "top1_err": 28.12500, "top5_err": 3.12500}
[02/26 12:09:05][INFO] logging.py:   99: json_stats: {"_type": "val_iter", "epoch": "41/48", "eta": "0:00:51", "gpu_mem": "77.43G", "iter": "730/853", "time_diff": 0.41695, "top1_err": 21.87500, "top5_err": 2.34375}
[02/26 12:09:24][INFO] logging.py:   99: json_stats: {"_type": "val_iter", "epoch": "41/48", "eta": "0:10:50", "gpu_mem": "77.43G", "iter": "740/853", "time_diff": 5.75445, "top1_err": 25.00000, "top5_err": 4.68750}
[02/26 12:09:40][INFO] logging.py:   99: json_stats: {"_type": "val_iter", "epoch": "41/48", "eta": "0:00:44", "gpu_mem": "77.43G", "iter": "750/853", "time_diff": 0.42855, "top1_err": 28.12500, "top5_err": 3.12500}
[02/26 12:09:57][INFO] logging.py:   99: json_stats: {"_type": "val_iter", "epoch": "41/48", "eta": "0:00:39", "gpu_mem": "77.43G", "iter": "760/853", "time_diff": 0.42657, "top1_err": 23.43750, "top5_err": 3.12500}
[02/26 12:10:17][INFO] logging.py:   99: json_stats: {"_type": "val_iter", "epoch": "41/48", "eta": "0:00:33", "gpu_mem": "77.43G", "iter": "770/853", "time_diff": 0.40853, "top1_err": 25.00000, "top5_err": 2.34375}
[02/26 12:10:44][INFO] logging.py:   99: json_stats: {"_type": "val_iter", "epoch": "41/48", "eta": "0:13:16", "gpu_mem": "77.43G", "iter": "780/853", "time_diff": 10.91368, "top1_err": 24.21875, "top5_err": 3.12500}
[02/26 12:11:00][INFO] logging.py:   99: json_stats: {"_type": "val_iter", "epoch": "41/48", "eta": "0:00:26", "gpu_mem": "77.43G", "iter": "790/853", "time_diff": 0.41423, "top1_err": 25.00000, "top5_err": 4.68750}
[02/26 12:11:18][INFO] logging.py:   99: json_stats: {"_type": "val_iter", "epoch": "41/48", "eta": "0:00:21", "gpu_mem": "77.43G", "iter": "800/853", "time_diff": 0.40529, "top1_err": 23.43750, "top5_err": 3.12500}
[02/26 12:11:35][INFO] logging.py:   99: json_stats: {"_type": "val_iter", "epoch": "41/48", "eta": "0:00:18", "gpu_mem": "77.43G", "iter": "810/853", "time_diff": 0.41971, "top1_err": 23.43750, "top5_err": 4.68750}
[02/26 12:12:01][INFO] logging.py:   99: json_stats: {"_type": "val_iter", "epoch": "41/48", "eta": "0:05:55", "gpu_mem": "77.43G", "iter": "820/853", "time_diff": 10.75900, "top1_err": 21.87500, "top5_err": 3.12500}
[02/26 12:12:14][INFO] logging.py:   99: json_stats: {"_type": "val_iter", "epoch": "41/48", "eta": "0:00:09", "gpu_mem": "77.43G", "iter": "830/853", "time_diff": 0.42081, "top1_err": 26.56250, "top5_err": 3.12500}
[02/26 12:12:31][INFO] logging.py:   99: json_stats: {"_type": "val_iter", "epoch": "41/48", "eta": "0:00:05", "gpu_mem": "77.43G", "iter": "840/853", "time_diff": 0.41130, "top1_err": 25.00000, "top5_err": 1.56250}
[02/26 12:12:56][INFO] logging.py:   99: json_stats: {"_type": "val_iter", "epoch": "41/48", "eta": "0:00:01", "gpu_mem": "77.43G", "iter": "850/853", "time_diff": 0.37448, "top1_err": 25.78125, "top5_err": 3.12500}
[02/26 12:12:58][INFO] logging.py:   99: json_stats: {"RAM": "441.12/856.58G", "_type": "val_epoch", "epoch": "41/48", "gpu_mem": "77.43G", "min_top1_err": 24.34206, "min_top5_err": 3.70391, "time_diff": 0.89827, "top1_err": 24.34206, "top5_err": 3.70391}
[02/26 12:14:02][INFO] logging.py:   99: json_stats: {"_type": "train_iter_", "dt": 1.44533, "dt_data": 0.00043, "dt_net": 1.44490, "epoch": "42/48", "eta": "3:38:17", "gpu_mem": "77.43G", "grad_norm": 3.10339, "iter": "10/1296", "loss": 0.27289, "lr": 0.00001, "top1_err": 10.93750, "top5_err": 0.00000}
[02/26 12:14:23][INFO] logging.py:   99: json_stats: {"_type": "train_iter_", "dt": 1.44189, "dt_data": 0.00038, "dt_net": 1.44151, "epoch": "42/48", "eta": "3:37:31", "gpu_mem": "77.43G", "grad_norm": 4.76031, "iter": "20/1296", "loss": 0.23117, "lr": 0.00001, "top1_err": 8.59375, "top5_err": 0.00000}
[02/26 12:14:40][INFO] logging.py:   99: json_stats: {"_type": "train_iter_", "dt": 1.45093, "dt_data": 0.00036, "dt_net": 1.45057, "epoch": "42/48", "eta": "3:38:39", "gpu_mem": "77.43G", "grad_norm": 2.47288, "iter": "30/1296", "loss": 0.26325, "lr": 0.00001, "top1_err": 10.15625, "top5_err": 0.00000}
[02/26 12:14:54][INFO] logging.py:   99: json_stats: {"_type": "train_iter_", "dt": 1.45670, "dt_data": 0.00084, "dt_net": 1.45586, "epoch": "42/48", "eta": "3:39:16", "gpu_mem": "77.43G", "grad_norm": 3.51651, "iter": "40/1296", "loss": 0.31979, "lr": 0.00001, "top1_err": 10.93750, "top5_err": 0.00000}
[02/26 12:15:16][INFO] logging.py:   99: json_stats: {"_type": "train_iter_", "dt": 1.44140, "dt_data": 0.00069, "dt_net": 1.44070, "epoch": "42/48", "eta": "3:36:44", "gpu_mem": "77.43G", "grad_norm": 4.93171, "iter": "50/1296", "loss": 0.24899, "lr": 0.00001, "top1_err": 9.37500, "top5_err": 0.00000}
[02/26 12:15:33][INFO] logging.py:   99: json_stats: {"_type": "train_iter_", "dt": 1.46029, "dt_data": 0.00051, "dt_net": 1.45978, "epoch": "42/48", "eta": "3:39:20", "gpu_mem": "77.43G", "grad_norm": 4.08925, "iter": "60/1296", "loss": 0.23598, "lr": 0.00001, "top1_err": 9.37500, "top5_err": 0.00000}
[02/26 12:15:47][INFO] logging.py:   99: json_stats: {"_type": "train_iter_", "dt": 1.45717, "dt_data": 0.00163, "dt_net": 1.45554, "epoch": "42/48", "eta": "3:38:37", "gpu_mem": "77.43G", "grad_norm": 3.72215, "iter": "70/1296", "loss": 0.26227, "lr": 0.00001, "top1_err": 10.93750, "top5_err": 0.00000}
[02/26 12:16:05][INFO] logging.py:   99: json_stats: {"_type": "train_iter_", "dt": 2.84450, "dt_data": 1.39609, "dt_net": 1.44840, "epoch": "42/48", "eta": "7:06:17", "gpu_mem": "77.43G", "grad_norm": 4.28309, "iter": "80/1296", "loss": 0.25245, "lr": 0.00001, "top1_err": 8.59375, "top5_err": 0.00000}
[02/26 12:16:25][INFO] logging.py:   99: json_stats: {"_type": "train_iter_", "dt": 1.43863, "dt_data": 0.00042, "dt_net": 1.43821, "epoch": "42/48", "eta": "3:35:21", "gpu_mem": "77.43G", "grad_norm": 2.55862, "iter": "90/1296", "loss": 0.20695, "lr": 0.00001, "top1_err": 7.81250, "top5_err": 0.00000}
[02/26 12:16:45][INFO] logging.py:   99: json_stats: {"_type": "train_iter_", "dt": 1.44481, "dt_data": 0.00117, "dt_net": 1.44363, "epoch": "42/48", "eta": "3:36:02", "gpu_mem": "77.43G", "grad_norm": 3.90476, "iter": "100/1296", "loss": 0.25376, "lr": 0.00001, "top1_err": 7.81250, "top5_err": 0.00000}
[02/26 12:17:02][INFO] logging.py:   99: json_stats: {"_type": "train_iter_", "dt": 1.45133, "dt_data": 0.00033, "dt_net": 1.45099, "epoch": "42/48", "eta": "3:36:46", "gpu_mem": "77.43G", "grad_norm": 4.73592, "iter": "110/1296", "loss": 0.31698, "lr": 0.00001, "top1_err": 10.93750, "top5_err": 0.00000}
[02/26 12:17:24][INFO] logging.py:   99: json_stats: {"_type": "train_iter_", "dt": 4.86241, "dt_data": 3.42630, "dt_net": 1.43610, "epoch": "42/48", "eta": "12:05:28", "gpu_mem": "77.43G", "grad_norm": 3.98577, "iter": "120/1296", "loss": 0.24939, "lr": 0.00001, "top1_err": 9.37500, "top5_err": 0.00000}
[02/26 12:17:43][INFO] logging.py:   99: json_stats: {"_type": "train_iter_", "dt": 1.44737, "dt_data": 0.00048, "dt_net": 1.44688, "epoch": "42/48", "eta": "3:35:42", "gpu_mem": "77.43G", "grad_norm": 4.11051, "iter": "130/1296", "loss": 0.29901, "lr": 0.00001, "top1_err": 14.06250, "top5_err": 0.00000}
[02/26 12:18:01][INFO] logging.py:   99: json_stats: {"_type": "train_iter_", "dt": 1.44175, "dt_data": 0.00036, "dt_net": 1.44138, "epoch": "42/48", "eta": "3:34:37", "gpu_mem": "77.43G", "grad_norm": 4.09322, "iter": "140/1296", "loss": 0.29495, "lr": 0.00001, "top1_err": 10.93750, "top5_err": 0.00000}
[02/26 12:18:17][INFO] logging.py:   99: json_stats: {"_type": "train_iter_", "dt": 1.46053, "dt_data": 0.00036, "dt_net": 1.46017, "epoch": "42/48", "eta": "3:37:10", "gpu_mem": "77.43G", "grad_norm": 4.64118, "iter": "150/1296", "loss": 0.28780, "lr": 0.00001, "top1_err": 10.93750, "top5_err": 0.00000}
[02/26 12:18:39][INFO] logging.py:   99: json_stats: {"_type": "train_iter_", "dt": 6.63806, "dt_data": 5.20175, "dt_net": 1.43631, "epoch": "42/48", "eta": "16:25:58", "gpu_mem": "77.43G", "grad_norm": 3.25862, "iter": "160/1296", "loss": 0.26525, "lr": 0.00001, "top1_err": 8.59375, "top5_err": 0.00000}
[02/26 12:18:55][INFO] logging.py:   99: json_stats: {"_type": "train_iter_", "dt": 1.45429, "dt_data": 0.00142, "dt_net": 1.45286, "epoch": "42/48", "eta": "3:35:46", "gpu_mem": "77.43G", "grad_norm": 4.67094, "iter": "170/1296", "loss": 0.25425, "lr": 0.00001, "top1_err": 9.37500, "top5_err": 0.00000}
[02/26 12:19:13][INFO] logging.py:   99: json_stats: {"_type": "train_iter_", "dt": 1.44775, "dt_data": 0.00109, "dt_net": 1.44666, "epoch": "42/48", "eta": "3:34:33", "gpu_mem": "77.43G", "grad_norm": 4.57905, "iter": "180/1296", "loss": 0.22261, "lr": 0.00001, "top1_err": 8.59375, "top5_err": 0.00000}
[02/26 12:19:29][INFO] logging.py:   99: json_stats: {"_type": "train_iter_", "dt": 1.45210, "dt_data": 0.00046, "dt_net": 1.45164, "epoch": "42/48", "eta": "3:34:57", "gpu_mem": "77.43G", "grad_norm": 3.94243, "iter": "190/1296", "loss": 0.28108, "lr": 0.00001, "top1_err": 9.37500, "top5_err": 0.00000}
[02/26 12:19:47][INFO] logging.py:   99: json_stats: {"_type": "train_iter_", "dt": 2.11388, "dt_data": 0.66102, "dt_net": 1.45286, "epoch": "42/48", "eta": "5:12:34", "gpu_mem": "77.43G", "grad_norm": 2.93280, "iter": "200/1296", "loss": 0.25306, "lr": 0.00001, "top1_err": 9.37500, "top5_err": 0.00000}
[02/26 12:20:05][INFO] logging.py:   99: json_stats: {"_type": "train_iter_", "dt": 1.45213, "dt_data": 0.00041, "dt_net": 1.45173, "epoch": "42/48", "eta": "3:34:28", "gpu_mem": "77.43G", "grad_norm": 3.23396, "iter": "210/1296", "loss": 0.25989, "lr": 0.00001, "top1_err": 10.93750, "top5_err": 0.00000}
[02/26 12:20:21][INFO] logging.py:   99: json_stats: {"_type": "train_iter_", "dt": 1.45412, "dt_data": 0.00038, "dt_net": 1.45375, "epoch": "42/48", "eta": "3:34:31", "gpu_mem": "77.43G", "grad_norm": 3.19842, "iter": "220/1296", "loss": 0.28914, "lr": 0.00001, "top1_err": 9.37500, "top5_err": 0.00000}
[02/26 12:20:40][INFO] logging.py:   99: json_stats: {"_type": "train_iter_", "dt": 1.45230, "dt_data": 0.00039, "dt_net": 1.45191, "epoch": "42/48", "eta": "3:34:01", "gpu_mem": "77.43G", "grad_norm": 2.53159, "iter": "230/1296", "loss": 0.24716, "lr": 0.00001, "top1_err": 8.59375, "top5_err": 0.00000}
[02/26 12:21:01][INFO] logging.py:   99: json_stats: {"_type": "train_iter_", "dt": 5.54057, "dt_data": 4.10662, "dt_net": 1.43396, "epoch": "42/48", "eta": "13:35:34", "gpu_mem": "77.43G", "grad_norm": 5.02431, "iter": "240/1296", "loss": 0.23584, "lr": 0.00001, "top1_err": 9.37500, "top5_err": 0.00000}
[02/26 12:21:20][INFO] logging.py:   99: json_stats: {"_type": "train_iter_", "dt": 1.44110, "dt_data": 0.00058, "dt_net": 1.44051, "epoch": "42/48", "eta": "3:31:53", "gpu_mem": "77.43G", "grad_norm": 4.65175, "iter": "250/1296", "loss": 0.24616, "lr": 0.00001, "top1_err": 9.37500, "top5_err": 0.00000}
[02/26 12:21:38][INFO] logging.py:   99: json_stats: {"_type": "train_iter_", "dt": 1.44980, "dt_data": 0.00043, "dt_net": 1.44936, "epoch": "42/48", "eta": "3:32:55", "gpu_mem": "77.43G", "grad_norm": 4.19687, "iter": "260/1296", "loss": 0.28300, "lr": 0.00001, "top1_err": 10.15625, "top5_err": 0.00000}
[02/26 12:21:58][INFO] logging.py:   99: json_stats: {"_type": "train_iter_", "dt": 1.44406, "dt_data": 0.00075, "dt_net": 1.44330, "epoch": "42/48", "eta": "3:31:50", "gpu_mem": "77.43G", "grad_norm": 2.22001, "iter": "270/1296", "loss": 0.19926, "lr": 0.00001, "top1_err": 7.81250, "top5_err": 0.00000}
[02/26 12:22:20][INFO] logging.py:   99: json_stats: {"_type": "train_iter_", "dt": 4.33219, "dt_data": 2.89037, "dt_net": 1.44182, "epoch": "42/48", "eta": "10:34:48", "gpu_mem": "77.43G", "grad_norm": 2.40481, "iter": "280/1296", "loss": 0.28970, "lr": 0.00001, "top1_err": 9.37500, "top5_err": 0.00000}
[02/26 12:22:37][INFO] logging.py:   99: json_stats: {"_type": "train_iter_", "dt": 1.44211, "dt_data": 0.00037, "dt_net": 1.44174, "epoch": "42/48", "eta": "3:31:04", "gpu_mem": "77.43G", "grad_norm": 5.25696, "iter": "290/1296", "loss": 0.27426, "lr": 0.00001, "top1_err": 10.93750, "top5_err": 0.00000}
[02/26 12:22:56][INFO] logging.py:   99: json_stats: {"_type": "train_iter_", "dt": 1.44703, "dt_data": 0.00063, "dt_net": 1.44639, "epoch": "42/48", "eta": "3:31:33", "gpu_mem": "77.43G", "grad_norm": 4.29777, "iter": "300/1296", "loss": 0.27327, "lr": 0.00001, "top1_err": 10.93750, "top5_err": 0.00000}
[02/26 12:23:16][INFO] logging.py:   99: json_stats: {"_type": "train_iter_", "dt": 1.44581, "dt_data": 0.00039, "dt_net": 1.44542, "epoch": "42/48", "eta": "3:31:08", "gpu_mem": "77.43G", "grad_norm": 2.39264, "iter": "310/1296", "loss": 0.24472, "lr": 0.00001, "top1_err": 9.37500, "top5_err": 0.00000}
[02/26 12:23:37][INFO] logging.py:   99: json_stats: {"_type": "train_iter_", "dt": 2.45288, "dt_data": 1.00580, "dt_net": 1.44708, "epoch": "42/48", "eta": "5:57:47", "gpu_mem": "77.43G", "grad_norm": 3.40709, "iter": "320/1296", "loss": 0.28552, "lr": 0.00001, "top1_err": 9.37500, "top5_err": 0.00000}
[02/26 12:23:56][INFO] logging.py:   99: json_stats: {"_type": "train_iter_", "dt": 1.44991, "dt_data": 0.00147, "dt_net": 1.44843, "epoch": "42/48", "eta": "3:31:15", "gpu_mem": "77.43G", "grad_norm": 3.75552, "iter": "330/1296", "loss": 0.21725, "lr": 0.00001, "top1_err": 8.59375, "top5_err": 0.00000}
[02/26 12:24:16][INFO] logging.py:   99: json_stats: {"_type": "train_iter_", "dt": 1.44475, "dt_data": 0.00086, "dt_net": 1.44388, "epoch": "42/48", "eta": "3:30:15", "gpu_mem": "77.43G", "grad_norm": 3.45337, "iter": "340/1296", "loss": 0.30487, "lr": 0.00001, "top1_err": 13.28125, "top5_err": 0.00000}
[02/26 12:24:32][INFO] logging.py:   99: json_stats: {"_type": "train_iter_", "dt": 1.45617, "dt_data": 0.00048, "dt_net": 1.45569, "epoch": "42/48", "eta": "3:31:40", "gpu_mem": "77.43G", "grad_norm": 3.03225, "iter": "350/1296", "loss": 0.24408, "lr": 0.00001, "top1_err": 10.15625, "top5_err": 0.00000}
[02/26 12:24:50][INFO] logging.py:   99: json_stats: {"_type": "train_iter_", "dt": 4.34844, "dt_data": 2.90216, "dt_net": 1.44628, "epoch": "42/48", "eta": "10:31:23", "gpu_mem": "77.43G", "grad_norm": 4.44516, "iter": "360/1296", "loss": 0.25027, "lr": 0.00001, "top1_err": 10.15625, "top5_err": 0.00000}
[02/26 12:25:09][INFO] logging.py:   99: json_stats: {"_type": "train_iter_", "dt": 1.45026, "dt_data": 0.00071, "dt_net": 1.44955, "epoch": "42/48", "eta": "3:30:20", "gpu_mem": "77.43G", "grad_norm": 3.54807, "iter": "370/1296", "loss": 0.29071, "lr": 0.00001, "top1_err": 10.15625, "top5_err": 0.00000}
[02/26 12:25:24][INFO] logging.py:   99: json_stats: {"_type": "train_iter_", "dt": 1.45891, "dt_data": 0.00110, "dt_net": 1.45781, "epoch": "42/48", "eta": "3:31:20", "gpu_mem": "77.43G", "grad_norm": 4.06215, "iter": "380/1296", "loss": 0.25123, "lr": 0.00001, "top1_err": 8.59375, "top5_err": 0.00000}
[02/26 12:25:42][INFO] logging.py:   99: json_stats: {"_type": "train_iter_", "dt": 1.45540, "dt_data": 0.00046, "dt_net": 1.45494, "epoch": "42/48", "eta": "3:30:35", "gpu_mem": "77.43G", "grad_norm": 2.98024, "iter": "390/1296", "loss": 0.29790, "lr": 0.00001, "top1_err": 10.15625, "top5_err": 0.00000}
[02/26 12:26:01][INFO] logging.py:   99: json_stats: {"_type": "train_iter_", "dt": 3.69129, "dt_data": 2.24457, "dt_net": 1.44671, "epoch": "42/48", "eta": "8:53:30", "gpu_mem": "77.43G", "grad_norm": 3.99143, "iter": "400/1296", "loss": 0.27720, "lr": 0.00001, "top1_err": 10.93750, "top5_err": 0.00000}
[02/26 12:26:19][INFO] logging.py:   99: json_stats: {"_type": "train_iter_", "dt": 1.44802, "dt_data": 0.00321, "dt_net": 1.44481, "epoch": "42/48", "eta": "3:29:02", "gpu_mem": "77.43G", "grad_norm": 2.77939, "iter": "410/1296", "loss": 0.24322, "lr": 0.00001, "top1_err": 10.15625, "top5_err": 0.00000}
[02/26 12:26:38][INFO] logging.py:   99: json_stats: {"_type": "train_iter_", "dt": 1.47109, "dt_data": 0.00119, "dt_net": 1.46990, "epoch": "42/48", "eta": "3:32:07", "gpu_mem": "77.43G", "grad_norm": 2.78582, "iter": "420/1296", "loss": 0.25497, "lr": 0.00001, "top1_err": 8.59375, "top5_err": 0.00000}
[02/26 12:26:53][INFO] logging.py:   99: json_stats: {"_type": "train_iter_", "dt": 1.45933, "dt_data": 0.00087, "dt_net": 1.45845, "epoch": "42/48", "eta": "3:30:11", "gpu_mem": "77.43G", "grad_norm": 3.54595, "iter": "430/1296", "loss": 0.25524, "lr": 0.00001, "top1_err": 10.93750, "top5_err": 0.00000}
[02/26 12:27:08][INFO] logging.py:   99: json_stats: {"_type": "train_iter_", "dt": 2.54458, "dt_data": 1.09364, "dt_net": 1.45093, "epoch": "42/48", "eta": "6:06:04", "gpu_mem": "77.43G", "grad_norm": 3.59917, "iter": "440/1296", "loss": 0.28735, "lr": 0.00001, "top1_err": 8.59375, "top5_err": 0.00000}
[02/26 12:27:30][INFO] logging.py:   99: json_stats: {"_type": "train_iter_", "dt": 1.44698, "dt_data": 0.00038, "dt_net": 1.44660, "epoch": "42/48", "eta": "3:27:55", "gpu_mem": "77.43G", "grad_norm": 3.07066, "iter": "450/1296", "loss": 0.26304, "lr": 0.00001, "top1_err": 9.37500, "top5_err": 0.00000}
[02/26 12:27:46][INFO] logging.py:   99: json_stats: {"_type": "train_iter_", "dt": 1.45444, "dt_data": 0.00035, "dt_net": 1.45409, "epoch": "42/48", "eta": "3:28:45", "gpu_mem": "77.43G", "grad_norm": 3.74867, "iter": "460/1296", "loss": 0.29535, "lr": 0.00001, "top1_err": 12.50000, "top5_err": 0.00000}
[02/26 12:28:08][INFO] logging.py:   99: json_stats: {"_type": "train_iter_", "dt": 1.44624, "dt_data": 0.00053, "dt_net": 1.44571, "epoch": "42/48", "eta": "3:27:20", "gpu_mem": "77.43G", "grad_norm": 2.97930, "iter": "470/1296", "loss": 0.28660, "lr": 0.00001, "top1_err": 9.37500, "top5_err": 0.00000}
[02/26 12:28:30][INFO] logging.py:   99: json_stats: {"_type": "train_iter_", "dt": 4.55517, "dt_data": 3.11977, "dt_net": 1.43540, "epoch": "42/48", "eta": "10:52:18", "gpu_mem": "77.43G", "grad_norm": 3.09536, "iter": "480/1296", "loss": 0.24622, "lr": 0.00001, "top1_err": 7.81250, "top5_err": 0.00000}
[02/26 12:28:48][INFO] logging.py:   99: json_stats: {"_type": "train_iter_", "dt": 1.45214, "dt_data": 0.00090, "dt_net": 1.45124, "epoch": "42/48", "eta": "3:27:42", "gpu_mem": "77.43G", "grad_norm": 2.73068, "iter": "490/1296", "loss": 0.27268, "lr": 0.00001, "top1_err": 9.37500, "top5_err": 0.00000}
[02/26 12:29:08][INFO] logging.py:   99: json_stats: {"_type": "train_iter_", "dt": 1.44010, "dt_data": 0.00036, "dt_net": 1.43974, "epoch": "42/48", "eta": "3:25:44", "gpu_mem": "77.43G", "grad_norm": 5.45202, "iter": "500/1296", "loss": 0.29117, "lr": 0.00001, "top1_err": 10.93750, "top5_err": 0.00000}
[02/26 12:29:26][INFO] logging.py:   99: json_stats: {"_type": "train_iter_", "dt": 1.45123, "dt_data": 0.00033, "dt_net": 1.45090, "epoch": "42/48", "eta": "3:27:05", "gpu_mem": "77.43G", "grad_norm": 2.97729, "iter": "510/1296", "loss": 0.24337, "lr": 0.00001, "top1_err": 6.25000, "top5_err": 0.00000}
[02/26 12:29:46][INFO] logging.py:   99: json_stats: {"_type": "train_iter_", "dt": 5.82661, "dt_data": 4.37239, "dt_net": 1.45422, "epoch": "42/48", "eta": "13:50:29", "gpu_mem": "77.43G", "grad_norm": 4.26464, "iter": "520/1296", "loss": 0.24933, "lr": 0.00001, "top1_err": 10.15625, "top5_err": 0.00000}
[02/26 12:30:03][INFO] logging.py:   99: json_stats: {"_type": "train_iter_", "dt": 1.45143, "dt_data": 0.00040, "dt_net": 1.45103, "epoch": "42/48", "eta": "3:26:38", "gpu_mem": "77.43G", "grad_norm": 3.93354, "iter": "530/1296", "loss": 0.25587, "lr": 0.00001, "top1_err": 9.37500, "top5_err": 0.00000}
[02/26 12:30:19][INFO] logging.py:   99: json_stats: {"_type": "train_iter_", "dt": 1.47827, "dt_data": 0.00036, "dt_net": 1.47792, "epoch": "42/48", "eta": "3:30:12", "gpu_mem": "77.43G", "grad_norm": 3.66761, "iter": "540/1296", "loss": 0.24387, "lr": 0.00001, "top1_err": 10.15625, "top5_err": 0.00000}
[02/26 12:30:34][INFO] logging.py:   99: json_stats: {"_type": "train_iter_", "dt": 1.45937, "dt_data": 0.00053, "dt_net": 1.45883, "epoch": "42/48", "eta": "3:27:16", "gpu_mem": "77.43G", "grad_norm": 3.49987, "iter": "550/1296", "loss": 0.22052, "lr": 0.00001, "top1_err": 7.03125, "top5_err": 0.00000}
[02/26 12:30:53][INFO] logging.py:   99: json_stats: {"_type": "train_iter_", "dt": 4.05552, "dt_data": 2.58893, "dt_net": 1.46659, "epoch": "42/48", "eta": "9:35:20", "gpu_mem": "77.43G", "grad_norm": 1.98002, "iter": "560/1296", "loss": 0.29569, "lr": 0.00001, "top1_err": 10.93750, "top5_err": 0.00000}
[02/26 12:31:09][INFO] logging.py:   99: json_stats: {"_type": "train_iter_", "dt": 1.45317, "dt_data": 0.00051, "dt_net": 1.45265, "epoch": "42/48", "eta": "3:25:54", "gpu_mem": "77.43G", "grad_norm": 3.10454, "iter": "570/1296", "loss": 0.23223, "lr": 0.00001, "top1_err": 9.37500, "top5_err": 0.00000}
[02/26 12:31:26][INFO] logging.py:   99: json_stats: {"_type": "train_iter_", "dt": 1.46499, "dt_data": 0.00032, "dt_net": 1.46467, "epoch": "42/48", "eta": "3:27:20", "gpu_mem": "77.43G", "grad_norm": 3.40041, "iter": "580/1296", "loss": 0.25803, "lr": 0.00001, "top1_err": 10.15625, "top5_err": 0.00000}
[02/26 12:31:44][INFO] logging.py:   99: json_stats: {"_type": "train_iter_", "dt": 1.45461, "dt_data": 0.00038, "dt_net": 1.45422, "epoch": "42/48", "eta": "3:25:37", "gpu_mem": "77.43G", "grad_norm": 4.28054, "iter": "590/1296", "loss": 0.31257, "lr": 0.00001, "top1_err": 10.93750, "top5_err": 0.00000}
[02/26 12:32:03][INFO] logging.py:   99: json_stats: {"_type": "train_iter_", "dt": 3.69893, "dt_data": 2.25347, "dt_net": 1.44546, "epoch": "42/48", "eta": "8:42:17", "gpu_mem": "77.43G", "grad_norm": 4.50901, "iter": "600/1296", "loss": 0.23466, "lr": 0.00001, "top1_err": 8.59375, "top5_err": 0.00000}
[02/26 12:32:20][INFO] logging.py:   99: json_stats: {"_type": "train_iter_", "dt": 1.45446, "dt_data": 0.00092, "dt_net": 1.45353, "epoch": "42/48", "eta": "3:25:07", "gpu_mem": "77.43G", "grad_norm": 6.38377, "iter": "610/1296", "loss": 0.26414, "lr": 0.00001, "top1_err": 10.93750, "top5_err": 0.00000}
[02/26 12:32:37][INFO] logging.py:   99: json_stats: {"_type": "train_iter_", "dt": 1.45209, "dt_data": 0.00036, "dt_net": 1.45172, "epoch": "42/48", "eta": "3:24:33", "gpu_mem": "77.43G", "grad_norm": 4.10098, "iter": "620/1296", "loss": 0.23939, "lr": 0.00001, "top1_err": 8.59375, "top5_err": 0.00000}
[02/26 12:32:52][INFO] logging.py:   99: json_stats: {"_type": "train_iter_", "dt": 1.45899, "dt_data": 0.00033, "dt_net": 1.45866, "epoch": "42/48", "eta": "3:25:16", "gpu_mem": "77.43G", "grad_norm": 2.24775, "iter": "630/1296", "loss": 0.26249, "lr": 0.00001, "top1_err": 7.03125, "top5_err": 0.00000}
[02/26 12:33:11][INFO] logging.py:   99: json_stats: {"_type": "train_iter_", "dt": 1.45759, "dt_data": 0.00041, "dt_net": 1.45718, "epoch": "42/48", "eta": "3:24:50", "gpu_mem": "77.43G", "grad_norm": 3.12358, "iter": "640/1296", "loss": 0.26723, "lr": 0.00001, "top1_err": 10.93750, "top5_err": 0.00000}
[02/26 12:33:32][INFO] logging.py:   99: json_stats: {"_type": "train_iter_", "dt": 1.44331, "dt_data": 0.00126, "dt_net": 1.44205, "epoch": "42/48", "eta": "3:22:35", "gpu_mem": "77.43G", "grad_norm": 2.99822, "iter": "650/1296", "loss": 0.29672, "lr": 0.00001, "top1_err": 10.15625, "top5_err": 0.00000}
[02/26 12:33:50][INFO] logging.py:   99: json_stats: {"_type": "train_iter_", "dt": 1.45176, "dt_data": 0.00038, "dt_net": 1.45138, "epoch": "42/48", "eta": "3:23:32", "gpu_mem": "77.43G", "grad_norm": 2.23543, "iter": "660/1296", "loss": 0.29617, "lr": 0.00001, "top1_err": 10.93750, "top5_err": 0.00000}
[02/26 12:34:08][INFO] logging.py:   99: json_stats: {"_type": "train_iter_", "dt": 1.46731, "dt_data": 0.00038, "dt_net": 1.46693, "epoch": "42/48", "eta": "3:25:28", "gpu_mem": "77.43G", "grad_norm": 3.60236, "iter": "670/1296", "loss": 0.27936, "lr": 0.00001, "top1_err": 9.37500, "top5_err": 0.00000}
[02/26 12:34:23][INFO] logging.py:   99: json_stats: {"_type": "train_iter_", "dt": 1.45917, "dt_data": 0.00042, "dt_net": 1.45874, "epoch": "42/48", "eta": "3:24:05", "gpu_mem": "77.43G", "grad_norm": 3.20097, "iter": "680/1296", "loss": 0.26187, "lr": 0.00001, "top1_err": 9.37500, "top5_err": 0.00000}
[02/26 12:34:41][INFO] logging.py:   99: json_stats: {"_type": "train_iter_", "dt": 1.45678, "dt_data": 0.00037, "dt_net": 1.45640, "epoch": "42/48", "eta": "3:23:30", "gpu_mem": "77.43G", "grad_norm": 4.88563, "iter": "690/1296", "loss": 0.26027, "lr": 0.00001, "top1_err": 9.37500, "top5_err": 0.00000}
[02/26 12:34:55][INFO] logging.py:   99: json_stats: {"_type": "train_iter_", "dt": 1.45787, "dt_data": 0.00037, "dt_net": 1.45750, "epoch": "42/48", "eta": "3:23:25", "gpu_mem": "77.43G", "grad_norm": 4.32838, "iter": "700/1296", "loss": 0.26693, "lr": 0.00001, "top1_err": 10.93750, "top5_err": 0.00000}
[02/26 12:35:13][INFO] logging.py:   99: json_stats: {"_type": "train_iter_", "dt": 1.62192, "dt_data": 0.00041, "dt_net": 1.62151, "epoch": "42/48", "eta": "3:46:02", "gpu_mem": "77.43G", "grad_norm": 2.72342, "iter": "710/1296", "loss": 0.22176, "lr": 0.00001, "top1_err": 7.81250, "top5_err": 0.00000}
[02/26 12:35:30][INFO] logging.py:   99: json_stats: {"_type": "train_iter_", "dt": 1.45804, "dt_data": 0.00074, "dt_net": 1.45729, "epoch": "42/48", "eta": "3:22:57", "gpu_mem": "77.43G", "grad_norm": 4.27154, "iter": "720/1296", "loss": 0.31951, "lr": 0.00001, "top1_err": 12.50000, "top5_err": 0.00000}
[02/26 12:35:50][INFO] logging.py:   99: json_stats: {"_type": "train_iter_", "dt": 1.44814, "dt_data": 0.00043, "dt_net": 1.44771, "epoch": "42/48", "eta": "3:21:20", "gpu_mem": "77.43G", "grad_norm": 2.49260, "iter": "730/1296", "loss": 0.26763, "lr": 0.00001, "top1_err": 9.37500, "top5_err": 0.00000}
[02/26 12:36:07][INFO] logging.py:   99: json_stats: {"_type": "train_iter_", "dt": 1.45299, "dt_data": 0.00110, "dt_net": 1.45188, "epoch": "42/48", "eta": "3:21:46", "gpu_mem": "77.43G", "grad_norm": 6.06887, "iter": "740/1296", "loss": 0.27130, "lr": 0.00001, "top1_err": 10.93750, "top5_err": 0.00000}
[02/26 12:36:29][INFO] logging.py:   99: json_stats: {"_type": "train_iter_", "dt": 4.11178, "dt_data": 0.00038, "dt_net": 4.11140, "epoch": "42/48", "eta": "9:30:18", "gpu_mem": "77.43G", "grad_norm": 4.46599, "iter": "750/1296", "loss": 0.21495, "lr": 0.00001, "top1_err": 7.81250, "top5_err": 0.00000}
[02/26 12:36:45][INFO] logging.py:   99: json_stats: {"_type": "train_iter_", "dt": 1.44923, "dt_data": 0.00044, "dt_net": 1.44880, "epoch": "42/48", "eta": "3:20:46", "gpu_mem": "77.43G", "grad_norm": 2.72491, "iter": "760/1296", "loss": 0.27137, "lr": 0.00001, "top1_err": 11.71875, "top5_err": 0.00000}
[02/26 12:37:02][INFO] logging.py:   99: json_stats: {"_type": "train_iter_", "dt": 1.45122, "dt_data": 0.00038, "dt_net": 1.45084, "epoch": "42/48", "eta": "3:20:48", "gpu_mem": "77.43G", "grad_norm": 4.22374, "iter": "770/1296", "loss": 0.26506, "lr": 0.00001, "top1_err": 10.15625, "top5_err": 0.00000}
[02/26 12:37:19][INFO] logging.py:   99: json_stats: {"_type": "train_iter_", "dt": 1.45197, "dt_data": 0.00055, "dt_net": 1.45142, "epoch": "42/48", "eta": "3:20:39", "gpu_mem": "77.43G", "grad_norm": 2.37540, "iter": "780/1296", "loss": 0.27417, "lr": 0.00001, "top1_err": 10.15625, "top5_err": 0.00000}
[02/26 12:37:37][INFO] logging.py:   99: json_stats: {"_type": "train_iter_", "dt": 3.74312, "dt_data": 0.00039, "dt_net": 3.74272, "epoch": "42/48", "eta": "8:36:40", "gpu_mem": "77.43G", "grad_norm": 4.46329, "iter": "790/1296", "loss": 0.29371, "lr": 0.00001, "top1_err": 9.37500, "top5_err": 0.00000}
[02/26 12:37:55][INFO] logging.py:   99: json_stats: {"_type": "train_iter_", "dt": 1.44580, "dt_data": 0.00050, "dt_net": 1.44530, "epoch": "42/48", "eta": "3:19:19", "gpu_mem": "77.43G", "grad_norm": 2.82517, "iter": "800/1296", "loss": 0.21329, "lr": 0.00001, "top1_err": 7.03125, "top5_err": 0.00000}
[02/26 12:38:11][INFO] logging.py:   99: json_stats: {"_type": "train_iter_", "dt": 1.45435, "dt_data": 0.00052, "dt_net": 1.45383, "epoch": "42/48", "eta": "3:20:15", "gpu_mem": "77.43G", "grad_norm": 3.09310, "iter": "810/1296", "loss": 0.22997, "lr": 0.00001, "top1_err": 8.59375, "top5_err": 0.00000}
[02/26 12:38:27][INFO] logging.py:   99: json_stats: {"_type": "train_iter_", "dt": 1.45867, "dt_data": 0.00093, "dt_net": 1.45773, "epoch": "42/48", "eta": "3:20:36", "gpu_mem": "77.43G", "grad_norm": 2.89689, "iter": "820/1296", "loss": 0.23638, "lr": 0.00001, "top1_err": 8.59375, "top5_err": 0.00000}
[02/26 12:38:48][INFO] logging.py:   99: json_stats: {"_type": "train_iter_", "dt": 6.49490, "dt_data": 0.00039, "dt_net": 6.49451, "epoch": "42/48", "eta": "14:52:10", "gpu_mem": "77.43G", "grad_norm": 4.70760, "iter": "830/1296", "loss": 0.22673, "lr": 0.00001, "top1_err": 7.81250, "top5_err": 0.00000}
[02/26 12:39:07][INFO] logging.py:   99: json_stats: {"_type": "train_iter_", "dt": 1.44317, "dt_data": 0.00041, "dt_net": 1.44276, "epoch": "42/48", "eta": "3:18:00", "gpu_mem": "77.43G", "grad_norm": 3.43144, "iter": "840/1296", "loss": 0.24693, "lr": 0.00001, "top1_err": 9.37500, "top5_err": 0.00000}
[02/26 12:39:22][INFO] logging.py:   99: json_stats: {"_type": "train_iter_", "dt": 1.46199, "dt_data": 0.00055, "dt_net": 1.46144, "epoch": "42/48", "eta": "3:20:20", "gpu_mem": "77.43G", "grad_norm": 4.21333, "iter": "850/1296", "loss": 0.22540, "lr": 0.00001, "top1_err": 8.59375, "top5_err": 0.00000}
[02/26 12:39:38][INFO] logging.py:   99: json_stats: {"_type": "train_iter_", "dt": 1.45943, "dt_data": 0.00070, "dt_net": 1.45872, "epoch": "42/48", "eta": "3:19:44", "gpu_mem": "77.43G", "grad_norm": 2.81381, "iter": "860/1296", "loss": 0.27968, "lr": 0.00001, "top1_err": 10.93750, "top5_err": 0.00000}
[02/26 12:39:55][INFO] logging.py:   99: json_stats: {"_type": "train_iter_", "dt": 3.51291, "dt_data": 0.00045, "dt_net": 3.51246, "epoch": "42/48", "eta": "8:00:12", "gpu_mem": "77.43G", "grad_norm": 3.28121, "iter": "870/1296", "loss": 0.29654, "lr": 0.00001, "top1_err": 10.93750, "top5_err": 0.00000}
[02/26 12:40:12][INFO] logging.py:   99: json_stats: {"_type": "train_iter_", "dt": 1.45830, "dt_data": 0.00042, "dt_net": 1.45788, "epoch": "42/48", "eta": "3:19:06", "gpu_mem": "77.43G", "grad_norm": 4.87799, "iter": "880/1296", "loss": 0.26206, "lr": 0.00001, "top1_err": 9.37500, "top5_err": 0.00000}
[02/26 12:40:31][INFO] logging.py:   99: json_stats: {"_type": "train_iter_", "dt": 1.44581, "dt_data": 0.00065, "dt_net": 1.44516, "epoch": "42/48", "eta": "3:17:09", "gpu_mem": "77.43G", "grad_norm": 4.77218, "iter": "890/1296", "loss": 0.19475, "lr": 0.00001, "top1_err": 7.03125, "top5_err": 0.00000}
[02/26 12:40:45][INFO] logging.py:   99: json_stats: {"_type": "train_iter_", "dt": 1.45463, "dt_data": 0.00057, "dt_net": 1.45406, "epoch": "42/48", "eta": "3:18:07", "gpu_mem": "77.43G", "grad_norm": 4.49323, "iter": "900/1296", "loss": 0.26558, "lr": 0.00001, "top1_err": 9.37500, "top5_err": 0.00000}
[02/26 12:41:02][INFO] logging.py:   99: json_stats: {"_type": "train_iter_", "dt": 3.36419, "dt_data": 0.00035, "dt_net": 3.36384, "epoch": "42/48", "eta": "7:37:38", "gpu_mem": "77.43G", "grad_norm": 4.60145, "iter": "910/1296", "loss": 0.22421, "lr": 0.00001, "top1_err": 7.03125, "top5_err": 0.00000}
[02/26 12:41:18][INFO] logging.py:   99: json_stats: {"_type": "train_iter_", "dt": 1.47898, "dt_data": 0.00116, "dt_net": 1.47781, "epoch": "42/48", "eta": "3:20:56", "gpu_mem": "77.43G", "grad_norm": 2.87009, "iter": "920/1296", "loss": 0.26305, "lr": 0.00001, "top1_err": 9.37500, "top5_err": 0.00000}
[02/26 12:41:37][INFO] logging.py:   99: json_stats: {"_type": "train_iter_", "dt": 1.45969, "dt_data": 0.00036, "dt_net": 1.45933, "epoch": "42/48", "eta": "3:18:04", "gpu_mem": "77.43G", "grad_norm": 1.82786, "iter": "930/1296", "loss": 0.23709, "lr": 0.00001, "top1_err": 9.37500, "top5_err": 0.00000}
[02/26 12:41:54][INFO] logging.py:   99: json_stats: {"_type": "train_iter_", "dt": 1.45579, "dt_data": 0.00042, "dt_net": 1.45538, "epoch": "42/48", "eta": "3:17:18", "gpu_mem": "77.43G", "grad_norm": 2.20584, "iter": "940/1296", "loss": 0.33508, "lr": 0.00001, "top1_err": 11.71875, "top5_err": 0.00000}
[02/26 12:42:12][INFO] logging.py:   99: json_stats: {"_type": "train_iter_", "dt": 3.13678, "dt_data": 0.00045, "dt_net": 3.13632, "epoch": "42/48", "eta": "7:04:36", "gpu_mem": "77.43G", "grad_norm": 3.93777, "iter": "950/1296", "loss": 0.27240, "lr": 0.00001, "top1_err": 10.15625, "top5_err": 0.00000}
[02/26 12:42:28][INFO] logging.py:   99: json_stats: {"_type": "train_iter_", "dt": 1.45966, "dt_data": 0.00048, "dt_net": 1.45918, "epoch": "42/48", "eta": "3:17:20", "gpu_mem": "77.43G", "grad_norm": 4.84697, "iter": "960/1296", "loss": 0.23961, "lr": 0.00001, "top1_err": 9.37500, "top5_err": 0.00000}
[02/26 12:42:46][INFO] logging.py:   99: json_stats: {"_type": "train_iter_", "dt": 1.44965, "dt_data": 0.00035, "dt_net": 1.44931, "epoch": "42/48", "eta": "3:15:45", "gpu_mem": "77.43G", "grad_norm": 3.19087, "iter": "970/1296", "loss": 0.20336, "lr": 0.00001, "top1_err": 7.81250, "top5_err": 0.00000}
[02/26 12:43:02][INFO] logging.py:   99: json_stats: {"_type": "train_iter_", "dt": 1.46206, "dt_data": 0.00041, "dt_net": 1.46164, "epoch": "42/48", "eta": "3:17:10", "gpu_mem": "77.43G", "grad_norm": 3.93700, "iter": "980/1296", "loss": 0.30967, "lr": 0.00001, "top1_err": 10.93750, "top5_err": 0.00000}
[02/26 12:43:24][INFO] logging.py:   99: json_stats: {"_type": "train_iter_", "dt": 3.11960, "dt_data": 0.00043, "dt_net": 3.11918, "epoch": "42/48", "eta": "7:00:12", "gpu_mem": "77.43G", "grad_norm": 4.73659, "iter": "990/1296", "loss": 0.26074, "lr": 0.00001, "top1_err": 9.37500, "top5_err": 0.00000}
[02/26 12:43:38][INFO] logging.py:   99: json_stats: {"_type": "train_iter_", "dt": 1.45705, "dt_data": 0.00044, "dt_net": 1.45661, "epoch": "42/48", "eta": "3:16:01", "gpu_mem": "77.43G", "grad_norm": 3.52970, "iter": "1000/1296", "loss": 0.31735, "lr": 0.00001, "top1_err": 12.50000, "top5_err": 0.00000}
[02/26 12:43:57][INFO] logging.py:   99: json_stats: {"_type": "train_iter_", "dt": 1.45460, "dt_data": 0.00063, "dt_net": 1.45396, "epoch": "42/48", "eta": "3:15:26", "gpu_mem": "77.43G", "grad_norm": 1.45331, "iter": "1010/1296", "loss": 0.24347, "lr": 0.00001, "top1_err": 9.37500, "top5_err": 0.00000}
[02/26 12:44:13][INFO] logging.py:   99: json_stats: {"_type": "train_iter_", "dt": 1.45915, "dt_data": 0.00054, "dt_net": 1.45860, "epoch": "42/48", "eta": "3:15:49", "gpu_mem": "77.43G", "grad_norm": 4.92275, "iter": "1020/1296", "loss": 0.31283, "lr": 0.00001, "top1_err": 10.93750, "top5_err": 0.00000}
[02/26 12:44:32][INFO] logging.py:   99: json_stats: {"_type": "train_iter_", "dt": 3.03596, "dt_data": 0.00040, "dt_net": 3.03556, "epoch": "42/48", "eta": "6:46:55", "gpu_mem": "77.43G", "grad_norm": 3.29911, "iter": "1030/1296", "loss": 0.20698, "lr": 0.00001, "top1_err": 8.59375, "top5_err": 0.00000}
[02/26 12:44:49][INFO] logging.py:   99: json_stats: {"_type": "train_iter_", "dt": 3.37733, "dt_data": 1.93529, "dt_net": 1.44203, "epoch": "42/48", "eta": "7:32:06", "gpu_mem": "77.43G", "grad_norm": 5.08503, "iter": "1040/1296", "loss": 0.26517, "lr": 0.00001, "top1_err": 7.81250, "top5_err": 0.00000}
[02/26 12:45:05][INFO] logging.py:   99: json_stats: {"_type": "train_iter_", "dt": 1.46729, "dt_data": 0.00032, "dt_net": 1.46697, "epoch": "42/48", "eta": "3:16:10", "gpu_mem": "77.43G", "grad_norm": 2.96191, "iter": "1050/1296", "loss": 0.24111, "lr": 0.00001, "top1_err": 9.37500, "top5_err": 0.00000}
[02/26 12:45:22][INFO] logging.py:   99: json_stats: {"_type": "train_iter_", "dt": 1.45551, "dt_data": 0.00038, "dt_net": 1.45513, "epoch": "42/48", "eta": "3:14:21", "gpu_mem": "77.43G", "grad_norm": 3.29633, "iter": "1060/1296", "loss": 0.28101, "lr": 0.00001, "top1_err": 9.37500, "top5_err": 0.00000}
[02/26 12:45:43][INFO] logging.py:   99: json_stats: {"_type": "train_iter_", "dt": 2.00522, "dt_data": 0.00035, "dt_net": 2.00488, "epoch": "42/48", "eta": "4:27:25", "gpu_mem": "77.43G", "grad_norm": 3.79914, "iter": "1070/1296", "loss": 0.27302, "lr": 0.00001, "top1_err": 10.15625, "top5_err": 0.00000}
[02/26 12:46:00][INFO] logging.py:   99: json_stats: {"_type": "train_iter_", "dt": 1.44905, "dt_data": 0.00054, "dt_net": 1.44850, "epoch": "42/48", "eta": "3:13:00", "gpu_mem": "77.43G", "grad_norm": 4.12400, "iter": "1080/1296", "loss": 0.25607, "lr": 0.00001, "top1_err": 7.81250, "top5_err": 0.00000}
[02/26 12:46:17][INFO] logging.py:   99: json_stats: {"_type": "train_iter_", "dt": 1.45263, "dt_data": 0.00053, "dt_net": 1.45210, "epoch": "42/48", "eta": "3:13:14", "gpu_mem": "77.43G", "grad_norm": 2.85758, "iter": "1090/1296", "loss": 0.21667, "lr": 0.00001, "top1_err": 7.81250, "top5_err": 0.00000}
[02/26 12:46:35][INFO] logging.py:   99: json_stats: {"_type": "train_iter_", "dt": 1.45694, "dt_data": 0.00046, "dt_net": 1.45647, "epoch": "42/48", "eta": "3:13:34", "gpu_mem": "77.43G", "grad_norm": 2.91132, "iter": "1100/1296", "loss": 0.28360, "lr": 0.00001, "top1_err": 9.37500, "top5_err": 0.00000}
[02/26 12:46:55][INFO] logging.py:   99: json_stats: {"_type": "train_iter_", "dt": 5.63228, "dt_data": 0.00056, "dt_net": 5.63172, "epoch": "42/48", "eta": "12:27:24", "gpu_mem": "77.43G", "grad_norm": 4.41587, "iter": "1110/1296", "loss": 0.22441, "lr": 0.00001, "top1_err": 9.37500, "top5_err": 0.00000}
[02/26 12:47:15][INFO] logging.py:   99: json_stats: {"_type": "train_iter_", "dt": 1.43654, "dt_data": 0.00043, "dt_net": 1.43611, "epoch": "42/48", "eta": "3:10:23", "gpu_mem": "77.43G", "grad_norm": 3.58751, "iter": "1120/1296", "loss": 0.26682, "lr": 0.00001, "top1_err": 9.37500, "top5_err": 0.00000}
[02/26 12:47:32][INFO] logging.py:   99: json_stats: {"_type": "train_iter_", "dt": 1.45025, "dt_data": 0.00052, "dt_net": 1.44973, "epoch": "42/48", "eta": "3:11:57", "gpu_mem": "77.43G", "grad_norm": 3.25030, "iter": "1130/1296", "loss": 0.23555, "lr": 0.00001, "top1_err": 8.59375, "top5_err": 0.00000}
[02/26 12:47:52][INFO] logging.py:   99: json_stats: {"_type": "train_iter_", "dt": 1.44803, "dt_data": 0.00057, "dt_net": 1.44746, "epoch": "42/48", "eta": "3:11:25", "gpu_mem": "77.43G", "grad_norm": 4.51555, "iter": "1140/1296", "loss": 0.33928, "lr": 0.00001, "top1_err": 10.93750, "top5_err": 0.00000}
[02/26 12:48:11][INFO] logging.py:   99: json_stats: {"_type": "train_iter_", "dt": 5.07873, "dt_data": 0.00085, "dt_net": 5.07789, "epoch": "42/48", "eta": "11:10:33", "gpu_mem": "77.43G", "grad_norm": 3.86080, "iter": "1150/1296", "loss": 0.26109, "lr": 0.00001, "top1_err": 10.93750, "top5_err": 0.00000}
[02/26 12:48:26][INFO] logging.py:   99: json_stats: {"_type": "train_iter_", "dt": 1.45502, "dt_data": 0.00072, "dt_net": 1.45430, "epoch": "42/48", "eta": "3:11:52", "gpu_mem": "77.43G", "grad_norm": 3.46857, "iter": "1160/1296", "loss": 0.27916, "lr": 0.00001, "top1_err": 10.93750, "top5_err": 0.00000}
[02/26 12:48:41][INFO] logging.py:   99: json_stats: {"_type": "train_iter_", "dt": 1.45613, "dt_data": 0.00092, "dt_net": 1.45521, "epoch": "42/48", "eta": "3:11:46", "gpu_mem": "77.43G", "grad_norm": 3.83518, "iter": "1170/1296", "loss": 0.23256, "lr": 0.00001, "top1_err": 10.15625, "top5_err": 0.00000}
[02/26 12:48:58][INFO] logging.py:   99: json_stats: {"_type": "train_iter_", "dt": 1.45581, "dt_data": 0.00069, "dt_net": 1.45512, "epoch": "42/48", "eta": "3:11:29", "gpu_mem": "77.43G", "grad_norm": 3.64358, "iter": "1180/1296", "loss": 0.24754, "lr": 0.00001, "top1_err": 10.15625, "top5_err": 0.00000}
[02/26 12:49:16][INFO] logging.py:   99: json_stats: {"_type": "train_iter_", "dt": 1.45364, "dt_data": 0.00044, "dt_net": 1.45319, "epoch": "42/48", "eta": "3:10:57", "gpu_mem": "77.43G", "grad_norm": 2.69565, "iter": "1190/1296", "loss": 0.27015, "lr": 0.00001, "top1_err": 10.15625, "top5_err": 0.00000}
[02/26 12:49:34][INFO] logging.py:   99: json_stats: {"_type": "train_iter_", "dt": 5.17438, "dt_data": 3.72810, "dt_net": 1.44628, "epoch": "42/48", "eta": "11:18:52", "gpu_mem": "77.43G", "grad_norm": 2.85994, "iter": "1200/1296", "loss": 0.22688, "lr": 0.00001, "top1_err": 7.81250, "top5_err": 0.00000}
[02/26 12:49:52][INFO] logging.py:   99: json_stats: {"_type": "train_iter_", "dt": 1.44792, "dt_data": 0.00072, "dt_net": 1.44720, "epoch": "42/48", "eta": "3:09:43", "gpu_mem": "77.43G", "grad_norm": 3.45680, "iter": "1210/1296", "loss": 0.25324, "lr": 0.00001, "top1_err": 10.15625, "top5_err": 0.00000}
[02/26 12:50:11][INFO] logging.py:   99: json_stats: {"_type": "train_iter_", "dt": 1.45056, "dt_data": 0.00063, "dt_net": 1.44993, "epoch": "42/48", "eta": "3:09:49", "gpu_mem": "77.43G", "grad_norm": 3.31346, "iter": "1220/1296", "loss": 0.28482, "lr": 0.00001, "top1_err": 10.93750, "top5_err": 0.00000}
[02/26 12:50:27][INFO] logging.py:   99: json_stats: {"_type": "train_iter_", "dt": 1.46019, "dt_data": 0.00036, "dt_net": 1.45983, "epoch": "42/48", "eta": "3:10:50", "gpu_mem": "77.43G", "grad_norm": 3.45749, "iter": "1230/1296", "loss": 0.22611, "lr": 0.00001, "top1_err": 8.59375, "top5_err": 0.00000}
[02/26 12:50:45][INFO] logging.py:   99: json_stats: {"_type": "train_iter_", "dt": 1.95246, "dt_data": 0.50201, "dt_net": 1.45045, "epoch": "42/48", "eta": "4:14:51", "gpu_mem": "77.43G", "grad_norm": 3.66955, "iter": "1240/1296", "loss": 0.27847, "lr": 0.00001, "top1_err": 9.37500, "top5_err": 0.00000}
[02/26 12:51:00][INFO] logging.py:   99: json_stats: {"_type": "train_iter_", "dt": 1.45763, "dt_data": 0.00044, "dt_net": 1.45719, "epoch": "42/48", "eta": "3:10:01", "gpu_mem": "77.43G", "grad_norm": 3.78500, "iter": "1250/1296", "loss": 0.25479, "lr": 0.00001, "top1_err": 10.93750, "top5_err": 0.00000}
[02/26 12:51:15][INFO] logging.py:   99: json_stats: {"_type": "train_iter_", "dt": 1.45540, "dt_data": 0.00043, "dt_net": 1.45497, "epoch": "42/48", "eta": "3:09:29", "gpu_mem": "77.43G", "grad_norm": 5.49616, "iter": "1260/1296", "loss": 0.25340, "lr": 0.00001, "top1_err": 9.37500, "top5_err": 0.00000}
[02/26 12:51:33][INFO] logging.py:   99: json_stats: {"_type": "train_iter_", "dt": 2.42503, "dt_data": 0.00047, "dt_net": 2.42456, "epoch": "42/48", "eta": "5:15:20", "gpu_mem": "77.43G", "grad_norm": 3.72456, "iter": "1270/1296", "loss": 0.30551, "lr": 0.00001, "top1_err": 12.50000, "top5_err": 0.00000}
[02/26 12:51:50][INFO] logging.py:   99: json_stats: {"_type": "train_iter_", "dt": 1.55121, "dt_data": 0.09406, "dt_net": 1.45715, "epoch": "42/48", "eta": "3:21:27", "gpu_mem": "77.43G", "grad_norm": 4.77295, "iter": "1280/1296", "loss": 0.32807, "lr": 0.00001, "top1_err": 11.71875, "top5_err": 0.00000}
[02/26 12:52:08][INFO] logging.py:   99: json_stats: {"_type": "train_iter_", "dt": 1.42148, "dt_data": 0.00023, "dt_net": 1.42124, "epoch": "42/48", "eta": "3:04:21", "gpu_mem": "77.43G", "grad_norm": 4.16106, "iter": "1290/1296", "loss": 0.20971, "lr": 0.00001, "top1_err": 8.59375, "top5_err": 0.00000}
[02/26 12:52:21][INFO] logging.py:   99: json_stats: {"RAM": "331.78/856.58G", "_type": "train_epoch", "dt": 1.06891, "dt_data": 1.06891, "dt_net": 1.40882, "epoch": "42/48", "eta": "2:18:31", "gpu_mem": "77.43G", "grad_norm": 2.87563, "loss": 0.26880, "lr": 0.00001, "top1_err": 9.79818, "top5_err": 0.23992}
[02/26 12:52:21][INFO] train_net.py: 1072: Epoch 41 takes 2362.56s. Epochs from 40 to 41 take 2313.48s in average and 2313.48s in median.
[02/26 12:52:21][INFO] train_net.py: 1078: For epoch 41, each iteraction takes 1.82s in average. From epoch 40 to 41, each iteraction takes 1.79s in average.
[02/26 12:53:23][INFO] logging.py:   99: json_stats: {"_type": "val_iter", "epoch": "42/48", "eta": "0:05:53", "gpu_mem": "77.43G", "iter": "10/853", "time_diff": 0.41879, "top1_err": 25.78125, "top5_err": 4.68750}
[02/26 12:53:44][INFO] logging.py:   99: json_stats: {"_type": "val_iter", "epoch": "42/48", "eta": "0:35:55", "gpu_mem": "77.43G", "iter": "20/853", "time_diff": 2.58770, "top1_err": 27.34375, "top5_err": 4.68750}
[02/26 12:54:02][INFO] logging.py:   99: json_stats: {"_type": "val_iter", "epoch": "42/48", "eta": "0:05:45", "gpu_mem": "77.43G", "iter": "30/853", "time_diff": 0.41934, "top1_err": 20.31250, "top5_err": 2.34375}
[02/26 12:54:18][INFO] logging.py:   99: json_stats: {"_type": "val_iter", "epoch": "42/48", "eta": "0:05:43", "gpu_mem": "77.43G", "iter": "40/853", "time_diff": 0.42220, "top1_err": 23.43750, "top5_err": 1.56250}
[02/26 12:54:39][INFO] logging.py:   99: json_stats: {"_type": "val_iter", "epoch": "42/48", "eta": "0:05:34", "gpu_mem": "77.43G", "iter": "50/853", "time_diff": 0.41715, "top1_err": 20.31250, "top5_err": 1.56250}
[02/26 12:55:06][INFO] logging.py:   99: json_stats: {"_type": "val_iter", "epoch": "42/48", "eta": "0:05:26", "gpu_mem": "77.43G", "iter": "60/853", "time_diff": 0.41149, "top1_err": 25.00000, "top5_err": 3.90625}
[02/26 12:55:21][INFO] logging.py:   99: json_stats: {"_type": "val_iter", "epoch": "42/48", "eta": "0:05:29", "gpu_mem": "77.43G", "iter": "70/853", "time_diff": 0.42120, "top1_err": 25.00000, "top5_err": 3.12500}
[02/26 12:55:36][INFO] logging.py:   99: json_stats: {"_type": "val_iter", "epoch": "42/48", "eta": "0:05:28", "gpu_mem": "77.43G", "iter": "80/853", "time_diff": 0.42530, "top1_err": 29.68750, "top5_err": 3.90625}
[02/26 12:55:58][INFO] logging.py:   99: json_stats: {"_type": "val_iter", "epoch": "42/48", "eta": "0:05:21", "gpu_mem": "77.43G", "iter": "90/853", "time_diff": 0.42076, "top1_err": 27.34375, "top5_err": 3.12500}
[02/26 12:56:26][INFO] logging.py:   99: json_stats: {"_type": "val_iter", "epoch": "42/48", "eta": "0:05:04", "gpu_mem": "77.43G", "iter": "100/853", "time_diff": 0.40425, "top1_err": 23.43750, "top5_err": 3.12500}
[02/26 12:56:39][INFO] logging.py:   99: json_stats: {"_type": "val_iter", "epoch": "42/48", "eta": "0:05:18", "gpu_mem": "77.43G", "iter": "110/853", "time_diff": 0.42826, "top1_err": 21.87500, "top5_err": 4.68750}
[02/26 12:56:52][INFO] logging.py:   99: json_stats: {"_type": "val_iter", "epoch": "42/48", "eta": "0:05:10", "gpu_mem": "77.43G", "iter": "120/853", "time_diff": 0.42298, "top1_err": 20.31250, "top5_err": 3.12500}
[02/26 12:57:16][INFO] logging.py:   99: json_stats: {"_type": "val_iter", "epoch": "42/48", "eta": "0:05:00", "gpu_mem": "77.43G", "iter": "130/853", "time_diff": 0.41516, "top1_err": 23.43750, "top5_err": 3.12500}
[02/26 12:57:38][INFO] logging.py:   99: json_stats: {"_type": "val_iter", "epoch": "42/48", "eta": "0:04:52", "gpu_mem": "77.43G", "iter": "140/853", "time_diff": 0.40985, "top1_err": 28.90625, "top5_err": 3.90625}
[02/26 12:57:52][INFO] logging.py:   99: json_stats: {"_type": "val_iter", "epoch": "42/48", "eta": "0:04:58", "gpu_mem": "77.43G", "iter": "150/853", "time_diff": 0.42522, "top1_err": 26.56250, "top5_err": 4.68750}
[02/26 12:58:11][INFO] logging.py:   99: json_stats: {"_type": "val_iter", "epoch": "42/48", "eta": "0:47:06", "gpu_mem": "77.43G", "iter": "160/853", "time_diff": 4.07822, "top1_err": 22.65625, "top5_err": 3.12500}
[02/26 12:58:30][INFO] logging.py:   99: json_stats: {"_type": "val_iter", "epoch": "42/48", "eta": "0:04:45", "gpu_mem": "77.43G", "iter": "170/853", "time_diff": 0.41837, "top1_err": 21.87500, "top5_err": 2.34375}
[02/26 12:58:54][INFO] logging.py:   99: json_stats: {"_type": "val_iter", "epoch": "42/48", "eta": "0:04:35", "gpu_mem": "77.43G", "iter": "180/853", "time_diff": 0.40968, "top1_err": 24.21875, "top5_err": 4.68750}
[02/26 12:59:10][INFO] logging.py:   99: json_stats: {"_type": "val_iter", "epoch": "42/48", "eta": "0:04:38", "gpu_mem": "77.43G", "iter": "190/853", "time_diff": 0.42016, "top1_err": 18.75000, "top5_err": 3.12500}
[02/26 12:59:31][INFO] logging.py:   99: json_stats: {"_type": "val_iter", "epoch": "42/48", "eta": "0:44:47", "gpu_mem": "77.43G", "iter": "200/853", "time_diff": 4.11572, "top1_err": 24.21875, "top5_err": 3.12500}
[02/26 12:59:44][INFO] logging.py:   99: json_stats: {"_type": "val_iter", "epoch": "42/48", "eta": "0:04:32", "gpu_mem": "77.43G", "iter": "210/853", "time_diff": 0.42374, "top1_err": 25.78125, "top5_err": 3.90625}
[02/26 13:00:12][INFO] logging.py:   99: json_stats: {"_type": "val_iter", "epoch": "42/48", "eta": "0:04:18", "gpu_mem": "77.43G", "iter": "220/853", "time_diff": 0.40891, "top1_err": 24.21875, "top5_err": 3.12500}
[02/26 13:00:26][INFO] logging.py:   99: json_stats: {"_type": "val_iter", "epoch": "42/48", "eta": "0:04:23", "gpu_mem": "77.43G", "iter": "230/853", "time_diff": 0.42246, "top1_err": 28.12500, "top5_err": 3.90625}
[02/26 13:00:45][INFO] logging.py:   99: json_stats: {"_type": "val_iter", "epoch": "42/48", "eta": "0:14:25", "gpu_mem": "77.43G", "iter": "240/853", "time_diff": 1.41189, "top1_err": 25.00000, "top5_err": 3.12500}
[02/26 13:01:02][INFO] logging.py:   99: json_stats: {"_type": "val_iter", "epoch": "42/48", "eta": "0:04:12", "gpu_mem": "77.43G", "iter": "250/853", "time_diff": 0.41815, "top1_err": 26.56250, "top5_err": 3.90625}
[02/26 13:01:26][INFO] logging.py:   99: json_stats: {"_type": "val_iter", "epoch": "42/48", "eta": "0:04:05", "gpu_mem": "77.43G", "iter": "260/853", "time_diff": 0.41420, "top1_err": 21.87500, "top5_err": 3.90625}
[02/26 13:01:39][INFO] logging.py:   99: json_stats: {"_type": "val_iter", "epoch": "42/48", "eta": "0:04:07", "gpu_mem": "77.43G", "iter": "270/853", "time_diff": 0.42501, "top1_err": 21.87500, "top5_err": 4.68750}
[02/26 13:01:57][INFO] logging.py:   99: json_stats: {"_type": "val_iter", "epoch": "42/48", "eta": "0:04:03", "gpu_mem": "77.43G", "iter": "280/853", "time_diff": 0.42488, "top1_err": 25.00000, "top5_err": 3.12500}
[02/26 13:02:15][INFO] logging.py:   99: json_stats: {"_type": "val_iter", "epoch": "42/48", "eta": "0:17:09", "gpu_mem": "77.43G", "iter": "290/853", "time_diff": 1.82945, "top1_err": 24.21875, "top5_err": 4.68750}
[02/26 13:02:39][INFO] logging.py:   99: json_stats: {"_type": "val_iter", "epoch": "42/48", "eta": "0:03:49", "gpu_mem": "77.43G", "iter": "300/853", "time_diff": 0.41565, "top1_err": 23.43750, "top5_err": 3.12500}
[02/26 13:02:58][INFO] logging.py:   99: json_stats: {"_type": "val_iter", "epoch": "42/48", "eta": "0:03:40", "gpu_mem": "77.43G", "iter": "310/853", "time_diff": 0.40607, "top1_err": 24.21875, "top5_err": 3.90625}
[02/26 13:03:13][INFO] logging.py:   99: json_stats: {"_type": "val_iter", "epoch": "42/48", "eta": "0:09:10", "gpu_mem": "77.43G", "iter": "320/853", "time_diff": 1.03190, "top1_err": 20.31250, "top5_err": 4.68750}
[02/26 13:03:28][INFO] logging.py:   99: json_stats: {"_type": "val_iter", "epoch": "42/48", "eta": "0:03:40", "gpu_mem": "77.43G", "iter": "330/853", "time_diff": 0.42217, "top1_err": 22.65625, "top5_err": 3.12500}
[02/26 13:03:55][INFO] logging.py:   99: json_stats: {"_type": "val_iter", "epoch": "42/48", "eta": "0:03:32", "gpu_mem": "77.43G", "iter": "340/853", "time_diff": 0.41466, "top1_err": 25.00000, "top5_err": 3.90625}
[02/26 13:04:14][INFO] logging.py:   99: json_stats: {"_type": "val_iter", "epoch": "42/48", "eta": "0:03:29", "gpu_mem": "77.43G", "iter": "350/853", "time_diff": 0.41655, "top1_err": 21.09375, "top5_err": 1.56250}
[02/26 13:04:35][INFO] logging.py:   99: json_stats: {"_type": "val_iter", "epoch": "42/48", "eta": "0:49:00", "gpu_mem": "77.43G", "iter": "360/853", "time_diff": 5.96438, "top1_err": 22.65625, "top5_err": 4.68750}
[02/26 13:04:51][INFO] logging.py:   99: json_stats: {"_type": "val_iter", "epoch": "42/48", "eta": "0:03:20", "gpu_mem": "77.43G", "iter": "370/853", "time_diff": 0.41432, "top1_err": 26.56250, "top5_err": 3.12500}
[02/26 13:05:17][INFO] logging.py:   99: json_stats: {"_type": "val_iter", "epoch": "42/48", "eta": "0:03:10", "gpu_mem": "77.43G", "iter": "380/853", "time_diff": 0.40219, "top1_err": 21.87500, "top5_err": 3.90625}
[02/26 13:05:33][INFO] logging.py:   99: json_stats: {"_type": "val_iter", "epoch": "42/48", "eta": "0:03:12", "gpu_mem": "77.43G", "iter": "390/853", "time_diff": 0.41550, "top1_err": 23.43750, "top5_err": 3.12500}
[02/26 13:05:50][INFO] logging.py:   99: json_stats: {"_type": "val_iter", "epoch": "42/48", "eta": "0:24:06", "gpu_mem": "77.43G", "iter": "400/853", "time_diff": 3.19391, "top1_err": 25.00000, "top5_err": 4.68750}
[02/26 13:06:07][INFO] logging.py:   99: json_stats: {"_type": "val_iter", "epoch": "42/48", "eta": "0:03:06", "gpu_mem": "77.43G", "iter": "410/853", "time_diff": 0.42134, "top1_err": 25.00000, "top5_err": 3.12500}
[02/26 13:06:29][INFO] logging.py:   99: json_stats: {"_type": "val_iter", "epoch": "42/48", "eta": "0:02:58", "gpu_mem": "77.43G", "iter": "420/853", "time_diff": 0.41195, "top1_err": 25.00000, "top5_err": 3.90625}
[02/26 13:06:51][INFO] logging.py:   99: json_stats: {"_type": "val_iter", "epoch": "42/48", "eta": "0:02:50", "gpu_mem": "77.43G", "iter": "430/853", "time_diff": 0.40384, "top1_err": 25.00000, "top5_err": 3.12500}
[02/26 13:07:09][INFO] logging.py:   99: json_stats: {"_type": "val_iter", "epoch": "42/48", "eta": "0:02:50", "gpu_mem": "77.43G", "iter": "440/853", "time_diff": 0.41373, "top1_err": 21.87500, "top5_err": 2.34375}
[02/26 13:07:26][INFO] logging.py:   99: json_stats: {"_type": "val_iter", "epoch": "42/48", "eta": "0:02:48", "gpu_mem": "77.43G", "iter": "450/853", "time_diff": 0.41758, "top1_err": 19.53125, "top5_err": 1.56250}
[02/26 13:07:41][INFO] logging.py:   99: json_stats: {"_type": "val_iter", "epoch": "42/48", "eta": "0:02:49", "gpu_mem": "77.43G", "iter": "460/853", "time_diff": 0.43039, "top1_err": 23.43750, "top5_err": 3.90625}
[02/26 13:08:10][INFO] logging.py:   99: json_stats: {"_type": "val_iter", "epoch": "42/48", "eta": "0:02:37", "gpu_mem": "77.43G", "iter": "470/853", "time_diff": 0.41203, "top1_err": 24.21875, "top5_err": 3.90625}
[02/26 13:08:26][INFO] logging.py:   99: json_stats: {"_type": "val_iter", "epoch": "42/48", "eta": "0:02:32", "gpu_mem": "77.43G", "iter": "480/853", "time_diff": 0.40926, "top1_err": 23.43750, "top5_err": 3.12500}
[02/26 13:08:44][INFO] logging.py:   99: json_stats: {"_type": "val_iter", "epoch": "42/48", "eta": "0:02:31", "gpu_mem": "77.43G", "iter": "490/853", "time_diff": 0.41839, "top1_err": 24.21875, "top5_err": 2.34375}
[02/26 13:09:00][INFO] logging.py:   99: json_stats: {"_type": "val_iter", "epoch": "42/48", "eta": "0:02:28", "gpu_mem": "77.43G", "iter": "500/853", "time_diff": 0.42123, "top1_err": 25.00000, "top5_err": 4.68750}
[02/26 13:09:24][INFO] logging.py:   99: json_stats: {"_type": "val_iter", "epoch": "42/48", "eta": "0:02:24", "gpu_mem": "77.43G", "iter": "510/853", "time_diff": 0.42150, "top1_err": 25.78125, "top5_err": 3.12500}
[02/26 13:09:39][INFO] logging.py:   99: json_stats: {"_type": "val_iter", "epoch": "42/48", "eta": "0:02:21", "gpu_mem": "77.43G", "iter": "520/853", "time_diff": 0.42352, "top1_err": 21.87500, "top5_err": 3.12500}
[02/26 13:09:55][INFO] logging.py:   99: json_stats: {"_type": "val_iter", "epoch": "42/48", "eta": "0:02:18", "gpu_mem": "77.43G", "iter": "530/853", "time_diff": 0.42798, "top1_err": 22.65625, "top5_err": 1.56250}
[02/26 13:10:19][INFO] logging.py:   99: json_stats: {"_type": "val_iter", "epoch": "42/48", "eta": "0:02:10", "gpu_mem": "77.43G", "iter": "540/853", "time_diff": 0.41795, "top1_err": 25.00000, "top5_err": 3.12500}
[02/26 13:10:40][INFO] logging.py:   99: json_stats: {"_type": "val_iter", "epoch": "42/48", "eta": "0:02:03", "gpu_mem": "77.43G", "iter": "550/853", "time_diff": 0.40878, "top1_err": 21.09375, "top5_err": 3.12500}
[02/26 13:10:58][INFO] logging.py:   99: json_stats: {"_type": "val_iter", "epoch": "42/48", "eta": "0:02:01", "gpu_mem": "77.43G", "iter": "560/853", "time_diff": 0.41435, "top1_err": 19.53125, "top5_err": 1.56250}
[02/26 13:11:15][INFO] logging.py:   99: json_stats: {"_type": "val_iter", "epoch": "42/48", "eta": "0:01:57", "gpu_mem": "77.43G", "iter": "570/853", "time_diff": 0.41668, "top1_err": 23.43750, "top5_err": 4.68750}
[02/26 13:11:31][INFO] logging.py:   99: json_stats: {"_type": "val_iter", "epoch": "42/48", "eta": "0:01:53", "gpu_mem": "77.43G", "iter": "580/853", "time_diff": 0.41653, "top1_err": 26.56250, "top5_err": 4.68750}
[02/26 13:11:54][INFO] logging.py:   99: json_stats: {"_type": "val_iter", "epoch": "42/48", "eta": "0:01:50", "gpu_mem": "77.43G", "iter": "590/853", "time_diff": 0.41857, "top1_err": 23.43750, "top5_err": 4.68750}
[02/26 13:12:09][INFO] logging.py:   99: json_stats: {"_type": "val_iter", "epoch": "42/48", "eta": "0:01:47", "gpu_mem": "77.43G", "iter": "600/853", "time_diff": 0.42386, "top1_err": 21.87500, "top5_err": 3.90625}
[02/26 13:12:23][INFO] logging.py:   99: json_stats: {"_type": "val_iter", "epoch": "42/48", "eta": "0:01:43", "gpu_mem": "77.43G", "iter": "610/853", "time_diff": 0.42475, "top1_err": 25.00000, "top5_err": 3.12500}
[02/26 13:12:50][INFO] logging.py:   99: json_stats: {"_type": "val_iter", "epoch": "42/48", "eta": "0:01:36", "gpu_mem": "77.43G", "iter": "620/853", "time_diff": 0.41484, "top1_err": 25.78125, "top5_err": 3.90625}
[02/26 13:13:12][INFO] logging.py:   99: json_stats: {"_type": "val_iter", "epoch": "42/48", "eta": "0:01:30", "gpu_mem": "77.43G", "iter": "630/853", "time_diff": 0.40795, "top1_err": 23.43750, "top5_err": 3.12500}
[02/26 13:13:26][INFO] logging.py:   99: json_stats: {"_type": "val_iter", "epoch": "42/48", "eta": "0:01:31", "gpu_mem": "77.43G", "iter": "640/853", "time_diff": 0.42814, "top1_err": 26.56250, "top5_err": 4.68750}
[02/26 13:13:44][INFO] logging.py:   99: json_stats: {"_type": "val_iter", "epoch": "42/48", "eta": "0:01:24", "gpu_mem": "77.43G", "iter": "650/853", "time_diff": 0.41841, "top1_err": 25.78125, "top5_err": 3.12500}
[02/26 13:14:11][INFO] logging.py:   99: json_stats: {"_type": "val_iter", "epoch": "42/48", "eta": "0:01:19", "gpu_mem": "77.43G", "iter": "660/853", "time_diff": 0.41086, "top1_err": 23.43750, "top5_err": 3.12500}
[02/26 13:14:25][INFO] logging.py:   99: json_stats: {"_type": "val_iter", "epoch": "42/48", "eta": "0:01:18", "gpu_mem": "77.43G", "iter": "670/853", "time_diff": 0.42798, "top1_err": 22.65625, "top5_err": 3.90625}
[02/26 13:14:42][INFO] logging.py:   99: json_stats: {"_type": "val_iter", "epoch": "42/48", "eta": "0:01:12", "gpu_mem": "77.43G", "iter": "680/853", "time_diff": 0.41872, "top1_err": 24.21875, "top5_err": 2.34375}
[02/26 13:15:00][INFO] logging.py:   99: json_stats: {"_type": "val_iter", "epoch": "42/48", "eta": "0:03:25", "gpu_mem": "77.43G", "iter": "690/853", "time_diff": 1.25859, "top1_err": 25.00000, "top5_err": 2.34375}
[02/26 13:15:23][INFO] logging.py:   99: json_stats: {"_type": "val_iter", "epoch": "42/48", "eta": "0:01:04", "gpu_mem": "77.43G", "iter": "700/853", "time_diff": 0.41933, "top1_err": 21.09375, "top5_err": 3.12500}
[02/26 13:15:42][INFO] logging.py:   99: json_stats: {"_type": "val_iter", "epoch": "42/48", "eta": "0:00:59", "gpu_mem": "77.43G", "iter": "710/853", "time_diff": 0.41633, "top1_err": 20.31250, "top5_err": 3.12500}
[02/26 13:16:01][INFO] logging.py:   99: json_stats: {"_type": "val_iter", "epoch": "42/48", "eta": "0:00:54", "gpu_mem": "77.43G", "iter": "720/853", "time_diff": 0.40931, "top1_err": 23.43750, "top5_err": 4.68750}
[02/26 13:16:18][INFO] logging.py:   99: json_stats: {"_type": "val_iter", "epoch": "42/48", "eta": "0:05:46", "gpu_mem": "77.43G", "iter": "730/853", "time_diff": 2.81789, "top1_err": 21.09375, "top5_err": 3.12500}
[02/26 13:16:34][INFO] logging.py:   99: json_stats: {"_type": "val_iter", "epoch": "42/48", "eta": "0:00:47", "gpu_mem": "77.43G", "iter": "740/853", "time_diff": 0.41822, "top1_err": 24.21875, "top5_err": 5.46875}
[02/26 13:17:04][INFO] logging.py:   99: json_stats: {"_type": "val_iter", "epoch": "42/48", "eta": "0:00:40", "gpu_mem": "77.43G", "iter": "750/853", "time_diff": 0.39237, "top1_err": 26.56250, "top5_err": 3.12500}
[02/26 13:17:20][INFO] logging.py:   99: json_stats: {"_type": "val_iter", "epoch": "42/48", "eta": "0:00:39", "gpu_mem": "77.43G", "iter": "760/853", "time_diff": 0.42315, "top1_err": 23.43750, "top5_err": 1.56250}
[02/26 13:17:37][INFO] logging.py:   99: json_stats: {"_type": "val_iter", "epoch": "42/48", "eta": "0:00:34", "gpu_mem": "77.43G", "iter": "770/853", "time_diff": 0.42002, "top1_err": 22.65625, "top5_err": 3.12500}
[02/26 13:17:55][INFO] logging.py:   99: json_stats: {"_type": "val_iter", "epoch": "42/48", "eta": "0:00:31", "gpu_mem": "77.43G", "iter": "780/853", "time_diff": 0.42635, "top1_err": 25.78125, "top5_err": 2.34375}
[02/26 13:18:22][INFO] logging.py:   99: json_stats: {"_type": "val_iter", "epoch": "42/48", "eta": "0:00:26", "gpu_mem": "77.43G", "iter": "790/853", "time_diff": 0.41602, "top1_err": 23.43750, "top5_err": 3.12500}
[02/26 13:18:42][INFO] logging.py:   99: json_stats: {"_type": "val_iter", "epoch": "42/48", "eta": "0:00:21", "gpu_mem": "77.43G", "iter": "800/853", "time_diff": 0.39765, "top1_err": 25.78125, "top5_err": 3.12500}
[02/26 13:18:55][INFO] logging.py:   99: json_stats: {"_type": "val_iter", "epoch": "42/48", "eta": "0:00:18", "gpu_mem": "77.43G", "iter": "810/853", "time_diff": 0.42426, "top1_err": 28.90625, "top5_err": 3.12500}
[02/26 13:19:11][INFO] logging.py:   99: json_stats: {"_type": "val_iter", "epoch": "42/48", "eta": "0:00:14", "gpu_mem": "77.43G", "iter": "820/853", "time_diff": 0.43039, "top1_err": 21.09375, "top5_err": 2.34375}
[02/26 13:19:44][INFO] logging.py:   99: json_stats: {"_type": "val_iter", "epoch": "42/48", "eta": "0:00:08", "gpu_mem": "77.43G", "iter": "830/853", "time_diff": 0.38700, "top1_err": 22.65625, "top5_err": 3.12500}
[02/26 13:20:01][INFO] logging.py:   99: json_stats: {"_type": "val_iter", "epoch": "42/48", "eta": "0:00:04", "gpu_mem": "77.43G", "iter": "840/853", "time_diff": 0.38352, "top1_err": 23.43750, "top5_err": 2.34375}
[02/26 13:20:13][INFO] logging.py:   99: json_stats: {"_type": "val_iter", "epoch": "42/48", "eta": "0:00:01", "gpu_mem": "77.43G", "iter": "850/853", "time_diff": 0.37446, "top1_err": 25.00000, "top5_err": 3.90625}
[02/26 13:20:20][INFO] logging.py:   99: json_stats: {"RAM": "433.34/856.58G", "_type": "val_epoch", "epoch": "42/48", "gpu_mem": "77.43G", "min_top1_err": 23.95169, "min_top5_err": 3.61777, "time_diff": 0.89513, "top1_err": 23.95169, "top5_err": 3.61777}
[02/26 13:21:22][INFO] logging.py:   99: json_stats: {"_type": "train_iter_", "dt": 2.97227, "dt_data": 0.00041, "dt_net": 2.97186, "epoch": "43/48", "eta": "6:24:42", "gpu_mem": "77.43G", "grad_norm": 3.78063, "iter": "10/1296", "loss": 0.28174, "lr": 0.00001, "top1_err": 10.93750, "top5_err": 0.00000}
[02/26 13:21:41][INFO] logging.py:   99: json_stats: {"_type": "train_iter_", "dt": 1.45078, "dt_data": 0.00043, "dt_net": 1.45034, "epoch": "43/48", "eta": "3:07:32", "gpu_mem": "77.43G", "grad_norm": 3.12748, "iter": "20/1296", "loss": 0.27346, "lr": 0.00001, "top1_err": 10.93750, "top5_err": 0.00000}
[02/26 13:21:57][INFO] logging.py:   99: json_stats: {"_type": "train_iter_", "dt": 1.45993, "dt_data": 0.00039, "dt_net": 1.45953, "epoch": "43/48", "eta": "3:08:28", "gpu_mem": "77.43G", "grad_norm": 2.65692, "iter": "30/1296", "loss": 0.28290, "lr": 0.00001, "top1_err": 10.93750, "top5_err": 0.00000}
[02/26 13:22:16][INFO] logging.py:   99: json_stats: {"_type": "train_iter_", "dt": 1.45469, "dt_data": 0.00054, "dt_net": 1.45416, "epoch": "43/48", "eta": "3:07:33", "gpu_mem": "77.43G", "grad_norm": 2.08886, "iter": "40/1296", "loss": 0.25588, "lr": 0.00001, "top1_err": 11.71875, "top5_err": 0.00000}
[02/26 13:22:34][INFO] logging.py:   99: json_stats: {"_type": "train_iter_", "dt": 1.44641, "dt_data": 0.00084, "dt_net": 1.44557, "epoch": "43/48", "eta": "3:06:14", "gpu_mem": "77.43G", "grad_norm": 3.03666, "iter": "50/1296", "loss": 0.23482, "lr": 0.00001, "top1_err": 9.37500, "top5_err": 0.00000}
[02/26 13:22:51][INFO] logging.py:   99: json_stats: {"_type": "train_iter_", "dt": 1.45292, "dt_data": 0.00062, "dt_net": 1.45230, "epoch": "43/48", "eta": "3:06:50", "gpu_mem": "77.43G", "grad_norm": 3.71002, "iter": "60/1296", "loss": 0.25355, "lr": 0.00001, "top1_err": 9.37500, "top5_err": 0.00000}
[02/26 13:23:07][INFO] logging.py:   99: json_stats: {"_type": "train_iter_", "dt": 1.46116, "dt_data": 0.00140, "dt_net": 1.45976, "epoch": "43/48", "eta": "3:07:39", "gpu_mem": "77.43G", "grad_norm": 3.07467, "iter": "70/1296", "loss": 0.29830, "lr": 0.00001, "top1_err": 10.15625, "top5_err": 0.00000}
[02/26 13:23:26][INFO] logging.py:   99: json_stats: {"_type": "train_iter_", "dt": 1.46036, "dt_data": 0.00123, "dt_net": 1.45912, "epoch": "43/48", "eta": "3:07:18", "gpu_mem": "77.43G", "grad_norm": 5.15880, "iter": "80/1296", "loss": 0.30465, "lr": 0.00001, "top1_err": 10.15625, "top5_err": 0.00000}
[02/26 13:23:45][INFO] logging.py:   99: json_stats: {"_type": "train_iter_", "dt": 1.45299, "dt_data": 0.00049, "dt_net": 1.45250, "epoch": "43/48", "eta": "3:06:07", "gpu_mem": "77.43G", "grad_norm": 2.07469, "iter": "90/1296", "loss": 0.31604, "lr": 0.00001, "top1_err": 9.37500, "top5_err": 0.00000}
[02/26 13:24:02][INFO] logging.py:   99: json_stats: {"_type": "train_iter_", "dt": 3.74225, "dt_data": 0.00038, "dt_net": 3.74187, "epoch": "43/48", "eta": "7:58:45", "gpu_mem": "77.43G", "grad_norm": 6.11620, "iter": "100/1296", "loss": 0.22112, "lr": 0.00001, "top1_err": 7.03125, "top5_err": 0.00000}
[02/26 13:24:17][INFO] logging.py:   99: json_stats: {"_type": "train_iter_", "dt": 1.45856, "dt_data": 0.00036, "dt_net": 1.45820, "epoch": "43/48", "eta": "3:06:21", "gpu_mem": "77.43G", "grad_norm": 3.19183, "iter": "110/1296", "loss": 0.23972, "lr": 0.00001, "top1_err": 9.37500, "top5_err": 0.00000}
[02/26 13:24:35][INFO] logging.py:   99: json_stats: {"_type": "train_iter_", "dt": 3.13885, "dt_data": 0.00039, "dt_net": 3.13846, "epoch": "43/48", "eta": "6:40:31", "gpu_mem": "77.43G", "grad_norm": 2.45907, "iter": "120/1296", "loss": 0.31279, "lr": 0.00001, "top1_err": 10.93750, "top5_err": 0.00000}
[02/26 13:24:50][INFO] logging.py:   99: json_stats: {"_type": "train_iter_", "dt": 1.45926, "dt_data": 0.00107, "dt_net": 1.45818, "epoch": "43/48", "eta": "3:05:57", "gpu_mem": "77.43G", "grad_norm": 4.45740, "iter": "130/1296", "loss": 0.24669, "lr": 0.00001, "top1_err": 10.93750, "top5_err": 0.00000}
[02/26 13:25:08][INFO] logging.py:   99: json_stats: {"_type": "train_iter_", "dt": 1.45168, "dt_data": 0.00039, "dt_net": 1.45128, "epoch": "43/48", "eta": "3:04:45", "gpu_mem": "77.43G", "grad_norm": 3.65832, "iter": "140/1296", "loss": 0.26143, "lr": 0.00001, "top1_err": 8.59375, "top5_err": 0.00000}
[02/26 13:25:25][INFO] logging.py:   99: json_stats: {"_type": "train_iter_", "dt": 1.45827, "dt_data": 0.00137, "dt_net": 1.45688, "epoch": "43/48", "eta": "3:05:20", "gpu_mem": "77.43G", "grad_norm": 2.75179, "iter": "150/1296", "loss": 0.29370, "lr": 0.00001, "top1_err": 10.93750, "top5_err": 0.00000}
[02/26 13:25:43][INFO] logging.py:   99: json_stats: {"_type": "train_iter_", "dt": 1.45170, "dt_data": 0.00034, "dt_net": 1.45136, "epoch": "43/48", "eta": "3:04:16", "gpu_mem": "77.43G", "grad_norm": 3.19137, "iter": "160/1296", "loss": 0.23817, "lr": 0.00001, "top1_err": 9.37500, "top5_err": 0.00000}
[02/26 13:25:59][INFO] logging.py:   99: json_stats: {"_type": "train_iter_", "dt": 1.45869, "dt_data": 0.00038, "dt_net": 1.45832, "epoch": "43/48", "eta": "3:04:54", "gpu_mem": "77.43G", "grad_norm": 3.64411, "iter": "170/1296", "loss": 0.28671, "lr": 0.00001, "top1_err": 10.93750, "top5_err": 0.00000}
[02/26 13:26:17][INFO] logging.py:   99: json_stats: {"_type": "train_iter_", "dt": 1.45076, "dt_data": 0.00068, "dt_net": 1.45008, "epoch": "43/48", "eta": "3:03:39", "gpu_mem": "77.43G", "grad_norm": 3.74178, "iter": "180/1296", "loss": 0.25977, "lr": 0.00001, "top1_err": 10.15625, "top5_err": 0.00000}
[02/26 13:26:35][INFO] logging.py:   99: json_stats: {"_type": "train_iter_", "dt": 1.46651, "dt_data": 0.00038, "dt_net": 1.46613, "epoch": "43/48", "eta": "3:05:24", "gpu_mem": "77.43G", "grad_norm": 4.02953, "iter": "190/1296", "loss": 0.25063, "lr": 0.00001, "top1_err": 10.15625, "top5_err": 0.00000}
[02/26 13:26:54][INFO] logging.py:   99: json_stats: {"_type": "train_iter_", "dt": 1.46951, "dt_data": 0.00031, "dt_net": 1.46919, "epoch": "43/48", "eta": "3:05:32", "gpu_mem": "77.43G", "grad_norm": 2.44633, "iter": "200/1296", "loss": 0.23561, "lr": 0.00001, "top1_err": 7.81250, "top5_err": 0.00000}
[02/26 13:27:12][INFO] logging.py:   99: json_stats: {"_type": "train_iter_", "dt": 1.45279, "dt_data": 0.00050, "dt_net": 1.45229, "epoch": "43/48", "eta": "3:03:11", "gpu_mem": "77.43G", "grad_norm": 2.75320, "iter": "210/1296", "loss": 0.25642, "lr": 0.00001, "top1_err": 7.81250, "top5_err": 0.00000}
[02/26 13:27:28][INFO] logging.py:   99: json_stats: {"_type": "train_iter_", "dt": 1.45720, "dt_data": 0.00101, "dt_net": 1.45619, "epoch": "43/48", "eta": "3:03:30", "gpu_mem": "77.43G", "grad_norm": 3.93268, "iter": "220/1296", "loss": 0.26016, "lr": 0.00001, "top1_err": 9.37500, "top5_err": 0.00000}
[02/26 13:27:48][INFO] logging.py:   99: json_stats: {"_type": "train_iter_", "dt": 1.44696, "dt_data": 0.00111, "dt_net": 1.44585, "epoch": "43/48", "eta": "3:01:58", "gpu_mem": "77.43G", "grad_norm": 3.81148, "iter": "230/1296", "loss": 0.28757, "lr": 0.00001, "top1_err": 8.59375, "top5_err": 0.00000}
[02/26 13:28:06][INFO] logging.py:   99: json_stats: {"_type": "train_iter_", "dt": 3.20137, "dt_data": 0.00040, "dt_net": 3.20096, "epoch": "43/48", "eta": "6:42:05", "gpu_mem": "77.43G", "grad_norm": 5.88407, "iter": "240/1296", "loss": 0.25810, "lr": 0.00001, "top1_err": 8.59375, "top5_err": 0.00000}
[02/26 13:28:22][INFO] logging.py:   99: json_stats: {"_type": "train_iter_", "dt": 1.45899, "dt_data": 0.00106, "dt_net": 1.45794, "epoch": "43/48", "eta": "3:03:00", "gpu_mem": "77.43G", "grad_norm": 4.62618, "iter": "250/1296", "loss": 0.23846, "lr": 0.00001, "top1_err": 9.37500, "top5_err": 0.00000}
[02/26 13:28:41][INFO] logging.py:   99: json_stats: {"_type": "train_iter_", "dt": 1.45166, "dt_data": 0.00036, "dt_net": 1.45129, "epoch": "43/48", "eta": "3:01:50", "gpu_mem": "77.43G", "grad_norm": 3.30838, "iter": "260/1296", "loss": 0.32785, "lr": 0.00001, "top1_err": 10.93750, "top5_err": 0.00000}
[02/26 13:28:59][INFO] logging.py:   99: json_stats: {"_type": "train_iter_", "dt": 4.15222, "dt_data": 0.00037, "dt_net": 4.15185, "epoch": "43/48", "eta": "8:39:26", "gpu_mem": "77.43G", "grad_norm": 2.69737, "iter": "270/1296", "loss": 0.26951, "lr": 0.00001, "top1_err": 10.15625, "top5_err": 0.00000}
[02/26 13:29:15][INFO] logging.py:   99: json_stats: {"_type": "train_iter_", "dt": 1.60050, "dt_data": 0.00033, "dt_net": 1.60017, "epoch": "43/48", "eta": "3:19:57", "gpu_mem": "77.43G", "grad_norm": 3.38259, "iter": "280/1296", "loss": 0.23691, "lr": 0.00001, "top1_err": 10.93750, "top5_err": 0.00000}
[02/26 13:29:34][INFO] logging.py:   99: json_stats: {"_type": "train_iter_", "dt": 1.44667, "dt_data": 0.00065, "dt_net": 1.44603, "epoch": "43/48", "eta": "3:00:29", "gpu_mem": "77.43G", "grad_norm": 3.31623, "iter": "290/1296", "loss": 0.20952, "lr": 0.00001, "top1_err": 7.81250, "top5_err": 0.00000}
[02/26 13:29:51][INFO] logging.py:   99: json_stats: {"_type": "train_iter_", "dt": 1.44861, "dt_data": 0.00058, "dt_net": 1.44802, "epoch": "43/48", "eta": "3:00:29", "gpu_mem": "77.43G", "grad_norm": 3.73123, "iter": "300/1296", "loss": 0.26142, "lr": 0.00001, "top1_err": 10.15625, "top5_err": 0.00000}
[02/26 13:30:08][INFO] logging.py:   99: json_stats: {"_type": "train_iter_", "dt": 2.60806, "dt_data": 0.00037, "dt_net": 2.60769, "epoch": "43/48", "eta": "5:24:31", "gpu_mem": "77.43G", "grad_norm": 2.34900, "iter": "310/1296", "loss": 0.28772, "lr": 0.00001, "top1_err": 10.15625, "top5_err": 0.00000}
[02/26 13:30:26][INFO] logging.py:   99: json_stats: {"_type": "train_iter_", "dt": 1.92604, "dt_data": 0.00034, "dt_net": 1.92570, "epoch": "43/48", "eta": "3:59:20", "gpu_mem": "77.43G", "grad_norm": 2.19478, "iter": "320/1296", "loss": 0.26270, "lr": 0.00001, "top1_err": 9.37500, "top5_err": 0.00000}
[02/26 13:30:45][INFO] logging.py:   99: json_stats: {"_type": "train_iter_", "dt": 1.44714, "dt_data": 0.00087, "dt_net": 1.44627, "epoch": "43/48", "eta": "2:59:35", "gpu_mem": "77.43G", "grad_norm": 3.86994, "iter": "330/1296", "loss": 0.29079, "lr": 0.00001, "top1_err": 12.50000, "top5_err": 0.00000}
[02/26 13:31:00][INFO] logging.py:   99: json_stats: {"_type": "train_iter_", "dt": 1.46117, "dt_data": 0.00037, "dt_net": 1.46080, "epoch": "43/48", "eta": "3:01:05", "gpu_mem": "77.43G", "grad_norm": 4.44180, "iter": "340/1296", "loss": 0.21503, "lr": 0.00001, "top1_err": 8.59375, "top5_err": 0.00000}
[02/26 13:31:16][INFO] logging.py:   99: json_stats: {"_type": "train_iter_", "dt": 2.34513, "dt_data": 0.00036, "dt_net": 2.34477, "epoch": "43/48", "eta": "4:50:14", "gpu_mem": "77.43G", "grad_norm": 3.78441, "iter": "350/1296", "loss": 0.21666, "lr": 0.00001, "top1_err": 10.15625, "top5_err": 0.00000}
[02/26 13:31:36][INFO] logging.py:   99: json_stats: {"_type": "train_iter_", "dt": 1.44426, "dt_data": 0.00043, "dt_net": 1.44383, "epoch": "43/48", "eta": "2:58:30", "gpu_mem": "77.43G", "grad_norm": 3.43492, "iter": "360/1296", "loss": 0.22422, "lr": 0.00001, "top1_err": 7.81250, "top5_err": 0.00000}
[02/26 13:31:52][INFO] logging.py:   99: json_stats: {"_type": "train_iter_", "dt": 1.45527, "dt_data": 0.00065, "dt_net": 1.45462, "epoch": "43/48", "eta": "2:59:37", "gpu_mem": "77.43G", "grad_norm": 3.38948, "iter": "370/1296", "loss": 0.23696, "lr": 0.00001, "top1_err": 8.59375, "top5_err": 0.00000}
[02/26 13:32:13][INFO] logging.py:   99: json_stats: {"_type": "train_iter_", "dt": 1.46963, "dt_data": 0.00053, "dt_net": 1.46910, "epoch": "43/48", "eta": "3:01:09", "gpu_mem": "77.43G", "grad_norm": 4.42085, "iter": "380/1296", "loss": 0.31135, "lr": 0.00001, "top1_err": 10.93750, "top5_err": 0.00000}
[02/26 13:32:38][INFO] logging.py:   99: json_stats: {"_type": "train_iter_", "dt": 6.65622, "dt_data": 0.00039, "dt_net": 6.65582, "epoch": "43/48", "eta": "13:39:22", "gpu_mem": "77.43G", "grad_norm": 2.40709, "iter": "390/1296", "loss": 0.23553, "lr": 0.00001, "top1_err": 8.59375, "top5_err": 0.00000}
[02/26 13:32:56][INFO] logging.py:   99: json_stats: {"_type": "train_iter_", "dt": 1.44445, "dt_data": 0.00040, "dt_net": 1.44405, "epoch": "43/48", "eta": "2:57:34", "gpu_mem": "77.43G", "grad_norm": 5.15744, "iter": "400/1296", "loss": 0.25171, "lr": 0.00001, "top1_err": 6.25000, "top5_err": 0.00000}
[02/26 13:33:10][INFO] logging.py:   99: json_stats: {"_type": "train_iter_", "dt": 1.45619, "dt_data": 0.00041, "dt_net": 1.45579, "epoch": "43/48", "eta": "2:58:46", "gpu_mem": "77.43G", "grad_norm": 1.60385, "iter": "410/1296", "loss": 0.30970, "lr": 0.00001, "top1_err": 10.93750, "top5_err": 0.00000}
[02/26 13:33:32][INFO] logging.py:   99: json_stats: {"_type": "train_iter_", "dt": 1.44377, "dt_data": 0.00059, "dt_net": 1.44317, "epoch": "43/48", "eta": "2:57:00", "gpu_mem": "77.43G", "grad_norm": 3.47773, "iter": "420/1296", "loss": 0.26344, "lr": 0.00001, "top1_err": 9.37500, "top5_err": 0.00000}
[02/26 13:33:52][INFO] logging.py:   99: json_stats: {"_type": "train_iter_", "dt": 5.05165, "dt_data": 0.00033, "dt_net": 5.05132, "epoch": "43/48", "eta": "10:18:29", "gpu_mem": "77.43G", "grad_norm": 3.72314, "iter": "430/1296", "loss": 0.26027, "lr": 0.00001, "top1_err": 9.37500, "top5_err": 0.00000}
[02/26 13:34:09][INFO] logging.py:   99: json_stats: {"_type": "train_iter_", "dt": 1.45406, "dt_data": 0.00075, "dt_net": 1.45330, "epoch": "43/48", "eta": "2:57:46", "gpu_mem": "77.43G", "grad_norm": 3.02135, "iter": "440/1296", "loss": 0.28030, "lr": 0.00001, "top1_err": 10.93750, "top5_err": 0.00000}
[02/26 13:34:25][INFO] logging.py:   99: json_stats: {"_type": "train_iter_", "dt": 1.45613, "dt_data": 0.00064, "dt_net": 1.45549, "epoch": "43/48", "eta": "2:57:47", "gpu_mem": "77.43G", "grad_norm": 3.52593, "iter": "450/1296", "loss": 0.23904, "lr": 0.00001, "top1_err": 7.03125, "top5_err": 0.00000}
[02/26 13:34:44][INFO] logging.py:   99: json_stats: {"_type": "train_iter_", "dt": 1.45376, "dt_data": 0.00100, "dt_net": 1.45276, "epoch": "43/48", "eta": "2:57:15", "gpu_mem": "77.43G", "grad_norm": 2.93080, "iter": "460/1296", "loss": 0.23012, "lr": 0.00001, "top1_err": 9.37500, "top5_err": 0.00000}
[02/26 13:35:03][INFO] logging.py:   99: json_stats: {"_type": "train_iter_", "dt": 1.45738, "dt_data": 0.00132, "dt_net": 1.45606, "epoch": "43/48", "eta": "2:57:27", "gpu_mem": "77.43G", "grad_norm": 2.76011, "iter": "470/1296", "loss": 0.30417, "lr": 0.00001, "top1_err": 12.50000, "top5_err": 0.00000}
[02/26 13:35:20][INFO] logging.py:   99: json_stats: {"_type": "train_iter_", "dt": 1.46035, "dt_data": 0.00093, "dt_net": 1.45942, "epoch": "43/48", "eta": "2:57:34", "gpu_mem": "77.43G", "grad_norm": 3.51776, "iter": "480/1296", "loss": 0.26168, "lr": 0.00001, "top1_err": 9.37500, "top5_err": 0.00000}
[02/26 13:35:37][INFO] logging.py:   99: json_stats: {"_type": "train_iter_", "dt": 1.45430, "dt_data": 0.00085, "dt_net": 1.45345, "epoch": "43/48", "eta": "2:56:36", "gpu_mem": "77.43G", "grad_norm": 4.30237, "iter": "490/1296", "loss": 0.25212, "lr": 0.00001, "top1_err": 8.59375, "top5_err": 0.00000}
[02/26 13:35:54][INFO] logging.py:   99: json_stats: {"_type": "train_iter_", "dt": 1.45146, "dt_data": 0.00127, "dt_net": 1.45019, "epoch": "43/48", "eta": "2:56:00", "gpu_mem": "77.43G", "grad_norm": 4.17710, "iter": "500/1296", "loss": 0.28908, "lr": 0.00001, "top1_err": 10.15625, "top5_err": 0.00000}
[02/26 13:36:15][INFO] logging.py:   99: json_stats: {"_type": "train_iter_", "dt": 4.75214, "dt_data": 0.00042, "dt_net": 4.75171, "epoch": "43/48", "eta": "9:35:29", "gpu_mem": "77.43G", "grad_norm": 2.49855, "iter": "510/1296", "loss": 0.22982, "lr": 0.00001, "top1_err": 9.37500, "top5_err": 0.00000}
[02/26 13:36:32][INFO] logging.py:   99: json_stats: {"_type": "train_iter_", "dt": 1.45603, "dt_data": 0.00061, "dt_net": 1.45542, "epoch": "43/48", "eta": "2:56:04", "gpu_mem": "77.43G", "grad_norm": 1.97321, "iter": "520/1296", "loss": 0.21635, "lr": 0.00001, "top1_err": 7.81250, "top5_err": 0.00000}
[02/26 13:36:53][INFO] logging.py:   99: json_stats: {"_type": "train_iter_", "dt": 1.43696, "dt_data": 0.00037, "dt_net": 1.43659, "epoch": "43/48", "eta": "2:53:32", "gpu_mem": "77.43G", "grad_norm": 4.45281, "iter": "530/1296", "loss": 0.19429, "lr": 0.00001, "top1_err": 5.46875, "top5_err": 0.00000}
[02/26 13:37:11][INFO] logging.py:   99: json_stats: {"_type": "train_iter_", "dt": 1.44367, "dt_data": 0.00051, "dt_net": 1.44317, "epoch": "43/48", "eta": "2:54:06", "gpu_mem": "77.43G", "grad_norm": 2.62257, "iter": "540/1296", "loss": 0.34672, "lr": 0.00001, "top1_err": 10.93750, "top5_err": 0.00000}
[02/26 13:37:29][INFO] logging.py:   99: json_stats: {"_type": "train_iter_", "dt": 3.36014, "dt_data": 0.00042, "dt_net": 3.35973, "epoch": "43/48", "eta": "6:44:40", "gpu_mem": "77.43G", "grad_norm": 2.02018, "iter": "550/1296", "loss": 0.30807, "lr": 0.00001, "top1_err": 11.71875, "top5_err": 0.00000}
[02/26 13:37:48][INFO] logging.py:   99: json_stats: {"_type": "train_iter_", "dt": 1.46225, "dt_data": 0.00040, "dt_net": 1.46184, "epoch": "43/48", "eta": "2:55:51", "gpu_mem": "77.43G", "grad_norm": 3.60504, "iter": "560/1296", "loss": 0.17754, "lr": 0.00001, "top1_err": 6.25000, "top5_err": 0.00000}
[02/26 13:38:09][INFO] logging.py:   99: json_stats: {"_type": "train_iter_", "dt": 1.44218, "dt_data": 0.00042, "dt_net": 1.44175, "epoch": "43/48", "eta": "2:53:12", "gpu_mem": "77.43G", "grad_norm": 2.01503, "iter": "570/1296", "loss": 0.20819, "lr": 0.00001, "top1_err": 8.59375, "top5_err": 0.00000}
[02/26 13:38:28][INFO] logging.py:   99: json_stats: {"_type": "train_iter_", "dt": 1.45957, "dt_data": 0.00039, "dt_net": 1.45918, "epoch": "43/48", "eta": "2:55:03", "gpu_mem": "77.43G", "grad_norm": 4.06847, "iter": "580/1296", "loss": 0.24330, "lr": 0.00001, "top1_err": 7.81250, "top5_err": 0.00000}
[02/26 13:38:44][INFO] logging.py:   99: json_stats: {"_type": "train_iter_", "dt": 2.77784, "dt_data": 0.00037, "dt_net": 2.77747, "epoch": "43/48", "eta": "5:32:41", "gpu_mem": "77.43G", "grad_norm": 4.00913, "iter": "590/1296", "loss": 0.34402, "lr": 0.00001, "top1_err": 12.50000, "top5_err": 0.00000}
[02/26 13:39:04][INFO] logging.py:   99: json_stats: {"_type": "train_iter_", "dt": 1.44992, "dt_data": 0.00092, "dt_net": 1.44900, "epoch": "43/48", "eta": "2:53:24", "gpu_mem": "77.43G", "grad_norm": 3.50345, "iter": "600/1296", "loss": 0.29930, "lr": 0.00000, "top1_err": 9.37500, "top5_err": 0.00000}
[02/26 13:39:23][INFO] logging.py:   99: json_stats: {"_type": "train_iter_", "dt": 1.44883, "dt_data": 0.00041, "dt_net": 1.44842, "epoch": "43/48", "eta": "2:53:02", "gpu_mem": "77.43G", "grad_norm": 2.16755, "iter": "610/1296", "loss": 0.26967, "lr": 0.00000, "top1_err": 8.59375, "top5_err": 0.00000}
[02/26 13:39:38][INFO] logging.py:   99: json_stats: {"_type": "train_iter_", "dt": 1.45837, "dt_data": 0.00071, "dt_net": 1.45766, "epoch": "43/48", "eta": "2:53:56", "gpu_mem": "77.43G", "grad_norm": 2.41327, "iter": "620/1296", "loss": 0.25088, "lr": 0.00000, "top1_err": 9.37500, "top5_err": 0.00000}
[02/26 13:39:54][INFO] logging.py:   99: json_stats: {"_type": "train_iter_", "dt": 2.59678, "dt_data": 0.00037, "dt_net": 2.59641, "epoch": "43/48", "eta": "5:09:16", "gpu_mem": "77.43G", "grad_norm": 4.23776, "iter": "630/1296", "loss": 0.27724, "lr": 0.00000, "top1_err": 8.59375, "top5_err": 0.00000}
[02/26 13:40:14][INFO] logging.py:   99: json_stats: {"_type": "train_iter_", "dt": 1.44564, "dt_data": 0.00039, "dt_net": 1.44525, "epoch": "43/48", "eta": "2:51:56", "gpu_mem": "77.43G", "grad_norm": 3.34921, "iter": "640/1296", "loss": 0.29433, "lr": 0.00000, "top1_err": 9.37500, "top5_err": 0.00000}
[02/26 13:40:35][INFO] logging.py:   99: json_stats: {"_type": "train_iter_", "dt": 1.45642, "dt_data": 0.00052, "dt_net": 1.45590, "epoch": "43/48", "eta": "2:52:58", "gpu_mem": "77.43G", "grad_norm": 2.87248, "iter": "650/1296", "loss": 0.26591, "lr": 0.00000, "top1_err": 7.81250, "top5_err": 0.00000}
[02/26 13:40:51][INFO] logging.py:   99: json_stats: {"_type": "train_iter_", "dt": 1.45267, "dt_data": 0.00039, "dt_net": 1.45228, "epoch": "43/48", "eta": "2:52:17", "gpu_mem": "77.43G", "grad_norm": 4.12222, "iter": "660/1296", "loss": 0.24099, "lr": 0.00000, "top1_err": 10.15625, "top5_err": 0.00000}
[02/26 13:41:07][INFO] logging.py:   99: json_stats: {"_type": "train_iter_", "dt": 2.39548, "dt_data": 0.00039, "dt_net": 2.39509, "epoch": "43/48", "eta": "4:43:42", "gpu_mem": "77.43G", "grad_norm": 2.26609, "iter": "670/1296", "loss": 0.22219, "lr": 0.00000, "top1_err": 9.37500, "top5_err": 0.00000}
[02/26 13:41:23][INFO] logging.py:   99: json_stats: {"_type": "train_iter_", "dt": 1.45596, "dt_data": 0.00040, "dt_net": 1.45556, "epoch": "43/48", "eta": "2:52:11", "gpu_mem": "77.43G", "grad_norm": 4.96776, "iter": "680/1296", "loss": 0.25114, "lr": 0.00000, "top1_err": 8.59375, "top5_err": 0.00000}
[02/26 13:41:43][INFO] logging.py:   99: json_stats: {"_type": "train_iter_", "dt": 1.47489, "dt_data": 0.00041, "dt_net": 1.47448, "epoch": "43/48", "eta": "2:54:11", "gpu_mem": "77.43G", "grad_norm": 3.22467, "iter": "690/1296", "loss": 0.26871, "lr": 0.00000, "top1_err": 10.93750, "top5_err": 0.00000}
[02/26 13:42:02][INFO] logging.py:   99: json_stats: {"_type": "train_iter_", "dt": 1.45097, "dt_data": 0.00038, "dt_net": 1.45059, "epoch": "43/48", "eta": "2:51:07", "gpu_mem": "77.43G", "grad_norm": 4.48934, "iter": "700/1296", "loss": 0.33790, "lr": 0.00000, "top1_err": 11.71875, "top5_err": 0.00000}
[02/26 13:42:18][INFO] logging.py:   99: json_stats: {"_type": "train_iter_", "dt": 2.27165, "dt_data": 0.00054, "dt_net": 2.27111, "epoch": "43/48", "eta": "4:27:31", "gpu_mem": "77.43G", "grad_norm": 3.81577, "iter": "710/1296", "loss": 0.28545, "lr": 0.00000, "top1_err": 10.93750, "top5_err": 0.00000}
[02/26 13:42:35][INFO] logging.py:   99: json_stats: {"_type": "train_iter_", "dt": 2.55926, "dt_data": 0.00042, "dt_net": 2.55884, "epoch": "43/48", "eta": "5:00:58", "gpu_mem": "77.43G", "grad_norm": 3.68684, "iter": "720/1296", "loss": 0.27399, "lr": 0.00000, "top1_err": 10.93750, "top5_err": 0.00000}
[02/26 13:42:51][INFO] logging.py:   99: json_stats: {"_type": "train_iter_", "dt": 1.45621, "dt_data": 0.00037, "dt_net": 1.45584, "epoch": "43/48", "eta": "2:51:00", "gpu_mem": "77.43G", "grad_norm": 2.93785, "iter": "730/1296", "loss": 0.25678, "lr": 0.00000, "top1_err": 9.37500, "top5_err": 0.00000}
[02/26 13:43:09][INFO] logging.py:   99: json_stats: {"_type": "train_iter_", "dt": 1.45128, "dt_data": 0.00041, "dt_net": 1.45087, "epoch": "43/48", "eta": "2:50:11", "gpu_mem": "77.43G", "grad_norm": 2.42341, "iter": "740/1296", "loss": 0.22128, "lr": 0.00000, "top1_err": 10.15625, "top5_err": 0.00000}
[02/26 13:43:26][INFO] logging.py:   99: json_stats: {"_type": "train_iter_", "dt": 1.45988, "dt_data": 0.00133, "dt_net": 1.45854, "epoch": "43/48", "eta": "2:50:57", "gpu_mem": "77.43G", "grad_norm": 3.39977, "iter": "750/1296", "loss": 0.24839, "lr": 0.00000, "top1_err": 7.03125, "top5_err": 0.00000}
[02/26 13:43:45][INFO] logging.py:   99: json_stats: {"_type": "train_iter_", "dt": 1.52370, "dt_data": 0.00040, "dt_net": 1.52330, "epoch": "43/48", "eta": "2:58:10", "gpu_mem": "77.43G", "grad_norm": 4.43183, "iter": "760/1296", "loss": 0.31342, "lr": 0.00000, "top1_err": 11.71875, "top5_err": 0.78125}
[02/26 13:44:03][INFO] logging.py:   99: json_stats: {"_type": "train_iter_", "dt": 1.44935, "dt_data": 0.00039, "dt_net": 1.44895, "epoch": "43/48", "eta": "2:49:14", "gpu_mem": "77.43G", "grad_norm": 4.44954, "iter": "770/1296", "loss": 0.28695, "lr": 0.00000, "top1_err": 10.15625, "top5_err": 0.00000}
[02/26 13:44:20][INFO] logging.py:   99: json_stats: {"_type": "train_iter_", "dt": 1.44802, "dt_data": 0.00035, "dt_net": 1.44766, "epoch": "43/48", "eta": "2:48:50", "gpu_mem": "77.43G", "grad_norm": 3.63129, "iter": "780/1296", "loss": 0.23901, "lr": 0.00000, "top1_err": 8.59375, "top5_err": 0.00000}
[02/26 13:44:38][INFO] logging.py:   99: json_stats: {"_type": "train_iter_", "dt": 2.82943, "dt_data": 0.00047, "dt_net": 2.82896, "epoch": "43/48", "eta": "5:29:26", "gpu_mem": "77.43G", "grad_norm": 2.56602, "iter": "790/1296", "loss": 0.27478, "lr": 0.00000, "top1_err": 9.37500, "top5_err": 0.00000}
[02/26 13:44:55][INFO] logging.py:   99: json_stats: {"_type": "train_iter_", "dt": 1.45224, "dt_data": 0.00104, "dt_net": 1.45120, "epoch": "43/48", "eta": "2:48:50", "gpu_mem": "77.43G", "grad_norm": 4.75276, "iter": "800/1296", "loss": 0.32200, "lr": 0.00000, "top1_err": 10.15625, "top5_err": 0.00000}
[02/26 13:45:12][INFO] logging.py:   99: json_stats: {"_type": "train_iter_", "dt": 1.45610, "dt_data": 0.00087, "dt_net": 1.45523, "epoch": "43/48", "eta": "2:49:03", "gpu_mem": "77.43G", "grad_norm": 2.07435, "iter": "810/1296", "loss": 0.22576, "lr": 0.00000, "top1_err": 8.59375, "top5_err": 0.00000}
[02/26 13:45:29][INFO] logging.py:   99: json_stats: {"_type": "train_iter_", "dt": 1.46233, "dt_data": 0.00061, "dt_net": 1.46172, "epoch": "43/48", "eta": "2:49:31", "gpu_mem": "77.43G", "grad_norm": 5.99351, "iter": "820/1296", "loss": 0.27742, "lr": 0.00000, "top1_err": 10.93750, "top5_err": 0.00000}
[02/26 13:45:46][INFO] logging.py:   99: json_stats: {"_type": "train_iter_", "dt": 1.46031, "dt_data": 0.00040, "dt_net": 1.45991, "epoch": "43/48", "eta": "2:49:03", "gpu_mem": "77.43G", "grad_norm": 4.36806, "iter": "830/1296", "loss": 0.25825, "lr": 0.00000, "top1_err": 9.37500, "top5_err": 0.00000}
[02/26 13:46:04][INFO] logging.py:   99: json_stats: {"_type": "train_iter_", "dt": 1.45214, "dt_data": 0.00042, "dt_net": 1.45172, "epoch": "43/48", "eta": "2:47:52", "gpu_mem": "77.43G", "grad_norm": 3.04639, "iter": "840/1296", "loss": 0.20804, "lr": 0.00000, "top1_err": 7.81250, "top5_err": 0.00000}
[02/26 13:46:23][INFO] logging.py:   99: json_stats: {"_type": "train_iter_", "dt": 1.44829, "dt_data": 0.00040, "dt_net": 1.44788, "epoch": "43/48", "eta": "2:47:10", "gpu_mem": "77.43G", "grad_norm": 2.92414, "iter": "850/1296", "loss": 0.22317, "lr": 0.00000, "top1_err": 8.59375, "top5_err": 0.00000}
[02/26 13:46:42][INFO] logging.py:   99: json_stats: {"_type": "train_iter_", "dt": 1.46853, "dt_data": 0.00038, "dt_net": 1.46816, "epoch": "43/48", "eta": "2:49:16", "gpu_mem": "77.43G", "grad_norm": 4.38561, "iter": "860/1296", "loss": 0.25355, "lr": 0.00000, "top1_err": 7.81250, "top5_err": 0.00000}
[02/26 13:46:59][INFO] logging.py:   99: json_stats: {"_type": "train_iter_", "dt": 2.66635, "dt_data": 0.00065, "dt_net": 2.66570, "epoch": "43/48", "eta": "5:06:53", "gpu_mem": "77.43G", "grad_norm": 2.77284, "iter": "870/1296", "loss": 0.26495, "lr": 0.00000, "top1_err": 11.71875, "top5_err": 0.00000}
[02/26 13:47:16][INFO] logging.py:   99: json_stats: {"_type": "train_iter_", "dt": 1.45968, "dt_data": 0.00072, "dt_net": 1.45896, "epoch": "43/48", "eta": "2:47:45", "gpu_mem": "77.43G", "grad_norm": 3.12097, "iter": "880/1296", "loss": 0.23688, "lr": 0.00000, "top1_err": 7.81250, "top5_err": 0.00000}
[02/26 13:47:33][INFO] logging.py:   99: json_stats: {"_type": "train_iter_", "dt": 1.45723, "dt_data": 0.00067, "dt_net": 1.45656, "epoch": "43/48", "eta": "2:47:14", "gpu_mem": "77.43G", "grad_norm": 4.45258, "iter": "890/1296", "loss": 0.22431, "lr": 0.00000, "top1_err": 8.59375, "top5_err": 0.00000}
[02/26 13:47:50][INFO] logging.py:   99: json_stats: {"_type": "train_iter_", "dt": 1.45659, "dt_data": 0.00041, "dt_net": 1.45618, "epoch": "43/48", "eta": "2:46:55", "gpu_mem": "77.43G", "grad_norm": 3.22760, "iter": "900/1296", "loss": 0.25880, "lr": 0.00000, "top1_err": 8.59375, "top5_err": 0.00000}
[02/26 13:48:12][INFO] logging.py:   99: json_stats: {"_type": "train_iter_", "dt": 1.44461, "dt_data": 0.00035, "dt_net": 1.44426, "epoch": "43/48", "eta": "2:45:18", "gpu_mem": "77.43G", "grad_norm": 3.03297, "iter": "910/1296", "loss": 0.24200, "lr": 0.00000, "top1_err": 9.37500, "top5_err": 0.00000}
[02/26 13:48:28][INFO] logging.py:   99: json_stats: {"_type": "train_iter_", "dt": 1.46774, "dt_data": 0.00058, "dt_net": 1.46715, "epoch": "43/48", "eta": "2:47:42", "gpu_mem": "77.43G", "grad_norm": 2.11948, "iter": "920/1296", "loss": 0.23807, "lr": 0.00000, "top1_err": 9.37500, "top5_err": 0.00000}
[02/26 13:48:45][INFO] logging.py:   99: json_stats: {"_type": "train_iter_", "dt": 1.45374, "dt_data": 0.00042, "dt_net": 1.45332, "epoch": "43/48", "eta": "2:45:52", "gpu_mem": "77.43G", "grad_norm": 2.98733, "iter": "930/1296", "loss": 0.29326, "lr": 0.00000, "top1_err": 10.93750, "top5_err": 0.00000}
[02/26 13:49:02][INFO] logging.py:   99: json_stats: {"_type": "train_iter_", "dt": 1.47083, "dt_data": 0.00044, "dt_net": 1.47039, "epoch": "43/48", "eta": "2:47:34", "gpu_mem": "77.43G", "grad_norm": 2.98468, "iter": "940/1296", "loss": 0.24031, "lr": 0.00000, "top1_err": 9.37500, "top5_err": 0.00000}
[02/26 13:49:18][INFO] logging.py:   99: json_stats: {"_type": "train_iter_", "dt": 1.45298, "dt_data": 0.00037, "dt_net": 1.45261, "epoch": "43/48", "eta": "2:45:18", "gpu_mem": "77.43G", "grad_norm": 2.81431, "iter": "950/1296", "loss": 0.28719, "lr": 0.00000, "top1_err": 9.37500, "top5_err": 0.00000}
[02/26 13:49:38][INFO] logging.py:   99: json_stats: {"_type": "train_iter_", "dt": 4.77566, "dt_data": 0.00046, "dt_net": 4.77520, "epoch": "43/48", "eta": "9:02:30", "gpu_mem": "77.43G", "grad_norm": 4.34097, "iter": "960/1296", "loss": 0.22148, "lr": 0.00000, "top1_err": 7.81250, "top5_err": 0.00000}
[02/26 13:50:00][INFO] logging.py:   99: json_stats: {"_type": "train_iter_", "dt": 1.44023, "dt_data": 0.00054, "dt_net": 1.43969, "epoch": "43/48", "eta": "2:43:22", "gpu_mem": "77.43G", "grad_norm": 3.45253, "iter": "970/1296", "loss": 0.30372, "lr": 0.00000, "top1_err": 12.50000, "top5_err": 0.00000}
[02/26 13:50:17][INFO] logging.py:   99: json_stats: {"_type": "train_iter_", "dt": 1.45344, "dt_data": 0.00065, "dt_net": 1.45278, "epoch": "43/48", "eta": "2:44:37", "gpu_mem": "77.43G", "grad_norm": 3.46291, "iter": "980/1296", "loss": 0.28770, "lr": 0.00000, "top1_err": 9.37500, "top5_err": 0.00000}
[02/26 13:50:36][INFO] logging.py:   99: json_stats: {"_type": "train_iter_", "dt": 1.45022, "dt_data": 0.00064, "dt_net": 1.44958, "epoch": "43/48", "eta": "2:44:01", "gpu_mem": "77.43G", "grad_norm": 5.11228, "iter": "990/1296", "loss": 0.24190, "lr": 0.00000, "top1_err": 8.59375, "top5_err": 0.00000}
[02/26 13:50:54][INFO] logging.py:   99: json_stats: {"_type": "train_iter_", "dt": 4.20359, "dt_data": 0.00066, "dt_net": 4.20292, "epoch": "43/48", "eta": "7:54:43", "gpu_mem": "77.43G", "grad_norm": 3.09436, "iter": "1000/1296", "loss": 0.24168, "lr": 0.00000, "top1_err": 9.37500, "top5_err": 0.00000}
[02/26 13:51:13][INFO] logging.py:   99: json_stats: {"_type": "train_iter_", "dt": 1.44627, "dt_data": 0.00105, "dt_net": 1.44520, "epoch": "43/48", "eta": "2:43:05", "gpu_mem": "77.43G", "grad_norm": 2.29968, "iter": "1010/1296", "loss": 0.26713, "lr": 0.00000, "top1_err": 10.93750, "top5_err": 0.00000}
[02/26 13:51:29][INFO] logging.py:   99: json_stats: {"_type": "train_iter_", "dt": 1.45432, "dt_data": 0.00069, "dt_net": 1.45363, "epoch": "43/48", "eta": "2:43:45", "gpu_mem": "77.43G", "grad_norm": 3.68854, "iter": "1020/1296", "loss": 0.23034, "lr": 0.00000, "top1_err": 9.37500, "top5_err": 0.00000}
[02/26 13:51:48][INFO] logging.py:   99: json_stats: {"_type": "train_iter_", "dt": 1.45163, "dt_data": 0.00056, "dt_net": 1.45107, "epoch": "43/48", "eta": "2:43:12", "gpu_mem": "77.43G", "grad_norm": 2.27859, "iter": "1030/1296", "loss": 0.27316, "lr": 0.00000, "top1_err": 8.59375, "top5_err": 0.00000}
[02/26 13:52:10][INFO] logging.py:   99: json_stats: {"_type": "train_iter_", "dt": 4.09475, "dt_data": 0.00043, "dt_net": 4.09432, "epoch": "43/48", "eta": "7:39:42", "gpu_mem": "77.43G", "grad_norm": 3.47827, "iter": "1040/1296", "loss": 0.20015, "lr": 0.00000, "top1_err": 6.25000, "top5_err": 0.00000}
[02/26 13:52:28][INFO] logging.py:   99: json_stats: {"_type": "train_iter_", "dt": 1.44243, "dt_data": 0.00101, "dt_net": 1.44142, "epoch": "43/48", "eta": "2:41:41", "gpu_mem": "77.43G", "grad_norm": 2.67786, "iter": "1050/1296", "loss": 0.20245, "lr": 0.00000, "top1_err": 7.03125, "top5_err": 0.00000}
[02/26 13:52:45][INFO] logging.py:   99: json_stats: {"_type": "train_iter_", "dt": 1.45122, "dt_data": 0.00064, "dt_net": 1.45057, "epoch": "43/48", "eta": "2:42:26", "gpu_mem": "77.43G", "grad_norm": 2.04959, "iter": "1060/1296", "loss": 0.21535, "lr": 0.00000, "top1_err": 7.03125, "top5_err": 0.00000}
[02/26 13:53:00][INFO] logging.py:   99: json_stats: {"_type": "train_iter_", "dt": 1.45425, "dt_data": 0.00049, "dt_net": 1.45375, "epoch": "43/48", "eta": "2:42:32", "gpu_mem": "77.43G", "grad_norm": 4.46203, "iter": "1070/1296", "loss": 0.25549, "lr": 0.00000, "top1_err": 8.59375, "top5_err": 0.00000}
[02/26 13:53:17][INFO] logging.py:   99: json_stats: {"_type": "train_iter_", "dt": 3.10457, "dt_data": 0.00038, "dt_net": 3.10419, "epoch": "43/48", "eta": "5:46:28", "gpu_mem": "77.43G", "grad_norm": 4.73150, "iter": "1080/1296", "loss": 0.32534, "lr": 0.00000, "top1_err": 12.50000, "top5_err": 0.00000}
[02/26 13:53:36][INFO] logging.py:   99: json_stats: {"_type": "train_iter_", "dt": 1.44486, "dt_data": 0.00036, "dt_net": 1.44450, "epoch": "43/48", "eta": "2:41:00", "gpu_mem": "77.43G", "grad_norm": 3.44595, "iter": "1090/1296", "loss": 0.25737, "lr": 0.00000, "top1_err": 9.37500, "top5_err": 0.00000}
[02/26 13:53:51][INFO] logging.py:   99: json_stats: {"_type": "train_iter_", "dt": 1.45774, "dt_data": 0.00059, "dt_net": 1.45715, "epoch": "43/48", "eta": "2:42:11", "gpu_mem": "77.43G", "grad_norm": 3.54560, "iter": "1100/1296", "loss": 0.33869, "lr": 0.00000, "top1_err": 10.15625, "top5_err": 0.00000}
[02/26 13:54:08][INFO] logging.py:   99: json_stats: {"_type": "train_iter_", "dt": 1.45383, "dt_data": 0.00061, "dt_net": 1.45322, "epoch": "43/48", "eta": "2:41:31", "gpu_mem": "77.43G", "grad_norm": 4.88933, "iter": "1110/1296", "loss": 0.28440, "lr": 0.00000, "top1_err": 11.71875, "top5_err": 0.00000}
[02/26 13:54:26][INFO] logging.py:   99: json_stats: {"_type": "train_iter_", "dt": 4.36254, "dt_data": 0.00035, "dt_net": 4.36219, "epoch": "43/48", "eta": "8:03:57", "gpu_mem": "77.43G", "grad_norm": 3.19139, "iter": "1120/1296", "loss": 0.19815, "lr": 0.00000, "top1_err": 7.03125, "top5_err": 0.00000}
[02/26 13:54:45][INFO] logging.py:   99: json_stats: {"_type": "train_iter_", "dt": 1.45167, "dt_data": 0.00043, "dt_net": 1.45124, "epoch": "43/48", "eta": "2:40:47", "gpu_mem": "77.43G", "grad_norm": 2.71564, "iter": "1130/1296", "loss": 0.20960, "lr": 0.00000, "top1_err": 8.59375, "top5_err": 0.00000}
[02/26 13:55:03][INFO] logging.py:   99: json_stats: {"_type": "train_iter_", "dt": 1.45073, "dt_data": 0.00098, "dt_net": 1.44975, "epoch": "43/48", "eta": "2:40:27", "gpu_mem": "77.43G", "grad_norm": 3.16307, "iter": "1140/1296", "loss": 0.22520, "lr": 0.00000, "top1_err": 7.03125, "top5_err": 0.00000}
[02/26 13:55:22][INFO] logging.py:   99: json_stats: {"_type": "train_iter_", "dt": 1.44648, "dt_data": 0.00039, "dt_net": 1.44609, "epoch": "43/48", "eta": "2:39:44", "gpu_mem": "77.43G", "grad_norm": 3.37654, "iter": "1150/1296", "loss": 0.24351, "lr": 0.00000, "top1_err": 8.59375, "top5_err": 0.00000}
[02/26 13:55:39][INFO] logging.py:   99: json_stats: {"_type": "train_iter_", "dt": 3.17042, "dt_data": 0.00043, "dt_net": 3.16999, "epoch": "43/48", "eta": "5:49:35", "gpu_mem": "77.43G", "grad_norm": 5.26766, "iter": "1160/1296", "loss": 0.26361, "lr": 0.00000, "top1_err": 9.37500, "top5_err": 0.00000}
[02/26 13:55:57][INFO] logging.py:   99: json_stats: {"_type": "train_iter_", "dt": 1.45405, "dt_data": 0.00075, "dt_net": 1.45330, "epoch": "43/48", "eta": "2:40:05", "gpu_mem": "77.43G", "grad_norm": 3.29137, "iter": "1170/1296", "loss": 0.27815, "lr": 0.00000, "top1_err": 10.93750, "top5_err": 0.00000}
[02/26 13:56:11][INFO] logging.py:   99: json_stats: {"_type": "train_iter_", "dt": 1.46020, "dt_data": 0.00111, "dt_net": 1.45908, "epoch": "43/48", "eta": "2:40:31", "gpu_mem": "77.43G", "grad_norm": 3.65331, "iter": "1180/1296", "loss": 0.29002, "lr": 0.00000, "top1_err": 10.15625, "top5_err": 0.00000}
[02/26 13:56:28][INFO] logging.py:   99: json_stats: {"_type": "train_iter_", "dt": 1.45262, "dt_data": 0.00122, "dt_net": 1.45140, "epoch": "43/48", "eta": "2:39:26", "gpu_mem": "77.43G", "grad_norm": 2.66923, "iter": "1190/1296", "loss": 0.33795, "lr": 0.00000, "top1_err": 12.50000, "top5_err": 0.00000}
[02/26 13:56:46][INFO] logging.py:   99: json_stats: {"_type": "train_iter_", "dt": 2.45466, "dt_data": 0.00043, "dt_net": 2.45423, "epoch": "43/48", "eta": "4:29:01", "gpu_mem": "77.43G", "grad_norm": 2.34117, "iter": "1200/1296", "loss": 0.21014, "lr": 0.00000, "top1_err": 9.37500, "top5_err": 0.00000}
[02/26 13:57:01][INFO] logging.py:   99: json_stats: {"_type": "train_iter_", "dt": 1.45358, "dt_data": 0.00075, "dt_net": 1.45283, "epoch": "43/48", "eta": "2:39:04", "gpu_mem": "77.43G", "grad_norm": 4.86902, "iter": "1210/1296", "loss": 0.23435, "lr": 0.00000, "top1_err": 9.37500, "top5_err": 0.00000}
[02/26 13:57:19][INFO] logging.py:   99: json_stats: {"_type": "train_iter_", "dt": 1.45729, "dt_data": 0.00044, "dt_net": 1.45684, "epoch": "43/48", "eta": "2:39:13", "gpu_mem": "77.43G", "grad_norm": 3.69445, "iter": "1220/1296", "loss": 0.25747, "lr": 0.00000, "top1_err": 12.50000, "top5_err": 0.00000}
[02/26 13:57:44][INFO] logging.py:   99: json_stats: {"_type": "train_iter_", "dt": 1.44619, "dt_data": 0.00054, "dt_net": 1.44564, "epoch": "43/48", "eta": "2:37:46", "gpu_mem": "77.43G", "grad_norm": 2.76759, "iter": "1230/1296", "loss": 0.21628, "lr": 0.00000, "top1_err": 10.15625, "top5_err": 0.00000}
[02/26 13:57:58][INFO] logging.py:   99: json_stats: {"_type": "train_iter_", "dt": 1.46465, "dt_data": 0.00161, "dt_net": 1.46301, "epoch": "43/48", "eta": "2:39:32", "gpu_mem": "77.43G", "grad_norm": 4.26429, "iter": "1240/1296", "loss": 0.24876, "lr": 0.00000, "top1_err": 9.37500, "top5_err": 0.00000}
[02/26 13:58:16][INFO] logging.py:   99: json_stats: {"_type": "train_iter_", "dt": 1.46745, "dt_data": 0.00099, "dt_net": 1.46646, "epoch": "43/48", "eta": "2:39:36", "gpu_mem": "77.43G", "grad_norm": 2.99914, "iter": "1250/1296", "loss": 0.28727, "lr": 0.00000, "top1_err": 10.15625, "top5_err": 0.00000}
[02/26 13:58:32][INFO] logging.py:   99: json_stats: {"_type": "train_iter_", "dt": 1.45802, "dt_data": 0.00045, "dt_net": 1.45757, "epoch": "43/48", "eta": "2:38:20", "gpu_mem": "77.43G", "grad_norm": 4.66885, "iter": "1260/1296", "loss": 0.27314, "lr": 0.00000, "top1_err": 10.15625, "top5_err": 0.00000}
[02/26 13:58:53][INFO] logging.py:   99: json_stats: {"_type": "train_iter_", "dt": 1.45029, "dt_data": 0.00097, "dt_net": 1.44930, "epoch": "43/48", "eta": "2:37:15", "gpu_mem": "77.43G", "grad_norm": 2.52974, "iter": "1270/1296", "loss": 0.24561, "lr": 0.00000, "top1_err": 7.03125, "top5_err": 0.00000}
[02/26 13:59:10][INFO] logging.py:   99: json_stats: {"_type": "train_iter_", "dt": 1.45497, "dt_data": 0.00040, "dt_net": 1.45457, "epoch": "43/48", "eta": "2:37:31", "gpu_mem": "77.43G", "grad_norm": 3.00326, "iter": "1280/1296", "loss": 0.24950, "lr": 0.00000, "top1_err": 9.37500, "top5_err": 0.00000}
[02/26 13:59:27][INFO] logging.py:   99: json_stats: {"_type": "train_iter_", "dt": 1.43488, "dt_data": 0.00020, "dt_net": 1.43468, "epoch": "43/48", "eta": "2:35:06", "gpu_mem": "77.43G", "grad_norm": 3.80840, "iter": "1290/1296", "loss": 0.25791, "lr": 0.00000, "top1_err": 8.59375, "top5_err": 0.00000}
[02/26 13:59:37][INFO] logging.py:   99: json_stats: {"RAM": "290.69/856.58G", "_type": "train_epoch", "dt": 1.12605, "dt_data": 1.12605, "dt_net": 1.41059, "epoch": "43/48", "eta": "2:01:36", "gpu_mem": "77.43G", "grad_norm": 4.75102, "loss": 0.26748, "lr": 0.00000, "top1_err": 9.65230, "top5_err": 0.23751}
[02/26 13:59:37][INFO] train_net.py: 1072: Epoch 42 takes 2357.00s. Epochs from 40 to 42 take 2327.98s in average and 2357.00s in median.
[02/26 13:59:37][INFO] train_net.py: 1078: For epoch 42, each iteraction takes 1.82s in average. From epoch 40 to 42, each iteraction takes 1.80s in average.
[02/26 14:00:45][INFO] logging.py:   99: json_stats: {"_type": "val_iter", "epoch": "43/48", "eta": "0:05:50", "gpu_mem": "77.43G", "iter": "10/853", "time_diff": 0.41557, "top1_err": 25.00000, "top5_err": 4.68750}
[02/26 14:01:02][INFO] logging.py:   99: json_stats: {"_type": "val_iter", "epoch": "43/48", "eta": "0:05:54", "gpu_mem": "77.43G", "iter": "20/853", "time_diff": 0.42538, "top1_err": 22.65625, "top5_err": 4.68750}
[02/26 14:01:19][INFO] logging.py:   99: json_stats: {"_type": "val_iter", "epoch": "43/48", "eta": "0:05:43", "gpu_mem": "77.43G", "iter": "30/853", "time_diff": 0.41788, "top1_err": 21.87500, "top5_err": 3.12500}
[02/26 14:01:36][INFO] logging.py:   99: json_stats: {"_type": "val_iter", "epoch": "43/48", "eta": "0:05:46", "gpu_mem": "77.43G", "iter": "40/853", "time_diff": 0.42576, "top1_err": 21.09375, "top5_err": 1.56250}
[02/26 14:02:04][INFO] logging.py:   99: json_stats: {"_type": "val_iter", "epoch": "43/48", "eta": "0:05:29", "gpu_mem": "77.43G", "iter": "50/853", "time_diff": 0.41011, "top1_err": 21.09375, "top5_err": 3.12500}
[02/26 14:02:21][INFO] logging.py:   99: json_stats: {"_type": "val_iter", "epoch": "43/48", "eta": "0:05:25", "gpu_mem": "77.43G", "iter": "60/853", "time_diff": 0.41004, "top1_err": 25.78125, "top5_err": 3.12500}
[02/26 14:02:40][INFO] logging.py:   99: json_stats: {"_type": "val_iter", "epoch": "43/48", "eta": "0:05:21", "gpu_mem": "77.43G", "iter": "70/853", "time_diff": 0.41046, "top1_err": 25.00000, "top5_err": 3.12500}
[02/26 14:02:56][INFO] logging.py:   99: json_stats: {"_type": "val_iter", "epoch": "43/48", "eta": "0:05:30", "gpu_mem": "77.43G", "iter": "80/853", "time_diff": 0.42778, "top1_err": 25.00000, "top5_err": 3.90625}
[02/26 14:03:25][INFO] logging.py:   99: json_stats: {"_type": "val_iter", "epoch": "43/48", "eta": "0:05:16", "gpu_mem": "77.43G", "iter": "90/853", "time_diff": 0.41440, "top1_err": 25.78125, "top5_err": 5.46875}
[02/26 14:03:39][INFO] logging.py:   99: json_stats: {"_type": "val_iter", "epoch": "43/48", "eta": "0:05:13", "gpu_mem": "77.43G", "iter": "100/853", "time_diff": 0.41699, "top1_err": 25.00000, "top5_err": 4.68750}
[02/26 14:03:56][INFO] logging.py:   99: json_stats: {"_type": "val_iter", "epoch": "43/48", "eta": "0:05:13", "gpu_mem": "77.43G", "iter": "110/853", "time_diff": 0.42256, "top1_err": 24.21875, "top5_err": 3.12500}
[02/26 14:04:12][INFO] logging.py:   99: json_stats: {"_type": "val_iter", "epoch": "43/48", "eta": "0:05:16", "gpu_mem": "77.43G", "iter": "120/853", "time_diff": 0.43156, "top1_err": 25.00000, "top5_err": 2.34375}
[02/26 14:04:42][INFO] logging.py:   99: json_stats: {"_type": "val_iter", "epoch": "43/48", "eta": "0:04:49", "gpu_mem": "77.43G", "iter": "130/853", "time_diff": 0.40017, "top1_err": 21.09375, "top5_err": 2.34375}
[02/26 14:04:58][INFO] logging.py:   99: json_stats: {"_type": "val_iter", "epoch": "43/48", "eta": "0:04:47", "gpu_mem": "77.43G", "iter": "140/853", "time_diff": 0.40303, "top1_err": 27.34375, "top5_err": 3.12500}
[02/26 14:05:13][INFO] logging.py:   99: json_stats: {"_type": "val_iter", "epoch": "43/48", "eta": "0:04:57", "gpu_mem": "77.43G", "iter": "150/853", "time_diff": 0.42311, "top1_err": 25.78125, "top5_err": 4.68750}
[02/26 14:05:27][INFO] logging.py:   99: json_stats: {"_type": "val_iter", "epoch": "43/48", "eta": "0:04:54", "gpu_mem": "77.43G", "iter": "160/853", "time_diff": 0.42496, "top1_err": 23.43750, "top5_err": 3.12500}
[02/26 14:05:54][INFO] logging.py:   99: json_stats: {"_type": "val_iter", "epoch": "43/48", "eta": "0:04:41", "gpu_mem": "77.43G", "iter": "170/853", "time_diff": 0.41174, "top1_err": 25.00000, "top5_err": 4.68750}
[02/26 14:06:07][INFO] logging.py:   99: json_stats: {"_type": "val_iter", "epoch": "43/48", "eta": "0:04:47", "gpu_mem": "77.43G", "iter": "180/853", "time_diff": 0.42767, "top1_err": 20.31250, "top5_err": 2.34375}
[02/26 14:06:23][INFO] logging.py:   99: json_stats: {"_type": "val_iter", "epoch": "43/48", "eta": "0:04:43", "gpu_mem": "77.43G", "iter": "190/853", "time_diff": 0.42702, "top1_err": 21.87500, "top5_err": 4.68750}
[02/26 14:06:39][INFO] logging.py:   99: json_stats: {"_type": "val_iter", "epoch": "43/48", "eta": "0:12:55", "gpu_mem": "77.43G", "iter": "200/853", "time_diff": 1.18825, "top1_err": 25.00000, "top5_err": 3.90625}
[02/26 14:07:05][INFO] logging.py:   99: json_stats: {"_type": "val_iter", "epoch": "43/48", "eta": "0:04:25", "gpu_mem": "77.43G", "iter": "210/853", "time_diff": 0.41339, "top1_err": 22.65625, "top5_err": 3.12500}
[02/26 14:07:21][INFO] logging.py:   99: json_stats: {"_type": "val_iter", "epoch": "43/48", "eta": "0:04:22", "gpu_mem": "77.43G", "iter": "220/853", "time_diff": 0.41411, "top1_err": 22.65625, "top5_err": 2.34375}
[02/26 14:07:40][INFO] logging.py:   99: json_stats: {"_type": "val_iter", "epoch": "43/48", "eta": "0:04:18", "gpu_mem": "77.43G", "iter": "230/853", "time_diff": 0.41468, "top1_err": 28.12500, "top5_err": 3.12500}
[02/26 14:07:55][INFO] logging.py:   99: json_stats: {"_type": "val_iter", "epoch": "43/48", "eta": "0:04:20", "gpu_mem": "77.43G", "iter": "240/853", "time_diff": 0.42543, "top1_err": 25.00000, "top5_err": 3.12500}
[02/26 14:08:20][INFO] logging.py:   99: json_stats: {"_type": "val_iter", "epoch": "43/48", "eta": "0:33:17", "gpu_mem": "77.43G", "iter": "250/853", "time_diff": 3.31218, "top1_err": 25.78125, "top5_err": 4.68750}
[02/26 14:08:33][INFO] logging.py:   99: json_stats: {"_type": "val_iter", "epoch": "43/48", "eta": "0:04:11", "gpu_mem": "77.43G", "iter": "260/853", "time_diff": 0.42458, "top1_err": 21.87500, "top5_err": 3.90625}
[02/26 14:08:47][INFO] logging.py:   99: json_stats: {"_type": "val_iter", "epoch": "43/48", "eta": "0:04:09", "gpu_mem": "77.43G", "iter": "270/853", "time_diff": 0.42807, "top1_err": 23.43750, "top5_err": 3.90625}
[02/26 14:09:17][INFO] logging.py:   99: json_stats: {"_type": "val_iter", "epoch": "43/48", "eta": "2:05:47", "gpu_mem": "77.43G", "iter": "280/853", "time_diff": 13.17119, "top1_err": 26.56250, "top5_err": 3.12500}
[02/26 14:09:33][INFO] logging.py:   99: json_stats: {"_type": "val_iter", "epoch": "43/48", "eta": "0:03:54", "gpu_mem": "77.43G", "iter": "290/853", "time_diff": 0.41686, "top1_err": 25.00000, "top5_err": 5.46875}
[02/26 14:09:50][INFO] logging.py:   99: json_stats: {"_type": "val_iter", "epoch": "43/48", "eta": "0:08:00", "gpu_mem": "77.43G", "iter": "300/853", "time_diff": 0.86972, "top1_err": 24.21875, "top5_err": 2.34375}
[02/26 14:10:10][INFO] logging.py:   99: json_stats: {"_type": "val_iter", "epoch": "43/48", "eta": "0:03:41", "gpu_mem": "77.43G", "iter": "310/853", "time_diff": 0.40716, "top1_err": 21.87500, "top5_err": 3.90625}
[02/26 14:10:34][INFO] logging.py:   99: json_stats: {"_type": "val_iter", "epoch": "43/48", "eta": "1:05:06", "gpu_mem": "77.43G", "iter": "320/853", "time_diff": 7.32908, "top1_err": 21.09375, "top5_err": 1.56250}
[02/26 14:10:50][INFO] logging.py:   99: json_stats: {"_type": "val_iter", "epoch": "43/48", "eta": "0:03:37", "gpu_mem": "77.43G", "iter": "330/853", "time_diff": 0.41581, "top1_err": 22.65625, "top5_err": 3.90625}
[02/26 14:11:10][INFO] logging.py:   99: json_stats: {"_type": "val_iter", "epoch": "43/48", "eta": "0:18:56", "gpu_mem": "77.43G", "iter": "340/853", "time_diff": 2.21561, "top1_err": 22.65625, "top5_err": 3.90625}
[02/26 14:11:22][INFO] logging.py:   99: json_stats: {"_type": "val_iter", "epoch": "43/48", "eta": "0:03:34", "gpu_mem": "77.43G", "iter": "350/853", "time_diff": 0.42682, "top1_err": 23.43750, "top5_err": 3.12500}
[02/26 14:11:48][INFO] logging.py:   99: json_stats: {"_type": "val_iter", "epoch": "43/48", "eta": "1:27:29", "gpu_mem": "77.43G", "iter": "360/853", "time_diff": 10.64858, "top1_err": 22.65625, "top5_err": 3.12500}
[02/26 14:12:05][INFO] logging.py:   99: json_stats: {"_type": "val_iter", "epoch": "43/48", "eta": "0:03:20", "gpu_mem": "77.43G", "iter": "370/853", "time_diff": 0.41522, "top1_err": 25.78125, "top5_err": 3.90625}
[02/26 14:12:24][INFO] logging.py:   99: json_stats: {"_type": "val_iter", "epoch": "43/48", "eta": "0:40:05", "gpu_mem": "77.43G", "iter": "380/853", "time_diff": 5.08609, "top1_err": 25.78125, "top5_err": 4.68750}
[02/26 14:12:41][INFO] logging.py:   99: json_stats: {"_type": "val_iter", "epoch": "43/48", "eta": "0:03:08", "gpu_mem": "77.43G", "iter": "390/853", "time_diff": 0.40793, "top1_err": 24.21875, "top5_err": 3.12500}
[02/26 14:13:06][INFO] logging.py:   99: json_stats: {"_type": "val_iter", "epoch": "43/48", "eta": "0:53:08", "gpu_mem": "77.43G", "iter": "400/853", "time_diff": 7.03761, "top1_err": 24.21875, "top5_err": 3.12500}
[02/26 14:13:21][INFO] logging.py:   99: json_stats: {"_type": "val_iter", "epoch": "43/48", "eta": "0:03:04", "gpu_mem": "77.43G", "iter": "410/853", "time_diff": 0.41608, "top1_err": 27.34375, "top5_err": 2.34375}
[02/26 14:13:40][INFO] logging.py:   99: json_stats: {"_type": "val_iter", "epoch": "43/48", "eta": "0:29:34", "gpu_mem": "77.43G", "iter": "420/853", "time_diff": 4.09880, "top1_err": 26.56250, "top5_err": 4.68750}
[02/26 14:14:07][INFO] logging.py:   99: json_stats: {"_type": "val_iter", "epoch": "43/48", "eta": "0:02:45", "gpu_mem": "77.43G", "iter": "430/853", "time_diff": 0.39142, "top1_err": 25.78125, "top5_err": 3.90625}
[02/26 14:14:24][INFO] logging.py:   99: json_stats: {"_type": "val_iter", "epoch": "43/48", "eta": "0:02:49", "gpu_mem": "77.43G", "iter": "440/853", "time_diff": 0.41019, "top1_err": 21.09375, "top5_err": 3.12500}
[02/26 14:14:39][INFO] logging.py:   99: json_stats: {"_type": "val_iter", "epoch": "43/48", "eta": "0:02:51", "gpu_mem": "77.43G", "iter": "450/853", "time_diff": 0.42488, "top1_err": 21.09375, "top5_err": 2.34375}
[02/26 14:14:58][INFO] logging.py:   99: json_stats: {"_type": "val_iter", "epoch": "43/48", "eta": "0:36:40", "gpu_mem": "77.43G", "iter": "460/853", "time_diff": 5.59969, "top1_err": 23.43750, "top5_err": 4.68750}
[02/26 14:15:23][INFO] logging.py:   99: json_stats: {"_type": "val_iter", "epoch": "43/48", "eta": "0:02:35", "gpu_mem": "77.43G", "iter": "470/853", "time_diff": 0.40546, "top1_err": 24.21875, "top5_err": 3.12500}
[02/26 14:15:37][INFO] logging.py:   99: json_stats: {"_type": "val_iter", "epoch": "43/48", "eta": "0:02:38", "gpu_mem": "77.43G", "iter": "480/853", "time_diff": 0.42400, "top1_err": 26.56250, "top5_err": 3.12500}
[02/26 14:15:56][INFO] logging.py:   99: json_stats: {"_type": "val_iter", "epoch": "43/48", "eta": "0:02:32", "gpu_mem": "77.43G", "iter": "490/853", "time_diff": 0.42141, "top1_err": 22.65625, "top5_err": 3.12500}
[02/26 14:16:19][INFO] logging.py:   99: json_stats: {"_type": "val_iter", "epoch": "43/48", "eta": "0:38:48", "gpu_mem": "77.43G", "iter": "500/853", "time_diff": 6.59751, "top1_err": 26.56250, "top5_err": 3.12500}
[02/26 14:16:43][INFO] logging.py:   99: json_stats: {"_type": "val_iter", "epoch": "43/48", "eta": "0:02:17", "gpu_mem": "77.43G", "iter": "510/853", "time_diff": 0.40013, "top1_err": 25.78125, "top5_err": 3.90625}
[02/26 14:17:00][INFO] logging.py:   99: json_stats: {"_type": "val_iter", "epoch": "43/48", "eta": "0:02:18", "gpu_mem": "77.43G", "iter": "520/853", "time_diff": 0.41445, "top1_err": 23.43750, "top5_err": 3.12500}
[02/26 14:17:16][INFO] logging.py:   99: json_stats: {"_type": "val_iter", "epoch": "43/48", "eta": "0:02:14", "gpu_mem": "77.43G", "iter": "530/853", "time_diff": 0.41589, "top1_err": 24.21875, "top5_err": 1.56250}
[02/26 14:17:36][INFO] logging.py:   99: json_stats: {"_type": "val_iter", "epoch": "43/48", "eta": "0:29:02", "gpu_mem": "77.43G", "iter": "540/853", "time_diff": 5.56658, "top1_err": 27.34375, "top5_err": 4.68750}
[02/26 14:17:58][INFO] logging.py:   99: json_stats: {"_type": "val_iter", "epoch": "43/48", "eta": "0:02:04", "gpu_mem": "77.43G", "iter": "550/853", "time_diff": 0.41026, "top1_err": 25.00000, "top5_err": 3.90625}
[02/26 14:18:12][INFO] logging.py:   99: json_stats: {"_type": "val_iter", "epoch": "43/48", "eta": "0:02:03", "gpu_mem": "77.43G", "iter": "560/853", "time_diff": 0.42230, "top1_err": 25.00000, "top5_err": 1.56250}
[02/26 14:18:29][INFO] logging.py:   99: json_stats: {"_type": "val_iter", "epoch": "43/48", "eta": "0:01:58", "gpu_mem": "77.43G", "iter": "570/853", "time_diff": 0.41737, "top1_err": 22.65625, "top5_err": 4.68750}
[02/26 14:18:50][INFO] logging.py:   99: json_stats: {"_type": "val_iter", "epoch": "43/48", "eta": "0:21:27", "gpu_mem": "77.43G", "iter": "580/853", "time_diff": 4.71754, "top1_err": 25.78125, "top5_err": 4.68750}
[02/26 14:19:15][INFO] logging.py:   99: json_stats: {"_type": "val_iter", "epoch": "43/48", "eta": "0:01:45", "gpu_mem": "77.43G", "iter": "590/853", "time_diff": 0.40144, "top1_err": 27.34375, "top5_err": 4.68750}
[02/26 14:19:33][INFO] logging.py:   99: json_stats: {"_type": "val_iter", "epoch": "43/48", "eta": "0:01:41", "gpu_mem": "77.43G", "iter": "600/853", "time_diff": 0.40203, "top1_err": 25.78125, "top5_err": 3.90625}
[02/26 14:19:48][INFO] logging.py:   99: json_stats: {"_type": "val_iter", "epoch": "43/48", "eta": "0:01:42", "gpu_mem": "77.43G", "iter": "610/853", "time_diff": 0.42038, "top1_err": 26.56250, "top5_err": 3.90625}
[02/26 14:20:08][INFO] logging.py:   99: json_stats: {"_type": "val_iter", "epoch": "43/48", "eta": "0:01:37", "gpu_mem": "77.43G", "iter": "620/853", "time_diff": 0.41792, "top1_err": 21.87500, "top5_err": 3.90625}
[02/26 14:20:37][INFO] logging.py:   99: json_stats: {"_type": "val_iter", "epoch": "43/48", "eta": "0:01:28", "gpu_mem": "77.43G", "iter": "630/853", "time_diff": 0.39497, "top1_err": 24.21875, "top5_err": 3.90625}
[02/26 14:20:52][INFO] logging.py:   99: json_stats: {"_type": "val_iter", "epoch": "43/48", "eta": "0:01:31", "gpu_mem": "77.43G", "iter": "640/853", "time_diff": 0.42891, "top1_err": 23.43750, "top5_err": 3.90625}
[02/26 14:21:10][INFO] logging.py:   99: json_stats: {"_type": "val_iter", "epoch": "43/48", "eta": "0:01:24", "gpu_mem": "77.43G", "iter": "650/853", "time_diff": 0.41654, "top1_err": 27.34375, "top5_err": 2.34375}
[02/26 14:21:29][INFO] logging.py:   99: json_stats: {"_type": "val_iter", "epoch": "43/48", "eta": "0:01:20", "gpu_mem": "77.43G", "iter": "660/853", "time_diff": 0.41857, "top1_err": 24.21875, "top5_err": 1.56250}
[02/26 14:21:51][INFO] logging.py:   99: json_stats: {"_type": "val_iter", "epoch": "43/48", "eta": "0:01:15", "gpu_mem": "77.43G", "iter": "670/853", "time_diff": 0.41405, "top1_err": 24.21875, "top5_err": 3.90625}
[02/26 14:22:07][INFO] logging.py:   99: json_stats: {"_type": "val_iter", "epoch": "43/48", "eta": "0:01:13", "gpu_mem": "77.43G", "iter": "680/853", "time_diff": 0.42537, "top1_err": 26.56250, "top5_err": 4.68750}
[02/26 14:22:22][INFO] logging.py:   99: json_stats: {"_type": "val_iter", "epoch": "43/48", "eta": "0:01:08", "gpu_mem": "77.43G", "iter": "690/853", "time_diff": 0.42153, "top1_err": 25.00000, "top5_err": 2.34375}
[02/26 14:22:48][INFO] logging.py:   99: json_stats: {"_type": "val_iter", "epoch": "43/48", "eta": "0:16:57", "gpu_mem": "77.43G", "iter": "700/853", "time_diff": 6.65140, "top1_err": 24.21875, "top5_err": 3.12500}
[02/26 14:23:09][INFO] logging.py:   99: json_stats: {"_type": "val_iter", "epoch": "43/48", "eta": "0:00:57", "gpu_mem": "77.43G", "iter": "710/853", "time_diff": 0.40242, "top1_err": 21.87500, "top5_err": 3.90625}
[02/26 14:23:25][INFO] logging.py:   99: json_stats: {"_type": "val_iter", "epoch": "43/48", "eta": "0:00:54", "gpu_mem": "77.43G", "iter": "720/853", "time_diff": 0.40665, "top1_err": 25.78125, "top5_err": 3.12500}
[02/26 14:23:39][INFO] logging.py:   99: json_stats: {"_type": "val_iter", "epoch": "43/48", "eta": "0:00:52", "gpu_mem": "77.43G", "iter": "730/853", "time_diff": 0.42332, "top1_err": 22.65625, "top5_err": 3.12500}
[02/26 14:24:06][INFO] logging.py:   99: json_stats: {"_type": "val_iter", "epoch": "43/48", "eta": "0:00:47", "gpu_mem": "77.43G", "iter": "740/853", "time_diff": 0.41616, "top1_err": 23.43750, "top5_err": 3.90625}
[02/26 14:24:25][INFO] logging.py:   99: json_stats: {"_type": "val_iter", "epoch": "43/48", "eta": "0:00:41", "gpu_mem": "77.43G", "iter": "750/853", "time_diff": 0.40645, "top1_err": 25.00000, "top5_err": 3.12500}
[02/26 14:24:39][INFO] logging.py:   99: json_stats: {"_type": "val_iter", "epoch": "43/48", "eta": "0:00:39", "gpu_mem": "77.43G", "iter": "760/853", "time_diff": 0.42570, "top1_err": 19.53125, "top5_err": 2.34375}
[02/26 14:24:56][INFO] logging.py:   99: json_stats: {"_type": "val_iter", "epoch": "43/48", "eta": "0:00:35", "gpu_mem": "77.43G", "iter": "770/853", "time_diff": 0.42392, "top1_err": 23.43750, "top5_err": 3.12500}
[02/26 14:25:21][INFO] logging.py:   99: json_stats: {"_type": "val_iter", "epoch": "43/48", "eta": "0:00:41", "gpu_mem": "77.43G", "iter": "780/853", "time_diff": 0.56572, "top1_err": 25.78125, "top5_err": 2.34375}
[02/26 14:25:38][INFO] logging.py:   99: json_stats: {"_type": "val_iter", "epoch": "43/48", "eta": "0:00:26", "gpu_mem": "77.43G", "iter": "790/853", "time_diff": 0.41283, "top1_err": 25.78125, "top5_err": 3.12500}
[02/26 14:25:55][INFO] logging.py:   99: json_stats: {"_type": "val_iter", "epoch": "43/48", "eta": "0:00:22", "gpu_mem": "77.43G", "iter": "800/853", "time_diff": 0.42237, "top1_err": 21.87500, "top5_err": 3.12500}
[02/26 14:26:12][INFO] logging.py:   99: json_stats: {"_type": "val_iter", "epoch": "43/48", "eta": "0:00:18", "gpu_mem": "77.43G", "iter": "810/853", "time_diff": 0.42596, "top1_err": 26.56250, "top5_err": 3.12500}
[02/26 14:26:37][INFO] logging.py:   99: json_stats: {"_type": "val_iter", "epoch": "43/48", "eta": "0:01:25", "gpu_mem": "77.43G", "iter": "820/853", "time_diff": 2.60575, "top1_err": 21.09375, "top5_err": 3.12500}
[02/26 14:26:55][INFO] logging.py:   99: json_stats: {"_type": "val_iter", "epoch": "43/48", "eta": "0:00:09", "gpu_mem": "77.43G", "iter": "830/853", "time_diff": 0.41801, "top1_err": 23.43750, "top5_err": 3.12500}
[02/26 14:27:12][INFO] logging.py:   99: json_stats: {"_type": "val_iter", "epoch": "43/48", "eta": "0:00:05", "gpu_mem": "77.43G", "iter": "840/853", "time_diff": 0.39964, "top1_err": 21.87500, "top5_err": 3.12500}
[02/26 14:27:29][INFO] logging.py:   99: json_stats: {"_type": "val_iter", "epoch": "43/48", "eta": "0:00:01", "gpu_mem": "77.43G", "iter": "850/853", "time_diff": 0.37713, "top1_err": 26.56250, "top5_err": 3.12500}
[02/26 14:27:38][INFO] logging.py:   99: json_stats: {"RAM": "442.73/856.58G", "_type": "val_epoch", "epoch": "43/48", "gpu_mem": "77.43G", "min_top1_err": 23.95169, "min_top5_err": 3.61777, "time_diff": 0.93231, "top1_err": 24.26692, "top5_err": 3.68741}
[02/26 14:28:35][INFO] logging.py:   99: json_stats: {"_type": "train_iter_", "dt": 1.45535, "dt_data": 0.00043, "dt_net": 1.45491, "epoch": "44/48", "eta": "2:36:56", "gpu_mem": "77.43G", "grad_norm": 3.42279, "iter": "10/1296", "loss": 0.30896, "lr": 0.00000, "top1_err": 11.71875, "top5_err": 0.00000}
[02/26 14:28:53][INFO] logging.py:   99: json_stats: {"_type": "train_iter_", "dt": 1.44961, "dt_data": 0.00048, "dt_net": 1.44913, "epoch": "44/48", "eta": "2:36:04", "gpu_mem": "77.43G", "grad_norm": 2.62431, "iter": "20/1296", "loss": 0.24611, "lr": 0.00000, "top1_err": 9.37500, "top5_err": 0.00000}
[02/26 14:29:13][INFO] logging.py:   99: json_stats: {"_type": "train_iter_", "dt": 1.44889, "dt_data": 0.00060, "dt_net": 1.44829, "epoch": "44/48", "eta": "2:35:45", "gpu_mem": "77.43G", "grad_norm": 3.19036, "iter": "30/1296", "loss": 0.25209, "lr": 0.00000, "top1_err": 10.93750, "top5_err": 0.00000}
[02/26 14:29:29][INFO] logging.py:   99: json_stats: {"_type": "train_iter_", "dt": 1.45299, "dt_data": 0.00048, "dt_net": 1.45250, "epoch": "44/48", "eta": "2:35:57", "gpu_mem": "77.43G", "grad_norm": 2.42265, "iter": "40/1296", "loss": 0.20804, "lr": 0.00000, "top1_err": 7.81250, "top5_err": 0.00000}
[02/26 14:29:48][INFO] logging.py:   99: json_stats: {"_type": "train_iter_", "dt": 1.45613, "dt_data": 0.00094, "dt_net": 1.45519, "epoch": "44/48", "eta": "2:36:02", "gpu_mem": "77.43G", "grad_norm": 4.55719, "iter": "50/1296", "loss": 0.22894, "lr": 0.00000, "top1_err": 8.59375, "top5_err": 0.00000}
[02/26 14:30:06][INFO] logging.py:   99: json_stats: {"_type": "train_iter_", "dt": 1.47074, "dt_data": 0.00112, "dt_net": 1.46962, "epoch": "44/48", "eta": "2:37:22", "gpu_mem": "77.43G", "grad_norm": 2.42177, "iter": "60/1296", "loss": 0.27869, "lr": 0.00000, "top1_err": 9.37500, "top5_err": 0.00000}
[02/26 14:30:24][INFO] logging.py:   99: json_stats: {"_type": "train_iter_", "dt": 1.45163, "dt_data": 0.00103, "dt_net": 1.45060, "epoch": "44/48", "eta": "2:35:04", "gpu_mem": "77.43G", "grad_norm": 3.68243, "iter": "70/1296", "loss": 0.29790, "lr": 0.00000, "top1_err": 9.37500, "top5_err": 0.00000}
[02/26 14:30:42][INFO] logging.py:   99: json_stats: {"_type": "train_iter_", "dt": 1.45587, "dt_data": 0.00061, "dt_net": 1.45526, "epoch": "44/48", "eta": "2:35:17", "gpu_mem": "77.43G", "grad_norm": 6.67985, "iter": "80/1296", "loss": 0.26096, "lr": 0.00000, "top1_err": 10.15625, "top5_err": 0.00000}
[02/26 14:31:00][INFO] logging.py:   99: json_stats: {"_type": "train_iter_", "dt": 1.45263, "dt_data": 0.00134, "dt_net": 1.45128, "epoch": "44/48", "eta": "2:34:42", "gpu_mem": "77.43G", "grad_norm": 5.60230, "iter": "90/1296", "loss": 0.25331, "lr": 0.00000, "top1_err": 10.93750, "top5_err": 0.00000}
[02/26 14:31:19][INFO] logging.py:   99: json_stats: {"_type": "train_iter_", "dt": 1.45232, "dt_data": 0.00136, "dt_net": 1.45096, "epoch": "44/48", "eta": "2:34:25", "gpu_mem": "77.43G", "grad_norm": 4.59603, "iter": "100/1296", "loss": 0.27901, "lr": 0.00000, "top1_err": 7.81250, "top5_err": 0.00000}
[02/26 14:31:37][INFO] logging.py:   99: json_stats: {"_type": "train_iter_", "dt": 1.45563, "dt_data": 0.00039, "dt_net": 1.45524, "epoch": "44/48", "eta": "2:34:32", "gpu_mem": "77.43G", "grad_norm": 3.00889, "iter": "110/1296", "loss": 0.25604, "lr": 0.00000, "top1_err": 9.37500, "top5_err": 0.00000}
[02/26 14:31:55][INFO] logging.py:   99: json_stats: {"_type": "train_iter_", "dt": 1.45491, "dt_data": 0.00077, "dt_net": 1.45413, "epoch": "44/48", "eta": "2:34:13", "gpu_mem": "77.43G", "grad_norm": 2.03601, "iter": "120/1296", "loss": 0.23971, "lr": 0.00000, "top1_err": 9.37500, "top5_err": 0.00000}
[02/26 14:32:15][INFO] logging.py:   99: json_stats: {"_type": "train_iter_", "dt": 1.44676, "dt_data": 0.00050, "dt_net": 1.44626, "epoch": "44/48", "eta": "2:33:06", "gpu_mem": "77.43G", "grad_norm": 1.92724, "iter": "130/1296", "loss": 0.27132, "lr": 0.00000, "top1_err": 8.59375, "top5_err": 0.00000}
[02/26 14:32:31][INFO] logging.py:   99: json_stats: {"_type": "train_iter_", "dt": 1.45583, "dt_data": 0.00125, "dt_net": 1.45458, "epoch": "44/48", "eta": "2:33:49", "gpu_mem": "77.43G", "grad_norm": 3.61776, "iter": "140/1296", "loss": 0.26485, "lr": 0.00000, "top1_err": 8.59375, "top5_err": 0.00000}
[02/26 14:32:47][INFO] logging.py:   99: json_stats: {"_type": "train_iter_", "dt": 1.45366, "dt_data": 0.00032, "dt_net": 1.45334, "epoch": "44/48", "eta": "2:33:21", "gpu_mem": "77.43G", "grad_norm": 3.90123, "iter": "150/1296", "loss": 0.29092, "lr": 0.00000, "top1_err": 10.93750, "top5_err": 0.00000}
[02/26 14:33:04][INFO] logging.py:   99: json_stats: {"_type": "train_iter_", "dt": 1.45916, "dt_data": 0.00090, "dt_net": 1.45825, "epoch": "44/48", "eta": "2:33:41", "gpu_mem": "77.43G", "grad_norm": 5.40216, "iter": "160/1296", "loss": 0.24968, "lr": 0.00000, "top1_err": 7.03125, "top5_err": 0.00000}
[02/26 14:33:22][INFO] logging.py:   99: json_stats: {"_type": "train_iter_", "dt": 1.44434, "dt_data": 0.00038, "dt_net": 1.44395, "epoch": "44/48", "eta": "2:31:53", "gpu_mem": "77.43G", "grad_norm": 2.74456, "iter": "170/1296", "loss": 0.23122, "lr": 0.00000, "top1_err": 9.37500, "top5_err": 0.00000}
[02/26 14:33:37][INFO] logging.py:   99: json_stats: {"_type": "train_iter_", "dt": 1.46292, "dt_data": 0.00106, "dt_net": 1.46186, "epoch": "44/48", "eta": "2:33:36", "gpu_mem": "77.43G", "grad_norm": 2.52106, "iter": "180/1296", "loss": 0.20263, "lr": 0.00000, "top1_err": 7.81250, "top5_err": 0.00000}
[02/26 14:33:57][INFO] logging.py:   99: json_stats: {"_type": "train_iter_", "dt": 1.44874, "dt_data": 0.00055, "dt_net": 1.44818, "epoch": "44/48", "eta": "2:31:52", "gpu_mem": "77.43G", "grad_norm": 2.58080, "iter": "190/1296", "loss": 0.21844, "lr": 0.00000, "top1_err": 7.03125, "top5_err": 0.00000}
[02/26 14:34:16][INFO] logging.py:   99: json_stats: {"_type": "train_iter_", "dt": 1.45192, "dt_data": 0.00117, "dt_net": 1.45076, "epoch": "44/48", "eta": "2:31:58", "gpu_mem": "77.43G", "grad_norm": 5.77621, "iter": "200/1296", "loss": 0.30270, "lr": 0.00000, "top1_err": 10.93750, "top5_err": 0.00000}
[02/26 14:34:34][INFO] logging.py:   99: json_stats: {"_type": "train_iter_", "dt": 1.45212, "dt_data": 0.00063, "dt_net": 1.45148, "epoch": "44/48", "eta": "2:31:44", "gpu_mem": "77.43G", "grad_norm": 4.71544, "iter": "210/1296", "loss": 0.27048, "lr": 0.00000, "top1_err": 9.37500, "top5_err": 0.00000}
[02/26 14:34:48][INFO] logging.py:   99: json_stats: {"_type": "train_iter_", "dt": 1.45894, "dt_data": 0.00118, "dt_net": 1.45775, "epoch": "44/48", "eta": "2:32:12", "gpu_mem": "77.43G", "grad_norm": 2.84757, "iter": "220/1296", "loss": 0.24365, "lr": 0.00000, "top1_err": 9.37500, "top5_err": 0.00000}
[02/26 14:35:03][INFO] logging.py:   99: json_stats: {"_type": "train_iter_", "dt": 1.46047, "dt_data": 0.00134, "dt_net": 1.45912, "epoch": "44/48", "eta": "2:32:07", "gpu_mem": "77.43G", "grad_norm": 3.16910, "iter": "230/1296", "loss": 0.22778, "lr": 0.00000, "top1_err": 7.03125, "top5_err": 0.00000}
[02/26 14:35:20][INFO] logging.py:   99: json_stats: {"_type": "train_iter_", "dt": 1.45697, "dt_data": 0.00035, "dt_net": 1.45662, "epoch": "44/48", "eta": "2:31:31", "gpu_mem": "77.43G", "grad_norm": 3.66441, "iter": "240/1296", "loss": 0.26072, "lr": 0.00000, "top1_err": 9.37500, "top5_err": 0.00000}
[02/26 14:35:44][INFO] logging.py:   99: json_stats: {"_type": "train_iter_", "dt": 5.76952, "dt_data": 0.00040, "dt_net": 5.76912, "epoch": "44/48", "eta": "9:59:04", "gpu_mem": "77.43G", "grad_norm": 2.92963, "iter": "250/1296", "loss": 0.23828, "lr": 0.00000, "top1_err": 9.37500, "top5_err": 0.00000}
[02/26 14:36:01][INFO] logging.py:   99: json_stats: {"_type": "train_iter_", "dt": 1.45792, "dt_data": 0.00064, "dt_net": 1.45727, "epoch": "44/48", "eta": "2:31:08", "gpu_mem": "77.43G", "grad_norm": 3.28125, "iter": "260/1296", "loss": 0.21645, "lr": 0.00000, "top1_err": 9.37500, "top5_err": 0.00000}
[02/26 14:36:19][INFO] logging.py:   99: json_stats: {"_type": "train_iter_", "dt": 1.46980, "dt_data": 0.00044, "dt_net": 1.46936, "epoch": "44/48", "eta": "2:32:07", "gpu_mem": "77.43G", "grad_norm": 3.04480, "iter": "270/1296", "loss": 0.27681, "lr": 0.00000, "top1_err": 10.93750, "top5_err": 0.00000}
[02/26 14:36:36][INFO] logging.py:   99: json_stats: {"_type": "train_iter_", "dt": 1.45524, "dt_data": 0.00057, "dt_net": 1.45466, "epoch": "44/48", "eta": "2:30:22", "gpu_mem": "77.43G", "grad_norm": 3.04703, "iter": "280/1296", "loss": 0.23116, "lr": 0.00000, "top1_err": 8.59375, "top5_err": 0.00000}
[02/26 14:37:02][INFO] logging.py:   99: json_stats: {"_type": "train_iter_", "dt": 10.12119, "dt_data": 0.00114, "dt_net": 10.12005, "epoch": "44/48", "eta": "17:24:10", "gpu_mem": "77.43G", "grad_norm": 5.99539, "iter": "290/1296", "loss": 0.23700, "lr": 0.00000, "top1_err": 9.37500, "top5_err": 0.00000}
[02/26 14:37:20][INFO] logging.py:   99: json_stats: {"_type": "train_iter_", "dt": 1.45040, "dt_data": 0.00091, "dt_net": 1.44949, "epoch": "44/48", "eta": "2:29:23", "gpu_mem": "77.43G", "grad_norm": 4.59221, "iter": "300/1296", "loss": 0.22800, "lr": 0.00000, "top1_err": 10.15625, "top5_err": 0.00000}
[02/26 14:37:36][INFO] logging.py:   99: json_stats: {"_type": "train_iter_", "dt": 1.46125, "dt_data": 0.00062, "dt_net": 1.46063, "epoch": "44/48", "eta": "2:30:15", "gpu_mem": "77.43G", "grad_norm": 3.51431, "iter": "310/1296", "loss": 0.21139, "lr": 0.00000, "top1_err": 7.81250, "top5_err": 0.00000}
[02/26 14:37:53][INFO] logging.py:   99: json_stats: {"_type": "train_iter_", "dt": 1.45167, "dt_data": 0.00037, "dt_net": 1.45130, "epoch": "44/48", "eta": "2:29:02", "gpu_mem": "77.43G", "grad_norm": 4.36677, "iter": "320/1296", "loss": 0.27221, "lr": 0.00000, "top1_err": 10.93750, "top5_err": 0.00000}
[02/26 14:38:12][INFO] logging.py:   99: json_stats: {"_type": "train_iter_", "dt": 2.75890, "dt_data": 0.00141, "dt_net": 2.75749, "epoch": "44/48", "eta": "4:42:47", "gpu_mem": "77.43G", "grad_norm": 3.89342, "iter": "330/1296", "loss": 0.19874, "lr": 0.00000, "top1_err": 7.03125, "top5_err": 0.00000}
[02/26 14:38:29][INFO] logging.py:   99: json_stats: {"_type": "train_iter_", "dt": 1.45111, "dt_data": 0.00097, "dt_net": 1.45013, "epoch": "44/48", "eta": "2:28:29", "gpu_mem": "77.43G", "grad_norm": 4.25800, "iter": "340/1296", "loss": 0.22510, "lr": 0.00000, "top1_err": 10.15625, "top5_err": 0.00000}
[02/26 14:38:46][INFO] logging.py:   99: json_stats: {"_type": "train_iter_", "dt": 1.45210, "dt_data": 0.00037, "dt_net": 1.45173, "epoch": "44/48", "eta": "2:28:21", "gpu_mem": "77.43G", "grad_norm": 2.77560, "iter": "350/1296", "loss": 0.24902, "lr": 0.00000, "top1_err": 9.37500, "top5_err": 0.00000}
[02/26 14:39:04][INFO] logging.py:   99: json_stats: {"_type": "train_iter_", "dt": 1.45338, "dt_data": 0.00065, "dt_net": 1.45273, "epoch": "44/48", "eta": "2:28:14", "gpu_mem": "77.43G", "grad_norm": 2.31345, "iter": "360/1296", "loss": 0.29368, "lr": 0.00000, "top1_err": 11.71875, "top5_err": 0.00000}
[02/26 14:39:25][INFO] logging.py:   99: json_stats: {"_type": "train_iter_", "dt": 3.98348, "dt_data": 0.00044, "dt_net": 3.98304, "epoch": "44/48", "eta": "6:45:39", "gpu_mem": "77.43G", "grad_norm": 4.23850, "iter": "370/1296", "loss": 0.23279, "lr": 0.00000, "top1_err": 8.59375, "top5_err": 0.00000}
[02/26 14:39:44][INFO] logging.py:   99: json_stats: {"_type": "train_iter_", "dt": 1.45010, "dt_data": 0.00048, "dt_net": 1.44962, "epoch": "44/48", "eta": "2:27:25", "gpu_mem": "77.43G", "grad_norm": 3.17587, "iter": "380/1296", "loss": 0.27785, "lr": 0.00000, "top1_err": 9.37500, "top5_err": 0.00000}
[02/26 14:39:59][INFO] logging.py:   99: json_stats: {"_type": "train_iter_", "dt": 1.45928, "dt_data": 0.00045, "dt_net": 1.45883, "epoch": "44/48", "eta": "2:28:07", "gpu_mem": "77.43G", "grad_norm": 3.24041, "iter": "390/1296", "loss": 0.27926, "lr": 0.00000, "top1_err": 10.93750, "top5_err": 0.00000}
[02/26 14:40:14][INFO] logging.py:   99: json_stats: {"_type": "train_iter_", "dt": 1.45504, "dt_data": 0.00039, "dt_net": 1.45464, "epoch": "44/48", "eta": "2:27:26", "gpu_mem": "77.43G", "grad_norm": 2.98098, "iter": "400/1296", "loss": 0.22649, "lr": 0.00000, "top1_err": 8.59375, "top5_err": 0.00000}
[02/26 14:40:29][INFO] logging.py:   99: json_stats: {"_type": "train_iter_", "dt": 1.46132, "dt_data": 0.00052, "dt_net": 1.46080, "epoch": "44/48", "eta": "2:27:50", "gpu_mem": "77.43G", "grad_norm": 4.00345, "iter": "410/1296", "loss": 0.23511, "lr": 0.00000, "top1_err": 9.37500, "top5_err": 0.00000}
[02/26 14:40:46][INFO] logging.py:   99: json_stats: {"_type": "train_iter_", "dt": 1.45452, "dt_data": 0.00046, "dt_net": 1.45405, "epoch": "44/48", "eta": "2:26:54", "gpu_mem": "77.43G", "grad_norm": 3.82212, "iter": "420/1296", "loss": 0.22197, "lr": 0.00000, "top1_err": 9.37500, "top5_err": 0.00000}
[02/26 14:41:03][INFO] logging.py:   99: json_stats: {"_type": "train_iter_", "dt": 1.45699, "dt_data": 0.00045, "dt_net": 1.45650, "epoch": "44/48", "eta": "2:26:54", "gpu_mem": "77.43G", "grad_norm": 3.22139, "iter": "430/1296", "loss": 0.20394, "lr": 0.00000, "top1_err": 7.81250, "top5_err": 0.00000}
[02/26 14:41:24][INFO] logging.py:   99: json_stats: {"_type": "train_iter_", "dt": 1.46680, "dt_data": 0.00048, "dt_net": 1.46633, "epoch": "44/48", "eta": "2:27:39", "gpu_mem": "77.43G", "grad_norm": 2.32014, "iter": "440/1296", "loss": 0.20572, "lr": 0.00000, "top1_err": 8.59375, "top5_err": 0.00000}
[02/26 14:41:41][INFO] logging.py:   99: json_stats: {"_type": "train_iter_", "dt": 1.90072, "dt_data": 0.00066, "dt_net": 1.90005, "epoch": "44/48", "eta": "3:11:01", "gpu_mem": "77.43G", "grad_norm": 4.14908, "iter": "450/1296", "loss": 0.24883, "lr": 0.00000, "top1_err": 9.37500, "top5_err": 0.00000}
[02/26 14:41:56][INFO] logging.py:   99: json_stats: {"_type": "train_iter_", "dt": 1.45823, "dt_data": 0.00059, "dt_net": 1.45763, "epoch": "44/48", "eta": "2:26:18", "gpu_mem": "77.43G", "grad_norm": 3.13796, "iter": "460/1296", "loss": 0.28600, "lr": 0.00000, "top1_err": 10.15625, "top5_err": 0.00000}
[02/26 14:42:16][INFO] logging.py:   99: json_stats: {"_type": "train_iter_", "dt": 3.19481, "dt_data": 0.00034, "dt_net": 3.19448, "epoch": "44/48", "eta": "5:20:00", "gpu_mem": "77.43G", "grad_norm": 3.63689, "iter": "470/1296", "loss": 0.23667, "lr": 0.00000, "top1_err": 9.37500, "top5_err": 0.00000}
[02/26 14:42:35][INFO] logging.py:   99: json_stats: {"_type": "train_iter_", "dt": 1.44553, "dt_data": 0.00090, "dt_net": 1.44463, "epoch": "44/48", "eta": "2:24:33", "gpu_mem": "77.43G", "grad_norm": 4.05912, "iter": "480/1296", "loss": 0.29798, "lr": 0.00000, "top1_err": 9.37500, "top5_err": 0.00000}
[02/26 14:42:56][INFO] logging.py:   99: json_stats: {"_type": "train_iter_", "dt": 1.44856, "dt_data": 0.00065, "dt_net": 1.44791, "epoch": "44/48", "eta": "2:24:36", "gpu_mem": "77.43G", "grad_norm": 4.42817, "iter": "490/1296", "loss": 0.23224, "lr": 0.00000, "top1_err": 8.59375, "top5_err": 0.00000}
[02/26 14:43:11][INFO] logging.py:   99: json_stats: {"_type": "train_iter_", "dt": 1.45399, "dt_data": 0.00036, "dt_net": 1.45364, "epoch": "44/48", "eta": "2:24:54", "gpu_mem": "77.43G", "grad_norm": 4.92991, "iter": "500/1296", "loss": 0.28244, "lr": 0.00000, "top1_err": 10.15625, "top5_err": 0.00000}
[02/26 14:43:31][INFO] logging.py:   99: json_stats: {"_type": "train_iter_", "dt": 3.31884, "dt_data": 0.00034, "dt_net": 3.31849, "epoch": "44/48", "eta": "5:30:13", "gpu_mem": "77.43G", "grad_norm": 3.31592, "iter": "510/1296", "loss": 0.25852, "lr": 0.00000, "top1_err": 9.37500, "top5_err": 0.00000}
[02/26 14:43:47][INFO] logging.py:   99: json_stats: {"_type": "train_iter_", "dt": 1.45367, "dt_data": 0.00125, "dt_net": 1.45242, "epoch": "44/48", "eta": "2:24:23", "gpu_mem": "77.43G", "grad_norm": 5.02697, "iter": "520/1296", "loss": 0.26250, "lr": 0.00000, "top1_err": 7.03125, "top5_err": 0.00000}
[02/26 14:44:01][INFO] logging.py:   99: json_stats: {"_type": "train_iter_", "dt": 1.45887, "dt_data": 0.00039, "dt_net": 1.45848, "epoch": "44/48", "eta": "2:24:40", "gpu_mem": "77.43G", "grad_norm": 2.83418, "iter": "530/1296", "loss": 0.26572, "lr": 0.00000, "top1_err": 10.93750, "top5_err": 0.00000}
[02/26 14:44:19][INFO] logging.py:   99: json_stats: {"_type": "train_iter_", "dt": 1.45488, "dt_data": 0.00034, "dt_net": 1.45454, "epoch": "44/48", "eta": "2:24:02", "gpu_mem": "77.43G", "grad_norm": 3.90434, "iter": "540/1296", "loss": 0.28967, "lr": 0.00000, "top1_err": 10.15625, "top5_err": 0.00000}
[02/26 14:44:38][INFO] logging.py:   99: json_stats: {"_type": "train_iter_", "dt": 1.45892, "dt_data": 0.00042, "dt_net": 1.45849, "epoch": "44/48", "eta": "2:24:11", "gpu_mem": "77.43G", "grad_norm": 3.34240, "iter": "550/1296", "loss": 0.20111, "lr": 0.00000, "top1_err": 6.25000, "top5_err": 0.00000}
[02/26 14:44:55][INFO] logging.py:   99: json_stats: {"_type": "train_iter_", "dt": 1.45389, "dt_data": 0.00051, "dt_net": 1.45337, "epoch": "44/48", "eta": "2:23:27", "gpu_mem": "77.43G", "grad_norm": 3.71885, "iter": "560/1296", "loss": 0.21337, "lr": 0.00000, "top1_err": 7.81250, "top5_err": 0.00000}
[02/26 14:45:16][INFO] logging.py:   99: json_stats: {"_type": "train_iter_", "dt": 3.85827, "dt_data": 2.41046, "dt_net": 1.44780, "epoch": "44/48", "eta": "6:20:02", "gpu_mem": "77.43G", "grad_norm": 2.32662, "iter": "570/1296", "loss": 0.27873, "lr": 0.00000, "top1_err": 10.15625, "top5_err": 0.00000}
[02/26 14:45:31][INFO] logging.py:   99: json_stats: {"_type": "train_iter_", "dt": 1.45775, "dt_data": 0.00087, "dt_net": 1.45688, "epoch": "44/48", "eta": "2:23:20", "gpu_mem": "77.43G", "grad_norm": 4.18699, "iter": "580/1296", "loss": 0.24785, "lr": 0.00000, "top1_err": 10.15625, "top5_err": 0.00000}
[02/26 14:45:47][INFO] logging.py:   99: json_stats: {"_type": "train_iter_", "dt": 1.45732, "dt_data": 0.00043, "dt_net": 1.45688, "epoch": "44/48", "eta": "2:23:03", "gpu_mem": "77.43G", "grad_norm": 4.00733, "iter": "590/1296", "loss": 0.30736, "lr": 0.00000, "top1_err": 10.93750, "top5_err": 0.00000}
[02/26 14:46:04][INFO] logging.py:   99: json_stats: {"_type": "train_iter_", "dt": 1.45503, "dt_data": 0.00068, "dt_net": 1.45435, "epoch": "44/48", "eta": "2:22:35", "gpu_mem": "77.43G", "grad_norm": 4.73622, "iter": "600/1296", "loss": 0.27203, "lr": 0.00000, "top1_err": 9.37500, "top5_err": 0.00000}
[02/26 14:46:28][INFO] logging.py:   99: json_stats: {"_type": "train_iter_", "dt": 7.70985, "dt_data": 6.26946, "dt_net": 1.44039, "epoch": "44/48", "eta": "12:34:16", "gpu_mem": "77.43G", "grad_norm": 2.66884, "iter": "610/1296", "loss": 0.25446, "lr": 0.00000, "top1_err": 8.59375, "top5_err": 0.00000}
[02/26 14:46:45][INFO] logging.py:   99: json_stats: {"_type": "train_iter_", "dt": 1.46061, "dt_data": 0.00048, "dt_net": 1.46013, "epoch": "44/48", "eta": "2:22:39", "gpu_mem": "77.43G", "grad_norm": 3.07323, "iter": "620/1296", "loss": 0.26479, "lr": 0.00000, "top1_err": 10.15625, "top5_err": 0.00000}
[02/26 14:46:59][INFO] logging.py:   99: json_stats: {"_type": "train_iter_", "dt": 1.45880, "dt_data": 0.00071, "dt_net": 1.45809, "epoch": "44/48", "eta": "2:22:14", "gpu_mem": "77.43G", "grad_norm": 4.17335, "iter": "630/1296", "loss": 0.23473, "lr": 0.00000, "top1_err": 9.37500, "top5_err": 0.00000}
[02/26 14:47:17][INFO] logging.py:   99: json_stats: {"_type": "train_iter_", "dt": 1.45612, "dt_data": 0.00055, "dt_net": 1.45557, "epoch": "44/48", "eta": "2:21:43", "gpu_mem": "77.43G", "grad_norm": 3.21007, "iter": "640/1296", "loss": 0.24093, "lr": 0.00000, "top1_err": 8.59375, "top5_err": 0.00000}
[02/26 14:47:35][INFO] logging.py:   99: json_stats: {"_type": "train_iter_", "dt": 2.09618, "dt_data": 0.64787, "dt_net": 1.44831, "epoch": "44/48", "eta": "3:23:40", "gpu_mem": "77.43G", "grad_norm": 4.35153, "iter": "650/1296", "loss": 0.28409, "lr": 0.00000, "top1_err": 9.37500, "top5_err": 0.00000}
[02/26 14:47:53][INFO] logging.py:   99: json_stats: {"_type": "train_iter_", "dt": 1.46403, "dt_data": 0.00048, "dt_net": 1.46355, "epoch": "44/48", "eta": "2:22:00", "gpu_mem": "77.43G", "grad_norm": 5.30535, "iter": "660/1296", "loss": 0.28076, "lr": 0.00000, "top1_err": 10.15625, "top5_err": 0.00000}
[02/26 14:48:11][INFO] logging.py:   99: json_stats: {"_type": "train_iter_", "dt": 1.46419, "dt_data": 0.00035, "dt_net": 1.46384, "epoch": "44/48", "eta": "2:21:46", "gpu_mem": "77.43G", "grad_norm": 3.42835, "iter": "670/1296", "loss": 0.28094, "lr": 0.00000, "top1_err": 11.71875, "top5_err": 0.00000}
[02/26 14:48:28][INFO] logging.py:   99: json_stats: {"_type": "train_iter_", "dt": 1.46010, "dt_data": 0.00033, "dt_net": 1.45976, "epoch": "44/48", "eta": "2:21:08", "gpu_mem": "77.43G", "grad_norm": 5.17765, "iter": "680/1296", "loss": 0.27996, "lr": 0.00000, "top1_err": 10.15625, "top5_err": 0.00000}
[02/26 14:48:49][INFO] logging.py:   99: json_stats: {"_type": "train_iter_", "dt": 6.02134, "dt_data": 4.58746, "dt_net": 1.43387, "epoch": "44/48", "eta": "9:41:03", "gpu_mem": "77.43G", "grad_norm": 4.78265, "iter": "690/1296", "loss": 0.30181, "lr": 0.00000, "top1_err": 10.93750, "top5_err": 0.00000}
[02/26 14:49:05][INFO] logging.py:   99: json_stats: {"_type": "train_iter_", "dt": 1.45592, "dt_data": 0.00040, "dt_net": 1.45552, "epoch": "44/48", "eta": "2:20:15", "gpu_mem": "77.43G", "grad_norm": 3.74148, "iter": "700/1296", "loss": 0.21524, "lr": 0.00000, "top1_err": 10.93750, "top5_err": 0.00000}
[02/26 14:49:20][INFO] logging.py:   99: json_stats: {"_type": "train_iter_", "dt": 1.45837, "dt_data": 0.00034, "dt_net": 1.45803, "epoch": "44/48", "eta": "2:20:14", "gpu_mem": "77.43G", "grad_norm": 2.25101, "iter": "710/1296", "loss": 0.24069, "lr": 0.00000, "top1_err": 10.15625, "top5_err": 0.00000}
[02/26 14:49:37][INFO] logging.py:   99: json_stats: {"_type": "train_iter_", "dt": 1.46893, "dt_data": 0.00034, "dt_net": 1.46858, "epoch": "44/48", "eta": "2:21:01", "gpu_mem": "77.43G", "grad_norm": 4.53677, "iter": "720/1296", "loss": 0.33882, "lr": 0.00000, "top1_err": 10.93750, "top5_err": 0.00000}
[02/26 14:49:59][INFO] logging.py:   99: json_stats: {"_type": "train_iter_", "dt": 1.45850, "dt_data": 0.00041, "dt_net": 1.45809, "epoch": "44/48", "eta": "2:19:46", "gpu_mem": "77.43G", "grad_norm": 2.89314, "iter": "730/1296", "loss": 0.25822, "lr": 0.00000, "top1_err": 8.59375, "top5_err": 0.00000}
[02/26 14:50:14][INFO] logging.py:   99: json_stats: {"_type": "train_iter_", "dt": 1.45805, "dt_data": 0.00037, "dt_net": 1.45767, "epoch": "44/48", "eta": "2:19:29", "gpu_mem": "77.43G", "grad_norm": 3.82696, "iter": "740/1296", "loss": 0.25253, "lr": 0.00000, "top1_err": 9.37500, "top5_err": 0.00000}
[02/26 14:50:31][INFO] logging.py:   99: json_stats: {"_type": "train_iter_", "dt": 1.45339, "dt_data": 0.00083, "dt_net": 1.45256, "epoch": "44/48", "eta": "2:18:47", "gpu_mem": "77.43G", "grad_norm": 4.79877, "iter": "750/1296", "loss": 0.29405, "lr": 0.00000, "top1_err": 12.50000, "top5_err": 0.00000}
[02/26 14:50:46][INFO] logging.py:   99: json_stats: {"_type": "train_iter_", "dt": 1.45830, "dt_data": 0.00038, "dt_net": 1.45792, "epoch": "44/48", "eta": "2:19:01", "gpu_mem": "77.43G", "grad_norm": 3.05151, "iter": "760/1296", "loss": 0.23222, "lr": 0.00000, "top1_err": 9.37500, "top5_err": 0.00000}
[02/26 14:51:05][INFO] logging.py:   99: json_stats: {"_type": "train_iter_", "dt": 3.80553, "dt_data": 2.36241, "dt_net": 1.44313, "epoch": "44/48", "eta": "6:02:09", "gpu_mem": "77.43G", "grad_norm": 3.31253, "iter": "770/1296", "loss": 0.19447, "lr": 0.00000, "top1_err": 7.03125, "top5_err": 0.00000}
[02/26 14:51:21][INFO] logging.py:   99: json_stats: {"_type": "train_iter_", "dt": 1.46970, "dt_data": 0.00039, "dt_net": 1.46930, "epoch": "44/48", "eta": "2:19:37", "gpu_mem": "77.43G", "grad_norm": 4.57864, "iter": "780/1296", "loss": 0.28926, "lr": 0.00000, "top1_err": 10.15625, "top5_err": 0.00000}
[02/26 14:51:39][INFO] logging.py:   99: json_stats: {"_type": "train_iter_", "dt": 1.45956, "dt_data": 0.00035, "dt_net": 1.45921, "epoch": "44/48", "eta": "2:18:24", "gpu_mem": "77.43G", "grad_norm": 5.09168, "iter": "790/1296", "loss": 0.32654, "lr": 0.00000, "top1_err": 12.50000, "top5_err": 0.00000}
[02/26 14:51:56][INFO] logging.py:   99: json_stats: {"_type": "train_iter_", "dt": 1.45118, "dt_data": 0.00061, "dt_net": 1.45057, "epoch": "44/48", "eta": "2:17:22", "gpu_mem": "77.43G", "grad_norm": 4.44946, "iter": "800/1296", "loss": 0.28510, "lr": 0.00000, "top1_err": 10.93750, "top5_err": 0.00000}
[02/26 14:52:15][INFO] logging.py:   99: json_stats: {"_type": "train_iter_", "dt": 3.10433, "dt_data": 1.66213, "dt_net": 1.44219, "epoch": "44/48", "eta": "4:53:21", "gpu_mem": "77.43G", "grad_norm": 4.42642, "iter": "810/1296", "loss": 0.25838, "lr": 0.00000, "top1_err": 7.81250, "top5_err": 0.00000}
[02/26 14:52:32][INFO] logging.py:   99: json_stats: {"_type": "train_iter_", "dt": 1.45665, "dt_data": 0.00038, "dt_net": 1.45625, "epoch": "44/48", "eta": "2:17:24", "gpu_mem": "77.43G", "grad_norm": 3.15817, "iter": "820/1296", "loss": 0.31502, "lr": 0.00000, "top1_err": 11.71875, "top5_err": 0.00000}
[02/26 14:52:47][INFO] logging.py:   99: json_stats: {"_type": "train_iter_", "dt": 1.45890, "dt_data": 0.00046, "dt_net": 1.45843, "epoch": "44/48", "eta": "2:17:22", "gpu_mem": "77.43G", "grad_norm": 4.52222, "iter": "830/1296", "loss": 0.27532, "lr": 0.00000, "top1_err": 9.37500, "top5_err": 0.00000}
[02/26 14:53:03][INFO] logging.py:   99: json_stats: {"_type": "train_iter_", "dt": 1.45311, "dt_data": 0.00064, "dt_net": 1.45247, "epoch": "44/48", "eta": "2:16:35", "gpu_mem": "77.43G", "grad_norm": 5.62035, "iter": "840/1296", "loss": 0.30863, "lr": 0.00000, "top1_err": 12.50000, "top5_err": 0.00000}
[02/26 14:53:21][INFO] logging.py:   99: json_stats: {"_type": "train_iter_", "dt": 1.44763, "dt_data": 0.00037, "dt_net": 1.44726, "epoch": "44/48", "eta": "2:15:50", "gpu_mem": "77.43G", "grad_norm": 3.86109, "iter": "850/1296", "loss": 0.32556, "lr": 0.00000, "top1_err": 8.59375, "top5_err": 0.00000}
[02/26 14:53:39][INFO] logging.py:   99: json_stats: {"_type": "train_iter_", "dt": 1.46065, "dt_data": 0.00034, "dt_net": 1.46032, "epoch": "44/48", "eta": "2:16:48", "gpu_mem": "77.43G", "grad_norm": 4.17371, "iter": "860/1296", "loss": 0.18861, "lr": 0.00000, "top1_err": 7.03125, "top5_err": 0.00000}
[02/26 14:53:59][INFO] logging.py:   99: json_stats: {"_type": "train_iter_", "dt": 1.45640, "dt_data": 0.00091, "dt_net": 1.45549, "epoch": "44/48", "eta": "2:16:10", "gpu_mem": "77.43G", "grad_norm": 4.12464, "iter": "870/1296", "loss": 0.20040, "lr": 0.00000, "top1_err": 6.25000, "top5_err": 0.00000}
[02/26 14:54:17][INFO] logging.py:   99: json_stats: {"_type": "train_iter_", "dt": 1.44697, "dt_data": 0.00039, "dt_net": 1.44658, "epoch": "44/48", "eta": "2:15:03", "gpu_mem": "77.43G", "grad_norm": 2.48004, "iter": "880/1296", "loss": 0.24288, "lr": 0.00000, "top1_err": 7.81250, "top5_err": 0.00000}
[02/26 14:54:39][INFO] logging.py:   99: json_stats: {"_type": "train_iter_", "dt": 1.44225, "dt_data": 0.00081, "dt_net": 1.44143, "epoch": "44/48", "eta": "2:14:22", "gpu_mem": "77.43G", "grad_norm": 3.09136, "iter": "890/1296", "loss": 0.30256, "lr": 0.00000, "top1_err": 8.59375, "top5_err": 0.00000}
[02/26 14:54:59][INFO] logging.py:   99: json_stats: {"_type": "train_iter_", "dt": 1.45287, "dt_data": 0.00055, "dt_net": 1.45232, "epoch": "44/48", "eta": "2:15:07", "gpu_mem": "77.43G", "grad_norm": 2.36417, "iter": "900/1296", "loss": 0.27691, "lr": 0.00000, "top1_err": 9.37500, "top5_err": 0.00000}
[02/26 14:55:14][INFO] logging.py:   99: json_stats: {"_type": "train_iter_", "dt": 1.46186, "dt_data": 0.00049, "dt_net": 1.46137, "epoch": "44/48", "eta": "2:15:42", "gpu_mem": "77.43G", "grad_norm": 4.84012, "iter": "910/1296", "loss": 0.25557, "lr": 0.00000, "top1_err": 10.93750, "top5_err": 0.00000}
[02/26 14:55:30][INFO] logging.py:   99: json_stats: {"_type": "train_iter_", "dt": 1.45370, "dt_data": 0.00075, "dt_net": 1.45294, "epoch": "44/48", "eta": "2:14:42", "gpu_mem": "77.43G", "grad_norm": 3.74477, "iter": "920/1296", "loss": 0.22718, "lr": 0.00000, "top1_err": 7.81250, "top5_err": 0.00000}
[02/26 14:55:49][INFO] logging.py:   99: json_stats: {"_type": "train_iter_", "dt": 1.45563, "dt_data": 0.00069, "dt_net": 1.45493, "epoch": "44/48", "eta": "2:14:38", "gpu_mem": "77.43G", "grad_norm": 2.73358, "iter": "930/1296", "loss": 0.23616, "lr": 0.00000, "top1_err": 9.37500, "top5_err": 0.00000}
[02/26 14:56:07][INFO] logging.py:   99: json_stats: {"_type": "train_iter_", "dt": 1.45437, "dt_data": 0.00040, "dt_net": 1.45397, "epoch": "44/48", "eta": "2:14:17", "gpu_mem": "77.43G", "grad_norm": 3.59170, "iter": "940/1296", "loss": 0.33391, "lr": 0.00000, "top1_err": 11.71875, "top5_err": 0.00000}
[02/26 14:56:21][INFO] logging.py:   99: json_stats: {"_type": "train_iter_", "dt": 1.45917, "dt_data": 0.00037, "dt_net": 1.45880, "epoch": "44/48", "eta": "2:14:29", "gpu_mem": "77.43G", "grad_norm": 3.69803, "iter": "950/1296", "loss": 0.30224, "lr": 0.00000, "top1_err": 10.15625, "top5_err": 0.00000}
[02/26 14:56:38][INFO] logging.py:   99: json_stats: {"_type": "train_iter_", "dt": 1.45349, "dt_data": 0.00118, "dt_net": 1.45229, "epoch": "44/48", "eta": "2:13:43", "gpu_mem": "77.43G", "grad_norm": 3.71111, "iter": "960/1296", "loss": 0.21501, "lr": 0.00000, "top1_err": 10.15625, "top5_err": 0.00000}
[02/26 14:56:54][INFO] logging.py:   99: json_stats: {"_type": "train_iter_", "dt": 1.45577, "dt_data": 0.00037, "dt_net": 1.45540, "epoch": "44/48", "eta": "2:13:41", "gpu_mem": "77.43G", "grad_norm": 4.18635, "iter": "970/1296", "loss": 0.28815, "lr": 0.00000, "top1_err": 10.15625, "top5_err": 0.00000}
[02/26 14:57:12][INFO] logging.py:   99: json_stats: {"_type": "train_iter_", "dt": 1.45093, "dt_data": 0.00038, "dt_net": 1.45054, "epoch": "44/48", "eta": "2:13:00", "gpu_mem": "77.43G", "grad_norm": 2.89695, "iter": "980/1296", "loss": 0.28191, "lr": 0.00000, "top1_err": 10.93750, "top5_err": 0.00000}
[02/26 14:57:31][INFO] logging.py:   99: json_stats: {"_type": "train_iter_", "dt": 1.80379, "dt_data": 0.00042, "dt_net": 1.80337, "epoch": "44/48", "eta": "2:45:02", "gpu_mem": "77.43G", "grad_norm": 3.32582, "iter": "990/1296", "loss": 0.23133, "lr": 0.00000, "top1_err": 8.59375, "top5_err": 0.00000}
[02/26 14:57:49][INFO] logging.py:   99: json_stats: {"_type": "train_iter_", "dt": 1.45192, "dt_data": 0.00038, "dt_net": 1.45153, "epoch": "44/48", "eta": "2:12:36", "gpu_mem": "77.43G", "grad_norm": 3.45888, "iter": "1000/1296", "loss": 0.30734, "lr": 0.00000, "top1_err": 12.50000, "top5_err": 0.00000}
[02/26 14:58:06][INFO] logging.py:   99: json_stats: {"_type": "train_iter_", "dt": 1.45350, "dt_data": 0.00054, "dt_net": 1.45297, "epoch": "44/48", "eta": "2:12:30", "gpu_mem": "77.43G", "grad_norm": 2.85886, "iter": "1010/1296", "loss": 0.32066, "lr": 0.00000, "top1_err": 11.71875, "top5_err": 0.00000}
[02/26 14:58:24][INFO] logging.py:   99: json_stats: {"_type": "train_iter_", "dt": 1.44613, "dt_data": 0.00044, "dt_net": 1.44569, "epoch": "44/48", "eta": "2:11:35", "gpu_mem": "77.43G", "grad_norm": 4.30383, "iter": "1020/1296", "loss": 0.23656, "lr": 0.00000, "top1_err": 9.37500, "top5_err": 0.00000}
[02/26 14:58:46][INFO] logging.py:   99: json_stats: {"_type": "train_iter_", "dt": 5.60435, "dt_data": 4.16012, "dt_net": 1.44424, "epoch": "44/48", "eta": "8:29:03", "gpu_mem": "77.43G", "grad_norm": 5.06618, "iter": "1030/1296", "loss": 0.30669, "lr": 0.00000, "top1_err": 9.37500, "top5_err": 0.00000}
[02/26 14:59:00][INFO] logging.py:   99: json_stats: {"_type": "train_iter_", "dt": 1.45903, "dt_data": 0.00057, "dt_net": 1.45846, "epoch": "44/48", "eta": "2:12:17", "gpu_mem": "77.43G", "grad_norm": 2.99289, "iter": "1040/1296", "loss": 0.24764, "lr": 0.00000, "top1_err": 9.37500, "top5_err": 0.00000}
[02/26 14:59:16][INFO] logging.py:   99: json_stats: {"_type": "train_iter_", "dt": 1.45682, "dt_data": 0.00036, "dt_net": 1.45646, "epoch": "44/48", "eta": "2:11:50", "gpu_mem": "77.43G", "grad_norm": 4.11516, "iter": "1050/1296", "loss": 0.22876, "lr": 0.00000, "top1_err": 9.37500, "top5_err": 0.00000}
[02/26 14:59:36][INFO] logging.py:   99: json_stats: {"_type": "train_iter_", "dt": 1.44732, "dt_data": 0.00065, "dt_net": 1.44666, "epoch": "44/48", "eta": "2:10:44", "gpu_mem": "77.43G", "grad_norm": 4.70217, "iter": "1060/1296", "loss": 0.28696, "lr": 0.00000, "top1_err": 10.93750, "top5_err": 0.00000}
[02/26 14:59:54][INFO] logging.py:   99: json_stats: {"_type": "train_iter_", "dt": 4.58972, "dt_data": 0.00070, "dt_net": 4.58902, "epoch": "44/48", "eta": "6:53:50", "gpu_mem": "77.43G", "grad_norm": 3.55589, "iter": "1070/1296", "loss": 0.27306, "lr": 0.00000, "top1_err": 7.81250, "top5_err": 0.00000}
[02/26 15:00:09][INFO] logging.py:   99: json_stats: {"_type": "train_iter_", "dt": 1.45671, "dt_data": 0.00046, "dt_net": 1.45625, "epoch": "44/48", "eta": "2:11:06", "gpu_mem": "77.43G", "grad_norm": 4.33918, "iter": "1080/1296", "loss": 0.24870, "lr": 0.00000, "top1_err": 10.15625, "top5_err": 0.00000}
[02/26 15:00:27][INFO] logging.py:   99: json_stats: {"_type": "train_iter_", "dt": 1.44803, "dt_data": 0.00063, "dt_net": 1.44740, "epoch": "44/48", "eta": "2:10:04", "gpu_mem": "77.43G", "grad_norm": 4.03176, "iter": "1090/1296", "loss": 0.26376, "lr": 0.00000, "top1_err": 9.37500, "top5_err": 0.00000}
[02/26 15:00:47][INFO] logging.py:   99: json_stats: {"_type": "train_iter_", "dt": 1.48114, "dt_data": 0.00044, "dt_net": 1.48069, "epoch": "44/48", "eta": "2:12:48", "gpu_mem": "77.43G", "grad_norm": 3.31625, "iter": "1100/1296", "loss": 0.27644, "lr": 0.00000, "top1_err": 8.59375, "top5_err": 0.00000}
[02/26 15:01:06][INFO] logging.py:   99: json_stats: {"_type": "train_iter_", "dt": 4.09931, "dt_data": 0.00041, "dt_net": 4.09890, "epoch": "44/48", "eta": "6:06:53", "gpu_mem": "77.43G", "grad_norm": 3.09035, "iter": "1110/1296", "loss": 0.29857, "lr": 0.00000, "top1_err": 11.71875, "top5_err": 0.00000}
[02/26 15:01:21][INFO] logging.py:   99: json_stats: {"_type": "train_iter_", "dt": 1.45418, "dt_data": 0.00051, "dt_net": 1.45367, "epoch": "44/48", "eta": "2:09:54", "gpu_mem": "77.43G", "grad_norm": 2.14369, "iter": "1120/1296", "loss": 0.21158, "lr": 0.00000, "top1_err": 7.81250, "top5_err": 0.00000}
[02/26 15:01:40][INFO] logging.py:   99: json_stats: {"_type": "train_iter_", "dt": 1.46363, "dt_data": 0.00036, "dt_net": 1.46327, "epoch": "44/48", "eta": "2:10:30", "gpu_mem": "77.43G", "grad_norm": 4.52189, "iter": "1130/1296", "loss": 0.25810, "lr": 0.00000, "top1_err": 9.37500, "top5_err": 0.00000}
[02/26 15:01:55][INFO] logging.py:   99: json_stats: {"_type": "train_iter_", "dt": 1.45398, "dt_data": 0.00052, "dt_net": 1.45345, "epoch": "44/48", "eta": "2:09:24", "gpu_mem": "77.43G", "grad_norm": 3.07198, "iter": "1140/1296", "loss": 0.24342, "lr": 0.00000, "top1_err": 7.81250, "top5_err": 0.00000}
[02/26 15:02:14][INFO] logging.py:   99: json_stats: {"_type": "train_iter_", "dt": 2.95870, "dt_data": 0.00060, "dt_net": 2.95810, "epoch": "44/48", "eta": "4:22:49", "gpu_mem": "77.43G", "grad_norm": 3.81777, "iter": "1150/1296", "loss": 0.24536, "lr": 0.00000, "top1_err": 7.03125, "top5_err": 0.00000}
[02/26 15:02:30][INFO] logging.py:   99: json_stats: {"_type": "train_iter_", "dt": 1.45472, "dt_data": 0.00067, "dt_net": 1.45405, "epoch": "44/48", "eta": "2:08:59", "gpu_mem": "77.43G", "grad_norm": 3.91784, "iter": "1160/1296", "loss": 0.25700, "lr": 0.00000, "top1_err": 8.59375, "top5_err": 0.00000}
[02/26 15:02:49][INFO] logging.py:   99: json_stats: {"_type": "train_iter_", "dt": 1.45455, "dt_data": 0.00035, "dt_net": 1.45420, "epoch": "44/48", "eta": "2:08:43", "gpu_mem": "77.43G", "grad_norm": 5.13571, "iter": "1170/1296", "loss": 0.26498, "lr": 0.00000, "top1_err": 10.15625, "top5_err": 0.00000}
[02/26 15:03:06][INFO] logging.py:   99: json_stats: {"_type": "train_iter_", "dt": 1.45420, "dt_data": 0.00054, "dt_net": 1.45365, "epoch": "44/48", "eta": "2:08:27", "gpu_mem": "77.43G", "grad_norm": 4.19925, "iter": "1180/1296", "loss": 0.26892, "lr": 0.00000, "top1_err": 10.15625, "top5_err": 0.00000}
[02/26 15:03:26][INFO] logging.py:   99: json_stats: {"_type": "train_iter_", "dt": 1.44918, "dt_data": 0.00039, "dt_net": 1.44879, "epoch": "44/48", "eta": "2:07:46", "gpu_mem": "77.43G", "grad_norm": 3.93943, "iter": "1190/1296", "loss": 0.24118, "lr": 0.00000, "top1_err": 8.59375, "top5_err": 0.00000}
[02/26 15:03:42][INFO] logging.py:   99: json_stats: {"_type": "train_iter_", "dt": 1.45735, "dt_data": 0.00035, "dt_net": 1.45700, "epoch": "44/48", "eta": "2:08:14", "gpu_mem": "77.43G", "grad_norm": 4.27315, "iter": "1200/1296", "loss": 0.24763, "lr": 0.00000, "top1_err": 9.37500, "top5_err": 0.00000}
[02/26 15:04:00][INFO] logging.py:   99: json_stats: {"_type": "train_iter_", "dt": 1.45143, "dt_data": 0.00100, "dt_net": 1.45042, "epoch": "44/48", "eta": "2:07:29", "gpu_mem": "77.43G", "grad_norm": 3.90751, "iter": "1210/1296", "loss": 0.22656, "lr": 0.00000, "top1_err": 9.37500, "top5_err": 0.00000}
[02/26 15:04:14][INFO] logging.py:   99: json_stats: {"_type": "train_iter_", "dt": 1.46316, "dt_data": 0.00068, "dt_net": 1.46248, "epoch": "44/48", "eta": "2:08:16", "gpu_mem": "77.43G", "grad_norm": 3.48513, "iter": "1220/1296", "loss": 0.25968, "lr": 0.00000, "top1_err": 9.37500, "top5_err": 0.00000}
[02/26 15:04:29][INFO] logging.py:   99: json_stats: {"_type": "train_iter_", "dt": 1.48096, "dt_data": 0.00042, "dt_net": 1.48054, "epoch": "44/48", "eta": "2:09:35", "gpu_mem": "77.43G", "grad_norm": 4.01080, "iter": "1230/1296", "loss": 0.27823, "lr": 0.00000, "top1_err": 10.15625, "top5_err": 0.00000}
[02/26 15:04:45][INFO] logging.py:   99: json_stats: {"_type": "train_iter_", "dt": 2.26968, "dt_data": 0.00038, "dt_net": 2.26930, "epoch": "44/48", "eta": "3:18:13", "gpu_mem": "77.43G", "grad_norm": 3.43645, "iter": "1240/1296", "loss": 0.23918, "lr": 0.00000, "top1_err": 9.37500, "top5_err": 0.00000}
[02/26 15:05:05][INFO] logging.py:   99: json_stats: {"_type": "train_iter_", "dt": 4.48786, "dt_data": 0.00036, "dt_net": 4.48750, "epoch": "44/48", "eta": "6:31:11", "gpu_mem": "77.43G", "grad_norm": 2.84762, "iter": "1250/1296", "loss": 0.28932, "lr": 0.00000, "top1_err": 10.93750, "top5_err": 0.00000}
[02/26 15:05:20][INFO] logging.py:   99: json_stats: {"_type": "train_iter_", "dt": 1.45840, "dt_data": 0.00106, "dt_net": 1.45733, "epoch": "44/48", "eta": "2:06:52", "gpu_mem": "77.43G", "grad_norm": 3.66267, "iter": "1260/1296", "loss": 0.26718, "lr": 0.00000, "top1_err": 10.93750, "top5_err": 0.00000}
[02/26 15:05:40][INFO] logging.py:   99: json_stats: {"_type": "train_iter_", "dt": 1.45752, "dt_data": 0.00043, "dt_net": 1.45708, "epoch": "44/48", "eta": "2:06:33", "gpu_mem": "77.43G", "grad_norm": 5.10116, "iter": "1270/1296", "loss": 0.20515, "lr": 0.00000, "top1_err": 7.81250, "top5_err": 0.00000}
[02/26 15:05:57][INFO] logging.py:   99: json_stats: {"_type": "train_iter_", "dt": 1.46125, "dt_data": 0.00079, "dt_net": 1.46046, "epoch": "44/48", "eta": "2:06:38", "gpu_mem": "77.43G", "grad_norm": 3.44999, "iter": "1280/1296", "loss": 0.27170, "lr": 0.00000, "top1_err": 10.93750, "top5_err": 0.00000}
[02/26 15:06:12][INFO] logging.py:   99: json_stats: {"_type": "train_iter_", "dt": 1.41978, "dt_data": 0.00022, "dt_net": 1.41956, "epoch": "44/48", "eta": "2:02:48", "gpu_mem": "77.43G", "grad_norm": 5.63586, "iter": "1290/1296", "loss": 0.24298, "lr": 0.00000, "top1_err": 9.37500, "top5_err": 0.00000}
[02/26 15:06:23][INFO] logging.py:   99: json_stats: {"RAM": "333.91/856.58G", "_type": "train_epoch", "dt": 1.10933, "dt_data": 1.10933, "dt_net": 1.43508, "epoch": "44/48", "eta": "1:35:50", "gpu_mem": "77.43G", "grad_norm": 4.93313, "loss": 0.26505, "lr": 0.00000, "top1_err": 9.64144, "top5_err": 0.23028}
[02/26 15:06:23][INFO] train_net.py: 1072: Epoch 43 takes 2324.87s. Epochs from 40 to 43 take 2327.21s in average and 2340.94s in median.
[02/26 15:06:23][INFO] train_net.py: 1078: For epoch 43, each iteraction takes 1.79s in average. From epoch 40 to 43, each iteraction takes 1.80s in average.
[02/26 15:07:32][INFO] logging.py:   99: json_stats: {"_type": "val_iter", "epoch": "44/48", "eta": "0:05:50", "gpu_mem": "77.43G", "iter": "10/853", "time_diff": 0.41622, "top1_err": 23.43750, "top5_err": 4.68750}
[02/26 15:07:48][INFO] logging.py:   99: json_stats: {"_type": "val_iter", "epoch": "44/48", "eta": "0:12:40", "gpu_mem": "77.43G", "iter": "20/853", "time_diff": 0.91272, "top1_err": 25.78125, "top5_err": 3.12500}
[02/26 15:08:06][INFO] logging.py:   99: json_stats: {"_type": "val_iter", "epoch": "44/48", "eta": "0:05:45", "gpu_mem": "77.43G", "iter": "30/853", "time_diff": 0.42004, "top1_err": 21.09375, "top5_err": 3.12500}
[02/26 15:08:24][INFO] logging.py:   99: json_stats: {"_type": "val_iter", "epoch": "44/48", "eta": "0:05:48", "gpu_mem": "77.43G", "iter": "40/853", "time_diff": 0.42873, "top1_err": 23.43750, "top5_err": 2.34375}
[02/26 15:08:49][INFO] logging.py:   99: json_stats: {"_type": "val_iter", "epoch": "44/48", "eta": "0:05:30", "gpu_mem": "77.43G", "iter": "50/853", "time_diff": 0.41166, "top1_err": 17.96875, "top5_err": 3.90625}
[02/26 15:09:15][INFO] logging.py:   99: json_stats: {"_type": "val_iter", "epoch": "44/48", "eta": "0:05:25", "gpu_mem": "77.43G", "iter": "60/853", "time_diff": 0.40992, "top1_err": 25.00000, "top5_err": 3.90625}
[02/26 15:09:31][INFO] logging.py:   99: json_stats: {"_type": "val_iter", "epoch": "44/48", "eta": "0:05:31", "gpu_mem": "77.43G", "iter": "70/853", "time_diff": 0.42306, "top1_err": 25.78125, "top5_err": 3.12500}
[02/26 15:09:46][INFO] logging.py:   99: json_stats: {"_type": "val_iter", "epoch": "44/48", "eta": "0:05:30", "gpu_mem": "77.43G", "iter": "80/853", "time_diff": 0.42705, "top1_err": 26.56250, "top5_err": 3.12500}
[02/26 15:10:08][INFO] logging.py:   99: json_stats: {"_type": "val_iter", "epoch": "44/48", "eta": "0:05:23", "gpu_mem": "77.43G", "iter": "90/853", "time_diff": 0.42335, "top1_err": 28.90625, "top5_err": 3.90625}
[02/26 15:10:34][INFO] logging.py:   99: json_stats: {"_type": "val_iter", "epoch": "44/48", "eta": "0:05:09", "gpu_mem": "77.43G", "iter": "100/853", "time_diff": 0.41086, "top1_err": 25.78125, "top5_err": 3.90625}
[02/26 15:10:46][INFO] logging.py:   99: json_stats: {"_type": "val_iter", "epoch": "44/48", "eta": "0:05:18", "gpu_mem": "77.43G", "iter": "110/853", "time_diff": 0.42840, "top1_err": 24.21875, "top5_err": 4.68750}
[02/26 15:11:02][INFO] logging.py:   99: json_stats: {"_type": "val_iter", "epoch": "44/48", "eta": "0:05:10", "gpu_mem": "77.43G", "iter": "120/853", "time_diff": 0.42425, "top1_err": 23.43750, "top5_err": 3.12500}
[02/26 15:11:35][INFO] logging.py:   99: json_stats: {"_type": "val_iter", "epoch": "44/48", "eta": "0:04:50", "gpu_mem": "77.43G", "iter": "130/853", "time_diff": 0.40206, "top1_err": 21.87500, "top5_err": 3.12500}
[02/26 15:11:49][INFO] logging.py:   99: json_stats: {"_type": "val_iter", "epoch": "44/48", "eta": "0:05:00", "gpu_mem": "77.43G", "iter": "140/853", "time_diff": 0.42103, "top1_err": 25.00000, "top5_err": 1.56250}
[02/26 15:12:03][INFO] logging.py:   99: json_stats: {"_type": "val_iter", "epoch": "44/48", "eta": "0:04:54", "gpu_mem": "77.43G", "iter": "150/853", "time_diff": 0.41893, "top1_err": 28.12500, "top5_err": 4.68750}
[02/26 15:12:21][INFO] logging.py:   99: json_stats: {"_type": "val_iter", "epoch": "44/48", "eta": "0:52:04", "gpu_mem": "77.43G", "iter": "160/853", "time_diff": 4.50884, "top1_err": 22.65625, "top5_err": 3.12500}
[02/26 15:12:46][INFO] logging.py:   99: json_stats: {"_type": "val_iter", "epoch": "44/48", "eta": "0:04:51", "gpu_mem": "77.43G", "iter": "170/853", "time_diff": 0.42749, "top1_err": 24.21875, "top5_err": 3.90625}
[02/26 15:13:01][INFO] logging.py:   99: json_stats: {"_type": "val_iter", "epoch": "44/48", "eta": "0:04:43", "gpu_mem": "77.43G", "iter": "180/853", "time_diff": 0.42175, "top1_err": 25.78125, "top5_err": 4.68750}
[02/26 15:13:18][INFO] logging.py:   99: json_stats: {"_type": "val_iter", "epoch": "44/48", "eta": "0:04:40", "gpu_mem": "77.43G", "iter": "190/853", "time_diff": 0.42240, "top1_err": 21.87500, "top5_err": 3.12500}
[02/26 15:13:43][INFO] logging.py:   99: json_stats: {"_type": "val_iter", "epoch": "44/48", "eta": "1:22:19", "gpu_mem": "77.43G", "iter": "200/853", "time_diff": 7.56410, "top1_err": 22.65625, "top5_err": 3.12500}
[02/26 15:14:02][INFO] logging.py:   99: json_stats: {"_type": "val_iter", "epoch": "44/48", "eta": "0:04:31", "gpu_mem": "77.43G", "iter": "210/853", "time_diff": 0.42257, "top1_err": 22.65625, "top5_err": 1.56250}
[02/26 15:14:20][INFO] logging.py:   99: json_stats: {"_type": "val_iter", "epoch": "44/48", "eta": "0:04:17", "gpu_mem": "77.43G", "iter": "220/853", "time_diff": 0.40620, "top1_err": 23.43750, "top5_err": 1.56250}
[02/26 15:14:36][INFO] logging.py:   99: json_stats: {"_type": "val_iter", "epoch": "44/48", "eta": "0:04:23", "gpu_mem": "77.43G", "iter": "230/853", "time_diff": 0.42268, "top1_err": 25.78125, "top5_err": 4.68750}
[02/26 15:15:03][INFO] logging.py:   99: json_stats: {"_type": "val_iter", "epoch": "44/48", "eta": "1:56:27", "gpu_mem": "77.43G", "iter": "240/853", "time_diff": 11.39877, "top1_err": 25.00000, "top5_err": 3.12500}
[02/26 15:15:21][INFO] logging.py:   99: json_stats: {"_type": "val_iter", "epoch": "44/48", "eta": "0:04:05", "gpu_mem": "77.43G", "iter": "250/853", "time_diff": 0.40684, "top1_err": 26.56250, "top5_err": 6.25000}
[02/26 15:15:39][INFO] logging.py:   99: json_stats: {"_type": "val_iter", "epoch": "44/48", "eta": "0:04:04", "gpu_mem": "77.43G", "iter": "260/853", "time_diff": 0.41303, "top1_err": 25.00000, "top5_err": 3.90625}
[02/26 15:15:56][INFO] logging.py:   99: json_stats: {"_type": "val_iter", "epoch": "44/48", "eta": "0:04:03", "gpu_mem": "77.43G", "iter": "270/853", "time_diff": 0.41810, "top1_err": 21.09375, "top5_err": 3.12500}
[02/26 15:16:29][INFO] logging.py:   99: json_stats: {"_type": "val_iter", "epoch": "44/48", "eta": "2:19:09", "gpu_mem": "77.43G", "iter": "280/853", "time_diff": 14.57193, "top1_err": 23.43750, "top5_err": 3.12500}
[02/26 15:16:46][INFO] logging.py:   99: json_stats: {"_type": "val_iter", "epoch": "44/48", "eta": "0:03:43", "gpu_mem": "77.43G", "iter": "290/853", "time_diff": 0.39710, "top1_err": 27.34375, "top5_err": 5.46875}
[02/26 15:17:00][INFO] logging.py:   99: json_stats: {"_type": "val_iter", "epoch": "44/48", "eta": "0:03:52", "gpu_mem": "77.43G", "iter": "300/853", "time_diff": 0.42121, "top1_err": 23.43750, "top5_err": 3.90625}
[02/26 15:17:18][INFO] logging.py:   99: json_stats: {"_type": "val_iter", "epoch": "44/48", "eta": "0:03:46", "gpu_mem": "77.43G", "iter": "310/853", "time_diff": 0.41680, "top1_err": 25.78125, "top5_err": 4.68750}
[02/26 15:17:51][INFO] logging.py:   99: json_stats: {"_type": "val_iter", "epoch": "44/48", "eta": "2:18:25", "gpu_mem": "77.43G", "iter": "320/853", "time_diff": 15.58270, "top1_err": 19.53125, "top5_err": 3.12500}
[02/26 15:18:07][INFO] logging.py:   99: json_stats: {"_type": "val_iter", "epoch": "44/48", "eta": "0:03:34", "gpu_mem": "77.43G", "iter": "330/853", "time_diff": 0.41005, "top1_err": 21.09375, "top5_err": 3.90625}
[02/26 15:18:25][INFO] logging.py:   99: json_stats: {"_type": "val_iter", "epoch": "44/48", "eta": "0:03:26", "gpu_mem": "77.43G", "iter": "340/853", "time_diff": 0.40261, "top1_err": 25.00000, "top5_err": 2.34375}
[02/26 15:18:40][INFO] logging.py:   99: json_stats: {"_type": "val_iter", "epoch": "44/48", "eta": "0:03:32", "gpu_mem": "77.43G", "iter": "350/853", "time_diff": 0.42257, "top1_err": 25.00000, "top5_err": 3.12500}
[02/26 15:19:08][INFO] logging.py:   99: json_stats: {"_type": "val_iter", "epoch": "44/48", "eta": "1:43:17", "gpu_mem": "77.43G", "iter": "360/853", "time_diff": 12.57154, "top1_err": 21.09375, "top5_err": 3.12500}
[02/26 15:19:26][INFO] logging.py:   99: json_stats: {"_type": "val_iter", "epoch": "44/48", "eta": "0:03:13", "gpu_mem": "77.43G", "iter": "370/853", "time_diff": 0.40083, "top1_err": 25.00000, "top5_err": 3.12500}
[02/26 15:19:41][INFO] logging.py:   99: json_stats: {"_type": "val_iter", "epoch": "44/48", "eta": "0:03:17", "gpu_mem": "77.43G", "iter": "380/853", "time_diff": 0.41814, "top1_err": 23.43750, "top5_err": 3.90625}
[02/26 15:19:58][INFO] logging.py:   99: json_stats: {"_type": "val_iter", "epoch": "44/48", "eta": "0:03:15", "gpu_mem": "77.43G", "iter": "390/853", "time_diff": 0.42214, "top1_err": 24.21875, "top5_err": 3.12500}
[02/26 15:20:30][INFO] logging.py:   99: json_stats: {"_type": "val_iter", "epoch": "44/48", "eta": "1:45:16", "gpu_mem": "77.43G", "iter": "400/853", "time_diff": 13.94397, "top1_err": 20.31250, "top5_err": 3.12500}
[02/26 15:20:45][INFO] logging.py:   99: json_stats: {"_type": "val_iter", "epoch": "44/48", "eta": "0:03:01", "gpu_mem": "77.43G", "iter": "410/853", "time_diff": 0.41014, "top1_err": 25.00000, "top5_err": 3.90625}
[02/26 15:20:59][INFO] logging.py:   99: json_stats: {"_type": "val_iter", "epoch": "44/48", "eta": "0:03:03", "gpu_mem": "77.43G", "iter": "420/853", "time_diff": 0.42441, "top1_err": 25.00000, "top5_err": 4.68750}
[02/26 15:21:18][INFO] logging.py:   99: json_stats: {"_type": "val_iter", "epoch": "44/48", "eta": "0:02:54", "gpu_mem": "77.43G", "iter": "430/853", "time_diff": 0.41295, "top1_err": 24.21875, "top5_err": 3.12500}
[02/26 15:21:44][INFO] logging.py:   99: json_stats: {"_type": "val_iter", "epoch": "44/48", "eta": "1:07:57", "gpu_mem": "77.43G", "iter": "440/853", "time_diff": 9.87376, "top1_err": 20.31250, "top5_err": 3.90625}
[02/26 15:22:00][INFO] logging.py:   99: json_stats: {"_type": "val_iter", "epoch": "44/48", "eta": "0:02:48", "gpu_mem": "77.43G", "iter": "450/853", "time_diff": 0.41795, "top1_err": 20.31250, "top5_err": 1.56250}
[02/26 15:22:19][INFO] logging.py:   99: json_stats: {"_type": "val_iter", "epoch": "44/48", "eta": "0:02:41", "gpu_mem": "77.43G", "iter": "460/853", "time_diff": 0.41112, "top1_err": 24.21875, "top5_err": 3.90625}
[02/26 15:22:39][INFO] logging.py:   99: json_stats: {"_type": "val_iter", "epoch": "44/48", "eta": "0:02:37", "gpu_mem": "77.43G", "iter": "470/853", "time_diff": 0.41213, "top1_err": 23.43750, "top5_err": 3.12500}
[02/26 15:23:06][INFO] logging.py:   99: json_stats: {"_type": "val_iter", "epoch": "44/48", "eta": "1:14:52", "gpu_mem": "77.43G", "iter": "480/853", "time_diff": 12.04550, "top1_err": 25.78125, "top5_err": 3.12500}
[02/26 15:23:22][INFO] logging.py:   99: json_stats: {"_type": "val_iter", "epoch": "44/48", "eta": "0:02:31", "gpu_mem": "77.43G", "iter": "490/853", "time_diff": 0.41857, "top1_err": 22.65625, "top5_err": 3.90625}
[02/26 15:23:39][INFO] logging.py:   99: json_stats: {"_type": "val_iter", "epoch": "44/48", "eta": "0:02:27", "gpu_mem": "77.43G", "iter": "500/853", "time_diff": 0.41819, "top1_err": 27.34375, "top5_err": 3.12500}
[02/26 15:23:55][INFO] logging.py:   99: json_stats: {"_type": "val_iter", "epoch": "44/48", "eta": "0:02:22", "gpu_mem": "77.43G", "iter": "510/853", "time_diff": 0.41690, "top1_err": 25.00000, "top5_err": 3.12500}
[02/26 15:24:22][INFO] logging.py:   99: json_stats: {"_type": "val_iter", "epoch": "44/48", "eta": "0:49:07", "gpu_mem": "77.43G", "iter": "520/853", "time_diff": 8.85015, "top1_err": 23.43750, "top5_err": 3.12500}
[02/26 15:24:35][INFO] logging.py:   99: json_stats: {"_type": "val_iter", "epoch": "44/48", "eta": "0:02:16", "gpu_mem": "77.43G", "iter": "530/853", "time_diff": 0.42175, "top1_err": 21.87500, "top5_err": 1.56250}
[02/26 15:24:51][INFO] logging.py:   99: json_stats: {"_type": "val_iter", "epoch": "44/48", "eta": "0:02:12", "gpu_mem": "77.43G", "iter": "540/853", "time_diff": 0.42300, "top1_err": 23.43750, "top5_err": 4.68750}
[02/26 15:25:12][INFO] logging.py:   99: json_stats: {"_type": "val_iter", "epoch": "44/48", "eta": "0:02:05", "gpu_mem": "77.43G", "iter": "550/853", "time_diff": 0.41527, "top1_err": 24.21875, "top5_err": 3.12500}
[02/26 15:25:38][INFO] logging.py:   99: json_stats: {"_type": "val_iter", "epoch": "44/48", "eta": "0:55:25", "gpu_mem": "77.43G", "iter": "560/853", "time_diff": 11.35042, "top1_err": 19.53125, "top5_err": 3.12500}
[02/26 15:25:56][INFO] logging.py:   99: json_stats: {"_type": "val_iter", "epoch": "44/48", "eta": "0:01:57", "gpu_mem": "77.43G", "iter": "570/853", "time_diff": 0.41527, "top1_err": 23.43750, "top5_err": 5.46875}
[02/26 15:26:11][INFO] logging.py:   99: json_stats: {"_type": "val_iter", "epoch": "44/48", "eta": "0:01:53", "gpu_mem": "77.43G", "iter": "580/853", "time_diff": 0.41663, "top1_err": 25.00000, "top5_err": 4.68750}
[02/26 15:26:32][INFO] logging.py:   99: json_stats: {"_type": "val_iter", "epoch": "44/48", "eta": "0:01:48", "gpu_mem": "77.43G", "iter": "590/853", "time_diff": 0.41073, "top1_err": 26.56250, "top5_err": 2.34375}
[02/26 15:27:02][INFO] logging.py:   99: json_stats: {"_type": "val_iter", "epoch": "44/48", "eta": "0:56:27", "gpu_mem": "77.43G", "iter": "600/853", "time_diff": 13.38917, "top1_err": 21.87500, "top5_err": 3.12500}
[02/26 15:27:16][INFO] logging.py:   99: json_stats: {"_type": "val_iter", "epoch": "44/48", "eta": "0:01:41", "gpu_mem": "77.43G", "iter": "610/853", "time_diff": 0.41971, "top1_err": 23.43750, "top5_err": 3.90625}
[02/26 15:27:30][INFO] logging.py:   99: json_stats: {"_type": "val_iter", "epoch": "44/48", "eta": "0:01:38", "gpu_mem": "77.43G", "iter": "620/853", "time_diff": 0.42296, "top1_err": 26.56250, "top5_err": 4.68750}
[02/26 15:27:54][INFO] logging.py:   99: json_stats: {"_type": "val_iter", "epoch": "44/48", "eta": "0:01:30", "gpu_mem": "77.43G", "iter": "630/853", "time_diff": 0.40718, "top1_err": 25.00000, "top5_err": 3.12500}
[02/26 15:28:16][INFO] logging.py:   99: json_stats: {"_type": "val_iter", "epoch": "44/48", "eta": "0:28:23", "gpu_mem": "77.43G", "iter": "640/853", "time_diff": 7.99996, "top1_err": 27.34375, "top5_err": 5.46875}
[02/26 15:28:38][INFO] logging.py:   99: json_stats: {"_type": "val_iter", "epoch": "44/48", "eta": "0:01:20", "gpu_mem": "77.43G", "iter": "650/853", "time_diff": 0.39415, "top1_err": 26.56250, "top5_err": 3.12500}
[02/26 15:28:54][INFO] logging.py:   99: json_stats: {"_type": "val_iter", "epoch": "44/48", "eta": "0:01:20", "gpu_mem": "77.43G", "iter": "660/853", "time_diff": 0.41923, "top1_err": 21.09375, "top5_err": 3.12500}
[02/26 15:29:10][INFO] logging.py:   99: json_stats: {"_type": "val_iter", "epoch": "44/48", "eta": "0:01:16", "gpu_mem": "77.43G", "iter": "670/853", "time_diff": 0.41879, "top1_err": 20.31250, "top5_err": 4.68750}
[02/26 15:29:27][INFO] logging.py:   99: json_stats: {"_type": "val_iter", "epoch": "44/48", "eta": "0:01:13", "gpu_mem": "77.43G", "iter": "680/853", "time_diff": 0.42229, "top1_err": 26.56250, "top5_err": 2.34375}
[02/26 15:29:54][INFO] logging.py:   99: json_stats: {"_type": "val_iter", "epoch": "44/48", "eta": "0:01:06", "gpu_mem": "77.43G", "iter": "690/853", "time_diff": 0.40542, "top1_err": 27.34375, "top5_err": 4.68750}
[02/26 15:30:13][INFO] logging.py:   99: json_stats: {"_type": "val_iter", "epoch": "44/48", "eta": "0:01:02", "gpu_mem": "77.43G", "iter": "700/853", "time_diff": 0.40613, "top1_err": 25.00000, "top5_err": 1.56250}
[02/26 15:30:31][INFO] logging.py:   99: json_stats: {"_type": "val_iter", "epoch": "44/48", "eta": "0:00:58", "gpu_mem": "77.43G", "iter": "710/853", "time_diff": 0.40762, "top1_err": 25.78125, "top5_err": 3.12500}
[02/26 15:30:48][INFO] logging.py:   99: json_stats: {"_type": "val_iter", "epoch": "44/48", "eta": "0:00:56", "gpu_mem": "77.43G", "iter": "720/853", "time_diff": 0.42445, "top1_err": 22.65625, "top5_err": 2.34375}
[02/26 15:31:14][INFO] logging.py:   99: json_stats: {"_type": "val_iter", "epoch": "44/48", "eta": "0:00:50", "gpu_mem": "77.43G", "iter": "730/853", "time_diff": 0.40967, "top1_err": 23.43750, "top5_err": 3.12500}
[02/26 15:31:28][INFO] logging.py:   99: json_stats: {"_type": "val_iter", "epoch": "44/48", "eta": "0:00:47", "gpu_mem": "77.43G", "iter": "740/853", "time_diff": 0.42463, "top1_err": 24.21875, "top5_err": 4.68750}
[02/26 15:31:42][INFO] logging.py:   99: json_stats: {"_type": "val_iter", "epoch": "44/48", "eta": "0:00:43", "gpu_mem": "77.43G", "iter": "750/853", "time_diff": 0.41995, "top1_err": 24.21875, "top5_err": 3.12500}
[02/26 15:32:01][INFO] logging.py:   99: json_stats: {"_type": "val_iter", "epoch": "44/48", "eta": "0:00:38", "gpu_mem": "77.43G", "iter": "760/853", "time_diff": 0.41898, "top1_err": 23.43750, "top5_err": 3.12500}
[02/26 15:32:25][INFO] logging.py:   99: json_stats: {"_type": "val_iter", "epoch": "44/48", "eta": "0:00:33", "gpu_mem": "77.43G", "iter": "770/853", "time_diff": 0.40784, "top1_err": 23.43750, "top5_err": 3.12500}
[02/26 15:32:40][INFO] logging.py:   99: json_stats: {"_type": "val_iter", "epoch": "44/48", "eta": "0:00:31", "gpu_mem": "77.43G", "iter": "780/853", "time_diff": 0.42586, "top1_err": 21.87500, "top5_err": 2.34375}
[02/26 15:32:57][INFO] logging.py:   99: json_stats: {"_type": "val_iter", "epoch": "44/48", "eta": "0:00:26", "gpu_mem": "77.43G", "iter": "790/853", "time_diff": 0.42446, "top1_err": 25.00000, "top5_err": 3.12500}
[02/26 15:33:17][INFO] logging.py:   99: json_stats: {"_type": "val_iter", "epoch": "44/48", "eta": "0:00:22", "gpu_mem": "77.43G", "iter": "800/853", "time_diff": 0.41870, "top1_err": 22.65625, "top5_err": 3.12500}
[02/26 15:33:36][INFO] logging.py:   99: json_stats: {"_type": "val_iter", "epoch": "44/48", "eta": "0:00:17", "gpu_mem": "77.43G", "iter": "810/853", "time_diff": 0.41383, "top1_err": 27.34375, "top5_err": 4.68750}
[02/26 15:33:53][INFO] logging.py:   99: json_stats: {"_type": "val_iter", "epoch": "44/48", "eta": "0:00:13", "gpu_mem": "77.43G", "iter": "820/853", "time_diff": 0.42392, "top1_err": 22.65625, "top5_err": 1.56250}
[02/26 15:34:20][INFO] logging.py:   99: json_stats: {"_type": "val_iter", "epoch": "44/48", "eta": "0:00:09", "gpu_mem": "77.43G", "iter": "830/853", "time_diff": 0.40250, "top1_err": 22.65625, "top5_err": 3.12500}
[02/26 15:34:37][INFO] logging.py:   99: json_stats: {"_type": "val_iter", "epoch": "44/48", "eta": "0:00:05", "gpu_mem": "77.43G", "iter": "840/853", "time_diff": 0.39871, "top1_err": 24.21875, "top5_err": 2.34375}
[02/26 15:34:50][INFO] logging.py:   99: json_stats: {"_type": "val_iter", "epoch": "44/48", "eta": "0:00:01", "gpu_mem": "77.43G", "iter": "850/853", "time_diff": 0.37930, "top1_err": 24.21875, "top5_err": 5.46875}
[02/26 15:34:56][INFO] logging.py:   99: json_stats: {"RAM": "449.19/856.58G", "_type": "val_epoch", "epoch": "44/48", "gpu_mem": "77.43G", "min_top1_err": 23.95169, "min_top5_err": 3.61777, "time_diff": 0.93978, "top1_err": 24.00850, "top5_err": 3.68558}
[02/26 15:36:04][INFO] logging.py:   99: json_stats: {"_type": "train_iter_", "dt": 4.60326, "dt_data": 0.00039, "dt_net": 4.60287, "epoch": "45/48", "eta": "6:36:57", "gpu_mem": "77.43G", "grad_norm": 4.48034, "iter": "10/1296", "loss": 0.24610, "lr": 0.00000, "top1_err": 9.37500, "top5_err": 0.00000}
[02/26 15:36:23][INFO] logging.py:   99: json_stats: {"_type": "train_iter_", "dt": 1.44177, "dt_data": 0.00033, "dt_net": 1.44144, "epoch": "45/48", "eta": "2:04:05", "gpu_mem": "77.43G", "grad_norm": 4.47419, "iter": "20/1296", "loss": 0.30521, "lr": 0.00000, "top1_err": 14.06250, "top5_err": 0.00000}
[02/26 15:36:43][INFO] logging.py:   99: json_stats: {"_type": "train_iter_", "dt": 1.43833, "dt_data": 0.00053, "dt_net": 1.43779, "epoch": "45/48", "eta": "2:03:33", "gpu_mem": "77.43G", "grad_norm": 3.73916, "iter": "30/1296", "loss": 0.26871, "lr": 0.00000, "top1_err": 10.15625, "top5_err": 0.00000}
[02/26 15:37:02][INFO] logging.py:   99: json_stats: {"_type": "train_iter_", "dt": 1.46040, "dt_data": 0.00040, "dt_net": 1.46001, "epoch": "45/48", "eta": "2:05:12", "gpu_mem": "77.43G", "grad_norm": 3.57824, "iter": "40/1296", "loss": 0.25234, "lr": 0.00000, "top1_err": 7.81250, "top5_err": 0.00000}
[02/26 15:37:18][INFO] logging.py:   99: json_stats: {"_type": "train_iter_", "dt": 2.02155, "dt_data": 0.00034, "dt_net": 2.02121, "epoch": "45/48", "eta": "2:52:58", "gpu_mem": "77.43G", "grad_norm": 3.35161, "iter": "50/1296", "loss": 0.25849, "lr": 0.00000, "top1_err": 9.37500, "top5_err": 0.00000}
[02/26 15:37:35][INFO] logging.py:   99: json_stats: {"_type": "train_iter_", "dt": 1.45143, "dt_data": 0.00055, "dt_net": 1.45088, "epoch": "45/48", "eta": "2:03:57", "gpu_mem": "77.43G", "grad_norm": 3.26133, "iter": "60/1296", "loss": 0.23531, "lr": 0.00000, "top1_err": 7.81250, "top5_err": 0.00000}
[02/26 15:37:49][INFO] logging.py:   99: json_stats: {"_type": "train_iter_", "dt": 1.45902, "dt_data": 0.00147, "dt_net": 1.45755, "epoch": "45/48", "eta": "2:04:21", "gpu_mem": "77.43G", "grad_norm": 3.78167, "iter": "70/1296", "loss": 0.28816, "lr": 0.00000, "top1_err": 10.15625, "top5_err": 0.00000}
[02/26 15:38:04][INFO] logging.py:   99: json_stats: {"_type": "train_iter_", "dt": 1.45414, "dt_data": 0.00106, "dt_net": 1.45308, "epoch": "45/48", "eta": "2:03:41", "gpu_mem": "77.43G", "grad_norm": 2.88361, "iter": "80/1296", "loss": 0.22710, "lr": 0.00000, "top1_err": 7.81250, "top5_err": 0.00000}
[02/26 15:38:22][INFO] logging.py:   99: json_stats: {"_type": "train_iter_", "dt": 1.66762, "dt_data": 0.00035, "dt_net": 1.66727, "epoch": "45/48", "eta": "2:21:34", "gpu_mem": "77.43G", "grad_norm": 2.81633, "iter": "90/1296", "loss": 0.24553, "lr": 0.00000, "top1_err": 9.37500, "top5_err": 0.00000}
[02/26 15:38:39][INFO] logging.py:   99: json_stats: {"_type": "train_iter_", "dt": 1.45772, "dt_data": 0.00189, "dt_net": 1.45583, "epoch": "45/48", "eta": "2:03:31", "gpu_mem": "77.43G", "grad_norm": 3.29999, "iter": "100/1296", "loss": 0.23794, "lr": 0.00000, "top1_err": 8.59375, "top5_err": 0.00000}
[02/26 15:38:54][INFO] logging.py:   99: json_stats: {"_type": "train_iter_", "dt": 1.45881, "dt_data": 0.00036, "dt_net": 1.45845, "epoch": "45/48", "eta": "2:03:21", "gpu_mem": "77.43G", "grad_norm": 3.65981, "iter": "110/1296", "loss": 0.28577, "lr": 0.00000, "top1_err": 10.15625, "top5_err": 0.00000}
[02/26 15:39:09][INFO] logging.py:   99: json_stats: {"_type": "train_iter_", "dt": 1.46121, "dt_data": 0.00040, "dt_net": 1.46081, "epoch": "45/48", "eta": "2:03:19", "gpu_mem": "77.43G", "grad_norm": 4.75972, "iter": "120/1296", "loss": 0.21967, "lr": 0.00000, "top1_err": 7.81250, "top5_err": 0.00000}
[02/26 15:39:28][INFO] logging.py:   99: json_stats: {"_type": "train_iter_", "dt": 3.26183, "dt_data": 0.00035, "dt_net": 3.26148, "epoch": "45/48", "eta": "4:34:45", "gpu_mem": "77.43G", "grad_norm": 2.10711, "iter": "130/1296", "loss": 0.21091, "lr": 0.00000, "top1_err": 7.03125, "top5_err": 0.00000}
[02/26 15:39:44][INFO] logging.py:   99: json_stats: {"_type": "train_iter_", "dt": 1.45623, "dt_data": 0.00053, "dt_net": 1.45569, "epoch": "45/48", "eta": "2:02:25", "gpu_mem": "77.43G", "grad_norm": 4.51252, "iter": "140/1296", "loss": 0.21531, "lr": 0.00000, "top1_err": 9.37500, "top5_err": 0.00000}
[02/26 15:40:02][INFO] logging.py:   99: json_stats: {"_type": "train_iter_", "dt": 1.44748, "dt_data": 0.00036, "dt_net": 1.44712, "epoch": "45/48", "eta": "2:01:26", "gpu_mem": "77.43G", "grad_norm": 4.88879, "iter": "150/1296", "loss": 0.30364, "lr": 0.00000, "top1_err": 11.71875, "top5_err": 0.00000}
[02/26 15:40:20][INFO] logging.py:   99: json_stats: {"_type": "train_iter_", "dt": 1.45764, "dt_data": 0.00126, "dt_net": 1.45638, "epoch": "45/48", "eta": "2:02:03", "gpu_mem": "77.43G", "grad_norm": 3.47097, "iter": "160/1296", "loss": 0.26636, "lr": 0.00000, "top1_err": 9.37500, "top5_err": 0.00000}
[02/26 15:40:38][INFO] logging.py:   99: json_stats: {"_type": "train_iter_", "dt": 1.45886, "dt_data": 0.00032, "dt_net": 1.45854, "epoch": "45/48", "eta": "2:01:54", "gpu_mem": "77.43G", "grad_norm": 2.76806, "iter": "170/1296", "loss": 0.22615, "lr": 0.00000, "top1_err": 8.59375, "top5_err": 0.00000}
[02/26 15:40:55][INFO] logging.py:   99: json_stats: {"_type": "train_iter_", "dt": 1.46405, "dt_data": 0.00038, "dt_net": 1.46367, "epoch": "45/48", "eta": "2:02:06", "gpu_mem": "77.43G", "grad_norm": 4.47020, "iter": "180/1296", "loss": 0.26340, "lr": 0.00000, "top1_err": 9.37500, "top5_err": 0.00000}
[02/26 15:41:14][INFO] logging.py:   99: json_stats: {"_type": "train_iter_", "dt": 1.45195, "dt_data": 0.00040, "dt_net": 1.45155, "epoch": "45/48", "eta": "2:00:51", "gpu_mem": "77.43G", "grad_norm": 2.47970, "iter": "190/1296", "loss": 0.23728, "lr": 0.00000, "top1_err": 9.37500, "top5_err": 0.00000}
[02/26 15:41:31][INFO] logging.py:   99: json_stats: {"_type": "train_iter_", "dt": 1.45109, "dt_data": 0.00079, "dt_net": 1.45030, "epoch": "45/48", "eta": "2:00:32", "gpu_mem": "77.43G", "grad_norm": 3.34463, "iter": "200/1296", "loss": 0.35675, "lr": 0.00000, "top1_err": 13.28125, "top5_err": 0.00000}
[02/26 15:41:50][INFO] logging.py:   99: json_stats: {"_type": "train_iter_", "dt": 1.45454, "dt_data": 0.00033, "dt_net": 1.45421, "epoch": "45/48", "eta": "2:00:34", "gpu_mem": "77.43G", "grad_norm": 3.39523, "iter": "210/1296", "loss": 0.28528, "lr": 0.00000, "top1_err": 10.15625, "top5_err": 0.00000}
[02/26 15:42:04][INFO] logging.py:   99: json_stats: {"_type": "train_iter_", "dt": 1.45945, "dt_data": 0.00038, "dt_net": 1.45907, "epoch": "45/48", "eta": "2:00:44", "gpu_mem": "77.43G", "grad_norm": 5.37271, "iter": "220/1296", "loss": 0.31524, "lr": 0.00000, "top1_err": 12.50000, "top5_err": 0.00000}
[02/26 15:42:24][INFO] logging.py:   99: json_stats: {"_type": "train_iter_", "dt": 1.45212, "dt_data": 0.00102, "dt_net": 1.45110, "epoch": "45/48", "eta": "1:59:53", "gpu_mem": "77.43G", "grad_norm": 3.65313, "iter": "230/1296", "loss": 0.27682, "lr": 0.00000, "top1_err": 9.37500, "top5_err": 0.00000}
[02/26 15:42:41][INFO] logging.py:   99: json_stats: {"_type": "train_iter_", "dt": 1.45504, "dt_data": 0.00058, "dt_net": 1.45445, "epoch": "45/48", "eta": "1:59:53", "gpu_mem": "77.43G", "grad_norm": 2.66171, "iter": "240/1296", "loss": 0.27147, "lr": 0.00000, "top1_err": 10.93750, "top5_err": 0.00000}
[02/26 15:42:59][INFO] logging.py:   99: json_stats: {"_type": "train_iter_", "dt": 1.44973, "dt_data": 0.00087, "dt_net": 1.44885, "epoch": "45/48", "eta": "1:59:12", "gpu_mem": "77.43G", "grad_norm": 2.74609, "iter": "250/1296", "loss": 0.27618, "lr": 0.00000, "top1_err": 10.15625, "top5_err": 0.00000}
[02/26 15:43:16][INFO] logging.py:   99: json_stats: {"_type": "train_iter_", "dt": 1.45825, "dt_data": 0.00038, "dt_net": 1.45787, "epoch": "45/48", "eta": "1:59:40", "gpu_mem": "77.43G", "grad_norm": 5.40190, "iter": "260/1296", "loss": 0.28516, "lr": 0.00000, "top1_err": 10.15625, "top5_err": 0.00000}
[02/26 15:43:39][INFO] logging.py:   99: json_stats: {"_type": "train_iter_", "dt": 1.45108, "dt_data": 0.00081, "dt_net": 1.45027, "epoch": "45/48", "eta": "1:58:50", "gpu_mem": "77.43G", "grad_norm": 3.21808, "iter": "270/1296", "loss": 0.22119, "lr": 0.00000, "top1_err": 7.81250, "top5_err": 0.00000}
[02/26 15:43:54][INFO] logging.py:   99: json_stats: {"_type": "train_iter_", "dt": 1.45778, "dt_data": 0.00040, "dt_net": 1.45738, "epoch": "45/48", "eta": "1:59:08", "gpu_mem": "77.43G", "grad_norm": 3.37621, "iter": "280/1296", "loss": 0.26875, "lr": 0.00000, "top1_err": 9.37500, "top5_err": 0.00000}
[02/26 15:44:15][INFO] logging.py:   99: json_stats: {"_type": "train_iter_", "dt": 1.44471, "dt_data": 0.00042, "dt_net": 1.44429, "epoch": "45/48", "eta": "1:57:50", "gpu_mem": "77.43G", "grad_norm": 3.65844, "iter": "290/1296", "loss": 0.33820, "lr": 0.00000, "top1_err": 9.37500, "top5_err": 0.00000}
[02/26 15:44:33][INFO] logging.py:   99: json_stats: {"_type": "train_iter_", "dt": 1.45273, "dt_data": 0.00043, "dt_net": 1.45230, "epoch": "45/48", "eta": "1:58:15", "gpu_mem": "77.43G", "grad_norm": 3.80859, "iter": "300/1296", "loss": 0.27571, "lr": 0.00000, "top1_err": 12.50000, "top5_err": 0.00000}
[02/26 15:44:52][INFO] logging.py:   99: json_stats: {"_type": "train_iter_", "dt": 1.46020, "dt_data": 0.00113, "dt_net": 1.45906, "epoch": "45/48", "eta": "1:58:37", "gpu_mem": "77.43G", "grad_norm": 4.37979, "iter": "310/1296", "loss": 0.24957, "lr": 0.00000, "top1_err": 7.81250, "top5_err": 0.00000}
[02/26 15:45:12][INFO] logging.py:   99: json_stats: {"_type": "train_iter_", "dt": 1.44752, "dt_data": 0.00070, "dt_net": 1.44681, "epoch": "45/48", "eta": "1:57:20", "gpu_mem": "77.43G", "grad_norm": 4.88732, "iter": "320/1296", "loss": 0.26505, "lr": 0.00000, "top1_err": 10.15625, "top5_err": 0.00000}
[02/26 15:45:31][INFO] logging.py:   99: json_stats: {"_type": "train_iter_", "dt": 1.44225, "dt_data": 0.00053, "dt_net": 1.44172, "epoch": "45/48", "eta": "1:56:40", "gpu_mem": "77.43G", "grad_norm": 3.67963, "iter": "330/1296", "loss": 0.27058, "lr": 0.00000, "top1_err": 9.37500, "top5_err": 0.00000}
[02/26 15:45:48][INFO] logging.py:   99: json_stats: {"_type": "train_iter_", "dt": 1.45625, "dt_data": 0.00037, "dt_net": 1.45587, "epoch": "45/48", "eta": "1:57:34", "gpu_mem": "77.43G", "grad_norm": 4.65147, "iter": "340/1296", "loss": 0.21742, "lr": 0.00000, "top1_err": 7.03125, "top5_err": 0.00000}
[02/26 15:46:08][INFO] logging.py:   99: json_stats: {"_type": "train_iter_", "dt": 1.44864, "dt_data": 0.00100, "dt_net": 1.44763, "epoch": "45/48", "eta": "1:56:42", "gpu_mem": "77.43G", "grad_norm": 4.11533, "iter": "350/1296", "loss": 0.23490, "lr": 0.00000, "top1_err": 6.25000, "top5_err": 0.00000}
[02/26 15:46:27][INFO] logging.py:   99: json_stats: {"_type": "train_iter_", "dt": 1.43978, "dt_data": 0.00043, "dt_net": 1.43935, "epoch": "45/48", "eta": "1:55:45", "gpu_mem": "77.43G", "grad_norm": 2.91564, "iter": "360/1296", "loss": 0.31776, "lr": 0.00000, "top1_err": 9.37500, "top5_err": 0.00000}
[02/26 15:46:43][INFO] logging.py:   99: json_stats: {"_type": "train_iter_", "dt": 1.45333, "dt_data": 0.00039, "dt_net": 1.45294, "epoch": "45/48", "eta": "1:56:36", "gpu_mem": "77.43G", "grad_norm": 4.56217, "iter": "370/1296", "loss": 0.22694, "lr": 0.00000, "top1_err": 8.59375, "top5_err": 0.00000}
[02/26 15:47:00][INFO] logging.py:   99: json_stats: {"_type": "train_iter_", "dt": 1.45609, "dt_data": 0.00044, "dt_net": 1.45565, "epoch": "45/48", "eta": "1:56:35", "gpu_mem": "77.43G", "grad_norm": 4.17142, "iter": "380/1296", "loss": 0.31547, "lr": 0.00000, "top1_err": 10.15625, "top5_err": 0.00000}
[02/26 15:47:18][INFO] logging.py:   99: json_stats: {"_type": "train_iter_", "dt": 1.45144, "dt_data": 0.00034, "dt_net": 1.45110, "epoch": "45/48", "eta": "1:55:58", "gpu_mem": "77.43G", "grad_norm": 2.99681, "iter": "390/1296", "loss": 0.26602, "lr": 0.00000, "top1_err": 9.37500, "top5_err": 0.00000}
[02/26 15:47:36][INFO] logging.py:   99: json_stats: {"_type": "train_iter_", "dt": 1.44950, "dt_data": 0.00046, "dt_net": 1.44903, "epoch": "45/48", "eta": "1:55:34", "gpu_mem": "77.43G", "grad_norm": 3.35095, "iter": "400/1296", "loss": 0.20717, "lr": 0.00000, "top1_err": 8.59375, "top5_err": 0.00000}
[02/26 15:47:52][INFO] logging.py:   99: json_stats: {"_type": "train_iter_", "dt": 1.46130, "dt_data": 0.00040, "dt_net": 1.46091, "epoch": "45/48", "eta": "1:56:16", "gpu_mem": "77.43G", "grad_norm": 2.62961, "iter": "410/1296", "loss": 0.27073, "lr": 0.00000, "top1_err": 9.37500, "top5_err": 0.00000}
[02/26 15:48:10][INFO] logging.py:   99: json_stats: {"_type": "train_iter_", "dt": 1.45821, "dt_data": 0.00034, "dt_net": 1.45787, "epoch": "45/48", "eta": "1:55:46", "gpu_mem": "77.43G", "grad_norm": 3.31638, "iter": "420/1296", "loss": 0.32474, "lr": 0.00000, "top1_err": 11.71875, "top5_err": 0.00000}
[02/26 15:48:32][INFO] logging.py:   99: json_stats: {"_type": "train_iter_", "dt": 1.43554, "dt_data": 0.00077, "dt_net": 1.43477, "epoch": "45/48", "eta": "1:53:44", "gpu_mem": "77.43G", "grad_norm": 2.67561, "iter": "430/1296", "loss": 0.27925, "lr": 0.00000, "top1_err": 10.15625, "top5_err": 0.00000}
[02/26 15:48:47][INFO] logging.py:   99: json_stats: {"_type": "train_iter_", "dt": 1.46049, "dt_data": 0.00082, "dt_net": 1.45967, "epoch": "45/48", "eta": "1:55:28", "gpu_mem": "77.43G", "grad_norm": 3.93032, "iter": "440/1296", "loss": 0.32356, "lr": 0.00000, "top1_err": 10.93750, "top5_err": 0.00000}
[02/26 15:49:05][INFO] logging.py:   99: json_stats: {"_type": "train_iter_", "dt": 1.45075, "dt_data": 0.00034, "dt_net": 1.45041, "epoch": "45/48", "eta": "1:54:27", "gpu_mem": "77.43G", "grad_norm": 3.81491, "iter": "450/1296", "loss": 0.27985, "lr": 0.00000, "top1_err": 9.37500, "top5_err": 0.00000}
[02/26 15:49:21][INFO] logging.py:   99: json_stats: {"_type": "train_iter_", "dt": 1.45678, "dt_data": 0.00041, "dt_net": 1.45637, "epoch": "45/48", "eta": "1:54:41", "gpu_mem": "77.43G", "grad_norm": 2.82503, "iter": "460/1296", "loss": 0.21453, "lr": 0.00000, "top1_err": 7.03125, "top5_err": 0.00000}
[02/26 15:49:41][INFO] logging.py:   99: json_stats: {"_type": "train_iter_", "dt": 1.44772, "dt_data": 0.00051, "dt_net": 1.44721, "epoch": "45/48", "eta": "1:53:44", "gpu_mem": "77.43G", "grad_norm": 5.46604, "iter": "470/1296", "loss": 0.28395, "lr": 0.00000, "top1_err": 9.37500, "top5_err": 0.00000}
[02/26 15:50:01][INFO] logging.py:   99: json_stats: {"_type": "train_iter_", "dt": 1.44556, "dt_data": 0.00120, "dt_net": 1.44436, "epoch": "45/48", "eta": "1:53:19", "gpu_mem": "77.43G", "grad_norm": 4.28534, "iter": "480/1296", "loss": 0.27320, "lr": 0.00000, "top1_err": 8.59375, "top5_err": 0.00000}
[02/26 15:50:18][INFO] logging.py:   99: json_stats: {"_type": "train_iter_", "dt": 1.45062, "dt_data": 0.00042, "dt_net": 1.45020, "epoch": "45/48", "eta": "1:53:29", "gpu_mem": "77.43G", "grad_norm": 2.84102, "iter": "490/1296", "loss": 0.27943, "lr": 0.00000, "top1_err": 8.59375, "top5_err": 0.00000}
[02/26 15:50:34][INFO] logging.py:   99: json_stats: {"_type": "train_iter_", "dt": 1.45401, "dt_data": 0.00035, "dt_net": 1.45366, "epoch": "45/48", "eta": "1:53:30", "gpu_mem": "77.43G", "grad_norm": 5.26237, "iter": "500/1296", "loss": 0.29498, "lr": 0.00000, "top1_err": 11.71875, "top5_err": 0.00000}
[02/26 15:50:50][INFO] logging.py:   99: json_stats: {"_type": "train_iter_", "dt": 1.46126, "dt_data": 0.00080, "dt_net": 1.46047, "epoch": "45/48", "eta": "1:53:49", "gpu_mem": "77.43G", "grad_norm": 2.82763, "iter": "510/1296", "loss": 0.24133, "lr": 0.00000, "top1_err": 8.59375, "top5_err": 0.00000}
[02/26 15:51:04][INFO] logging.py:   99: json_stats: {"_type": "train_iter_", "dt": 1.45798, "dt_data": 0.00036, "dt_net": 1.45762, "epoch": "45/48", "eta": "1:53:20", "gpu_mem": "77.43G", "grad_norm": 3.61128, "iter": "520/1296", "loss": 0.27373, "lr": 0.00000, "top1_err": 10.15625, "top5_err": 0.00000}
[02/26 15:51:24][INFO] logging.py:   99: json_stats: {"_type": "train_iter_", "dt": 1.45250, "dt_data": 0.00049, "dt_net": 1.45201, "epoch": "45/48", "eta": "1:52:39", "gpu_mem": "77.43G", "grad_norm": 3.05983, "iter": "530/1296", "loss": 0.19135, "lr": 0.00000, "top1_err": 7.03125, "top5_err": 0.00000}
[02/26 15:51:41][INFO] logging.py:   99: json_stats: {"_type": "train_iter_", "dt": 1.46399, "dt_data": 0.00042, "dt_net": 1.46356, "epoch": "45/48", "eta": "1:53:18", "gpu_mem": "77.43G", "grad_norm": 4.14699, "iter": "540/1296", "loss": 0.32909, "lr": 0.00000, "top1_err": 10.93750, "top5_err": 0.00000}
[02/26 15:51:58][INFO] logging.py:   99: json_stats: {"_type": "train_iter_", "dt": 1.45626, "dt_data": 0.00044, "dt_net": 1.45581, "epoch": "45/48", "eta": "1:52:28", "gpu_mem": "77.43G", "grad_norm": 2.40629, "iter": "550/1296", "loss": 0.22712, "lr": 0.00000, "top1_err": 9.37500, "top5_err": 0.00000}
[02/26 15:52:14][INFO] logging.py:   99: json_stats: {"_type": "train_iter_", "dt": 1.45831, "dt_data": 0.00078, "dt_net": 1.45751, "epoch": "45/48", "eta": "1:52:23", "gpu_mem": "77.43G", "grad_norm": 4.63113, "iter": "560/1296", "loss": 0.26496, "lr": 0.00000, "top1_err": 8.59375, "top5_err": 0.00000}
[02/26 15:52:33][INFO] logging.py:   99: json_stats: {"_type": "train_iter_", "dt": 1.44977, "dt_data": 0.00057, "dt_net": 1.44919, "epoch": "45/48", "eta": "1:51:29", "gpu_mem": "77.43G", "grad_norm": 4.80292, "iter": "570/1296", "loss": 0.21619, "lr": 0.00000, "top1_err": 7.81250, "top5_err": 0.00000}
[02/26 15:52:53][INFO] logging.py:   99: json_stats: {"_type": "train_iter_", "dt": 1.45288, "dt_data": 0.00038, "dt_net": 1.45250, "epoch": "45/48", "eta": "1:51:29", "gpu_mem": "77.43G", "grad_norm": 3.07543, "iter": "580/1296", "loss": 0.26858, "lr": 0.00000, "top1_err": 10.93750, "top5_err": 0.00000}
[02/26 15:53:07][INFO] logging.py:   99: json_stats: {"_type": "train_iter_", "dt": 1.45879, "dt_data": 0.00047, "dt_net": 1.45832, "epoch": "45/48", "eta": "1:51:41", "gpu_mem": "77.43G", "grad_norm": 4.25599, "iter": "590/1296", "loss": 0.21881, "lr": 0.00000, "top1_err": 9.37500, "top5_err": 0.00000}
[02/26 15:53:23][INFO] logging.py:   99: json_stats: {"_type": "train_iter_", "dt": 1.46041, "dt_data": 0.00057, "dt_net": 1.45985, "epoch": "45/48", "eta": "1:51:34", "gpu_mem": "77.43G", "grad_norm": 4.10907, "iter": "600/1296", "loss": 0.26495, "lr": 0.00000, "top1_err": 9.37500, "top5_err": 0.00000}
[02/26 15:53:43][INFO] logging.py:   99: json_stats: {"_type": "train_iter_", "dt": 1.44844, "dt_data": 0.00058, "dt_net": 1.44787, "epoch": "45/48", "eta": "1:50:25", "gpu_mem": "77.43G", "grad_norm": 2.84578, "iter": "610/1296", "loss": 0.25998, "lr": 0.00000, "top1_err": 12.50000, "top5_err": 0.00000}
[02/26 15:54:00][INFO] logging.py:   99: json_stats: {"_type": "train_iter_", "dt": 1.46557, "dt_data": 0.00044, "dt_net": 1.46512, "epoch": "45/48", "eta": "1:51:28", "gpu_mem": "77.43G", "grad_norm": 3.48940, "iter": "620/1296", "loss": 0.23200, "lr": 0.00000, "top1_err": 10.93750, "top5_err": 0.00000}
[02/26 15:54:18][INFO] logging.py:   99: json_stats: {"_type": "train_iter_", "dt": 1.44208, "dt_data": 0.00053, "dt_net": 1.44155, "epoch": "45/48", "eta": "1:49:27", "gpu_mem": "77.43G", "grad_norm": Infinity, "iter": "630/1296", "loss": 0.30171, "lr": 0.00000, "top1_err": 7.81250, "top5_err": 0.00000}
[02/26 15:54:35][INFO] logging.py:   99: json_stats: {"_type": "train_iter_", "dt": 1.45337, "dt_data": 0.00088, "dt_net": 1.45248, "epoch": "45/48", "eta": "1:50:04", "gpu_mem": "77.43G", "grad_norm": 3.89454, "iter": "640/1296", "loss": 0.19821, "lr": 0.00000, "top1_err": 8.59375, "top5_err": 0.00000}
[02/26 15:54:55][INFO] logging.py:   99: json_stats: {"_type": "train_iter_", "dt": 1.44317, "dt_data": 0.00039, "dt_net": 1.44278, "epoch": "45/48", "eta": "1:49:03", "gpu_mem": "77.43G", "grad_norm": 3.16146, "iter": "650/1296", "loss": 0.23256, "lr": 0.00000, "top1_err": 9.37500, "top5_err": 0.00000}
[02/26 15:55:12][INFO] logging.py:   99: json_stats: {"_type": "train_iter_", "dt": 1.45519, "dt_data": 0.00043, "dt_net": 1.45476, "epoch": "45/48", "eta": "1:49:43", "gpu_mem": "77.43G", "grad_norm": 4.47057, "iter": "660/1296", "loss": 0.27784, "lr": 0.00000, "top1_err": 10.93750, "top5_err": 0.00000}
[02/26 15:55:29][INFO] logging.py:   99: json_stats: {"_type": "train_iter_", "dt": 1.45698, "dt_data": 0.00044, "dt_net": 1.45653, "epoch": "45/48", "eta": "1:49:36", "gpu_mem": "77.43G", "grad_norm": 2.85891, "iter": "670/1296", "loss": 0.21308, "lr": 0.00000, "top1_err": 7.81250, "top5_err": 0.00000}
[02/26 15:55:46][INFO] logging.py:   99: json_stats: {"_type": "train_iter_", "dt": 1.45635, "dt_data": 0.00085, "dt_net": 1.45550, "epoch": "45/48", "eta": "1:49:19", "gpu_mem": "77.43G", "grad_norm": 3.38293, "iter": "680/1296", "loss": 0.29021, "lr": 0.00000, "top1_err": 11.71875, "top5_err": 0.00000}
[02/26 15:56:03][INFO] logging.py:   99: json_stats: {"_type": "train_iter_", "dt": 1.45736, "dt_data": 0.00045, "dt_net": 1.45691, "epoch": "45/48", "eta": "1:49:09", "gpu_mem": "77.43G", "grad_norm": 4.44094, "iter": "690/1296", "loss": 0.25676, "lr": 0.00000, "top1_err": 9.37500, "top5_err": 0.00000}
[02/26 15:56:22][INFO] logging.py:   99: json_stats: {"_type": "train_iter_", "dt": 1.45592, "dt_data": 0.00126, "dt_net": 1.45466, "epoch": "45/48", "eta": "1:48:48", "gpu_mem": "77.43G", "grad_norm": 5.76754, "iter": "700/1296", "loss": 0.28590, "lr": 0.00000, "top1_err": 10.15625, "top5_err": 0.00000}
[02/26 15:56:42][INFO] logging.py:   99: json_stats: {"_type": "train_iter_", "dt": 2.07260, "dt_data": 0.00037, "dt_net": 2.07222, "epoch": "45/48", "eta": "2:34:32", "gpu_mem": "77.43G", "grad_norm": 3.57221, "iter": "710/1296", "loss": 0.24455, "lr": 0.00000, "top1_err": 7.03125, "top5_err": 0.00000}
[02/26 15:56:58][INFO] logging.py:   99: json_stats: {"_type": "train_iter_", "dt": 1.45506, "dt_data": 0.00143, "dt_net": 1.45363, "epoch": "45/48", "eta": "1:48:15", "gpu_mem": "77.43G", "grad_norm": 1.94225, "iter": "720/1296", "loss": 0.26128, "lr": 0.00000, "top1_err": 8.59375, "top5_err": 0.78125}
[02/26 15:57:16][INFO] logging.py:   99: json_stats: {"_type": "train_iter_", "dt": 1.45319, "dt_data": 0.00084, "dt_net": 1.45235, "epoch": "45/48", "eta": "1:47:52", "gpu_mem": "77.43G", "grad_norm": 2.81917, "iter": "730/1296", "loss": 0.25426, "lr": 0.00000, "top1_err": 10.93750, "top5_err": 0.00000}
[02/26 15:57:32][INFO] logging.py:   99: json_stats: {"_type": "train_iter_", "dt": 1.45895, "dt_data": 0.00043, "dt_net": 1.45851, "epoch": "45/48", "eta": "1:48:03", "gpu_mem": "77.43G", "grad_norm": 2.56575, "iter": "740/1296", "loss": 0.23723, "lr": 0.00000, "top1_err": 7.81250, "top5_err": 0.00000}
[02/26 15:57:50][INFO] logging.py:   99: json_stats: {"_type": "train_iter_", "dt": 4.41885, "dt_data": 0.00038, "dt_net": 4.41846, "epoch": "45/48", "eta": "5:26:33", "gpu_mem": "77.43G", "grad_norm": 3.93437, "iter": "750/1296", "loss": 0.29927, "lr": 0.00000, "top1_err": 10.15625, "top5_err": 0.00000}
[02/26 15:58:09][INFO] logging.py:   99: json_stats: {"_type": "train_iter_", "dt": 1.45339, "dt_data": 0.00038, "dt_net": 1.45302, "epoch": "45/48", "eta": "1:47:09", "gpu_mem": "77.43G", "grad_norm": 3.55096, "iter": "760/1296", "loss": 0.22557, "lr": 0.00000, "top1_err": 7.81250, "top5_err": 0.00000}
[02/26 15:58:28][INFO] logging.py:   99: json_stats: {"_type": "train_iter_", "dt": 1.44661, "dt_data": 0.00045, "dt_net": 1.44615, "epoch": "45/48", "eta": "1:46:25", "gpu_mem": "77.43G", "grad_norm": 3.35630, "iter": "770/1296", "loss": 0.25718, "lr": 0.00000, "top1_err": 8.59375, "top5_err": 0.00000}
[02/26 15:58:43][INFO] logging.py:   99: json_stats: {"_type": "train_iter_", "dt": 1.45704, "dt_data": 0.00099, "dt_net": 1.45605, "epoch": "45/48", "eta": "1:46:56", "gpu_mem": "77.43G", "grad_norm": 3.99190, "iter": "780/1296", "loss": 0.19280, "lr": 0.00000, "top1_err": 7.81250, "top5_err": 0.00000}
[02/26 15:59:03][INFO] logging.py:   99: json_stats: {"_type": "train_iter_", "dt": 1.45397, "dt_data": 0.00047, "dt_net": 1.45350, "epoch": "45/48", "eta": "1:46:28", "gpu_mem": "77.43G", "grad_norm": 3.70329, "iter": "790/1296", "loss": 0.24693, "lr": 0.00000, "top1_err": 8.59375, "top5_err": 0.00000}
[02/26 15:59:21][INFO] logging.py:   99: json_stats: {"_type": "train_iter_", "dt": 1.44977, "dt_data": 0.00046, "dt_net": 1.44932, "epoch": "45/48", "eta": "1:45:55", "gpu_mem": "77.43G", "grad_norm": 2.07432, "iter": "800/1296", "loss": 0.29482, "lr": 0.00000, "top1_err": 11.71875, "top5_err": 0.00000}
[02/26 15:59:39][INFO] logging.py:   99: json_stats: {"_type": "train_iter_", "dt": 1.46588, "dt_data": 0.00044, "dt_net": 1.46544, "epoch": "45/48", "eta": "1:46:51", "gpu_mem": "77.43G", "grad_norm": 3.33227, "iter": "810/1296", "loss": 0.22434, "lr": 0.00000, "top1_err": 7.03125, "top5_err": 0.00000}
[02/26 15:59:56][INFO] logging.py:   99: json_stats: {"_type": "train_iter_", "dt": 1.46126, "dt_data": 0.00038, "dt_net": 1.46089, "epoch": "45/48", "eta": "1:46:16", "gpu_mem": "77.43G", "grad_norm": 2.36470, "iter": "820/1296", "loss": 0.27624, "lr": 0.00000, "top1_err": 10.93750, "top5_err": 0.00000}
[02/26 16:00:17][INFO] logging.py:   99: json_stats: {"_type": "train_iter_", "dt": 1.44411, "dt_data": 0.00042, "dt_net": 1.44369, "epoch": "45/48", "eta": "1:44:47", "gpu_mem": "77.43G", "grad_norm": 3.32954, "iter": "830/1296", "loss": 0.28466, "lr": 0.00000, "top1_err": 10.93750, "top5_err": 0.00000}
[02/26 16:00:35][INFO] logging.py:   99: json_stats: {"_type": "train_iter_", "dt": 1.44912, "dt_data": 0.00053, "dt_net": 1.44858, "epoch": "45/48", "eta": "1:44:54", "gpu_mem": "77.43G", "grad_norm": 3.80301, "iter": "840/1296", "loss": 0.28693, "lr": 0.00000, "top1_err": 10.15625, "top5_err": 0.00000}
[02/26 16:00:56][INFO] logging.py:   99: json_stats: {"_type": "train_iter_", "dt": 1.44540, "dt_data": 0.00091, "dt_net": 1.44450, "epoch": "45/48", "eta": "1:44:24", "gpu_mem": "77.43G", "grad_norm": 3.49741, "iter": "850/1296", "loss": 0.28606, "lr": 0.00000, "top1_err": 8.59375, "top5_err": 0.00000}
[02/26 16:01:15][INFO] logging.py:   99: json_stats: {"_type": "train_iter_", "dt": 1.45595, "dt_data": 0.00125, "dt_net": 1.45469, "epoch": "45/48", "eta": "1:44:55", "gpu_mem": "77.43G", "grad_norm": 2.92389, "iter": "860/1296", "loss": 0.27351, "lr": 0.00000, "top1_err": 10.15625, "top5_err": 0.00000}
[02/26 16:01:35][INFO] logging.py:   99: json_stats: {"_type": "train_iter_", "dt": 1.45942, "dt_data": 0.00076, "dt_net": 1.45866, "epoch": "45/48", "eta": "1:44:55", "gpu_mem": "77.43G", "grad_norm": 3.15761, "iter": "870/1296", "loss": 0.24062, "lr": 0.00000, "top1_err": 10.93750, "top5_err": 0.00000}
[02/26 16:01:50][INFO] logging.py:   99: json_stats: {"_type": "train_iter_", "dt": 1.46231, "dt_data": 0.00077, "dt_net": 1.46153, "epoch": "45/48", "eta": "1:44:53", "gpu_mem": "77.43G", "grad_norm": 5.37501, "iter": "880/1296", "loss": 0.31978, "lr": 0.00000, "top1_err": 11.71875, "top5_err": 0.00000}
[02/26 16:02:08][INFO] logging.py:   99: json_stats: {"_type": "train_iter_", "dt": 1.44510, "dt_data": 0.00041, "dt_net": 1.44468, "epoch": "45/48", "eta": "1:43:25", "gpu_mem": "77.43G", "grad_norm": 4.88982, "iter": "890/1296", "loss": 0.31260, "lr": 0.00000, "top1_err": 10.15625, "top5_err": 0.00000}
[02/26 16:02:27][INFO] logging.py:   99: json_stats: {"_type": "train_iter_", "dt": 1.45455, "dt_data": 0.00117, "dt_net": 1.45336, "epoch": "45/48", "eta": "1:43:51", "gpu_mem": "77.43G", "grad_norm": 3.91079, "iter": "900/1296", "loss": 0.27196, "lr": 0.00000, "top1_err": 10.93750, "top5_err": 0.00000}
[02/26 16:02:44][INFO] logging.py:   99: json_stats: {"_type": "train_iter_", "dt": 1.44848, "dt_data": 0.00040, "dt_net": 1.44807, "epoch": "45/48", "eta": "1:43:10", "gpu_mem": "77.43G", "grad_norm": 3.88848, "iter": "910/1296", "loss": 0.32366, "lr": 0.00000, "top1_err": 10.93750, "top5_err": 0.00000}
[02/26 16:03:00][INFO] logging.py:   99: json_stats: {"_type": "train_iter_", "dt": 1.45302, "dt_data": 0.00038, "dt_net": 1.45264, "epoch": "45/48", "eta": "1:43:15", "gpu_mem": "77.43G", "grad_norm": 4.26032, "iter": "920/1296", "loss": 0.20659, "lr": 0.00000, "top1_err": 9.37500, "top5_err": 0.00000}
[02/26 16:03:20][INFO] logging.py:   99: json_stats: {"_type": "train_iter_", "dt": 1.44495, "dt_data": 0.00044, "dt_net": 1.44451, "epoch": "45/48", "eta": "1:42:26", "gpu_mem": "77.43G", "grad_norm": 3.20994, "iter": "930/1296", "loss": 0.29032, "lr": 0.00000, "top1_err": 9.37500, "top5_err": 0.00000}
[02/26 16:03:38][INFO] logging.py:   99: json_stats: {"_type": "train_iter_", "dt": 1.45407, "dt_data": 0.00042, "dt_net": 1.45365, "epoch": "45/48", "eta": "1:42:51", "gpu_mem": "77.43G", "grad_norm": 2.36297, "iter": "940/1296", "loss": 0.27757, "lr": 0.00000, "top1_err": 10.15625, "top5_err": 0.00000}
[02/26 16:03:56][INFO] logging.py:   99: json_stats: {"_type": "train_iter_", "dt": 1.45167, "dt_data": 0.00044, "dt_net": 1.45123, "epoch": "45/48", "eta": "1:42:26", "gpu_mem": "77.43G", "grad_norm": 2.46109, "iter": "950/1296", "loss": 0.28799, "lr": 0.00000, "top1_err": 10.93750, "top5_err": 0.00000}
[02/26 16:04:11][INFO] logging.py:   99: json_stats: {"_type": "train_iter_", "dt": 1.46901, "dt_data": 0.00050, "dt_net": 1.46851, "epoch": "45/48", "eta": "1:43:25", "gpu_mem": "77.43G", "grad_norm": 3.90376, "iter": "960/1296", "loss": 0.25086, "lr": 0.00000, "top1_err": 9.37500, "top5_err": 0.00000}
[02/26 16:04:28][INFO] logging.py:   99: json_stats: {"_type": "train_iter_", "dt": 1.45160, "dt_data": 0.00078, "dt_net": 1.45082, "epoch": "45/48", "eta": "1:41:57", "gpu_mem": "77.43G", "grad_norm": 3.76117, "iter": "970/1296", "loss": 0.32436, "lr": 0.00000, "top1_err": 13.28125, "top5_err": 0.00000}
[02/26 16:04:44][INFO] logging.py:   99: json_stats: {"_type": "train_iter_", "dt": 1.45571, "dt_data": 0.00110, "dt_net": 1.45460, "epoch": "45/48", "eta": "1:41:59", "gpu_mem": "77.43G", "grad_norm": 4.86927, "iter": "980/1296", "loss": 0.25459, "lr": 0.00000, "top1_err": 10.93750, "top5_err": 0.00000}
[02/26 16:05:04][INFO] logging.py:   99: json_stats: {"_type": "train_iter_", "dt": 1.45505, "dt_data": 0.00140, "dt_net": 1.45365, "epoch": "45/48", "eta": "1:41:42", "gpu_mem": "77.43G", "grad_norm": 3.65578, "iter": "990/1296", "loss": 0.24712, "lr": 0.00000, "top1_err": 8.59375, "top5_err": 0.00000}
[02/26 16:05:21][INFO] logging.py:   99: json_stats: {"_type": "train_iter_", "dt": 1.45701, "dt_data": 0.00151, "dt_net": 1.45551, "epoch": "45/48", "eta": "1:41:36", "gpu_mem": "77.43G", "grad_norm": 2.81835, "iter": "1000/1296", "loss": 0.28503, "lr": 0.00000, "top1_err": 7.81250, "top5_err": 0.00000}
[02/26 16:05:39][INFO] logging.py:   99: json_stats: {"_type": "train_iter_", "dt": 1.45671, "dt_data": 0.00097, "dt_net": 1.45573, "epoch": "45/48", "eta": "1:41:20", "gpu_mem": "77.43G", "grad_norm": 4.68984, "iter": "1010/1296", "loss": 0.18405, "lr": 0.00000, "top1_err": 7.81250, "top5_err": 0.00000}
[02/26 16:05:55][INFO] logging.py:   99: json_stats: {"_type": "train_iter_", "dt": 1.45732, "dt_data": 0.00048, "dt_net": 1.45684, "epoch": "45/48", "eta": "1:41:08", "gpu_mem": "77.43G", "grad_norm": 2.69190, "iter": "1020/1296", "loss": 0.22758, "lr": 0.00000, "top1_err": 7.81250, "top5_err": 0.00000}
[02/26 16:06:14][INFO] logging.py:   99: json_stats: {"_type": "train_iter_", "dt": 1.44969, "dt_data": 0.00044, "dt_net": 1.44925, "epoch": "45/48", "eta": "1:40:22", "gpu_mem": "77.43G", "grad_norm": 4.44893, "iter": "1030/1296", "loss": 0.30628, "lr": 0.00000, "top1_err": 12.50000, "top5_err": 0.00000}
[02/26 16:06:29][INFO] logging.py:   99: json_stats: {"_type": "train_iter_", "dt": 1.45955, "dt_data": 0.00055, "dt_net": 1.45901, "epoch": "45/48", "eta": "1:40:48", "gpu_mem": "77.43G", "grad_norm": 3.99305, "iter": "1040/1296", "loss": 0.31925, "lr": 0.00000, "top1_err": 13.28125, "top5_err": 0.00000}
[02/26 16:06:47][INFO] logging.py:   99: json_stats: {"_type": "train_iter_", "dt": 1.45769, "dt_data": 0.00042, "dt_net": 1.45726, "epoch": "45/48", "eta": "1:40:26", "gpu_mem": "77.43G", "grad_norm": 2.88442, "iter": "1050/1296", "loss": 0.33202, "lr": 0.00000, "top1_err": 10.93750, "top5_err": 0.00000}
[02/26 16:07:06][INFO] logging.py:   99: json_stats: {"_type": "train_iter_", "dt": 1.45029, "dt_data": 0.00092, "dt_net": 1.44936, "epoch": "45/48", "eta": "1:39:40", "gpu_mem": "77.43G", "grad_norm": 1.65845, "iter": "1060/1296", "loss": 0.25907, "lr": 0.00000, "top1_err": 9.37500, "top5_err": 0.00000}
[02/26 16:07:27][INFO] logging.py:   99: json_stats: {"_type": "train_iter_", "dt": 3.51716, "dt_data": 0.00071, "dt_net": 3.51645, "epoch": "45/48", "eta": "4:01:09", "gpu_mem": "77.43G", "grad_norm": 4.72984, "iter": "1070/1296", "loss": 0.28724, "lr": 0.00000, "top1_err": 10.93750, "top5_err": 0.00000}
[02/26 16:07:41][INFO] logging.py:   99: json_stats: {"_type": "train_iter_", "dt": 1.45842, "dt_data": 0.00052, "dt_net": 1.45789, "epoch": "45/48", "eta": "1:39:45", "gpu_mem": "77.43G", "grad_norm": 3.49877, "iter": "1080/1296", "loss": 0.29912, "lr": 0.00000, "top1_err": 11.71875, "top5_err": 0.00000}
[02/26 16:07:59][INFO] logging.py:   99: json_stats: {"_type": "train_iter_", "dt": 1.46551, "dt_data": 0.00154, "dt_net": 1.46396, "epoch": "45/48", "eta": "1:39:59", "gpu_mem": "77.43G", "grad_norm": 3.39178, "iter": "1090/1296", "loss": 0.26210, "lr": 0.00000, "top1_err": 10.15625, "top5_err": 0.00000}
[02/26 16:08:19][INFO] logging.py:   99: json_stats: {"_type": "train_iter_", "dt": 1.48600, "dt_data": 0.00042, "dt_net": 1.48557, "epoch": "45/48", "eta": "1:41:08", "gpu_mem": "77.43G", "grad_norm": 4.15500, "iter": "1100/1296", "loss": 0.25590, "lr": 0.00000, "top1_err": 8.59375, "top5_err": 0.00000}
[02/26 16:08:37][INFO] logging.py:   99: json_stats: {"_type": "train_iter_", "dt": 1.45620, "dt_data": 0.00104, "dt_net": 1.45516, "epoch": "45/48", "eta": "1:38:52", "gpu_mem": "77.43G", "grad_norm": 3.94638, "iter": "1110/1296", "loss": 0.26686, "lr": 0.00000, "top1_err": 11.71875, "top5_err": 0.00000}
[02/26 16:08:56][INFO] logging.py:   99: json_stats: {"_type": "train_iter_", "dt": 1.44677, "dt_data": 0.00048, "dt_net": 1.44629, "epoch": "45/48", "eta": "1:37:59", "gpu_mem": "77.43G", "grad_norm": 5.59231, "iter": "1120/1296", "loss": 0.29620, "lr": 0.00000, "top1_err": 7.81250, "top5_err": 0.00000}
[02/26 16:09:12][INFO] logging.py:   99: json_stats: {"_type": "train_iter_", "dt": 1.45273, "dt_data": 0.00213, "dt_net": 1.45060, "epoch": "45/48", "eta": "1:38:09", "gpu_mem": "77.43G", "grad_norm": 4.12642, "iter": "1130/1296", "loss": 0.25842, "lr": 0.00000, "top1_err": 10.15625, "top5_err": 0.00000}
[02/26 16:09:32][INFO] logging.py:   99: json_stats: {"_type": "train_iter_", "dt": 1.45025, "dt_data": 0.00105, "dt_net": 1.44920, "epoch": "45/48", "eta": "1:37:44", "gpu_mem": "77.43G", "grad_norm": 2.57949, "iter": "1140/1296", "loss": 0.21604, "lr": 0.00000, "top1_err": 7.81250, "top5_err": 0.00000}
[02/26 16:09:53][INFO] logging.py:   99: json_stats: {"_type": "train_iter_", "dt": 1.45296, "dt_data": 0.00041, "dt_net": 1.45255, "epoch": "45/48", "eta": "1:37:41", "gpu_mem": "77.43G", "grad_norm": 3.87116, "iter": "1150/1296", "loss": 0.31841, "lr": 0.00000, "top1_err": 11.71875, "top5_err": 0.00000}
[02/26 16:10:11][INFO] logging.py:   99: json_stats: {"_type": "train_iter_", "dt": 1.45574, "dt_data": 0.00127, "dt_net": 1.45447, "epoch": "45/48", "eta": "1:37:37", "gpu_mem": "77.43G", "grad_norm": 4.21694, "iter": "1160/1296", "loss": 0.26332, "lr": 0.00000, "top1_err": 10.93750, "top5_err": 0.00000}
[02/26 16:10:27][INFO] logging.py:   99: json_stats: {"_type": "train_iter_", "dt": 1.45667, "dt_data": 0.00087, "dt_net": 1.45580, "epoch": "45/48", "eta": "1:37:27", "gpu_mem": "77.43G", "grad_norm": 4.29582, "iter": "1170/1296", "loss": 0.27519, "lr": 0.00000, "top1_err": 9.37500, "top5_err": 0.00000}
[02/26 16:10:48][INFO] logging.py:   99: json_stats: {"_type": "train_iter_", "dt": 1.44738, "dt_data": 0.00041, "dt_net": 1.44698, "epoch": "45/48", "eta": "1:36:35", "gpu_mem": "77.43G", "grad_norm": 5.54857, "iter": "1180/1296", "loss": 0.26925, "lr": 0.00000, "top1_err": 10.15625, "top5_err": 0.00000}
[02/26 16:11:10][INFO] logging.py:   99: json_stats: {"_type": "train_iter_", "dt": 1.44989, "dt_data": 0.00086, "dt_net": 1.44902, "epoch": "45/48", "eta": "1:36:30", "gpu_mem": "77.43G", "grad_norm": 4.42577, "iter": "1190/1296", "loss": 0.25845, "lr": 0.00000, "top1_err": 10.15625, "top5_err": 0.00000}
[02/26 16:11:28][INFO] logging.py:   99: json_stats: {"_type": "train_iter_", "dt": 1.45031, "dt_data": 0.00073, "dt_net": 1.44959, "epoch": "45/48", "eta": "1:36:18", "gpu_mem": "77.43G", "grad_norm": 3.97730, "iter": "1200/1296", "loss": 0.26869, "lr": 0.00000, "top1_err": 10.93750, "top5_err": 0.00000}
[02/26 16:11:47][INFO] logging.py:   99: json_stats: {"_type": "train_iter_", "dt": 1.44483, "dt_data": 0.00047, "dt_net": 1.44437, "epoch": "45/48", "eta": "1:35:41", "gpu_mem": "77.43G", "grad_norm": 4.44844, "iter": "1210/1296", "loss": 0.28564, "lr": 0.00000, "top1_err": 10.93750, "top5_err": 0.00000}
[02/26 16:12:06][INFO] logging.py:   99: json_stats: {"_type": "train_iter_", "dt": 1.45087, "dt_data": 0.00044, "dt_net": 1.45043, "epoch": "45/48", "eta": "1:35:51", "gpu_mem": "77.43G", "grad_norm": 3.78609, "iter": "1220/1296", "loss": 0.24334, "lr": 0.00000, "top1_err": 7.03125, "top5_err": 0.00000}
[02/26 16:12:28][INFO] logging.py:   99: json_stats: {"_type": "train_iter_", "dt": 1.44938, "dt_data": 0.00037, "dt_net": 1.44900, "epoch": "45/48", "eta": "1:35:30", "gpu_mem": "77.43G", "grad_norm": 3.12923, "iter": "1230/1296", "loss": 0.23403, "lr": 0.00000, "top1_err": 7.81250, "top5_err": 0.00000}
[02/26 16:12:49][INFO] logging.py:   99: json_stats: {"_type": "train_iter_", "dt": 1.43820, "dt_data": 0.00069, "dt_net": 1.43751, "epoch": "45/48", "eta": "1:34:32", "gpu_mem": "77.43G", "grad_norm": 2.20956, "iter": "1240/1296", "loss": 0.22460, "lr": 0.00000, "top1_err": 9.37500, "top5_err": 0.00000}
[02/26 16:13:05][INFO] logging.py:   99: json_stats: {"_type": "train_iter_", "dt": 1.45003, "dt_data": 0.00076, "dt_net": 1.44927, "epoch": "45/48", "eta": "1:35:04", "gpu_mem": "77.43G", "grad_norm": 3.39010, "iter": "1250/1296", "loss": 0.23037, "lr": 0.00000, "top1_err": 9.37500, "top5_err": 0.00000}
[02/26 16:13:22][INFO] logging.py:   99: json_stats: {"_type": "train_iter_", "dt": 1.45775, "dt_data": 0.00068, "dt_net": 1.45706, "epoch": "45/48", "eta": "1:35:20", "gpu_mem": "77.43G", "grad_norm": 3.16122, "iter": "1260/1296", "loss": 0.24393, "lr": 0.00000, "top1_err": 10.15625, "top5_err": 0.00000}
[02/26 16:13:42][INFO] logging.py:   99: json_stats: {"_type": "train_iter_", "dt": 1.45117, "dt_data": 0.00054, "dt_net": 1.45064, "epoch": "45/48", "eta": "1:34:39", "gpu_mem": "77.43G", "grad_norm": 4.70590, "iter": "1270/1296", "loss": 0.20075, "lr": 0.00000, "top1_err": 7.03125, "top5_err": 0.00000}
[02/26 16:13:59][INFO] logging.py:   99: json_stats: {"_type": "train_iter_", "dt": 1.45442, "dt_data": 0.00133, "dt_net": 1.45309, "epoch": "45/48", "eta": "1:34:38", "gpu_mem": "77.43G", "grad_norm": 2.52464, "iter": "1280/1296", "loss": 0.29339, "lr": 0.00000, "top1_err": 11.71875, "top5_err": 0.00000}
[02/26 16:14:18][INFO] logging.py:   99: json_stats: {"_type": "train_iter_", "dt": 1.41498, "dt_data": 0.00020, "dt_net": 1.41478, "epoch": "45/48", "eta": "1:31:49", "gpu_mem": "77.43G", "grad_norm": 2.88034, "iter": "1290/1296", "loss": 0.23754, "lr": 0.00000, "top1_err": 7.81250, "top5_err": 0.00000}
[02/26 16:14:28][INFO] logging.py:   99: json_stats: {"RAM": "317.18/856.58G", "_type": "train_epoch", "dt": 1.11943, "dt_data": 1.11943, "dt_net": 1.41193, "epoch": "45/48", "eta": "1:12:32", "gpu_mem": "77.43G", "grad_norm": 2.25555, "loss": 0.26762, "lr": 0.00000, "top1_err": 9.78130, "top5_err": 0.26042}
[02/26 16:14:28][INFO] train_net.py: 1072: Epoch 44 takes 2371.74s. Epochs from 40 to 44 take 2336.11s in average and 2357.00s in median.
[02/26 16:14:28][INFO] train_net.py: 1078: For epoch 44, each iteraction takes 1.83s in average. From epoch 40 to 44, each iteraction takes 1.80s in average.
[02/26 16:15:32][INFO] logging.py:   99: json_stats: {"_type": "val_iter", "epoch": "45/48", "eta": "0:05:52", "gpu_mem": "77.43G", "iter": "10/853", "time_diff": 0.41802, "top1_err": 21.87500, "top5_err": 5.46875}
[02/26 16:15:50][INFO] logging.py:   99: json_stats: {"_type": "val_iter", "epoch": "45/48", "eta": "0:05:52", "gpu_mem": "77.43G", "iter": "20/853", "time_diff": 0.42356, "top1_err": 22.65625, "top5_err": 4.68750}
[02/26 16:16:07][INFO] logging.py:   99: json_stats: {"_type": "val_iter", "epoch": "45/48", "eta": "0:05:48", "gpu_mem": "77.43G", "iter": "30/853", "time_diff": 0.42327, "top1_err": 21.09375, "top5_err": 1.56250}
[02/26 16:16:24][INFO] logging.py:   99: json_stats: {"_type": "val_iter", "epoch": "45/48", "eta": "0:05:47", "gpu_mem": "77.43G", "iter": "40/853", "time_diff": 0.42795, "top1_err": 23.43750, "top5_err": 2.34375}
[02/26 16:16:53][INFO] logging.py:   99: json_stats: {"_type": "val_iter", "epoch": "45/48", "eta": "0:05:29", "gpu_mem": "77.43G", "iter": "50/853", "time_diff": 0.41035, "top1_err": 25.00000, "top5_err": 3.12500}
[02/26 16:17:12][INFO] logging.py:   99: json_stats: {"_type": "val_iter", "epoch": "45/48", "eta": "0:05:22", "gpu_mem": "77.43G", "iter": "60/853", "time_diff": 0.40631, "top1_err": 22.65625, "top5_err": 3.12500}
[02/26 16:17:32][INFO] logging.py:   99: json_stats: {"_type": "val_iter", "epoch": "45/48", "eta": "0:05:17", "gpu_mem": "77.43G", "iter": "70/853", "time_diff": 0.40555, "top1_err": 25.78125, "top5_err": 3.90625}
[02/26 16:17:48][INFO] logging.py:   99: json_stats: {"_type": "val_iter", "epoch": "45/48", "eta": "0:05:31", "gpu_mem": "77.43G", "iter": "80/853", "time_diff": 0.42895, "top1_err": 23.43750, "top5_err": 2.34375}
[02/26 16:18:18][INFO] logging.py:   99: json_stats: {"_type": "val_iter", "epoch": "45/48", "eta": "0:05:06", "gpu_mem": "77.43G", "iter": "90/853", "time_diff": 0.40223, "top1_err": 24.21875, "top5_err": 3.12500}
[02/26 16:18:33][INFO] logging.py:   99: json_stats: {"_type": "val_iter", "epoch": "45/48", "eta": "0:05:14", "gpu_mem": "77.43G", "iter": "100/853", "time_diff": 0.41831, "top1_err": 25.00000, "top5_err": 4.68750}
[02/26 16:18:51][INFO] logging.py:   99: json_stats: {"_type": "val_iter", "epoch": "45/48", "eta": "0:05:10", "gpu_mem": "77.43G", "iter": "110/853", "time_diff": 0.41844, "top1_err": 23.43750, "top5_err": 3.12500}
[02/26 16:19:08][INFO] logging.py:   99: json_stats: {"_type": "val_iter", "epoch": "45/48", "eta": "0:05:11", "gpu_mem": "77.43G", "iter": "120/853", "time_diff": 0.42474, "top1_err": 25.00000, "top5_err": 3.90625}
[02/26 16:19:40][INFO] logging.py:   99: json_stats: {"_type": "val_iter", "epoch": "45/48", "eta": "0:04:34", "gpu_mem": "77.43G", "iter": "130/853", "time_diff": 0.38034, "top1_err": 20.31250, "top5_err": 3.12500}
[02/26 16:19:58][INFO] logging.py:   99: json_stats: {"_type": "val_iter", "epoch": "45/48", "eta": "0:04:47", "gpu_mem": "77.43G", "iter": "140/853", "time_diff": 0.40258, "top1_err": 25.78125, "top5_err": 3.12500}
[02/26 16:20:12][INFO] logging.py:   99: json_stats: {"_type": "val_iter", "epoch": "45/48", "eta": "0:04:56", "gpu_mem": "77.43G", "iter": "150/853", "time_diff": 0.42226, "top1_err": 23.43750, "top5_err": 3.90625}
[02/26 16:20:27][INFO] logging.py:   99: json_stats: {"_type": "val_iter", "epoch": "45/48", "eta": "0:04:56", "gpu_mem": "77.43G", "iter": "160/853", "time_diff": 0.42731, "top1_err": 19.53125, "top5_err": 3.12500}
[02/26 16:20:55][INFO] logging.py:   99: json_stats: {"_type": "val_iter", "epoch": "45/48", "eta": "0:04:36", "gpu_mem": "77.43G", "iter": "170/853", "time_diff": 0.40454, "top1_err": 25.78125, "top5_err": 1.56250}
[02/26 16:21:09][INFO] logging.py:   99: json_stats: {"_type": "val_iter", "epoch": "45/48", "eta": "0:04:46", "gpu_mem": "77.43G", "iter": "180/853", "time_diff": 0.42546, "top1_err": 21.87500, "top5_err": 4.68750}
[02/26 16:21:25][INFO] logging.py:   99: json_stats: {"_type": "val_iter", "epoch": "45/48", "eta": "0:04:39", "gpu_mem": "77.43G", "iter": "190/853", "time_diff": 0.42191, "top1_err": 23.43750, "top5_err": 3.12500}
[02/26 16:21:41][INFO] logging.py:   99: json_stats: {"_type": "val_iter", "epoch": "45/48", "eta": "0:04:40", "gpu_mem": "77.43G", "iter": "200/853", "time_diff": 0.43026, "top1_err": 21.87500, "top5_err": 3.12500}
[02/26 16:22:08][INFO] logging.py:   99: json_stats: {"_type": "val_iter", "epoch": "45/48", "eta": "0:04:25", "gpu_mem": "77.43G", "iter": "210/853", "time_diff": 0.41342, "top1_err": 26.56250, "top5_err": 3.90625}
[02/26 16:22:25][INFO] logging.py:   99: json_stats: {"_type": "val_iter", "epoch": "45/48", "eta": "0:04:29", "gpu_mem": "77.43G", "iter": "220/853", "time_diff": 0.42627, "top1_err": 20.31250, "top5_err": 1.56250}
[02/26 16:22:40][INFO] logging.py:   99: json_stats: {"_type": "val_iter", "epoch": "45/48", "eta": "0:04:24", "gpu_mem": "77.43G", "iter": "230/853", "time_diff": 0.42398, "top1_err": 27.34375, "top5_err": 5.46875}
[02/26 16:22:54][INFO] logging.py:   99: json_stats: {"_type": "val_iter", "epoch": "45/48", "eta": "0:04:22", "gpu_mem": "77.43G", "iter": "240/853", "time_diff": 0.42752, "top1_err": 23.43750, "top5_err": 3.12500}
[02/26 16:23:23][INFO] logging.py:   99: json_stats: {"_type": "val_iter", "epoch": "45/48", "eta": "0:04:00", "gpu_mem": "77.43G", "iter": "250/853", "time_diff": 0.39810, "top1_err": 23.43750, "top5_err": 4.68750}
[02/26 16:23:39][INFO] logging.py:   99: json_stats: {"_type": "val_iter", "epoch": "45/48", "eta": "0:04:04", "gpu_mem": "77.43G", "iter": "260/853", "time_diff": 0.41174, "top1_err": 25.00000, "top5_err": 4.68750}
[02/26 16:23:53][INFO] logging.py:   99: json_stats: {"_type": "val_iter", "epoch": "45/48", "eta": "0:04:09", "gpu_mem": "77.43G", "iter": "270/853", "time_diff": 0.42825, "top1_err": 22.65625, "top5_err": 3.90625}
[02/26 16:24:09][INFO] logging.py:   99: json_stats: {"_type": "val_iter", "epoch": "45/48", "eta": "0:03:59", "gpu_mem": "77.43G", "iter": "280/853", "time_diff": 0.41721, "top1_err": 24.21875, "top5_err": 3.12500}
[02/26 16:24:36][INFO] logging.py:   99: json_stats: {"_type": "val_iter", "epoch": "45/48", "eta": "0:03:48", "gpu_mem": "77.43G", "iter": "290/853", "time_diff": 0.40645, "top1_err": 21.87500, "top5_err": 4.68750}
[02/26 16:24:54][INFO] logging.py:   99: json_stats: {"_type": "val_iter", "epoch": "45/48", "eta": "0:03:46", "gpu_mem": "77.43G", "iter": "300/853", "time_diff": 0.41023, "top1_err": 23.43750, "top5_err": 3.12500}
[02/26 16:25:04][INFO] logging.py:   99: json_stats: {"_type": "val_iter", "epoch": "45/48", "eta": "0:03:52", "gpu_mem": "77.43G", "iter": "310/853", "time_diff": 0.42735, "top1_err": 24.21875, "top5_err": 4.68750}
[02/26 16:25:19][INFO] logging.py:   99: json_stats: {"_type": "val_iter", "epoch": "45/48", "eta": "0:03:46", "gpu_mem": "77.43G", "iter": "320/853", "time_diff": 0.42547, "top1_err": 21.87500, "top5_err": 3.90625}
[02/26 16:25:43][INFO] logging.py:   99: json_stats: {"_type": "val_iter", "epoch": "45/48", "eta": "0:03:38", "gpu_mem": "77.43G", "iter": "330/853", "time_diff": 0.41758, "top1_err": 21.09375, "top5_err": 3.12500}
[02/26 16:25:58][INFO] logging.py:   99: json_stats: {"_type": "val_iter", "epoch": "45/48", "eta": "0:03:32", "gpu_mem": "77.43G", "iter": "340/853", "time_diff": 0.41514, "top1_err": 20.31250, "top5_err": 3.12500}
[02/26 16:26:16][INFO] logging.py:   99: json_stats: {"_type": "val_iter", "epoch": "45/48", "eta": "0:03:33", "gpu_mem": "77.43G", "iter": "350/853", "time_diff": 0.42359, "top1_err": 25.78125, "top5_err": 2.34375}
[02/26 16:26:37][INFO] logging.py:   99: json_stats: {"_type": "val_iter", "epoch": "45/48", "eta": "0:03:22", "gpu_mem": "77.43G", "iter": "360/853", "time_diff": 0.41119, "top1_err": 25.00000, "top5_err": 3.12500}
[02/26 16:26:53][INFO] logging.py:   99: json_stats: {"_type": "val_iter", "epoch": "45/48", "eta": "0:03:25", "gpu_mem": "77.43G", "iter": "370/853", "time_diff": 0.42512, "top1_err": 25.00000, "top5_err": 3.90625}
[02/26 16:27:15][INFO] logging.py:   99: json_stats: {"_type": "val_iter", "epoch": "45/48", "eta": "0:03:19", "gpu_mem": "77.43G", "iter": "380/853", "time_diff": 0.42270, "top1_err": 22.65625, "top5_err": 3.90625}
[02/26 16:27:31][INFO] logging.py:   99: json_stats: {"_type": "val_iter", "epoch": "45/48", "eta": "0:03:12", "gpu_mem": "77.43G", "iter": "390/853", "time_diff": 0.41486, "top1_err": 27.34375, "top5_err": 2.34375}
[02/26 16:27:50][INFO] logging.py:   99: json_stats: {"_type": "val_iter", "epoch": "45/48", "eta": "0:03:08", "gpu_mem": "77.43G", "iter": "400/853", "time_diff": 0.41595, "top1_err": 20.31250, "top5_err": 2.34375}
[02/26 16:28:10][INFO] logging.py:   99: json_stats: {"_type": "val_iter", "epoch": "45/48", "eta": "0:03:07", "gpu_mem": "77.43G", "iter": "410/853", "time_diff": 0.42227, "top1_err": 25.78125, "top5_err": 2.34375}
[02/26 16:28:27][INFO] logging.py:   99: json_stats: {"_type": "val_iter", "epoch": "45/48", "eta": "0:03:00", "gpu_mem": "77.43G", "iter": "420/853", "time_diff": 0.41795, "top1_err": 24.21875, "top5_err": 3.12500}
[02/26 16:28:50][INFO] logging.py:   99: json_stats: {"_type": "val_iter", "epoch": "45/48", "eta": "0:02:58", "gpu_mem": "77.43G", "iter": "430/853", "time_diff": 0.42143, "top1_err": 23.43750, "top5_err": 4.68750}
[02/26 16:29:09][INFO] logging.py:   99: json_stats: {"_type": "val_iter", "epoch": "45/48", "eta": "0:02:50", "gpu_mem": "77.43G", "iter": "440/853", "time_diff": 0.41200, "top1_err": 22.65625, "top5_err": 3.90625}
[02/26 16:29:27][INFO] logging.py:   99: json_stats: {"_type": "val_iter", "epoch": "45/48", "eta": "0:02:51", "gpu_mem": "77.43G", "iter": "450/853", "time_diff": 0.42458, "top1_err": 23.43750, "top5_err": 3.12500}
[02/26 16:29:41][INFO] logging.py:   99: json_stats: {"_type": "val_iter", "epoch": "45/48", "eta": "0:02:48", "gpu_mem": "77.43G", "iter": "460/853", "time_diff": 0.42956, "top1_err": 22.65625, "top5_err": 3.12500}
[02/26 16:30:01][INFO] logging.py:   99: json_stats: {"_type": "val_iter", "epoch": "45/48", "eta": "0:02:37", "gpu_mem": "77.43G", "iter": "470/853", "time_diff": 0.41193, "top1_err": 25.78125, "top5_err": 3.12500}
[02/26 16:30:30][INFO] logging.py:   99: json_stats: {"_type": "val_iter", "epoch": "45/48", "eta": "0:02:28", "gpu_mem": "77.43G", "iter": "480/853", "time_diff": 0.39687, "top1_err": 21.09375, "top5_err": 5.46875}
[02/26 16:30:47][INFO] logging.py:   99: json_stats: {"_type": "val_iter", "epoch": "45/48", "eta": "0:02:25", "gpu_mem": "77.43G", "iter": "490/853", "time_diff": 0.39970, "top1_err": 25.00000, "top5_err": 3.12500}
[02/26 16:31:02][INFO] logging.py:   99: json_stats: {"_type": "val_iter", "epoch": "45/48", "eta": "0:02:29", "gpu_mem": "77.43G", "iter": "500/853", "time_diff": 0.42312, "top1_err": 26.56250, "top5_err": 3.90625}
[02/26 16:31:19][INFO] logging.py:   99: json_stats: {"_type": "val_iter", "epoch": "45/48", "eta": "0:02:25", "gpu_mem": "77.43G", "iter": "510/853", "time_diff": 0.42314, "top1_err": 24.21875, "top5_err": 3.12500}
[02/26 16:31:46][INFO] logging.py:   99: json_stats: {"_type": "val_iter", "epoch": "45/48", "eta": "0:02:14", "gpu_mem": "77.43G", "iter": "520/853", "time_diff": 0.40315, "top1_err": 23.43750, "top5_err": 4.68750}
[02/26 16:32:03][INFO] logging.py:   99: json_stats: {"_type": "val_iter", "epoch": "45/48", "eta": "0:02:15", "gpu_mem": "77.43G", "iter": "530/853", "time_diff": 0.41921, "top1_err": 19.53125, "top5_err": 1.56250}
[02/26 16:32:16][INFO] logging.py:   99: json_stats: {"_type": "val_iter", "epoch": "45/48", "eta": "0:02:13", "gpu_mem": "77.43G", "iter": "540/853", "time_diff": 0.42742, "top1_err": 21.09375, "top5_err": 3.12500}
[02/26 16:32:30][INFO] logging.py:   99: json_stats: {"_type": "val_iter", "epoch": "45/48", "eta": "0:02:08", "gpu_mem": "77.43G", "iter": "550/853", "time_diff": 0.42527, "top1_err": 24.21875, "top5_err": 3.90625}
[02/26 16:32:58][INFO] logging.py:   99: json_stats: {"_type": "val_iter", "epoch": "45/48", "eta": "0:01:59", "gpu_mem": "77.43G", "iter": "560/853", "time_diff": 0.40806, "top1_err": 22.65625, "top5_err": 2.34375}
[02/26 16:33:15][INFO] logging.py:   99: json_stats: {"_type": "val_iter", "epoch": "45/48", "eta": "0:01:57", "gpu_mem": "77.43G", "iter": "570/853", "time_diff": 0.41558, "top1_err": 25.00000, "top5_err": 5.46875}
[02/26 16:33:35][INFO] logging.py:   99: json_stats: {"_type": "val_iter", "epoch": "45/48", "eta": "0:01:53", "gpu_mem": "77.43G", "iter": "580/853", "time_diff": 0.41437, "top1_err": 24.21875, "top5_err": 4.68750}
[02/26 16:33:52][INFO] logging.py:   99: json_stats: {"_type": "val_iter", "epoch": "45/48", "eta": "0:01:51", "gpu_mem": "77.43G", "iter": "590/853", "time_diff": 0.42240, "top1_err": 25.00000, "top5_err": 3.90625}
[02/26 16:34:23][INFO] logging.py:   99: json_stats: {"_type": "val_iter", "epoch": "45/48", "eta": "0:01:39", "gpu_mem": "77.43G", "iter": "600/853", "time_diff": 0.39319, "top1_err": 24.21875, "top5_err": 4.68750}
[02/26 16:34:33][INFO] logging.py:   99: json_stats: {"_type": "val_iter", "epoch": "45/48", "eta": "0:01:43", "gpu_mem": "77.43G", "iter": "610/853", "time_diff": 0.42701, "top1_err": 26.56250, "top5_err": 3.12500}
[02/26 16:34:46][INFO] logging.py:   99: json_stats: {"_type": "val_iter", "epoch": "45/48", "eta": "0:01:38", "gpu_mem": "77.43G", "iter": "620/853", "time_diff": 0.42257, "top1_err": 20.31250, "top5_err": 3.12500}
[02/26 16:35:03][INFO] logging.py:   99: json_stats: {"_type": "val_iter", "epoch": "45/48", "eta": "0:01:34", "gpu_mem": "77.43G", "iter": "630/853", "time_diff": 0.42292, "top1_err": 25.00000, "top5_err": 3.12500}
[02/26 16:35:28][INFO] logging.py:   99: json_stats: {"_type": "val_iter", "epoch": "45/48", "eta": "0:01:28", "gpu_mem": "77.43G", "iter": "640/853", "time_diff": 0.41563, "top1_err": 23.43750, "top5_err": 5.46875}
[02/26 16:35:43][INFO] logging.py:   99: json_stats: {"_type": "val_iter", "epoch": "45/48", "eta": "0:01:26", "gpu_mem": "77.43G", "iter": "650/853", "time_diff": 0.42770, "top1_err": 24.21875, "top5_err": 3.12500}
[02/26 16:35:57][INFO] logging.py:   99: json_stats: {"_type": "val_iter", "epoch": "45/48", "eta": "0:01:22", "gpu_mem": "77.43G", "iter": "660/853", "time_diff": 0.42561, "top1_err": 21.87500, "top5_err": 1.56250}
[02/26 16:36:13][INFO] logging.py:   99: json_stats: {"_type": "val_iter", "epoch": "45/48", "eta": "0:01:18", "gpu_mem": "77.43G", "iter": "670/853", "time_diff": 0.42914, "top1_err": 23.43750, "top5_err": 3.90625}
[02/26 16:36:39][INFO] logging.py:   99: json_stats: {"_type": "val_iter", "epoch": "45/48", "eta": "0:01:13", "gpu_mem": "77.43G", "iter": "680/853", "time_diff": 0.42561, "top1_err": 25.78125, "top5_err": 4.68750}
[02/26 16:36:55][INFO] logging.py:   99: json_stats: {"_type": "val_iter", "epoch": "45/48", "eta": "0:01:07", "gpu_mem": "77.43G", "iter": "690/853", "time_diff": 0.41618, "top1_err": 30.46875, "top5_err": 3.12500}
[02/26 16:37:13][INFO] logging.py:   99: json_stats: {"_type": "val_iter", "epoch": "45/48", "eta": "0:01:03", "gpu_mem": "77.43G", "iter": "700/853", "time_diff": 0.41783, "top1_err": 24.21875, "top5_err": 3.12500}
[02/26 16:37:30][INFO] logging.py:   99: json_stats: {"_type": "val_iter", "epoch": "45/48", "eta": "0:01:01", "gpu_mem": "77.43G", "iter": "710/853", "time_diff": 0.42854, "top1_err": 25.00000, "top5_err": 2.34375}
[02/26 16:38:00][INFO] logging.py:   99: json_stats: {"_type": "val_iter", "epoch": "45/48", "eta": "0:00:53", "gpu_mem": "77.43G", "iter": "720/853", "time_diff": 0.40223, "top1_err": 25.00000, "top5_err": 3.12500}
[02/26 16:38:15][INFO] logging.py:   99: json_stats: {"_type": "val_iter", "epoch": "45/48", "eta": "0:00:51", "gpu_mem": "77.43G", "iter": "730/853", "time_diff": 0.42234, "top1_err": 22.65625, "top5_err": 4.68750}
[02/26 16:38:29][INFO] logging.py:   99: json_stats: {"_type": "val_iter", "epoch": "45/48", "eta": "0:00:47", "gpu_mem": "77.43G", "iter": "740/853", "time_diff": 0.42414, "top1_err": 23.43750, "top5_err": 3.12500}
[02/26 16:38:44][INFO] logging.py:   99: json_stats: {"_type": "val_iter", "epoch": "45/48", "eta": "0:00:44", "gpu_mem": "77.43G", "iter": "750/853", "time_diff": 0.43012, "top1_err": 25.00000, "top5_err": 2.34375}
[02/26 16:39:06][INFO] logging.py:   99: json_stats: {"_type": "val_iter", "epoch": "45/48", "eta": "0:00:39", "gpu_mem": "77.43G", "iter": "760/853", "time_diff": 0.42029, "top1_err": 22.65625, "top5_err": 3.12500}
[02/26 16:39:32][INFO] logging.py:   99: json_stats: {"_type": "val_iter", "epoch": "45/48", "eta": "0:00:33", "gpu_mem": "77.43G", "iter": "770/853", "time_diff": 0.40227, "top1_err": 24.21875, "top5_err": 2.34375}
[02/26 16:39:48][INFO] logging.py:   99: json_stats: {"_type": "val_iter", "epoch": "45/48", "eta": "0:00:30", "gpu_mem": "77.43G", "iter": "780/853", "time_diff": 0.42286, "top1_err": 22.65625, "top5_err": 1.56250}
[02/26 16:40:02][INFO] logging.py:   99: json_stats: {"_type": "val_iter", "epoch": "45/48", "eta": "0:00:27", "gpu_mem": "77.43G", "iter": "790/853", "time_diff": 0.43233, "top1_err": 23.43750, "top5_err": 2.34375}
[02/26 16:40:20][INFO] logging.py:   99: json_stats: {"_type": "val_iter", "epoch": "45/48", "eta": "0:00:22", "gpu_mem": "77.43G", "iter": "800/853", "time_diff": 0.42489, "top1_err": 22.65625, "top5_err": 3.12500}
[02/26 16:40:47][INFO] logging.py:   99: json_stats: {"_type": "val_iter", "epoch": "45/48", "eta": "0:00:17", "gpu_mem": "77.43G", "iter": "810/853", "time_diff": 0.40991, "top1_err": 25.00000, "top5_err": 3.90625}
[02/26 16:41:04][INFO] logging.py:   99: json_stats: {"_type": "val_iter", "epoch": "45/48", "eta": "0:00:13", "gpu_mem": "77.43G", "iter": "820/853", "time_diff": 0.41523, "top1_err": 21.09375, "top5_err": 2.34375}
[02/26 16:41:20][INFO] logging.py:   99: json_stats: {"_type": "val_iter", "epoch": "45/48", "eta": "0:00:09", "gpu_mem": "77.43G", "iter": "830/853", "time_diff": 0.42657, "top1_err": 26.56250, "top5_err": 3.12500}
[02/26 16:41:37][INFO] logging.py:   99: json_stats: {"_type": "val_iter", "epoch": "45/48", "eta": "0:00:05", "gpu_mem": "77.43G", "iter": "840/853", "time_diff": 0.41697, "top1_err": 21.09375, "top5_err": 3.12500}
[02/26 16:42:08][INFO] logging.py:   99: json_stats: {"_type": "val_iter", "epoch": "45/48", "eta": "0:00:01", "gpu_mem": "77.43G", "iter": "850/853", "time_diff": 0.37194, "top1_err": 28.12500, "top5_err": 4.68750}
[02/26 16:42:10][INFO] logging.py:   99: json_stats: {"RAM": "460.60/856.58G", "_type": "val_epoch", "epoch": "45/48", "gpu_mem": "77.43G", "min_top1_err": 23.94253, "min_top5_err": 3.57195, "time_diff": 0.91205, "top1_err": 23.94253, "top5_err": 3.57195}
[02/26 16:43:15][INFO] logging.py:   99: json_stats: {"_type": "train_iter_", "dt": 1.44829, "dt_data": 0.00148, "dt_net": 1.44681, "epoch": "46/48", "eta": "1:33:36", "gpu_mem": "77.43G", "grad_norm": 4.00437, "iter": "10/1296", "loss": 0.30342, "lr": 0.00000, "top1_err": 10.15625, "top5_err": 0.00000}
[02/26 16:43:31][INFO] logging.py:   99: json_stats: {"_type": "train_iter_", "dt": 1.45628, "dt_data": 0.00049, "dt_net": 1.45578, "epoch": "46/48", "eta": "1:33:52", "gpu_mem": "77.43G", "grad_norm": 2.20809, "iter": "20/1296", "loss": 0.26216, "lr": 0.00000, "top1_err": 9.37500, "top5_err": 0.00000}
[02/26 16:43:51][INFO] logging.py:   99: json_stats: {"_type": "train_iter_", "dt": 1.44597, "dt_data": 0.00038, "dt_net": 1.44558, "epoch": "46/48", "eta": "1:32:58", "gpu_mem": "77.43G", "grad_norm": 2.89177, "iter": "30/1296", "loss": 0.27052, "lr": 0.00000, "top1_err": 8.59375, "top5_err": 0.00000}
[02/26 16:44:10][INFO] logging.py:   99: json_stats: {"_type": "train_iter_", "dt": 1.44781, "dt_data": 0.00063, "dt_net": 1.44717, "epoch": "46/48", "eta": "1:32:51", "gpu_mem": "77.43G", "grad_norm": 3.16170, "iter": "40/1296", "loss": 0.21799, "lr": 0.00000, "top1_err": 9.37500, "top5_err": 0.00000}
[02/26 16:44:27][INFO] logging.py:   99: json_stats: {"_type": "train_iter_", "dt": 1.45515, "dt_data": 0.00075, "dt_net": 1.45439, "epoch": "46/48", "eta": "1:33:04", "gpu_mem": "77.43G", "grad_norm": 3.40514, "iter": "50/1296", "loss": 0.25520, "lr": 0.00000, "top1_err": 7.03125, "top5_err": 0.00000}
[02/26 16:44:44][INFO] logging.py:   99: json_stats: {"_type": "train_iter_", "dt": 1.45660, "dt_data": 0.00055, "dt_net": 1.45605, "epoch": "46/48", "eta": "1:32:55", "gpu_mem": "77.43G", "grad_norm": 3.24306, "iter": "60/1296", "loss": 0.21983, "lr": 0.00000, "top1_err": 9.37500, "top5_err": 0.00000}
[02/26 16:45:03][INFO] logging.py:   99: json_stats: {"_type": "train_iter_", "dt": 2.18276, "dt_data": 0.74060, "dt_net": 1.44216, "epoch": "46/48", "eta": "2:18:53", "gpu_mem": "77.43G", "grad_norm": 3.11409, "iter": "70/1296", "loss": 0.27288, "lr": 0.00000, "top1_err": 10.15625, "top5_err": 0.00000}
[02/26 16:45:21][INFO] logging.py:   99: json_stats: {"_type": "train_iter_", "dt": 1.45182, "dt_data": 0.00046, "dt_net": 1.45135, "epoch": "46/48", "eta": "1:32:08", "gpu_mem": "77.43G", "grad_norm": 4.10858, "iter": "80/1296", "loss": 0.25120, "lr": 0.00000, "top1_err": 9.37500, "top5_err": 0.00000}
[02/26 16:45:43][INFO] logging.py:   99: json_stats: {"_type": "train_iter_", "dt": 1.45789, "dt_data": 0.00035, "dt_net": 1.45754, "epoch": "46/48", "eta": "1:32:17", "gpu_mem": "77.43G", "grad_norm": 5.41329, "iter": "90/1296", "loss": 0.23210, "lr": 0.00000, "top1_err": 7.81250, "top5_err": 0.00000}
[02/26 16:46:02][INFO] logging.py:   99: json_stats: {"_type": "train_iter_", "dt": 1.45551, "dt_data": 0.00066, "dt_net": 1.45485, "epoch": "46/48", "eta": "1:31:53", "gpu_mem": "77.43G", "grad_norm": 4.47341, "iter": "100/1296", "loss": 0.23585, "lr": 0.00000, "top1_err": 9.37500, "top5_err": 0.00000}
[02/26 16:46:26][INFO] logging.py:   99: json_stats: {"_type": "train_iter_", "dt": 6.84350, "dt_data": 5.40523, "dt_net": 1.43827, "epoch": "46/48", "eta": "7:10:54", "gpu_mem": "77.43G", "grad_norm": 2.89507, "iter": "110/1296", "loss": 0.22787, "lr": 0.00000, "top1_err": 9.37500, "top5_err": 0.00000}
[02/26 16:46:45][INFO] logging.py:   99: json_stats: {"_type": "train_iter_", "dt": 1.43909, "dt_data": 0.00044, "dt_net": 1.43864, "epoch": "46/48", "eta": "1:30:22", "gpu_mem": "77.43G", "grad_norm": 2.90853, "iter": "120/1296", "loss": 0.21542, "lr": 0.00000, "top1_err": 9.37500, "top5_err": 0.00000}
[02/26 16:47:04][INFO] logging.py:   99: json_stats: {"_type": "train_iter_", "dt": 1.45064, "dt_data": 0.00047, "dt_net": 1.45017, "epoch": "46/48", "eta": "1:30:51", "gpu_mem": "77.43G", "grad_norm": 7.58691, "iter": "130/1296", "loss": 0.24790, "lr": 0.00000, "top1_err": 9.37500, "top5_err": 0.00000}
[02/26 16:47:23][INFO] logging.py:   99: json_stats: {"_type": "train_iter_", "dt": 1.46118, "dt_data": 0.00048, "dt_net": 1.46070, "epoch": "46/48", "eta": "1:31:16", "gpu_mem": "77.43G", "grad_norm": 3.70670, "iter": "140/1296", "loss": 0.25878, "lr": 0.00000, "top1_err": 10.93750, "top5_err": 0.00000}
[02/26 16:47:45][INFO] logging.py:   99: json_stats: {"_type": "train_iter_", "dt": 2.95163, "dt_data": 1.51125, "dt_net": 1.44037, "epoch": "46/48", "eta": "3:03:53", "gpu_mem": "77.43G", "grad_norm": 4.34994, "iter": "150/1296", "loss": 0.21235, "lr": 0.00000, "top1_err": 7.81250, "top5_err": 0.00000}
[02/26 16:48:03][INFO] logging.py:   99: json_stats: {"_type": "train_iter_", "dt": 1.44804, "dt_data": 0.00071, "dt_net": 1.44733, "epoch": "46/48", "eta": "1:29:58", "gpu_mem": "77.43G", "grad_norm": 2.36396, "iter": "160/1296", "loss": 0.26447, "lr": 0.00000, "top1_err": 10.93750, "top5_err": 0.00000}
[02/26 16:48:21][INFO] logging.py:   99: json_stats: {"_type": "train_iter_", "dt": 1.44704, "dt_data": 0.00037, "dt_net": 1.44667, "epoch": "46/48", "eta": "1:29:40", "gpu_mem": "77.43G", "grad_norm": 3.02135, "iter": "170/1296", "loss": 0.25398, "lr": 0.00000, "top1_err": 7.81250, "top5_err": 0.00000}
[02/26 16:48:35][INFO] logging.py:   99: json_stats: {"_type": "train_iter_", "dt": 1.45981, "dt_data": 0.00059, "dt_net": 1.45922, "epoch": "46/48", "eta": "1:30:12", "gpu_mem": "77.43G", "grad_norm": 4.43482, "iter": "180/1296", "loss": 0.25094, "lr": 0.00000, "top1_err": 10.15625, "top5_err": 0.00000}
[02/26 16:48:52][INFO] logging.py:   99: json_stats: {"_type": "train_iter_", "dt": 2.66587, "dt_data": 1.22082, "dt_net": 1.44505, "epoch": "46/48", "eta": "2:44:18", "gpu_mem": "77.43G", "grad_norm": 2.49938, "iter": "190/1296", "loss": 0.22495, "lr": 0.00000, "top1_err": 6.25000, "top5_err": 0.00000}
[02/26 16:49:08][INFO] logging.py:   99: json_stats: {"_type": "train_iter_", "dt": 1.46818, "dt_data": 0.00038, "dt_net": 1.46780, "epoch": "46/48", "eta": "1:30:14", "gpu_mem": "77.43G", "grad_norm": 3.53757, "iter": "200/1296", "loss": 0.29519, "lr": 0.00000, "top1_err": 10.93750, "top5_err": 0.00000}
[02/26 16:49:24][INFO] logging.py:   99: json_stats: {"_type": "train_iter_", "dt": 1.45480, "dt_data": 0.00084, "dt_net": 1.45396, "epoch": "46/48", "eta": "1:29:10", "gpu_mem": "77.43G", "grad_norm": 3.76384, "iter": "210/1296", "loss": 0.23085, "lr": 0.00000, "top1_err": 8.59375, "top5_err": 0.00000}
[02/26 16:49:43][INFO] logging.py:   99: json_stats: {"_type": "train_iter_", "dt": 1.45390, "dt_data": 0.00034, "dt_net": 1.45356, "epoch": "46/48", "eta": "1:28:52", "gpu_mem": "77.43G", "grad_norm": 5.05576, "iter": "220/1296", "loss": 0.29291, "lr": 0.00000, "top1_err": 10.15625, "top5_err": 0.00000}
[02/26 16:50:07][INFO] logging.py:   99: json_stats: {"_type": "train_iter_", "dt": 7.28298, "dt_data": 5.85298, "dt_net": 1.43000, "epoch": "46/48", "eta": "7:24:01", "gpu_mem": "77.43G", "grad_norm": 2.92766, "iter": "230/1296", "loss": 0.27678, "lr": 0.00000, "top1_err": 12.50000, "top5_err": 0.00000}
[02/26 16:50:21][INFO] logging.py:   99: json_stats: {"_type": "train_iter_", "dt": 1.45556, "dt_data": 0.00044, "dt_net": 1.45512, "epoch": "46/48", "eta": "1:28:29", "gpu_mem": "77.43G", "grad_norm": 2.28444, "iter": "240/1296", "loss": 0.24776, "lr": 0.00000, "top1_err": 7.81250, "top5_err": 0.00000}
[02/26 16:50:41][INFO] logging.py:   99: json_stats: {"_type": "train_iter_", "dt": 1.44849, "dt_data": 0.00045, "dt_net": 1.44804, "epoch": "46/48", "eta": "1:27:49", "gpu_mem": "77.43G", "grad_norm": 4.37046, "iter": "250/1296", "loss": 0.28811, "lr": 0.00000, "top1_err": 8.59375, "top5_err": 0.00000}
[02/26 16:50:57][INFO] logging.py:   99: json_stats: {"_type": "train_iter_", "dt": 1.45386, "dt_data": 0.00035, "dt_net": 1.45350, "epoch": "46/48", "eta": "1:27:54", "gpu_mem": "77.43G", "grad_norm": 2.44732, "iter": "260/1296", "loss": 0.19884, "lr": 0.00000, "top1_err": 6.25000, "top5_err": 0.00000}
[02/26 16:51:20][INFO] logging.py:   99: json_stats: {"_type": "train_iter_", "dt": 4.96584, "dt_data": 3.51008, "dt_net": 1.45575, "epoch": "46/48", "eta": "4:59:26", "gpu_mem": "77.43G", "grad_norm": 1.71173, "iter": "270/1296", "loss": 0.22344, "lr": 0.00000, "top1_err": 7.81250, "top5_err": 0.00000}
[02/26 16:51:35][INFO] logging.py:   99: json_stats: {"_type": "train_iter_", "dt": 1.45638, "dt_data": 0.00048, "dt_net": 1.45590, "epoch": "46/48", "eta": "1:27:34", "gpu_mem": "77.43G", "grad_norm": 3.43033, "iter": "280/1296", "loss": 0.27871, "lr": 0.00000, "top1_err": 8.59375, "top5_err": 0.00000}
[02/26 16:51:49][INFO] logging.py:   99: json_stats: {"_type": "train_iter_", "dt": 1.45876, "dt_data": 0.00096, "dt_net": 1.45780, "epoch": "46/48", "eta": "1:27:28", "gpu_mem": "77.43G", "grad_norm": 2.79606, "iter": "290/1296", "loss": 0.19556, "lr": 0.00000, "top1_err": 7.81250, "top5_err": 0.00000}
[02/26 16:52:08][INFO] logging.py:   99: json_stats: {"_type": "train_iter_", "dt": 1.46575, "dt_data": 0.00051, "dt_net": 1.46524, "epoch": "46/48", "eta": "1:27:39", "gpu_mem": "77.43G", "grad_norm": 4.15339, "iter": "300/1296", "loss": 0.26882, "lr": 0.00000, "top1_err": 6.25000, "top5_err": 0.00000}
[02/26 16:52:30][INFO] logging.py:   99: json_stats: {"_type": "train_iter_", "dt": 7.02494, "dt_data": 5.58845, "dt_net": 1.43648, "epoch": "46/48", "eta": "6:58:55", "gpu_mem": "77.43G", "grad_norm": 4.37708, "iter": "310/1296", "loss": 0.20212, "lr": 0.00000, "top1_err": 7.03125, "top5_err": 0.00000}
[02/26 16:52:47][INFO] logging.py:   99: json_stats: {"_type": "train_iter_", "dt": 1.44489, "dt_data": 0.00043, "dt_net": 1.44445, "epoch": "46/48", "eta": "1:25:55", "gpu_mem": "77.43G", "grad_norm": 3.90514, "iter": "320/1296", "loss": 0.26995, "lr": 0.00000, "top1_err": 10.15625, "top5_err": 0.00000}
[02/26 16:53:07][INFO] logging.py:   99: json_stats: {"_type": "train_iter_", "dt": 1.44268, "dt_data": 0.00050, "dt_net": 1.44218, "epoch": "46/48", "eta": "1:25:33", "gpu_mem": "77.43G", "grad_norm": 2.00875, "iter": "330/1296", "loss": 0.26641, "lr": 0.00000, "top1_err": 10.15625, "top5_err": 0.00000}
[02/26 16:53:26][INFO] logging.py:   99: json_stats: {"_type": "train_iter_", "dt": 1.45254, "dt_data": 0.00125, "dt_net": 1.45129, "epoch": "46/48", "eta": "1:25:53", "gpu_mem": "77.43G", "grad_norm": 4.46245, "iter": "340/1296", "loss": 0.24447, "lr": 0.00000, "top1_err": 9.37500, "top5_err": 0.00000}
[02/26 16:53:47][INFO] logging.py:   99: json_stats: {"_type": "train_iter_", "dt": 6.15301, "dt_data": 4.70753, "dt_net": 1.44547, "epoch": "46/48", "eta": "6:02:49", "gpu_mem": "77.43G", "grad_norm": 4.69082, "iter": "350/1296", "loss": 0.22085, "lr": 0.00000, "top1_err": 9.37500, "top5_err": 0.00000}
[02/26 16:54:05][INFO] logging.py:   99: json_stats: {"_type": "train_iter_", "dt": 1.44769, "dt_data": 0.00041, "dt_net": 1.44728, "epoch": "46/48", "eta": "1:25:07", "gpu_mem": "77.43G", "grad_norm": 4.63247, "iter": "360/1296", "loss": 0.32607, "lr": 0.00000, "top1_err": 11.71875, "top5_err": 0.00000}
[02/26 16:54:23][INFO] logging.py:   99: json_stats: {"_type": "train_iter_", "dt": 1.44428, "dt_data": 0.00091, "dt_net": 1.44336, "epoch": "46/48", "eta": "1:24:40", "gpu_mem": "77.43G", "grad_norm": 3.17716, "iter": "370/1296", "loss": 0.26268, "lr": 0.00000, "top1_err": 10.93750, "top5_err": 0.00000}
[02/26 16:54:42][INFO] logging.py:   99: json_stats: {"_type": "train_iter_", "dt": 1.45615, "dt_data": 0.00047, "dt_net": 1.45568, "epoch": "46/48", "eta": "1:25:08", "gpu_mem": "77.43G", "grad_norm": 4.91260, "iter": "380/1296", "loss": 0.29952, "lr": 0.00000, "top1_err": 10.93750, "top5_err": 0.00000}
[02/26 16:55:01][INFO] logging.py:   99: json_stats: {"_type": "train_iter_", "dt": 1.45432, "dt_data": 0.00040, "dt_net": 1.45391, "epoch": "46/48", "eta": "1:24:47", "gpu_mem": "77.43G", "grad_norm": 2.54936, "iter": "390/1296", "loss": 0.26985, "lr": 0.00000, "top1_err": 7.81250, "top5_err": 0.00000}
[02/26 16:55:18][INFO] logging.py:   99: json_stats: {"_type": "train_iter_", "dt": 1.45597, "dt_data": 0.00059, "dt_net": 1.45538, "epoch": "46/48", "eta": "1:24:38", "gpu_mem": "77.43G", "grad_norm": 3.97969, "iter": "400/1296", "loss": 0.26670, "lr": 0.00000, "top1_err": 9.37500, "top5_err": 0.00000}
[02/26 16:55:37][INFO] logging.py:   99: json_stats: {"_type": "train_iter_", "dt": 1.44141, "dt_data": 0.00055, "dt_net": 1.44086, "epoch": "46/48", "eta": "1:23:33", "gpu_mem": "77.43G", "grad_norm": 3.17158, "iter": "410/1296", "loss": 0.28657, "lr": 0.00000, "top1_err": 12.50000, "top5_err": 0.00000}
[02/26 16:55:52][INFO] logging.py:   99: json_stats: {"_type": "train_iter_", "dt": 1.45740, "dt_data": 0.00038, "dt_net": 1.45702, "epoch": "46/48", "eta": "1:24:14", "gpu_mem": "77.43G", "grad_norm": 4.20702, "iter": "420/1296", "loss": 0.22374, "lr": 0.00000, "top1_err": 8.59375, "top5_err": 0.00000}
[02/26 16:56:10][INFO] logging.py:   99: json_stats: {"_type": "train_iter_", "dt": 1.86197, "dt_data": 0.41056, "dt_net": 1.45140, "epoch": "46/48", "eta": "1:47:18", "gpu_mem": "77.43G", "grad_norm": 5.19994, "iter": "430/1296", "loss": 0.25569, "lr": 0.00000, "top1_err": 9.37500, "top5_err": 0.00000}
[02/26 16:56:29][INFO] logging.py:   99: json_stats: {"_type": "train_iter_", "dt": 1.45946, "dt_data": 0.00039, "dt_net": 1.45906, "epoch": "46/48", "eta": "1:23:52", "gpu_mem": "77.43G", "grad_norm": 3.28939, "iter": "440/1296", "loss": 0.25855, "lr": 0.00000, "top1_err": 9.37500, "top5_err": 0.00000}
[02/26 16:56:46][INFO] logging.py:   99: json_stats: {"_type": "train_iter_", "dt": 1.44880, "dt_data": 0.00053, "dt_net": 1.44828, "epoch": "46/48", "eta": "1:23:00", "gpu_mem": "77.43G", "grad_norm": 3.32380, "iter": "450/1296", "loss": 0.24781, "lr": 0.00000, "top1_err": 7.81250, "top5_err": 0.00000}
[02/26 16:57:06][INFO] logging.py:   99: json_stats: {"_type": "train_iter_", "dt": 6.11807, "dt_data": 0.00041, "dt_net": 6.11765, "epoch": "46/48", "eta": "5:49:32", "gpu_mem": "77.43G", "grad_norm": 3.79565, "iter": "460/1296", "loss": 0.28353, "lr": 0.00000, "top1_err": 10.15625, "top5_err": 0.00000}
[02/26 16:57:22][INFO] logging.py:   99: json_stats: {"_type": "train_iter_", "dt": 1.45087, "dt_data": 0.00051, "dt_net": 1.45036, "epoch": "46/48", "eta": "1:22:39", "gpu_mem": "77.43G", "grad_norm": 3.82260, "iter": "470/1296", "loss": 0.27154, "lr": 0.00000, "top1_err": 10.93750, "top5_err": 0.00000}
[02/26 16:57:38][INFO] logging.py:   99: json_stats: {"_type": "train_iter_", "dt": 1.91890, "dt_data": 0.46837, "dt_net": 1.45053, "epoch": "46/48", "eta": "1:48:59", "gpu_mem": "77.43G", "grad_norm": 3.31891, "iter": "480/1296", "loss": 0.28162, "lr": 0.00000, "top1_err": 8.59375, "top5_err": 0.00000}
[02/26 16:57:54][INFO] logging.py:   99: json_stats: {"_type": "train_iter_", "dt": 1.45665, "dt_data": 0.00034, "dt_net": 1.45631, "epoch": "46/48", "eta": "1:22:29", "gpu_mem": "77.43G", "grad_norm": 2.69550, "iter": "490/1296", "loss": 0.22884, "lr": 0.00000, "top1_err": 7.03125, "top5_err": 0.00000}
[02/26 16:58:12][INFO] logging.py:   99: json_stats: {"_type": "train_iter_", "dt": 1.45418, "dt_data": 0.00046, "dt_net": 1.45372, "epoch": "46/48", "eta": "1:22:06", "gpu_mem": "77.43G", "grad_norm": 2.28039, "iter": "500/1296", "loss": 0.24426, "lr": 0.00000, "top1_err": 10.93750, "top5_err": 0.00000}
[02/26 16:58:31][INFO] logging.py:   99: json_stats: {"_type": "train_iter_", "dt": 1.45316, "dt_data": 0.00090, "dt_net": 1.45227, "epoch": "46/48", "eta": "1:21:48", "gpu_mem": "77.43G", "grad_norm": 1.23773, "iter": "510/1296", "loss": 0.27207, "lr": 0.00000, "top1_err": 8.59375, "top5_err": 0.00000}
[02/26 16:58:50][INFO] logging.py:   99: json_stats: {"_type": "train_iter_", "dt": 3.65279, "dt_data": 2.20980, "dt_net": 1.44299, "epoch": "46/48", "eta": "3:25:02", "gpu_mem": "77.43G", "grad_norm": 2.58973, "iter": "520/1296", "loss": 0.23900, "lr": 0.00000, "top1_err": 9.37500, "top5_err": 0.00000}
[02/26 16:59:07][INFO] logging.py:   99: json_stats: {"_type": "train_iter_", "dt": 1.45054, "dt_data": 0.00039, "dt_net": 1.45015, "epoch": "46/48", "eta": "1:21:10", "gpu_mem": "77.43G", "grad_norm": 1.97481, "iter": "530/1296", "loss": 0.24091, "lr": 0.00000, "top1_err": 8.59375, "top5_err": 0.00000}
[02/26 16:59:24][INFO] logging.py:   99: json_stats: {"_type": "train_iter_", "dt": 1.44923, "dt_data": 0.00037, "dt_net": 1.44886, "epoch": "46/48", "eta": "1:20:52", "gpu_mem": "77.43G", "grad_norm": 2.86640, "iter": "540/1296", "loss": 0.18874, "lr": 0.00000, "top1_err": 7.81250, "top5_err": 0.00000}
[02/26 16:59:45][INFO] logging.py:   99: json_stats: {"_type": "train_iter_", "dt": 6.33968, "dt_data": 4.89973, "dt_net": 1.43995, "epoch": "46/48", "eta": "5:52:41", "gpu_mem": "77.43G", "grad_norm": 5.00265, "iter": "550/1296", "loss": 0.31050, "lr": 0.00000, "top1_err": 11.71875, "top5_err": 0.00000}
[02/26 17:00:03][INFO] logging.py:   99: json_stats: {"_type": "train_iter_", "dt": 1.45331, "dt_data": 0.00039, "dt_net": 1.45292, "epoch": "46/48", "eta": "1:20:36", "gpu_mem": "77.43G", "grad_norm": 4.33327, "iter": "560/1296", "loss": 0.23248, "lr": 0.00000, "top1_err": 8.59375, "top5_err": 0.00000}
[02/26 17:00:18][INFO] logging.py:   99: json_stats: {"_type": "train_iter_", "dt": 1.47446, "dt_data": 0.00031, "dt_net": 1.47415, "epoch": "46/48", "eta": "1:21:32", "gpu_mem": "77.43G", "grad_norm": 1.74317, "iter": "570/1296", "loss": 0.27807, "lr": 0.00000, "top1_err": 8.59375, "top5_err": 0.00000}
[02/26 17:00:35][INFO] logging.py:   99: json_stats: {"_type": "train_iter_", "dt": 1.46100, "dt_data": 0.00116, "dt_net": 1.45984, "epoch": "46/48", "eta": "1:20:32", "gpu_mem": "77.43G", "grad_norm": 3.33803, "iter": "580/1296", "loss": 0.23891, "lr": 0.00000, "top1_err": 8.59375, "top5_err": 0.00000}
[02/26 17:00:58][INFO] logging.py:   99: json_stats: {"_type": "train_iter_", "dt": 7.87792, "dt_data": 6.44138, "dt_net": 1.43654, "epoch": "46/48", "eta": "7:13:01", "gpu_mem": "77.43G", "grad_norm": 3.19100, "iter": "590/1296", "loss": 0.28001, "lr": 0.00000, "top1_err": 10.93750, "top5_err": 0.00000}
[02/26 17:01:15][INFO] logging.py:   99: json_stats: {"_type": "train_iter_", "dt": 1.45149, "dt_data": 0.00062, "dt_net": 1.45087, "epoch": "46/48", "eta": "1:19:32", "gpu_mem": "77.43G", "grad_norm": 3.11037, "iter": "600/1296", "loss": 0.23716, "lr": 0.00000, "top1_err": 10.15625, "top5_err": 0.00000}
[02/26 17:01:30][INFO] logging.py:   99: json_stats: {"_type": "train_iter_", "dt": 1.46155, "dt_data": 0.00078, "dt_net": 1.46076, "epoch": "46/48", "eta": "1:19:50", "gpu_mem": "77.43G", "grad_norm": 4.13391, "iter": "610/1296", "loss": 0.24298, "lr": 0.00000, "top1_err": 9.37500, "top5_err": 0.00000}
[02/26 17:01:48][INFO] logging.py:   99: json_stats: {"_type": "train_iter_", "dt": 1.45792, "dt_data": 0.00091, "dt_net": 1.45700, "epoch": "46/48", "eta": "1:19:24", "gpu_mem": "77.43G", "grad_norm": 3.28161, "iter": "620/1296", "loss": 0.28376, "lr": 0.00000, "top1_err": 8.59375, "top5_err": 0.00000}
[02/26 17:02:08][INFO] logging.py:   99: json_stats: {"_type": "train_iter_", "dt": 1.44747, "dt_data": 0.00043, "dt_net": 1.44704, "epoch": "46/48", "eta": "1:18:35", "gpu_mem": "77.43G", "grad_norm": 4.31389, "iter": "630/1296", "loss": 0.25488, "lr": 0.00000, "top1_err": 10.15625, "top5_err": 0.00000}
[02/26 17:02:25][INFO] logging.py:   99: json_stats: {"_type": "train_iter_", "dt": 2.37276, "dt_data": 0.92630, "dt_net": 1.44647, "epoch": "46/48", "eta": "2:08:26", "gpu_mem": "77.43G", "grad_norm": 4.04208, "iter": "640/1296", "loss": 0.25492, "lr": 0.00000, "top1_err": 11.71875, "top5_err": 0.00000}
[02/26 17:02:43][INFO] logging.py:   99: json_stats: {"_type": "train_iter_", "dt": 1.45432, "dt_data": 0.00068, "dt_net": 1.45364, "epoch": "46/48", "eta": "1:18:29", "gpu_mem": "77.43G", "grad_norm": 2.60478, "iter": "650/1296", "loss": 0.24015, "lr": 0.00000, "top1_err": 7.81250, "top5_err": 0.00000}
[02/26 17:03:00][INFO] logging.py:   99: json_stats: {"_type": "train_iter_", "dt": 1.45296, "dt_data": 0.00092, "dt_net": 1.45204, "epoch": "46/48", "eta": "1:18:10", "gpu_mem": "77.43G", "grad_norm": 3.74216, "iter": "660/1296", "loss": 0.19484, "lr": 0.00000, "top1_err": 7.03125, "top5_err": 0.00000}
[02/26 17:03:22][INFO] logging.py:   99: json_stats: {"_type": "train_iter_", "dt": 3.01839, "dt_data": 1.57797, "dt_net": 1.44042, "epoch": "46/48", "eta": "2:41:53", "gpu_mem": "77.43G", "grad_norm": 2.91052, "iter": "670/1296", "loss": 0.25070, "lr": 0.00000, "top1_err": 8.59375, "top5_err": 0.00000}
[02/26 17:03:43][INFO] logging.py:   99: json_stats: {"_type": "train_iter_", "dt": 1.44186, "dt_data": 0.00101, "dt_net": 1.44085, "epoch": "46/48", "eta": "1:17:05", "gpu_mem": "77.43G", "grad_norm": 3.10699, "iter": "680/1296", "loss": 0.23998, "lr": 0.00000, "top1_err": 10.15625, "top5_err": 0.00000}
[02/26 17:04:00][INFO] logging.py:   99: json_stats: {"_type": "train_iter_", "dt": 1.45431, "dt_data": 0.00052, "dt_net": 1.45379, "epoch": "46/48", "eta": "1:17:30", "gpu_mem": "77.43G", "grad_norm": 4.11224, "iter": "690/1296", "loss": 0.22414, "lr": 0.00000, "top1_err": 8.59375, "top5_err": 0.00000}
[02/26 17:04:17][INFO] logging.py:   99: json_stats: {"_type": "train_iter_", "dt": 1.45170, "dt_data": 0.00035, "dt_net": 1.45135, "epoch": "46/48", "eta": "1:17:08", "gpu_mem": "77.43G", "grad_norm": 2.50550, "iter": "700/1296", "loss": 0.27561, "lr": 0.00000, "top1_err": 7.81250, "top5_err": 0.00000}
[02/26 17:04:33][INFO] logging.py:   99: json_stats: {"_type": "train_iter_", "dt": 2.77360, "dt_data": 1.32657, "dt_net": 1.44703, "epoch": "46/48", "eta": "2:26:54", "gpu_mem": "77.43G", "grad_norm": 6.52267, "iter": "710/1296", "loss": 0.27627, "lr": 0.00000, "top1_err": 10.93750, "top5_err": 0.00000}
[02/26 17:04:51][INFO] logging.py:   99: json_stats: {"_type": "train_iter_", "dt": 1.45358, "dt_data": 0.00111, "dt_net": 1.45247, "epoch": "46/48", "eta": "1:16:44", "gpu_mem": "77.43G", "grad_norm": 4.23608, "iter": "720/1296", "loss": 0.26673, "lr": 0.00000, "top1_err": 7.81250, "top5_err": 0.00000}
[02/26 17:05:07][INFO] logging.py:   99: json_stats: {"_type": "train_iter_", "dt": 1.45271, "dt_data": 0.00037, "dt_net": 1.45234, "epoch": "46/48", "eta": "1:16:27", "gpu_mem": "77.43G", "grad_norm": 4.16366, "iter": "730/1296", "loss": 0.23629, "lr": 0.00000, "top1_err": 7.81250, "top5_err": 0.00000}
[02/26 17:05:23][INFO] logging.py:   99: json_stats: {"_type": "train_iter_", "dt": 1.45493, "dt_data": 0.00047, "dt_net": 1.45445, "epoch": "46/48", "eta": "1:16:20", "gpu_mem": "77.43G", "grad_norm": 2.59022, "iter": "740/1296", "loss": 0.27717, "lr": 0.00000, "top1_err": 10.15625, "top5_err": 0.00000}
[02/26 17:05:44][INFO] logging.py:   99: json_stats: {"_type": "train_iter_", "dt": 2.55389, "dt_data": 1.10377, "dt_net": 1.45011, "epoch": "46/48", "eta": "2:13:34", "gpu_mem": "77.43G", "grad_norm": 3.55537, "iter": "750/1296", "loss": 0.26767, "lr": 0.00000, "top1_err": 10.15625, "top5_err": 0.00000}
[02/26 17:06:02][INFO] logging.py:   99: json_stats: {"_type": "train_iter_", "dt": 1.45045, "dt_data": 0.00042, "dt_net": 1.45003, "epoch": "46/48", "eta": "1:15:37", "gpu_mem": "77.43G", "grad_norm": 2.74829, "iter": "760/1296", "loss": 0.23669, "lr": 0.00000, "top1_err": 9.37500, "top5_err": 0.00000}
[02/26 17:06:19][INFO] logging.py:   99: json_stats: {"_type": "train_iter_", "dt": 1.45070, "dt_data": 0.00034, "dt_net": 1.45037, "epoch": "46/48", "eta": "1:15:23", "gpu_mem": "77.43G", "grad_norm": 5.09534, "iter": "770/1296", "loss": 0.26073, "lr": 0.00000, "top1_err": 10.15625, "top5_err": 0.00000}
[02/26 17:06:35][INFO] logging.py:   99: json_stats: {"_type": "train_iter_", "dt": 1.45160, "dt_data": 0.00034, "dt_net": 1.45125, "epoch": "46/48", "eta": "1:15:11", "gpu_mem": "77.43G", "grad_norm": 4.95828, "iter": "780/1296", "loss": 0.25325, "lr": 0.00000, "top1_err": 9.37500, "top5_err": 0.00000}
[02/26 17:06:53][INFO] logging.py:   99: json_stats: {"_type": "train_iter_", "dt": 3.89151, "dt_data": 2.44097, "dt_net": 1.45053, "epoch": "46/48", "eta": "3:20:55", "gpu_mem": "77.43G", "grad_norm": 4.00564, "iter": "790/1296", "loss": 0.27796, "lr": 0.00000, "top1_err": 9.37500, "top5_err": 0.00000}
[02/26 17:07:09][INFO] logging.py:   99: json_stats: {"_type": "train_iter_", "dt": 2.11993, "dt_data": 0.66893, "dt_net": 1.45100, "epoch": "46/48", "eta": "1:49:06", "gpu_mem": "77.43G", "grad_norm": 5.03405, "iter": "800/1296", "loss": 0.24537, "lr": 0.00000, "top1_err": 10.93750, "top5_err": 0.00000}
[02/26 17:07:28][INFO] logging.py:   99: json_stats: {"_type": "train_iter_", "dt": 1.87093, "dt_data": 0.41596, "dt_net": 1.45498, "epoch": "46/48", "eta": "1:35:58", "gpu_mem": "77.43G", "grad_norm": 3.47397, "iter": "810/1296", "loss": 0.24571, "lr": 0.00000, "top1_err": 9.37500, "top5_err": 0.00000}
[02/26 17:07:45][INFO] logging.py:   99: json_stats: {"_type": "train_iter_", "dt": 1.45041, "dt_data": 0.00043, "dt_net": 1.44998, "epoch": "46/48", "eta": "1:14:09", "gpu_mem": "77.43G", "grad_norm": 2.88075, "iter": "820/1296", "loss": 0.24156, "lr": 0.00000, "top1_err": 9.37500, "top5_err": 0.00000}
[02/26 17:08:05][INFO] logging.py:   99: json_stats: {"_type": "train_iter_", "dt": 3.97436, "dt_data": 2.53278, "dt_net": 1.44158, "epoch": "46/48", "eta": "3:22:33", "gpu_mem": "77.43G", "grad_norm": 3.92256, "iter": "830/1296", "loss": 0.27213, "lr": 0.00000, "top1_err": 10.15625, "top5_err": 0.00000}
[02/26 17:08:23][INFO] logging.py:   99: json_stats: {"_type": "train_iter_", "dt": 1.50089, "dt_data": 0.00040, "dt_net": 1.50049, "epoch": "46/48", "eta": "1:16:14", "gpu_mem": "77.43G", "grad_norm": 3.76338, "iter": "840/1296", "loss": 0.25042, "lr": 0.00000, "top1_err": 9.37500, "top5_err": 0.00000}
[02/26 17:08:40][INFO] logging.py:   99: json_stats: {"_type": "train_iter_", "dt": 1.45352, "dt_data": 0.00063, "dt_net": 1.45289, "epoch": "46/48", "eta": "1:13:35", "gpu_mem": "77.43G", "grad_norm": 3.47944, "iter": "850/1296", "loss": 0.29249, "lr": 0.00000, "top1_err": 9.37500, "top5_err": 0.00000}
[02/26 17:08:59][INFO] logging.py:   99: json_stats: {"_type": "train_iter_", "dt": 1.45153, "dt_data": 0.00038, "dt_net": 1.45115, "epoch": "46/48", "eta": "1:13:15", "gpu_mem": "77.43G", "grad_norm": 2.82752, "iter": "860/1296", "loss": 0.27015, "lr": 0.00000, "top1_err": 10.15625, "top5_err": 0.00000}
[02/26 17:09:15][INFO] logging.py:   99: json_stats: {"_type": "train_iter_", "dt": 1.70292, "dt_data": 0.25144, "dt_net": 1.45147, "epoch": "46/48", "eta": "1:25:39", "gpu_mem": "77.43G", "grad_norm": 2.76851, "iter": "870/1296", "loss": 0.18313, "lr": 0.00000, "top1_err": 5.46875, "top5_err": 0.00000}
[02/26 17:09:31][INFO] logging.py:   99: json_stats: {"_type": "train_iter_", "dt": 1.45215, "dt_data": 0.00054, "dt_net": 1.45161, "epoch": "46/48", "eta": "1:12:48", "gpu_mem": "77.43G", "grad_norm": 2.23041, "iter": "880/1296", "loss": 0.28393, "lr": 0.00000, "top1_err": 8.59375, "top5_err": 0.00000}
[02/26 17:09:52][INFO] logging.py:   99: json_stats: {"_type": "train_iter_", "dt": 4.49500, "dt_data": 3.04728, "dt_net": 1.44771, "epoch": "46/48", "eta": "3:44:36", "gpu_mem": "77.43G", "grad_norm": 3.62453, "iter": "890/1296", "loss": 0.23492, "lr": 0.00000, "top1_err": 7.81250, "top5_err": 0.00000}
[02/26 17:10:06][INFO] logging.py:   99: json_stats: {"_type": "train_iter_", "dt": 1.46499, "dt_data": 0.00038, "dt_net": 1.46461, "epoch": "46/48", "eta": "1:12:57", "gpu_mem": "77.43G", "grad_norm": 5.06155, "iter": "900/1296", "loss": 0.23056, "lr": 0.00000, "top1_err": 7.81250, "top5_err": 0.00000}
[02/26 17:10:23][INFO] logging.py:   99: json_stats: {"_type": "train_iter_", "dt": 1.46920, "dt_data": 0.00091, "dt_net": 1.46828, "epoch": "46/48", "eta": "1:12:55", "gpu_mem": "77.43G", "grad_norm": 4.65797, "iter": "910/1296", "loss": 0.26981, "lr": 0.00000, "top1_err": 9.37500, "top5_err": 0.00000}
[02/26 17:10:42][INFO] logging.py:   99: json_stats: {"_type": "train_iter_", "dt": 1.44641, "dt_data": 0.00052, "dt_net": 1.44589, "epoch": "46/48", "eta": "1:11:32", "gpu_mem": "77.43G", "grad_norm": 4.23335, "iter": "920/1296", "loss": 0.24984, "lr": 0.00000, "top1_err": 8.59375, "top5_err": 0.00000}
[02/26 17:11:01][INFO] logging.py:   99: json_stats: {"_type": "train_iter_", "dt": 1.45774, "dt_data": 0.00035, "dt_net": 1.45739, "epoch": "46/48", "eta": "1:11:52", "gpu_mem": "77.43G", "grad_norm": 4.61008, "iter": "930/1296", "loss": 0.26128, "lr": 0.00000, "top1_err": 9.37500, "top5_err": 0.00000}
[02/26 17:11:20][INFO] logging.py:   99: json_stats: {"_type": "train_iter_", "dt": 1.44470, "dt_data": 0.00035, "dt_net": 1.44435, "epoch": "46/48", "eta": "1:10:58", "gpu_mem": "77.43G", "grad_norm": 4.04241, "iter": "940/1296", "loss": 0.24415, "lr": 0.00000, "top1_err": 11.71875, "top5_err": 0.00000}
[02/26 17:11:37][INFO] logging.py:   99: json_stats: {"_type": "train_iter_", "dt": 1.45386, "dt_data": 0.00140, "dt_net": 1.45245, "epoch": "46/48", "eta": "1:11:11", "gpu_mem": "77.43G", "grad_norm": 3.32920, "iter": "950/1296", "loss": 0.27757, "lr": 0.00000, "top1_err": 7.81250, "top5_err": 0.00000}
[02/26 17:12:00][INFO] logging.py:   99: json_stats: {"_type": "train_iter_", "dt": 6.81748, "dt_data": 5.38175, "dt_net": 1.43572, "epoch": "46/48", "eta": "5:32:41", "gpu_mem": "77.43G", "grad_norm": 3.48642, "iter": "960/1296", "loss": 0.27028, "lr": 0.00000, "top1_err": 9.37500, "top5_err": 0.00000}
[02/26 17:12:17][INFO] logging.py:   99: json_stats: {"_type": "train_iter_", "dt": 1.45653, "dt_data": 0.00080, "dt_net": 1.45574, "epoch": "46/48", "eta": "1:10:50", "gpu_mem": "77.43G", "grad_norm": 2.61982, "iter": "970/1296", "loss": 0.25006, "lr": 0.00000, "top1_err": 9.37500, "top5_err": 0.00000}
[02/26 17:12:33][INFO] logging.py:   99: json_stats: {"_type": "train_iter_", "dt": 1.45198, "dt_data": 0.00038, "dt_net": 1.45160, "epoch": "46/48", "eta": "1:10:22", "gpu_mem": "77.43G", "grad_norm": 3.00729, "iter": "980/1296", "loss": 0.25960, "lr": 0.00000, "top1_err": 9.37500, "top5_err": 0.00000}
[02/26 17:12:49][INFO] logging.py:   99: json_stats: {"_type": "train_iter_", "dt": 1.45360, "dt_data": 0.00086, "dt_net": 1.45273, "epoch": "46/48", "eta": "1:10:12", "gpu_mem": "77.43G", "grad_norm": 3.90804, "iter": "990/1296", "loss": 0.25677, "lr": 0.00000, "top1_err": 9.37500, "top5_err": 0.00000}
[02/26 17:13:09][INFO] logging.py:   99: json_stats: {"_type": "train_iter_", "dt": 5.47441, "dt_data": 4.03495, "dt_net": 1.43945, "epoch": "46/48", "eta": "4:23:30", "gpu_mem": "77.43G", "grad_norm": 3.41446, "iter": "1000/1296", "loss": 0.29619, "lr": 0.00000, "top1_err": 11.71875, "top5_err": 0.00000}
[02/26 17:13:30][INFO] logging.py:   99: json_stats: {"_type": "train_iter_", "dt": 1.43952, "dt_data": 0.00047, "dt_net": 1.43905, "epoch": "46/48", "eta": "1:09:02", "gpu_mem": "77.43G", "grad_norm": 4.18799, "iter": "1010/1296", "loss": 0.23231, "lr": 0.00000, "top1_err": 8.59375, "top5_err": 0.00000}
[02/26 17:13:48][INFO] logging.py:   99: json_stats: {"_type": "train_iter_", "dt": 1.44691, "dt_data": 0.00056, "dt_net": 1.44636, "epoch": "46/48", "eta": "1:09:09", "gpu_mem": "77.43G", "grad_norm": 3.96701, "iter": "1020/1296", "loss": 0.22105, "lr": 0.00000, "top1_err": 7.81250, "top5_err": 0.00000}
[02/26 17:14:04][INFO] logging.py:   99: json_stats: {"_type": "train_iter_", "dt": 1.45793, "dt_data": 0.00122, "dt_net": 1.45671, "epoch": "46/48", "eta": "1:09:26", "gpu_mem": "77.43G", "grad_norm": 2.36137, "iter": "1030/1296", "loss": 0.23880, "lr": 0.00000, "top1_err": 8.59375, "top5_err": 0.00000}
[02/26 17:14:25][INFO] logging.py:   99: json_stats: {"_type": "train_iter_", "dt": 6.03079, "dt_data": 4.59004, "dt_net": 1.44076, "epoch": "46/48", "eta": "4:46:15", "gpu_mem": "77.43G", "grad_norm": 3.19483, "iter": "1040/1296", "loss": 0.30039, "lr": 0.00000, "top1_err": 9.37500, "top5_err": 0.00000}
[02/26 17:14:42][INFO] logging.py:   99: json_stats: {"_type": "train_iter_", "dt": 1.44743, "dt_data": 0.00079, "dt_net": 1.44665, "epoch": "46/48", "eta": "1:08:27", "gpu_mem": "77.43G", "grad_norm": 2.79980, "iter": "1050/1296", "loss": 0.26833, "lr": 0.00000, "top1_err": 9.37500, "top5_err": 0.00000}
[02/26 17:15:01][INFO] logging.py:   99: json_stats: {"_type": "train_iter_", "dt": 1.44849, "dt_data": 0.00039, "dt_net": 1.44810, "epoch": "46/48", "eta": "1:08:16", "gpu_mem": "77.43G", "grad_norm": 2.70781, "iter": "1060/1296", "loss": 0.26703, "lr": 0.00000, "top1_err": 10.93750, "top5_err": 0.00000}
[02/26 17:15:16][INFO] logging.py:   99: json_stats: {"_type": "train_iter_", "dt": 1.45547, "dt_data": 0.00062, "dt_net": 1.45485, "epoch": "46/48", "eta": "1:08:21", "gpu_mem": "77.43G", "grad_norm": 5.07092, "iter": "1070/1296", "loss": 0.27864, "lr": 0.00000, "top1_err": 11.71875, "top5_err": 0.00000}
[02/26 17:15:33][INFO] logging.py:   99: json_stats: {"_type": "train_iter_", "dt": 4.02097, "dt_data": 2.57755, "dt_net": 1.44342, "epoch": "46/48", "eta": "3:08:10", "gpu_mem": "77.43G", "grad_norm": 2.99030, "iter": "1080/1296", "loss": 0.24368, "lr": 0.00000, "top1_err": 8.59375, "top5_err": 0.00000}
[02/26 17:15:48][INFO] logging.py:   99: json_stats: {"_type": "train_iter_", "dt": 1.45865, "dt_data": 0.00048, "dt_net": 1.45817, "epoch": "46/48", "eta": "1:08:01", "gpu_mem": "77.43G", "grad_norm": 2.84551, "iter": "1090/1296", "loss": 0.28398, "lr": 0.00000, "top1_err": 10.15625, "top5_err": 0.00000}
[02/26 17:16:06][INFO] logging.py:   99: json_stats: {"_type": "train_iter_", "dt": 1.46071, "dt_data": 0.00049, "dt_net": 1.46021, "epoch": "46/48", "eta": "1:07:52", "gpu_mem": "77.43G", "grad_norm": 3.15807, "iter": "1100/1296", "loss": 0.28758, "lr": 0.00000, "top1_err": 11.71875, "top5_err": 0.00000}
[02/26 17:16:25][INFO] logging.py:   99: json_stats: {"_type": "train_iter_", "dt": 3.26059, "dt_data": 0.00041, "dt_net": 3.26018, "epoch": "46/48", "eta": "2:30:57", "gpu_mem": "77.43G", "grad_norm": 7.67827, "iter": "1110/1296", "loss": 0.23517, "lr": 0.00000, "top1_err": 8.59375, "top5_err": 0.00000}
[02/26 17:16:41][INFO] logging.py:   99: json_stats: {"_type": "train_iter_", "dt": 2.63319, "dt_data": 1.18715, "dt_net": 1.44603, "epoch": "46/48", "eta": "2:01:28", "gpu_mem": "77.43G", "grad_norm": 3.57250, "iter": "1120/1296", "loss": 0.31052, "lr": 0.00000, "top1_err": 10.15625, "top5_err": 0.00000}
[02/26 17:16:58][INFO] logging.py:   99: json_stats: {"_type": "train_iter_", "dt": 2.18457, "dt_data": 0.73282, "dt_net": 1.45176, "epoch": "46/48", "eta": "1:40:25", "gpu_mem": "77.43G", "grad_norm": 3.88213, "iter": "1130/1296", "loss": 0.33485, "lr": 0.00000, "top1_err": 12.50000, "top5_err": 0.00000}
[02/26 17:17:16][INFO] logging.py:   99: json_stats: {"_type": "train_iter_", "dt": 1.45115, "dt_data": 0.00050, "dt_net": 1.45065, "epoch": "46/48", "eta": "1:06:27", "gpu_mem": "77.43G", "grad_norm": 3.10144, "iter": "1140/1296", "loss": 0.20843, "lr": 0.00000, "top1_err": 6.25000, "top5_err": 0.00000}
[02/26 17:17:34][INFO] logging.py:   99: json_stats: {"_type": "train_iter_", "dt": 2.88956, "dt_data": 0.00038, "dt_net": 2.88918, "epoch": "46/48", "eta": "2:11:51", "gpu_mem": "77.43G", "grad_norm": 4.15815, "iter": "1150/1296", "loss": 0.27164, "lr": 0.00000, "top1_err": 9.37500, "top5_err": 0.00000}
[02/26 17:17:52][INFO] logging.py:   99: json_stats: {"_type": "train_iter_", "dt": 1.45122, "dt_data": 0.00038, "dt_net": 1.45084, "epoch": "46/48", "eta": "1:05:58", "gpu_mem": "77.43G", "grad_norm": 3.06987, "iter": "1160/1296", "loss": 0.30854, "lr": 0.00000, "top1_err": 10.15625, "top5_err": 0.00000}
[02/26 17:18:10][INFO] logging.py:   99: json_stats: {"_type": "train_iter_", "dt": 2.86389, "dt_data": 1.42166, "dt_net": 1.44222, "epoch": "46/48", "eta": "2:09:44", "gpu_mem": "77.43G", "grad_norm": 4.61762, "iter": "1170/1296", "loss": 0.22193, "lr": 0.00000, "top1_err": 7.81250, "top5_err": 0.00000}
[02/26 17:18:29][INFO] logging.py:   99: json_stats: {"_type": "train_iter_", "dt": 1.45267, "dt_data": 0.00043, "dt_net": 1.45223, "epoch": "46/48", "eta": "1:05:33", "gpu_mem": "77.43G", "grad_norm": 3.06997, "iter": "1180/1296", "loss": 0.24722, "lr": 0.00000, "top1_err": 8.59375, "top5_err": 0.00000}
[02/26 17:18:48][INFO] logging.py:   99: json_stats: {"_type": "train_iter_", "dt": 2.11570, "dt_data": 0.65715, "dt_net": 1.45854, "epoch": "46/48", "eta": "1:35:08", "gpu_mem": "77.43G", "grad_norm": 4.73484, "iter": "1190/1296", "loss": 0.30205, "lr": 0.00000, "top1_err": 10.93750, "top5_err": 0.00000}
[02/26 17:19:07][INFO] logging.py:   99: json_stats: {"_type": "train_iter_", "dt": 1.44958, "dt_data": 0.00041, "dt_net": 1.44917, "epoch": "46/48", "eta": "1:04:56", "gpu_mem": "77.43G", "grad_norm": 3.40370, "iter": "1200/1296", "loss": 0.24322, "lr": 0.00000, "top1_err": 9.37500, "top5_err": 0.00000}
[02/26 17:19:22][INFO] logging.py:   99: json_stats: {"_type": "train_iter_", "dt": 1.46858, "dt_data": 0.00041, "dt_net": 1.46818, "epoch": "46/48", "eta": "1:05:32", "gpu_mem": "77.43G", "grad_norm": 4.56212, "iter": "1210/1296", "loss": 0.24696, "lr": 0.00000, "top1_err": 8.59375, "top5_err": 0.00000}
[02/26 17:19:39][INFO] logging.py:   99: json_stats: {"_type": "train_iter_", "dt": 1.45366, "dt_data": 0.00077, "dt_net": 1.45289, "epoch": "46/48", "eta": "1:04:38", "gpu_mem": "77.43G", "grad_norm": 3.34229, "iter": "1220/1296", "loss": 0.24616, "lr": 0.00000, "top1_err": 9.37500, "top5_err": 0.00000}
[02/26 17:19:56][INFO] logging.py:   99: json_stats: {"_type": "train_iter_", "dt": 2.26918, "dt_data": 0.80233, "dt_net": 1.46684, "epoch": "46/48", "eta": "1:40:31", "gpu_mem": "77.43G", "grad_norm": 4.10503, "iter": "1230/1296", "loss": 0.26798, "lr": 0.00000, "top1_err": 10.93750, "top5_err": 0.00000}
[02/26 17:20:15][INFO] logging.py:   99: json_stats: {"_type": "train_iter_", "dt": 1.45943, "dt_data": 0.00036, "dt_net": 1.45907, "epoch": "46/48", "eta": "1:04:24", "gpu_mem": "77.43G", "grad_norm": 5.43398, "iter": "1240/1296", "loss": 0.24227, "lr": 0.00000, "top1_err": 7.03125, "top5_err": 0.00000}
[02/26 17:20:32][INFO] logging.py:   99: json_stats: {"_type": "train_iter_", "dt": 1.45342, "dt_data": 0.00036, "dt_net": 1.45306, "epoch": "46/48", "eta": "1:03:54", "gpu_mem": "77.43G", "grad_norm": 3.13662, "iter": "1250/1296", "loss": 0.26877, "lr": 0.00000, "top1_err": 10.93750, "top5_err": 0.00000}
[02/26 17:20:50][INFO] logging.py:   99: json_stats: {"_type": "train_iter_", "dt": 1.45090, "dt_data": 0.00114, "dt_net": 1.44976, "epoch": "46/48", "eta": "1:03:32", "gpu_mem": "77.43G", "grad_norm": 3.93948, "iter": "1260/1296", "loss": 0.24406, "lr": 0.00000, "top1_err": 9.37500, "top5_err": 0.00000}
[02/26 17:21:09][INFO] logging.py:   99: json_stats: {"_type": "train_iter_", "dt": 3.92038, "dt_data": 2.47315, "dt_net": 1.44722, "epoch": "46/48", "eta": "2:51:03", "gpu_mem": "77.43G", "grad_norm": 3.92927, "iter": "1270/1296", "loss": 0.24530, "lr": 0.00000, "top1_err": 7.81250, "top5_err": 0.00000}
[02/26 17:21:25][INFO] logging.py:   99: json_stats: {"_type": "train_iter_", "dt": 1.45519, "dt_data": 0.00033, "dt_net": 1.45486, "epoch": "46/48", "eta": "1:03:15", "gpu_mem": "77.43G", "grad_norm": 4.11215, "iter": "1280/1296", "loss": 0.26507, "lr": 0.00000, "top1_err": 10.93750, "top5_err": 0.00000}
[02/26 17:21:43][INFO] logging.py:   99: json_stats: {"_type": "train_iter_", "dt": 1.43445, "dt_data": 0.00036, "dt_net": 1.43409, "epoch": "46/48", "eta": "1:02:06", "gpu_mem": "77.43G", "grad_norm": 3.26780, "iter": "1290/1296", "loss": 0.21166, "lr": 0.00000, "top1_err": 7.81250, "top5_err": 0.00000}
[02/26 17:21:55][INFO] logging.py:   99: json_stats: {"RAM": "293.60/856.58G", "_type": "train_epoch", "dt": 1.12677, "dt_data": 1.12677, "dt_net": 1.40932, "epoch": "46/48", "eta": "0:48:40", "gpu_mem": "77.43G", "grad_norm": 3.99329, "loss": 0.26382, "lr": 0.00000, "top1_err": 9.54379, "top5_err": 0.21219}
[02/26 17:21:55][INFO] train_net.py: 1072: Epoch 45 takes 2385.44s. Epochs from 40 to 45 take 2344.33s in average and 2359.78s in median.
[02/26 17:21:55][INFO] train_net.py: 1078: For epoch 45, each iteraction takes 1.84s in average. From epoch 40 to 45, each iteraction takes 1.81s in average.
[02/26 17:23:02][INFO] logging.py:   99: json_stats: {"_type": "val_iter", "epoch": "46/48", "eta": "0:05:53", "gpu_mem": "77.43G", "iter": "10/853", "time_diff": 0.41921, "top1_err": 22.65625, "top5_err": 3.90625}
[02/26 17:23:17][INFO] logging.py:   99: json_stats: {"_type": "val_iter", "epoch": "46/48", "eta": "0:05:50", "gpu_mem": "77.43G", "iter": "20/853", "time_diff": 0.42064, "top1_err": 23.43750, "top5_err": 3.12500}
[02/26 17:23:36][INFO] logging.py:   99: json_stats: {"_type": "val_iter", "epoch": "46/48", "eta": "0:05:41", "gpu_mem": "77.43G", "iter": "30/853", "time_diff": 0.41448, "top1_err": 22.65625, "top5_err": 3.12500}
[02/26 17:23:52][INFO] logging.py:   99: json_stats: {"_type": "val_iter", "epoch": "46/48", "eta": "0:05:42", "gpu_mem": "77.43G", "iter": "40/853", "time_diff": 0.42101, "top1_err": 23.43750, "top5_err": 1.56250}
[02/26 17:24:15][INFO] logging.py:   99: json_stats: {"_type": "val_iter", "epoch": "46/48", "eta": "0:05:40", "gpu_mem": "77.43G", "iter": "50/853", "time_diff": 0.42367, "top1_err": 21.09375, "top5_err": 3.12500}
[02/26 17:24:35][INFO] logging.py:   99: json_stats: {"_type": "val_iter", "epoch": "46/48", "eta": "0:20:26", "gpu_mem": "77.43G", "iter": "60/853", "time_diff": 1.54673, "top1_err": 25.78125, "top5_err": 3.90625}
[02/26 17:24:54][INFO] logging.py:   99: json_stats: {"_type": "val_iter", "epoch": "46/48", "eta": "0:05:25", "gpu_mem": "77.43G", "iter": "70/853", "time_diff": 0.41610, "top1_err": 21.87500, "top5_err": 3.12500}
[02/26 17:25:11][INFO] logging.py:   99: json_stats: {"_type": "val_iter", "epoch": "46/48", "eta": "0:05:26", "gpu_mem": "77.43G", "iter": "80/853", "time_diff": 0.42249, "top1_err": 26.56250, "top5_err": 3.90625}
[02/26 17:25:33][INFO] logging.py:   99: json_stats: {"_type": "val_iter", "epoch": "46/48", "eta": "0:05:27", "gpu_mem": "77.43G", "iter": "90/853", "time_diff": 0.42949, "top1_err": 25.00000, "top5_err": 2.34375}
[02/26 17:25:52][INFO] logging.py:   99: json_stats: {"_type": "val_iter", "epoch": "46/48", "eta": "0:43:14", "gpu_mem": "77.43G", "iter": "100/853", "time_diff": 3.44612, "top1_err": 27.34375, "top5_err": 3.12500}
[02/26 17:26:09][INFO] logging.py:   99: json_stats: {"_type": "val_iter", "epoch": "46/48", "eta": "0:05:17", "gpu_mem": "77.43G", "iter": "110/853", "time_diff": 0.42751, "top1_err": 25.00000, "top5_err": 3.12500}
[02/26 17:26:26][INFO] logging.py:   99: json_stats: {"_type": "val_iter", "epoch": "46/48", "eta": "0:05:08", "gpu_mem": "77.43G", "iter": "120/853", "time_diff": 0.42132, "top1_err": 25.00000, "top5_err": 3.12500}
[02/26 17:27:00][INFO] logging.py:   99: json_stats: {"_type": "val_iter", "epoch": "46/48", "eta": "0:04:43", "gpu_mem": "77.43G", "iter": "130/853", "time_diff": 0.39258, "top1_err": 20.31250, "top5_err": 3.12500}
[02/26 17:27:13][INFO] logging.py:   99: json_stats: {"_type": "val_iter", "epoch": "46/48", "eta": "0:04:57", "gpu_mem": "77.43G", "iter": "140/853", "time_diff": 0.41764, "top1_err": 25.00000, "top5_err": 3.12500}
[02/26 17:27:27][INFO] logging.py:   99: json_stats: {"_type": "val_iter", "epoch": "46/48", "eta": "0:04:58", "gpu_mem": "77.43G", "iter": "150/853", "time_diff": 0.42412, "top1_err": 25.78125, "top5_err": 3.90625}
[02/26 17:27:42][INFO] logging.py:   99: json_stats: {"_type": "val_iter", "epoch": "46/48", "eta": "0:04:50", "gpu_mem": "77.43G", "iter": "160/853", "time_diff": 0.41882, "top1_err": 22.65625, "top5_err": 3.12500}
[02/26 17:28:08][INFO] logging.py:   99: json_stats: {"_type": "val_iter", "epoch": "46/48", "eta": "0:04:47", "gpu_mem": "77.43G", "iter": "170/853", "time_diff": 0.42087, "top1_err": 23.43750, "top5_err": 1.56250}
[02/26 17:28:28][INFO] logging.py:   99: json_stats: {"_type": "val_iter", "epoch": "46/48", "eta": "0:04:36", "gpu_mem": "77.43G", "iter": "180/853", "time_diff": 0.41092, "top1_err": 27.34375, "top5_err": 3.12500}
[02/26 17:28:45][INFO] logging.py:   99: json_stats: {"_type": "val_iter", "epoch": "46/48", "eta": "0:04:37", "gpu_mem": "77.43G", "iter": "190/853", "time_diff": 0.41858, "top1_err": 19.53125, "top5_err": 2.34375}
[02/26 17:29:02][INFO] logging.py:   99: json_stats: {"_type": "val_iter", "epoch": "46/48", "eta": "0:04:34", "gpu_mem": "77.43G", "iter": "200/853", "time_diff": 0.42061, "top1_err": 25.00000, "top5_err": 3.12500}
[02/26 17:29:27][INFO] logging.py:   99: json_stats: {"_type": "val_iter", "epoch": "46/48", "eta": "0:04:28", "gpu_mem": "77.43G", "iter": "210/853", "time_diff": 0.41730, "top1_err": 26.56250, "top5_err": 2.34375}
[02/26 17:29:43][INFO] logging.py:   99: json_stats: {"_type": "val_iter", "epoch": "46/48", "eta": "0:04:27", "gpu_mem": "77.43G", "iter": "220/853", "time_diff": 0.42296, "top1_err": 25.78125, "top5_err": 3.12500}
[02/26 17:29:58][INFO] logging.py:   99: json_stats: {"_type": "val_iter", "epoch": "46/48", "eta": "0:04:24", "gpu_mem": "77.43G", "iter": "230/853", "time_diff": 0.42475, "top1_err": 28.12500, "top5_err": 3.90625}
[02/26 17:30:20][INFO] logging.py:   99: json_stats: {"_type": "val_iter", "epoch": "46/48", "eta": "1:16:50", "gpu_mem": "77.43G", "iter": "240/853", "time_diff": 7.52141, "top1_err": 21.87500, "top5_err": 1.56250}
[02/26 17:30:41][INFO] logging.py:   99: json_stats: {"_type": "val_iter", "epoch": "46/48", "eta": "0:04:09", "gpu_mem": "77.43G", "iter": "250/853", "time_diff": 0.41358, "top1_err": 24.21875, "top5_err": 3.90625}
[02/26 17:30:54][INFO] logging.py:   99: json_stats: {"_type": "val_iter", "epoch": "46/48", "eta": "0:04:09", "gpu_mem": "77.43G", "iter": "260/853", "time_diff": 0.42034, "top1_err": 23.43750, "top5_err": 3.12500}
[02/26 17:31:09][INFO] logging.py:   99: json_stats: {"_type": "val_iter", "epoch": "46/48", "eta": "0:04:06", "gpu_mem": "77.43G", "iter": "270/853", "time_diff": 0.42216, "top1_err": 24.21875, "top5_err": 3.90625}
[02/26 17:31:41][INFO] logging.py:   99: json_stats: {"_type": "val_iter", "epoch": "46/48", "eta": "1:40:14", "gpu_mem": "77.43G", "iter": "280/853", "time_diff": 10.49604, "top1_err": 21.09375, "top5_err": 3.90625}
[02/26 17:31:58][INFO] logging.py:   99: json_stats: {"_type": "val_iter", "epoch": "46/48", "eta": "0:03:44", "gpu_mem": "77.43G", "iter": "290/853", "time_diff": 0.39956, "top1_err": 21.87500, "top5_err": 3.90625}
[02/26 17:32:14][INFO] logging.py:   99: json_stats: {"_type": "val_iter", "epoch": "46/48", "eta": "0:03:50", "gpu_mem": "77.43G", "iter": "300/853", "time_diff": 0.41699, "top1_err": 21.09375, "top5_err": 3.12500}
[02/26 17:32:33][INFO] logging.py:   99: json_stats: {"_type": "val_iter", "epoch": "46/48", "eta": "0:03:46", "gpu_mem": "77.43G", "iter": "310/853", "time_diff": 0.41764, "top1_err": 24.21875, "top5_err": 4.68750}
[02/26 17:33:02][INFO] logging.py:   99: json_stats: {"_type": "val_iter", "epoch": "46/48", "eta": "1:48:53", "gpu_mem": "77.43G", "iter": "320/853", "time_diff": 12.25813, "top1_err": 22.65625, "top5_err": 3.12500}
[02/26 17:33:16][INFO] logging.py:   99: json_stats: {"_type": "val_iter", "epoch": "46/48", "eta": "0:03:40", "gpu_mem": "77.43G", "iter": "330/853", "time_diff": 0.42213, "top1_err": 23.43750, "top5_err": 3.12500}
[02/26 17:33:31][INFO] logging.py:   99: json_stats: {"_type": "val_iter", "epoch": "46/48", "eta": "0:03:33", "gpu_mem": "77.43G", "iter": "340/853", "time_diff": 0.41605, "top1_err": 24.21875, "top5_err": 3.12500}
[02/26 17:33:47][INFO] logging.py:   99: json_stats: {"_type": "val_iter", "epoch": "46/48", "eta": "0:03:32", "gpu_mem": "77.43G", "iter": "350/853", "time_diff": 0.42151, "top1_err": 24.21875, "top5_err": 1.56250}
[02/26 17:34:16][INFO] logging.py:   99: json_stats: {"_type": "val_iter", "epoch": "46/48", "eta": "1:45:43", "gpu_mem": "77.43G", "iter": "360/853", "time_diff": 12.86672, "top1_err": 22.65625, "top5_err": 3.12500}
[02/26 17:34:32][INFO] logging.py:   99: json_stats: {"_type": "val_iter", "epoch": "46/48", "eta": "0:03:21", "gpu_mem": "77.43G", "iter": "370/853", "time_diff": 0.41734, "top1_err": 26.56250, "top5_err": 3.12500}
[02/26 17:34:47][INFO] logging.py:   99: json_stats: {"_type": "val_iter", "epoch": "46/48", "eta": "0:03:21", "gpu_mem": "77.43G", "iter": "380/853", "time_diff": 0.42660, "top1_err": 22.65625, "top5_err": 3.90625}
[02/26 17:35:05][INFO] logging.py:   99: json_stats: {"_type": "val_iter", "epoch": "46/48", "eta": "0:03:14", "gpu_mem": "77.43G", "iter": "390/853", "time_diff": 0.41989, "top1_err": 23.43750, "top5_err": 2.34375}
[02/26 17:35:33][INFO] logging.py:   99: json_stats: {"_type": "val_iter", "epoch": "46/48", "eta": "1:44:39", "gpu_mem": "77.43G", "iter": "400/853", "time_diff": 13.86206, "top1_err": 24.21875, "top5_err": 4.68750}
[02/26 17:35:51][INFO] logging.py:   99: json_stats: {"_type": "val_iter", "epoch": "46/48", "eta": "0:03:00", "gpu_mem": "77.43G", "iter": "410/853", "time_diff": 0.40651, "top1_err": 25.78125, "top5_err": 3.12500}
[02/26 17:36:09][INFO] logging.py:   99: json_stats: {"_type": "val_iter", "epoch": "46/48", "eta": "0:02:54", "gpu_mem": "77.43G", "iter": "420/853", "time_diff": 0.40409, "top1_err": 25.00000, "top5_err": 3.90625}
[02/26 17:36:29][INFO] logging.py:   99: json_stats: {"_type": "val_iter", "epoch": "46/48", "eta": "0:02:54", "gpu_mem": "77.43G", "iter": "430/853", "time_diff": 0.41212, "top1_err": 24.21875, "top5_err": 3.90625}
[02/26 17:36:58][INFO] logging.py:   99: json_stats: {"_type": "val_iter", "epoch": "46/48", "eta": "1:34:12", "gpu_mem": "77.43G", "iter": "440/853", "time_diff": 13.68720, "top1_err": 22.65625, "top5_err": 3.90625}
[02/26 17:37:14][INFO] logging.py:   99: json_stats: {"_type": "val_iter", "epoch": "46/48", "eta": "0:02:46", "gpu_mem": "77.43G", "iter": "450/853", "time_diff": 0.41262, "top1_err": 21.87500, "top5_err": 1.56250}
[02/26 17:37:27][INFO] logging.py:   99: json_stats: {"_type": "val_iter", "epoch": "46/48", "eta": "0:02:47", "gpu_mem": "77.43G", "iter": "460/853", "time_diff": 0.42728, "top1_err": 24.21875, "top5_err": 3.90625}
[02/26 17:37:46][INFO] logging.py:   99: json_stats: {"_type": "val_iter", "epoch": "46/48", "eta": "0:02:41", "gpu_mem": "77.43G", "iter": "470/853", "time_diff": 0.42063, "top1_err": 23.43750, "top5_err": 3.12500}
[02/26 17:38:10][INFO] logging.py:   99: json_stats: {"_type": "val_iter", "epoch": "46/48", "eta": "1:01:30", "gpu_mem": "77.43G", "iter": "480/853", "time_diff": 9.89518, "top1_err": 21.87500, "top5_err": 3.12500}
[02/26 17:38:29][INFO] logging.py:   99: json_stats: {"_type": "val_iter", "epoch": "46/48", "eta": "0:02:29", "gpu_mem": "77.43G", "iter": "490/853", "time_diff": 0.41170, "top1_err": 23.43750, "top5_err": 2.34375}
[02/26 17:38:46][INFO] logging.py:   99: json_stats: {"_type": "val_iter", "epoch": "46/48", "eta": "0:02:26", "gpu_mem": "77.43G", "iter": "500/853", "time_diff": 0.41461, "top1_err": 25.00000, "top5_err": 4.68750}
[02/26 17:39:03][INFO] logging.py:   99: json_stats: {"_type": "val_iter", "epoch": "46/48", "eta": "0:02:23", "gpu_mem": "77.43G", "iter": "510/853", "time_diff": 0.41751, "top1_err": 25.00000, "top5_err": 3.12500}
[02/26 17:39:29][INFO] logging.py:   99: json_stats: {"_type": "val_iter", "epoch": "46/48", "eta": "1:09:21", "gpu_mem": "77.43G", "iter": "520/853", "time_diff": 12.49840, "top1_err": 23.43750, "top5_err": 3.12500}
[02/26 17:39:47][INFO] logging.py:   99: json_stats: {"_type": "val_iter", "epoch": "46/48", "eta": "0:02:13", "gpu_mem": "77.43G", "iter": "530/853", "time_diff": 0.41220, "top1_err": 21.87500, "top5_err": 1.56250}
[02/26 17:40:03][INFO] logging.py:   99: json_stats: {"_type": "val_iter", "epoch": "46/48", "eta": "0:02:11", "gpu_mem": "77.43G", "iter": "540/853", "time_diff": 0.42040, "top1_err": 23.43750, "top5_err": 3.90625}
[02/26 17:40:20][INFO] logging.py:   99: json_stats: {"_type": "val_iter", "epoch": "46/48", "eta": "0:02:05", "gpu_mem": "77.43G", "iter": "550/853", "time_diff": 0.41422, "top1_err": 28.12500, "top5_err": 3.90625}
[02/26 17:40:49][INFO] logging.py:   99: json_stats: {"_type": "val_iter", "epoch": "46/48", "eta": "1:03:15", "gpu_mem": "77.43G", "iter": "560/853", "time_diff": 12.95383, "top1_err": 25.00000, "top5_err": 1.56250}
[02/26 17:41:07][INFO] logging.py:   99: json_stats: {"_type": "val_iter", "epoch": "46/48", "eta": "0:01:54", "gpu_mem": "77.43G", "iter": "570/853", "time_diff": 0.40375, "top1_err": 28.12500, "top5_err": 6.25000}
[02/26 17:41:22][INFO] logging.py:   99: json_stats: {"_type": "val_iter", "epoch": "46/48", "eta": "0:01:54", "gpu_mem": "77.43G", "iter": "580/853", "time_diff": 0.41942, "top1_err": 25.00000, "top5_err": 4.68750}
[02/26 17:41:40][INFO] logging.py:   99: json_stats: {"_type": "val_iter", "epoch": "46/48", "eta": "0:01:49", "gpu_mem": "77.43G", "iter": "590/853", "time_diff": 0.41752, "top1_err": 21.87500, "top5_err": 4.68750}
[02/26 17:42:10][INFO] logging.py:   99: json_stats: {"_type": "val_iter", "epoch": "46/48", "eta": "0:46:33", "gpu_mem": "77.43G", "iter": "600/853", "time_diff": 11.04006, "top1_err": 24.21875, "top5_err": 3.90625}
[02/26 17:42:26][INFO] logging.py:   99: json_stats: {"_type": "val_iter", "epoch": "46/48", "eta": "0:01:40", "gpu_mem": "77.43G", "iter": "610/853", "time_diff": 0.41289, "top1_err": 25.78125, "top5_err": 4.68750}
[02/26 17:42:41][INFO] logging.py:   99: json_stats: {"_type": "val_iter", "epoch": "46/48", "eta": "0:01:38", "gpu_mem": "77.43G", "iter": "620/853", "time_diff": 0.42127, "top1_err": 23.43750, "top5_err": 2.34375}
[02/26 17:42:56][INFO] logging.py:   99: json_stats: {"_type": "val_iter", "epoch": "46/48", "eta": "0:01:33", "gpu_mem": "77.43G", "iter": "630/853", "time_diff": 0.41974, "top1_err": 24.21875, "top5_err": 4.68750}
[02/26 17:43:26][INFO] logging.py:   99: json_stats: {"_type": "val_iter", "epoch": "46/48", "eta": "0:46:31", "gpu_mem": "77.43G", "iter": "640/853", "time_diff": 13.10658, "top1_err": 24.21875, "top5_err": 3.12500}
[02/26 17:43:42][INFO] logging.py:   99: json_stats: {"_type": "val_iter", "epoch": "46/48", "eta": "0:01:24", "gpu_mem": "77.43G", "iter": "650/853", "time_diff": 0.41484, "top1_err": 26.56250, "top5_err": 3.12500}
[02/26 17:43:56][INFO] logging.py:   99: json_stats: {"_type": "val_iter", "epoch": "46/48", "eta": "0:01:21", "gpu_mem": "77.43G", "iter": "660/853", "time_diff": 0.42272, "top1_err": 20.31250, "top5_err": 2.34375}
[02/26 17:44:15][INFO] logging.py:   99: json_stats: {"_type": "val_iter", "epoch": "46/48", "eta": "0:01:15", "gpu_mem": "77.43G", "iter": "670/853", "time_diff": 0.41290, "top1_err": 25.78125, "top5_err": 3.12500}
[02/26 17:44:47][INFO] logging.py:   99: json_stats: {"_type": "val_iter", "epoch": "46/48", "eta": "0:38:43", "gpu_mem": "77.43G", "iter": "680/853", "time_diff": 13.43038, "top1_err": 24.21875, "top5_err": 3.90625}
[02/26 17:45:03][INFO] logging.py:   99: json_stats: {"_type": "val_iter", "epoch": "46/48", "eta": "0:01:06", "gpu_mem": "77.43G", "iter": "690/853", "time_diff": 0.40785, "top1_err": 25.00000, "top5_err": 2.34375}
[02/26 17:45:19][INFO] logging.py:   99: json_stats: {"_type": "val_iter", "epoch": "46/48", "eta": "0:01:04", "gpu_mem": "77.43G", "iter": "700/853", "time_diff": 0.42024, "top1_err": 23.43750, "top5_err": 3.12500}
[02/26 17:45:32][INFO] logging.py:   99: json_stats: {"_type": "val_iter", "epoch": "46/48", "eta": "0:01:00", "gpu_mem": "77.43G", "iter": "710/853", "time_diff": 0.41980, "top1_err": 23.43750, "top5_err": 3.90625}
[02/26 17:46:01][INFO] logging.py:   99: json_stats: {"_type": "val_iter", "epoch": "46/48", "eta": "0:31:47", "gpu_mem": "77.43G", "iter": "720/853", "time_diff": 14.34202, "top1_err": 26.56250, "top5_err": 3.12500}
[02/26 17:46:17][INFO] logging.py:   99: json_stats: {"_type": "val_iter", "epoch": "46/48", "eta": "0:00:50", "gpu_mem": "77.43G", "iter": "730/853", "time_diff": 0.41341, "top1_err": 21.87500, "top5_err": 3.12500}
[02/26 17:46:30][INFO] logging.py:   99: json_stats: {"_type": "val_iter", "epoch": "46/48", "eta": "0:00:47", "gpu_mem": "77.43G", "iter": "740/853", "time_diff": 0.42339, "top1_err": 27.34375, "top5_err": 4.68750}
[02/26 17:46:50][INFO] logging.py:   99: json_stats: {"_type": "val_iter", "epoch": "46/48", "eta": "0:00:42", "gpu_mem": "77.43G", "iter": "750/853", "time_diff": 0.40988, "top1_err": 25.78125, "top5_err": 3.90625}
[02/26 17:47:15][INFO] logging.py:   99: json_stats: {"_type": "val_iter", "epoch": "46/48", "eta": "0:14:28", "gpu_mem": "77.43G", "iter": "760/853", "time_diff": 9.33798, "top1_err": 25.00000, "top5_err": 2.34375}
[02/26 17:47:31][INFO] logging.py:   99: json_stats: {"_type": "val_iter", "epoch": "46/48", "eta": "0:00:35", "gpu_mem": "77.43G", "iter": "770/853", "time_diff": 0.42714, "top1_err": 25.78125, "top5_err": 3.90625}
[02/26 17:47:47][INFO] logging.py:   99: json_stats: {"_type": "val_iter", "epoch": "46/48", "eta": "0:00:30", "gpu_mem": "77.43G", "iter": "780/853", "time_diff": 0.41940, "top1_err": 25.78125, "top5_err": 1.56250}
[02/26 17:48:11][INFO] logging.py:   99: json_stats: {"_type": "val_iter", "epoch": "46/48", "eta": "0:00:26", "gpu_mem": "77.43G", "iter": "790/853", "time_diff": 0.41967, "top1_err": 26.56250, "top5_err": 3.90625}
[02/26 17:48:33][INFO] logging.py:   99: json_stats: {"_type": "val_iter", "epoch": "46/48", "eta": "0:01:22", "gpu_mem": "77.43G", "iter": "800/853", "time_diff": 1.55942, "top1_err": 25.00000, "top5_err": 3.12500}
[02/26 17:48:48][INFO] logging.py:   99: json_stats: {"_type": "val_iter", "epoch": "46/48", "eta": "0:00:18", "gpu_mem": "77.43G", "iter": "810/853", "time_diff": 0.42397, "top1_err": 23.43750, "top5_err": 4.68750}
[02/26 17:49:06][INFO] logging.py:   99: json_stats: {"_type": "val_iter", "epoch": "46/48", "eta": "0:00:13", "gpu_mem": "77.43G", "iter": "820/853", "time_diff": 0.41577, "top1_err": 22.65625, "top5_err": 3.90625}
[02/26 17:49:36][INFO] logging.py:   99: json_stats: {"_type": "val_iter", "epoch": "46/48", "eta": "0:00:08", "gpu_mem": "77.43G", "iter": "830/853", "time_diff": 0.38986, "top1_err": 21.87500, "top5_err": 1.56250}
[02/26 17:49:54][INFO] logging.py:   99: json_stats: {"_type": "val_iter", "epoch": "46/48", "eta": "0:00:04", "gpu_mem": "77.43G", "iter": "840/853", "time_diff": 0.38021, "top1_err": 22.65625, "top5_err": 1.56250}
[02/26 17:50:07][INFO] logging.py:   99: json_stats: {"_type": "val_iter", "epoch": "46/48", "eta": "0:00:01", "gpu_mem": "77.43G", "iter": "850/853", "time_diff": 0.37617, "top1_err": 22.65625, "top5_err": 3.90625}
[02/26 17:50:13][INFO] logging.py:   99: json_stats: {"RAM": "437.56/856.58G", "_type": "val_epoch", "epoch": "46/48", "gpu_mem": "77.43G", "min_top1_err": 23.94253, "min_top5_err": 3.57195, "time_diff": 0.90990, "top1_err": 24.10747, "top5_err": 3.62877}
[02/26 17:51:18][INFO] logging.py:   99: json_stats: {"_type": "train_iter_", "dt": 1.45139, "dt_data": 0.00100, "dt_net": 1.45039, "epoch": "47/48", "eta": "1:02:27", "gpu_mem": "77.43G", "grad_norm": 4.06548, "iter": "10/1296", "loss": 0.29555, "lr": 0.00000, "top1_err": 12.50000, "top5_err": 0.00000}
[02/26 17:51:37][INFO] logging.py:   99: json_stats: {"_type": "train_iter_", "dt": 1.44829, "dt_data": 0.00035, "dt_net": 1.44794, "epoch": "47/48", "eta": "1:02:05", "gpu_mem": "77.43G", "grad_norm": 3.36481, "iter": "20/1296", "loss": 0.23527, "lr": 0.00000, "top1_err": 9.37500, "top5_err": 0.00000}
[02/26 17:51:56][INFO] logging.py:   99: json_stats: {"_type": "train_iter_", "dt": 1.44370, "dt_data": 0.00041, "dt_net": 1.44329, "epoch": "47/48", "eta": "1:01:38", "gpu_mem": "77.43G", "grad_norm": 2.59891, "iter": "30/1296", "loss": 0.26234, "lr": 0.00000, "top1_err": 10.93750, "top5_err": 0.00000}
[02/26 17:52:11][INFO] logging.py:   99: json_stats: {"_type": "train_iter_", "dt": 1.45229, "dt_data": 0.00041, "dt_net": 1.45188, "epoch": "47/48", "eta": "1:01:46", "gpu_mem": "77.43G", "grad_norm": 2.88524, "iter": "40/1296", "loss": 0.23295, "lr": 0.00000, "top1_err": 9.37500, "top5_err": 0.00000}
[02/26 17:52:30][INFO] logging.py:   99: json_stats: {"_type": "train_iter_", "dt": 2.83188, "dt_data": 0.00038, "dt_net": 2.83149, "epoch": "47/48", "eta": "1:59:58", "gpu_mem": "77.43G", "grad_norm": 5.31197, "iter": "50/1296", "loss": 0.21213, "lr": 0.00000, "top1_err": 8.59375, "top5_err": 0.00000}
[02/26 17:52:45][INFO] logging.py:   99: json_stats: {"_type": "train_iter_", "dt": 1.45449, "dt_data": 0.00052, "dt_net": 1.45396, "epoch": "47/48", "eta": "1:01:22", "gpu_mem": "77.43G", "grad_norm": 2.26640, "iter": "60/1296", "loss": 0.27946, "lr": 0.00000, "top1_err": 10.93750, "top5_err": 0.00000}
[02/26 17:53:03][INFO] logging.py:   99: json_stats: {"_type": "train_iter_", "dt": 1.45172, "dt_data": 0.00036, "dt_net": 1.45136, "epoch": "47/48", "eta": "1:01:01", "gpu_mem": "77.43G", "grad_norm": 3.81768, "iter": "70/1296", "loss": 0.27407, "lr": 0.00000, "top1_err": 8.59375, "top5_err": 0.00000}
[02/26 17:53:20][INFO] logging.py:   99: json_stats: {"_type": "train_iter_", "dt": 1.88023, "dt_data": 0.00041, "dt_net": 1.87982, "epoch": "47/48", "eta": "1:18:43", "gpu_mem": "77.43G", "grad_norm": NaN, "iter": "80/1296", "loss": 0.21834, "lr": 0.00000, "top1_err": 9.37500, "top5_err": 0.00000}
[02/26 17:53:38][INFO] logging.py:   99: json_stats: {"_type": "train_iter_", "dt": 3.52740, "dt_data": 0.07748, "dt_net": 3.44991, "epoch": "47/48", "eta": "2:27:05", "gpu_mem": "77.43G", "grad_norm": 2.74391, "iter": "90/1296", "loss": 0.23651, "lr": 0.00000, "top1_err": 9.37500, "top5_err": 0.00000}
[02/26 17:53:56][INFO] logging.py:   99: json_stats: {"_type": "train_iter_", "dt": 1.45841, "dt_data": 0.00069, "dt_net": 1.45771, "epoch": "47/48", "eta": "1:00:34", "gpu_mem": "77.43G", "grad_norm": 4.12205, "iter": "100/1296", "loss": 0.22319, "lr": 0.00000, "top1_err": 7.81250, "top5_err": 0.00000}
[02/26 17:54:13][INFO] logging.py:   99: json_stats: {"_type": "train_iter_", "dt": 1.45300, "dt_data": 0.00056, "dt_net": 1.45244, "epoch": "47/48", "eta": "1:00:06", "gpu_mem": "77.43G", "grad_norm": 3.83955, "iter": "110/1296", "loss": 0.33053, "lr": 0.00000, "top1_err": 10.93750, "top5_err": 0.00000}
[02/26 17:54:30][INFO] logging.py:   99: json_stats: {"_type": "train_iter_", "dt": 2.62987, "dt_data": 0.00098, "dt_net": 2.62889, "epoch": "47/48", "eta": "1:48:21", "gpu_mem": "77.43G", "grad_norm": 4.05112, "iter": "120/1296", "loss": 0.23590, "lr": 0.00000, "top1_err": 8.59375, "top5_err": 0.00000}
[02/26 17:54:48][INFO] logging.py:   99: json_stats: {"_type": "train_iter_", "dt": 1.45693, "dt_data": 0.00042, "dt_net": 1.45651, "epoch": "47/48", "eta": "0:59:46", "gpu_mem": "77.43G", "grad_norm": 2.04355, "iter": "130/1296", "loss": 0.24105, "lr": 0.00000, "top1_err": 8.59375, "top5_err": 0.00000}
[02/26 17:55:05][INFO] logging.py:   99: json_stats: {"_type": "train_iter_", "dt": 1.45573, "dt_data": 0.00066, "dt_net": 1.45507, "epoch": "47/48", "eta": "0:59:29", "gpu_mem": "77.43G", "grad_norm": 3.66978, "iter": "140/1296", "loss": 0.22302, "lr": 0.00000, "top1_err": 7.81250, "top5_err": 0.00000}
[02/26 17:55:23][INFO] logging.py:   99: json_stats: {"_type": "train_iter_", "dt": 1.44966, "dt_data": 0.00051, "dt_net": 1.44916, "epoch": "47/48", "eta": "0:59:00", "gpu_mem": "77.43G", "grad_norm": 1.94478, "iter": "150/1296", "loss": 0.28309, "lr": 0.00000, "top1_err": 10.15625, "top5_err": 0.00000}
[02/26 17:55:43][INFO] logging.py:   99: json_stats: {"_type": "train_iter_", "dt": 2.46088, "dt_data": 0.00045, "dt_net": 2.46043, "epoch": "47/48", "eta": "1:39:44", "gpu_mem": "77.43G", "grad_norm": 4.17601, "iter": "160/1296", "loss": 0.28251, "lr": 0.00000, "top1_err": 10.15625, "top5_err": 0.00000}
[02/26 17:56:02][INFO] logging.py:   99: json_stats: {"_type": "train_iter_", "dt": 1.44577, "dt_data": 0.00038, "dt_net": 1.44538, "epoch": "47/48", "eta": "0:58:21", "gpu_mem": "77.43G", "grad_norm": 3.19597, "iter": "170/1296", "loss": 0.22395, "lr": 0.00000, "top1_err": 6.25000, "top5_err": 0.00000}
[02/26 17:56:17][INFO] logging.py:   99: json_stats: {"_type": "train_iter_", "dt": 1.45702, "dt_data": 0.00068, "dt_net": 1.45634, "epoch": "47/48", "eta": "0:58:34", "gpu_mem": "77.43G", "grad_norm": 4.08876, "iter": "180/1296", "loss": 0.25761, "lr": 0.00000, "top1_err": 9.37500, "top5_err": 0.00000}
[02/26 17:56:34][INFO] logging.py:   99: json_stats: {"_type": "train_iter_", "dt": 1.46170, "dt_data": 0.00094, "dt_net": 1.46075, "epoch": "47/48", "eta": "0:58:30", "gpu_mem": "77.43G", "grad_norm": 2.84225, "iter": "190/1296", "loss": 0.27470, "lr": 0.00000, "top1_err": 9.37500, "top5_err": 0.00000}
[02/26 17:56:53][INFO] logging.py:   99: json_stats: {"_type": "train_iter_", "dt": 4.70097, "dt_data": 0.00040, "dt_net": 4.70057, "epoch": "47/48", "eta": "3:07:24", "gpu_mem": "77.43G", "grad_norm": 4.87141, "iter": "200/1296", "loss": 0.27744, "lr": 0.00000, "top1_err": 10.93750, "top5_err": 0.00000}
[02/26 17:57:09][INFO] logging.py:   99: json_stats: {"_type": "train_iter_", "dt": 2.27574, "dt_data": 0.00041, "dt_net": 2.27533, "epoch": "47/48", "eta": "1:30:20", "gpu_mem": "77.43G", "grad_norm": 3.59869, "iter": "210/1296", "loss": 0.24278, "lr": 0.00000, "top1_err": 8.59375, "top5_err": 0.00000}
[02/26 17:57:23][INFO] logging.py:   99: json_stats: {"_type": "train_iter_", "dt": 1.45884, "dt_data": 0.00043, "dt_net": 1.45841, "epoch": "47/48", "eta": "0:57:40", "gpu_mem": "77.43G", "grad_norm": 3.76150, "iter": "220/1296", "loss": 0.30073, "lr": 0.00000, "top1_err": 11.71875, "top5_err": 0.00000}
[02/26 17:57:42][INFO] logging.py:   99: json_stats: {"_type": "train_iter_", "dt": 1.45689, "dt_data": 0.00076, "dt_net": 1.45613, "epoch": "47/48", "eta": "0:57:21", "gpu_mem": "77.43G", "grad_norm": 4.68388, "iter": "230/1296", "loss": 0.19434, "lr": 0.00000, "top1_err": 6.25000, "top5_err": 0.00000}
[02/26 17:57:58][INFO] logging.py:   99: json_stats: {"_type": "train_iter_", "dt": 1.45195, "dt_data": 0.00045, "dt_net": 1.45149, "epoch": "47/48", "eta": "0:56:54", "gpu_mem": "77.43G", "grad_norm": 2.45500, "iter": "240/1296", "loss": 0.23473, "lr": 0.00000, "top1_err": 7.03125, "top5_err": 0.00000}
[02/26 17:58:18][INFO] logging.py:   99: json_stats: {"_type": "train_iter_", "dt": 2.27180, "dt_data": 0.00041, "dt_net": 2.27139, "epoch": "47/48", "eta": "1:28:40", "gpu_mem": "77.43G", "grad_norm": 4.62475, "iter": "250/1296", "loss": 0.29773, "lr": 0.00000, "top1_err": 10.93750, "top5_err": 0.00000}
[02/26 17:58:38][INFO] logging.py:   99: json_stats: {"_type": "train_iter_", "dt": 1.44144, "dt_data": 0.00042, "dt_net": 1.44102, "epoch": "47/48", "eta": "0:56:01", "gpu_mem": "77.43G", "grad_norm": 4.55159, "iter": "260/1296", "loss": 0.21073, "lr": 0.00000, "top1_err": 8.59375, "top5_err": 0.00000}
[02/26 17:58:56][INFO] logging.py:   99: json_stats: {"_type": "train_iter_", "dt": 1.44444, "dt_data": 0.00066, "dt_net": 1.44378, "epoch": "47/48", "eta": "0:55:53", "gpu_mem": "77.43G", "grad_norm": 3.36999, "iter": "270/1296", "loss": 0.23776, "lr": 0.00000, "top1_err": 7.81250, "top5_err": 0.00000}
[02/26 17:59:10][INFO] logging.py:   99: json_stats: {"_type": "train_iter_", "dt": 1.45594, "dt_data": 0.00051, "dt_net": 1.45543, "epoch": "47/48", "eta": "0:56:06", "gpu_mem": "77.43G", "grad_norm": 4.60434, "iter": "280/1296", "loss": 0.26177, "lr": 0.00000, "top1_err": 10.15625, "top5_err": 0.00000}
[02/26 17:59:28][INFO] logging.py:   99: json_stats: {"_type": "train_iter_", "dt": 4.30151, "dt_data": 0.00038, "dt_net": 4.30113, "epoch": "47/48", "eta": "2:45:02", "gpu_mem": "77.43G", "grad_norm": 4.49208, "iter": "290/1296", "loss": 0.25049, "lr": 0.00000, "top1_err": 8.59375, "top5_err": 0.00000}
[02/26 17:59:44][INFO] logging.py:   99: json_stats: {"_type": "train_iter_", "dt": 1.45556, "dt_data": 0.00085, "dt_net": 1.45471, "epoch": "47/48", "eta": "0:55:36", "gpu_mem": "77.43G", "grad_norm": 3.12682, "iter": "300/1296", "loss": 0.24186, "lr": 0.00000, "top1_err": 10.93750, "top5_err": 0.00000}
[02/26 18:00:00][INFO] logging.py:   99: json_stats: {"_type": "train_iter_", "dt": 1.47120, "dt_data": 0.00053, "dt_net": 1.47067, "epoch": "47/48", "eta": "0:55:57", "gpu_mem": "77.43G", "grad_norm": 3.12440, "iter": "310/1296", "loss": 0.26307, "lr": 0.00000, "top1_err": 11.71875, "top5_err": 0.00000}
[02/26 18:00:18][INFO] logging.py:   99: json_stats: {"_type": "train_iter_", "dt": 2.47079, "dt_data": 0.00054, "dt_net": 2.47024, "epoch": "47/48", "eta": "1:33:33", "gpu_mem": "77.43G", "grad_norm": 2.47063, "iter": "320/1296", "loss": 0.24179, "lr": 0.00000, "top1_err": 7.81250, "top5_err": 0.00000}
[02/26 18:00:36][INFO] logging.py:   99: json_stats: {"_type": "train_iter_", "dt": 3.73739, "dt_data": 0.00042, "dt_net": 3.73697, "epoch": "47/48", "eta": "2:20:53", "gpu_mem": "77.43G", "grad_norm": 4.33642, "iter": "330/1296", "loss": 0.25316, "lr": 0.00000, "top1_err": 9.37500, "top5_err": 0.00000}
[02/26 18:00:52][INFO] logging.py:   99: json_stats: {"_type": "train_iter_", "dt": 1.45911, "dt_data": 0.00037, "dt_net": 1.45873, "epoch": "47/48", "eta": "0:54:45", "gpu_mem": "77.43G", "grad_norm": 4.19880, "iter": "340/1296", "loss": 0.26614, "lr": 0.00000, "top1_err": 7.81250, "top5_err": 0.00000}
[02/26 18:01:08][INFO] logging.py:   99: json_stats: {"_type": "train_iter_", "dt": 1.45491, "dt_data": 0.00043, "dt_net": 1.45448, "epoch": "47/48", "eta": "0:54:21", "gpu_mem": "77.43G", "grad_norm": 3.80775, "iter": "350/1296", "loss": 0.30126, "lr": 0.00000, "top1_err": 10.93750, "top5_err": 0.00000}
[02/26 18:01:27][INFO] logging.py:   99: json_stats: {"_type": "train_iter_", "dt": 1.45511, "dt_data": 0.00123, "dt_net": 1.45388, "epoch": "47/48", "eta": "0:54:07", "gpu_mem": "77.43G", "grad_norm": 3.32759, "iter": "360/1296", "loss": 0.27569, "lr": 0.00000, "top1_err": 10.15625, "top5_err": 0.00000}
[02/26 18:01:43][INFO] logging.py:   99: json_stats: {"_type": "train_iter_", "dt": 1.57787, "dt_data": 0.00035, "dt_net": 1.57751, "epoch": "47/48", "eta": "0:58:26", "gpu_mem": "77.43G", "grad_norm": 5.07651, "iter": "370/1296", "loss": 0.23914, "lr": 0.00000, "top1_err": 9.37500, "top5_err": 0.00000}
[02/26 18:02:00][INFO] logging.py:   99: json_stats: {"_type": "train_iter_", "dt": 1.45755, "dt_data": 0.00040, "dt_net": 1.45715, "epoch": "47/48", "eta": "0:53:44", "gpu_mem": "77.43G", "grad_norm": 4.43819, "iter": "380/1296", "loss": 0.24845, "lr": 0.00000, "top1_err": 10.15625, "top5_err": 0.00000}
[02/26 18:02:17][INFO] logging.py:   99: json_stats: {"_type": "train_iter_", "dt": 1.45274, "dt_data": 0.00058, "dt_net": 1.45216, "epoch": "47/48", "eta": "0:53:18", "gpu_mem": "77.43G", "grad_norm": 5.05305, "iter": "390/1296", "loss": 0.26218, "lr": 0.00000, "top1_err": 8.59375, "top5_err": 0.00000}
[02/26 18:02:36][INFO] logging.py:   99: json_stats: {"_type": "train_iter_", "dt": 4.16022, "dt_data": 0.00039, "dt_net": 4.15983, "epoch": "47/48", "eta": "2:31:59", "gpu_mem": "77.43G", "grad_norm": 2.07716, "iter": "400/1296", "loss": 0.21935, "lr": 0.00000, "top1_err": 7.81250, "top5_err": 0.00000}
[02/26 18:02:52][INFO] logging.py:   99: json_stats: {"_type": "train_iter_", "dt": 2.74415, "dt_data": 0.00047, "dt_net": 2.74369, "epoch": "47/48", "eta": "1:39:47", "gpu_mem": "77.43G", "grad_norm": 3.47983, "iter": "410/1296", "loss": 0.26164, "lr": 0.00000, "top1_err": 9.37500, "top5_err": 0.00000}
[02/26 18:03:09][INFO] logging.py:   99: json_stats: {"_type": "train_iter_", "dt": 1.45499, "dt_data": 0.00037, "dt_net": 1.45462, "epoch": "47/48", "eta": "0:52:40", "gpu_mem": "77.43G", "grad_norm": 3.80692, "iter": "420/1296", "loss": 0.21034, "lr": 0.00000, "top1_err": 7.81250, "top5_err": 0.00000}
[02/26 18:03:26][INFO] logging.py:   99: json_stats: {"_type": "train_iter_", "dt": 1.45945, "dt_data": 0.00097, "dt_net": 1.45849, "epoch": "47/48", "eta": "0:52:35", "gpu_mem": "77.43G", "grad_norm": 3.41192, "iter": "430/1296", "loss": 0.27226, "lr": 0.00000, "top1_err": 8.59375, "top5_err": 0.00000}
[02/26 18:03:47][INFO] logging.py:   99: json_stats: {"_type": "train_iter_", "dt": 4.80495, "dt_data": 0.00038, "dt_net": 4.80457, "epoch": "47/48", "eta": "2:52:20", "gpu_mem": "77.43G", "grad_norm": 3.11370, "iter": "440/1296", "loss": 0.25158, "lr": 0.00000, "top1_err": 10.93750, "top5_err": 0.00000}
[02/26 18:04:05][INFO] logging.py:   99: json_stats: {"_type": "train_iter_", "dt": 1.45306, "dt_data": 0.00037, "dt_net": 1.45269, "epoch": "47/48", "eta": "0:51:52", "gpu_mem": "77.43G", "grad_norm": 4.36007, "iter": "450/1296", "loss": 0.26725, "lr": 0.00000, "top1_err": 7.81250, "top5_err": 0.00000}
[02/26 18:04:20][INFO] logging.py:   99: json_stats: {"_type": "train_iter_", "dt": 1.45362, "dt_data": 0.00039, "dt_net": 1.45323, "epoch": "47/48", "eta": "0:51:39", "gpu_mem": "77.43G", "grad_norm": 3.02156, "iter": "460/1296", "loss": 0.25502, "lr": 0.00000, "top1_err": 9.37500, "top5_err": 0.00000}
[02/26 18:04:40][INFO] logging.py:   99: json_stats: {"_type": "train_iter_", "dt": 1.44835, "dt_data": 0.00040, "dt_net": 1.44794, "epoch": "47/48", "eta": "0:51:13", "gpu_mem": "77.43G", "grad_norm": 2.73203, "iter": "470/1296", "loss": 0.18629, "lr": 0.00000, "top1_err": 7.81250, "top5_err": 0.00000}
[02/26 18:04:59][INFO] logging.py:   99: json_stats: {"_type": "train_iter_", "dt": 3.51614, "dt_data": 0.00142, "dt_net": 3.51472, "epoch": "47/48", "eta": "2:03:46", "gpu_mem": "77.43G", "grad_norm": 2.96342, "iter": "480/1296", "loss": 0.22874, "lr": 0.00000, "top1_err": 8.59375, "top5_err": 0.00000}
[02/26 18:05:15][INFO] logging.py:   99: json_stats: {"_type": "train_iter_", "dt": 1.45453, "dt_data": 0.00082, "dt_net": 1.45370, "epoch": "47/48", "eta": "0:50:57", "gpu_mem": "77.43G", "grad_norm": 3.99511, "iter": "490/1296", "loss": 0.24366, "lr": 0.00000, "top1_err": 8.59375, "top5_err": 0.00000}
[02/26 18:05:32][INFO] logging.py:   99: json_stats: {"_type": "train_iter_", "dt": 1.45167, "dt_data": 0.00136, "dt_net": 1.45032, "epoch": "47/48", "eta": "0:50:36", "gpu_mem": "77.43G", "grad_norm": 3.49788, "iter": "500/1296", "loss": 0.31576, "lr": 0.00000, "top1_err": 10.93750, "top5_err": 0.00000}
[02/26 18:05:48][INFO] logging.py:   99: json_stats: {"_type": "train_iter_", "dt": 3.10459, "dt_data": 0.00043, "dt_net": 3.10415, "epoch": "47/48", "eta": "1:47:43", "gpu_mem": "77.43G", "grad_norm": 2.59394, "iter": "510/1296", "loss": 0.21909, "lr": 0.00000, "top1_err": 8.59375, "top5_err": 0.00000}
[02/26 18:06:15][INFO] logging.py:   99: json_stats: {"_type": "train_iter_", "dt": 7.43105, "dt_data": 0.00041, "dt_net": 7.43063, "epoch": "47/48", "eta": "4:16:37", "gpu_mem": "77.43G", "grad_norm": 3.42038, "iter": "520/1296", "loss": 0.26444, "lr": 0.00000, "top1_err": 10.15625, "top5_err": 0.00000}
[02/26 18:06:33][INFO] logging.py:   99: json_stats: {"_type": "train_iter_", "dt": 1.44522, "dt_data": 0.00077, "dt_net": 1.44445, "epoch": "47/48", "eta": "0:49:40", "gpu_mem": "77.43G", "grad_norm": 2.38279, "iter": "530/1296", "loss": 0.26260, "lr": 0.00000, "top1_err": 9.37500, "top5_err": 0.00000}
[02/26 18:06:52][INFO] logging.py:   99: json_stats: {"_type": "train_iter_", "dt": 1.43824, "dt_data": 0.00056, "dt_net": 1.43768, "epoch": "47/48", "eta": "0:49:11", "gpu_mem": "77.43G", "grad_norm": 2.34773, "iter": "540/1296", "loss": 0.25019, "lr": 0.00000, "top1_err": 8.59375, "top5_err": 0.00000}
[02/26 18:07:10][INFO] logging.py:   99: json_stats: {"_type": "train_iter_", "dt": 1.44274, "dt_data": 0.00063, "dt_net": 1.44210, "epoch": "47/48", "eta": "0:49:06", "gpu_mem": "77.43G", "grad_norm": 3.92344, "iter": "550/1296", "loss": 0.21400, "lr": 0.00000, "top1_err": 8.59375, "top5_err": 0.00000}
[02/26 18:07:32][INFO] logging.py:   99: json_stats: {"_type": "train_iter_", "dt": 4.53049, "dt_data": 0.00074, "dt_net": 4.52975, "epoch": "47/48", "eta": "2:33:25", "gpu_mem": "77.43G", "grad_norm": 2.74674, "iter": "560/1296", "loss": 0.23785, "lr": 0.00000, "top1_err": 9.37500, "top5_err": 0.00000}
[02/26 18:07:47][INFO] logging.py:   99: json_stats: {"_type": "train_iter_", "dt": 1.45944, "dt_data": 0.00035, "dt_net": 1.45909, "epoch": "47/48", "eta": "0:49:10", "gpu_mem": "77.43G", "grad_norm": 3.26988, "iter": "570/1296", "loss": 0.27267, "lr": 0.00000, "top1_err": 8.59375, "top5_err": 0.00000}
[02/26 18:08:02][INFO] logging.py:   99: json_stats: {"_type": "train_iter_", "dt": 1.45455, "dt_data": 0.00036, "dt_net": 1.45419, "epoch": "47/48", "eta": "0:48:46", "gpu_mem": "77.43G", "grad_norm": 3.18103, "iter": "580/1296", "loss": 0.25325, "lr": 0.00000, "top1_err": 7.81250, "top5_err": 0.00000}
[02/26 18:08:18][INFO] logging.py:   99: json_stats: {"_type": "train_iter_", "dt": 1.45072, "dt_data": 0.00061, "dt_net": 1.45011, "epoch": "47/48", "eta": "0:48:24", "gpu_mem": "77.43G", "grad_norm": 3.81830, "iter": "590/1296", "loss": 0.20731, "lr": 0.00000, "top1_err": 7.03125, "top5_err": 0.00000}
[02/26 18:08:39][INFO] logging.py:   99: json_stats: {"_type": "train_iter_", "dt": 4.13264, "dt_data": 0.00058, "dt_net": 4.13205, "epoch": "47/48", "eta": "2:17:12", "gpu_mem": "77.43G", "grad_norm": 2.24154, "iter": "600/1296", "loss": 0.25934, "lr": 0.00000, "top1_err": 7.81250, "top5_err": 0.00000}
[02/26 18:08:56][INFO] logging.py:   99: json_stats: {"_type": "train_iter_", "dt": 1.46448, "dt_data": 0.00038, "dt_net": 1.46410, "epoch": "47/48", "eta": "0:48:22", "gpu_mem": "77.43G", "grad_norm": 3.07246, "iter": "610/1296", "loss": 0.27636, "lr": 0.00000, "top1_err": 11.71875, "top5_err": 0.00000}
[02/26 18:09:13][INFO] logging.py:   99: json_stats: {"_type": "train_iter_", "dt": 1.45180, "dt_data": 0.00037, "dt_net": 1.45143, "epoch": "47/48", "eta": "0:47:42", "gpu_mem": "77.43G", "grad_norm": 3.27505, "iter": "620/1296", "loss": 0.31087, "lr": 0.00000, "top1_err": 10.15625, "top5_err": 0.00000}
[02/26 18:09:29][INFO] logging.py:   99: json_stats: {"_type": "train_iter_", "dt": 1.45000, "dt_data": 0.00035, "dt_net": 1.44965, "epoch": "47/48", "eta": "0:47:24", "gpu_mem": "77.43G", "grad_norm": 3.49647, "iter": "630/1296", "loss": 0.24349, "lr": 0.00000, "top1_err": 7.81250, "top5_err": 0.00000}
[02/26 18:09:48][INFO] logging.py:   99: json_stats: {"_type": "train_iter_", "dt": 1.45214, "dt_data": 0.00044, "dt_net": 1.45170, "epoch": "47/48", "eta": "0:47:14", "gpu_mem": "77.43G", "grad_norm": 2.66066, "iter": "640/1296", "loss": 0.19843, "lr": 0.00000, "top1_err": 6.25000, "top5_err": 0.00000}
[02/26 18:10:04][INFO] logging.py:   99: json_stats: {"_type": "train_iter_", "dt": 1.44928, "dt_data": 0.00106, "dt_net": 1.44820, "epoch": "47/48", "eta": "0:46:54", "gpu_mem": "77.43G", "grad_norm": 3.95408, "iter": "650/1296", "loss": 0.25950, "lr": 0.00000, "top1_err": 7.03125, "top5_err": 0.00000}
[02/26 18:10:20][INFO] logging.py:   99: json_stats: {"_type": "train_iter_", "dt": 1.45294, "dt_data": 0.00051, "dt_net": 1.45242, "epoch": "47/48", "eta": "0:46:47", "gpu_mem": "77.43G", "grad_norm": 2.84321, "iter": "660/1296", "loss": 0.21294, "lr": 0.00000, "top1_err": 8.59375, "top5_err": 0.00000}
[02/26 18:10:40][INFO] logging.py:   99: json_stats: {"_type": "train_iter_", "dt": 1.44601, "dt_data": 0.00051, "dt_net": 1.44550, "epoch": "47/48", "eta": "0:46:19", "gpu_mem": "77.43G", "grad_norm": 3.28504, "iter": "670/1296", "loss": 0.23187, "lr": 0.00000, "top1_err": 9.37500, "top5_err": 0.00000}
[02/26 18:11:02][INFO] logging.py:   99: json_stats: {"_type": "train_iter_", "dt": 6.56166, "dt_data": 0.00035, "dt_net": 6.56131, "epoch": "47/48", "eta": "3:29:05", "gpu_mem": "77.43G", "grad_norm": 3.19960, "iter": "680/1296", "loss": 0.23724, "lr": 0.00000, "top1_err": 7.81250, "top5_err": 0.00000}
[02/26 18:11:17][INFO] logging.py:   99: json_stats: {"_type": "train_iter_", "dt": 1.45285, "dt_data": 0.00044, "dt_net": 1.45241, "epoch": "47/48", "eta": "0:46:03", "gpu_mem": "77.43G", "grad_norm": 5.22426, "iter": "690/1296", "loss": 0.20792, "lr": 0.00000, "top1_err": 7.81250, "top5_err": 0.00000}
[02/26 18:11:33][INFO] logging.py:   99: json_stats: {"_type": "train_iter_", "dt": 1.45230, "dt_data": 0.00051, "dt_net": 1.45179, "epoch": "47/48", "eta": "0:45:47", "gpu_mem": "77.43G", "grad_norm": 3.88945, "iter": "700/1296", "loss": 0.30621, "lr": 0.00000, "top1_err": 13.28125, "top5_err": 0.00000}
[02/26 18:11:50][INFO] logging.py:   99: json_stats: {"_type": "train_iter_", "dt": 1.47278, "dt_data": 0.00074, "dt_net": 1.47204, "epoch": "47/48", "eta": "0:46:11", "gpu_mem": "77.43G", "grad_norm": 3.66132, "iter": "710/1296", "loss": 0.26579, "lr": 0.00000, "top1_err": 10.15625, "top5_err": 0.00000}
[02/26 18:12:06][INFO] logging.py:   99: json_stats: {"_type": "train_iter_", "dt": 2.55016, "dt_data": 0.00040, "dt_net": 2.54976, "epoch": "47/48", "eta": "1:19:33", "gpu_mem": "77.43G", "grad_norm": 2.72166, "iter": "720/1296", "loss": 0.22785, "lr": 0.00000, "top1_err": 9.37500, "top5_err": 0.00000}
[02/26 18:12:24][INFO] logging.py:   99: json_stats: {"_type": "train_iter_", "dt": 1.47000, "dt_data": 0.00049, "dt_net": 1.46952, "epoch": "47/48", "eta": "0:45:37", "gpu_mem": "77.43G", "grad_norm": 4.17384, "iter": "730/1296", "loss": 0.23766, "lr": 0.00000, "top1_err": 10.15625, "top5_err": 0.00000}
[02/26 18:12:41][INFO] logging.py:   99: json_stats: {"_type": "train_iter_", "dt": 1.45568, "dt_data": 0.00065, "dt_net": 1.45503, "epoch": "47/48", "eta": "0:44:55", "gpu_mem": "77.43G", "grad_norm": 5.98423, "iter": "740/1296", "loss": 0.26709, "lr": 0.00000, "top1_err": 10.93750, "top5_err": 0.00000}
[02/26 18:12:57][INFO] logging.py:   99: json_stats: {"_type": "train_iter_", "dt": 1.46855, "dt_data": 0.00092, "dt_net": 1.46763, "epoch": "47/48", "eta": "0:45:05", "gpu_mem": "77.43G", "grad_norm": 2.26926, "iter": "750/1296", "loss": 0.24605, "lr": 0.00000, "top1_err": 8.59375, "top5_err": 0.00000}
[02/26 18:13:18][INFO] logging.py:   99: json_stats: {"_type": "train_iter_", "dt": 4.86718, "dt_data": 0.00045, "dt_net": 4.86672, "epoch": "47/48", "eta": "2:28:36", "gpu_mem": "77.43G", "grad_norm": 4.26711, "iter": "760/1296", "loss": 0.31241, "lr": 0.00000, "top1_err": 12.50000, "top5_err": 0.00000}
[02/26 18:13:35][INFO] logging.py:   99: json_stats: {"_type": "train_iter_", "dt": 1.46214, "dt_data": 0.00051, "dt_net": 1.46162, "epoch": "47/48", "eta": "0:44:24", "gpu_mem": "77.43G", "grad_norm": 3.66864, "iter": "770/1296", "loss": 0.26401, "lr": 0.00000, "top1_err": 10.15625, "top5_err": 0.00000}
[02/26 18:13:55][INFO] logging.py:   99: json_stats: {"_type": "train_iter_", "dt": 1.44674, "dt_data": 0.00122, "dt_net": 1.44552, "epoch": "47/48", "eta": "0:43:41", "gpu_mem": "77.43G", "grad_norm": 3.95641, "iter": "780/1296", "loss": 0.23499, "lr": 0.00000, "top1_err": 8.59375, "top5_err": 0.00000}
[02/26 18:14:09][INFO] logging.py:   99: json_stats: {"_type": "train_iter_", "dt": 1.46286, "dt_data": 0.00036, "dt_net": 1.46250, "epoch": "47/48", "eta": "0:43:56", "gpu_mem": "77.43G", "grad_norm": 3.99151, "iter": "790/1296", "loss": 0.26345, "lr": 0.00000, "top1_err": 7.81250, "top5_err": 0.00000}
[02/26 18:14:27][INFO] logging.py:   99: json_stats: {"_type": "train_iter_", "dt": 3.21973, "dt_data": 0.00094, "dt_net": 3.21879, "epoch": "47/48", "eta": "1:36:09", "gpu_mem": "77.43G", "grad_norm": 5.23373, "iter": "800/1296", "loss": 0.26550, "lr": 0.00000, "top1_err": 9.37500, "top5_err": 0.00000}
[02/26 18:14:41][INFO] logging.py:   99: json_stats: {"_type": "train_iter_", "dt": 1.46174, "dt_data": 0.00092, "dt_net": 1.46082, "epoch": "47/48", "eta": "0:43:24", "gpu_mem": "77.43G", "grad_norm": 3.55037, "iter": "810/1296", "loss": 0.25864, "lr": 0.00000, "top1_err": 7.81250, "top5_err": 0.00000}
[02/26 18:14:56][INFO] logging.py:   99: json_stats: {"_type": "train_iter_", "dt": 1.45867, "dt_data": 0.00042, "dt_net": 1.45824, "epoch": "47/48", "eta": "0:43:04", "gpu_mem": "77.43G", "grad_norm": 3.36610, "iter": "820/1296", "loss": 0.24438, "lr": 0.00000, "top1_err": 10.15625, "top5_err": 0.00000}
[02/26 18:15:12][INFO] logging.py:   99: json_stats: {"_type": "train_iter_", "dt": 1.46485, "dt_data": 0.00061, "dt_net": 1.46424, "epoch": "47/48", "eta": "0:43:01", "gpu_mem": "77.43G", "grad_norm": 7.68672, "iter": "830/1296", "loss": 0.21009, "lr": 0.00000, "top1_err": 7.03125, "top5_err": 0.00000}
[02/26 18:15:35][INFO] logging.py:   99: json_stats: {"_type": "train_iter_", "dt": 6.34200, "dt_data": 0.00037, "dt_net": 6.34163, "epoch": "47/48", "eta": "3:05:11", "gpu_mem": "77.43G", "grad_norm": 4.69741, "iter": "840/1296", "loss": 0.35428, "lr": 0.00000, "top1_err": 10.93750, "top5_err": 0.00000}
[02/26 18:15:53][INFO] logging.py:   99: json_stats: {"_type": "train_iter_", "dt": 1.45174, "dt_data": 0.00067, "dt_net": 1.45107, "epoch": "47/48", "eta": "0:42:08", "gpu_mem": "77.43G", "grad_norm": 4.03333, "iter": "850/1296", "loss": 0.26226, "lr": 0.00000, "top1_err": 9.37500, "top5_err": 0.00000}
[02/26 18:16:11][INFO] logging.py:   99: json_stats: {"_type": "train_iter_", "dt": 1.44822, "dt_data": 0.00040, "dt_net": 1.44783, "epoch": "47/48", "eta": "0:41:48", "gpu_mem": "77.43G", "grad_norm": 3.80239, "iter": "860/1296", "loss": 0.27628, "lr": 0.00000, "top1_err": 10.15625, "top5_err": 0.00000}
[02/26 18:16:27][INFO] logging.py:   99: json_stats: {"_type": "train_iter_", "dt": 1.46394, "dt_data": 0.00060, "dt_net": 1.46334, "epoch": "47/48", "eta": "0:42:00", "gpu_mem": "77.43G", "grad_norm": 3.11382, "iter": "870/1296", "loss": 0.29008, "lr": 0.00000, "top1_err": 13.28125, "top5_err": 0.00000}
[02/26 18:16:50][INFO] logging.py:   99: json_stats: {"_type": "train_iter_", "dt": 7.21424, "dt_data": 0.00067, "dt_net": 7.21355, "epoch": "47/48", "eta": "3:25:50", "gpu_mem": "77.43G", "grad_norm": 5.26834, "iter": "880/1296", "loss": 0.22809, "lr": 0.00000, "top1_err": 7.81250, "top5_err": 0.00000}
[02/26 18:17:09][INFO] logging.py:   99: json_stats: {"_type": "train_iter_", "dt": 1.44522, "dt_data": 0.00050, "dt_net": 1.44472, "epoch": "47/48", "eta": "0:40:59", "gpu_mem": "77.43G", "grad_norm": 5.18974, "iter": "890/1296", "loss": 0.33078, "lr": 0.00000, "top1_err": 10.93750, "top5_err": 0.00000}
[02/26 18:17:26][INFO] logging.py:   99: json_stats: {"_type": "train_iter_", "dt": 1.45598, "dt_data": 0.00071, "dt_net": 1.45527, "epoch": "47/48", "eta": "0:41:03", "gpu_mem": "77.43G", "grad_norm": 4.75100, "iter": "900/1296", "loss": 0.23103, "lr": 0.00000, "top1_err": 7.81250, "top5_err": 0.00000}
[02/26 18:17:44][INFO] logging.py:   99: json_stats: {"_type": "train_iter_", "dt": 1.44912, "dt_data": 0.00047, "dt_net": 1.44864, "epoch": "47/48", "eta": "0:40:37", "gpu_mem": "77.43G", "grad_norm": 4.10225, "iter": "910/1296", "loss": 0.28856, "lr": 0.00000, "top1_err": 7.81250, "top5_err": 0.00000}
[02/26 18:18:04][INFO] logging.py:   99: json_stats: {"_type": "train_iter_", "dt": 3.86774, "dt_data": 0.00045, "dt_net": 3.86729, "epoch": "47/48", "eta": "1:47:46", "gpu_mem": "77.43G", "grad_norm": 2.89074, "iter": "920/1296", "loss": 0.28416, "lr": 0.00000, "top1_err": 9.37500, "top5_err": 0.00000}
[02/26 18:18:21][INFO] logging.py:   99: json_stats: {"_type": "train_iter_", "dt": 1.45230, "dt_data": 0.00058, "dt_net": 1.45172, "epoch": "47/48", "eta": "0:40:13", "gpu_mem": "77.43G", "grad_norm": 4.50541, "iter": "930/1296", "loss": 0.23551, "lr": 0.00000, "top1_err": 8.59375, "top5_err": 0.00000}
[02/26 18:18:38][INFO] logging.py:   99: json_stats: {"_type": "train_iter_", "dt": 1.45397, "dt_data": 0.00105, "dt_net": 1.45292, "epoch": "47/48", "eta": "0:40:01", "gpu_mem": "77.43G", "grad_norm": 3.57293, "iter": "940/1296", "loss": 0.26079, "lr": 0.00000, "top1_err": 10.93750, "top5_err": 0.00000}
[02/26 18:18:53][INFO] logging.py:   99: json_stats: {"_type": "train_iter_", "dt": 1.46180, "dt_data": 0.00110, "dt_net": 1.46070, "epoch": "47/48", "eta": "0:40:00", "gpu_mem": "77.43G", "grad_norm": 3.46491, "iter": "950/1296", "loss": 0.26583, "lr": 0.00000, "top1_err": 9.37500, "top5_err": 0.00000}
[02/26 18:19:14][INFO] logging.py:   99: json_stats: {"_type": "train_iter_", "dt": 4.43106, "dt_data": 0.00037, "dt_net": 4.43069, "epoch": "47/48", "eta": "2:00:31", "gpu_mem": "77.43G", "grad_norm": 5.18808, "iter": "960/1296", "loss": 0.23147, "lr": 0.00000, "top1_err": 7.81250, "top5_err": 0.00000}
[02/26 18:19:31][INFO] logging.py:   99: json_stats: {"_type": "train_iter_", "dt": 1.45617, "dt_data": 0.00063, "dt_net": 1.45554, "epoch": "47/48", "eta": "0:39:21", "gpu_mem": "77.43G", "grad_norm": 4.67491, "iter": "970/1296", "loss": 0.29127, "lr": 0.00000, "top1_err": 10.15625, "top5_err": 0.00000}
[02/26 18:19:46][INFO] logging.py:   99: json_stats: {"_type": "train_iter_", "dt": 1.46131, "dt_data": 0.00041, "dt_net": 1.46089, "epoch": "47/48", "eta": "0:39:15", "gpu_mem": "77.43G", "grad_norm": 4.05893, "iter": "980/1296", "loss": 0.20305, "lr": 0.00000, "top1_err": 7.81250, "top5_err": 0.00000}
[02/26 18:20:04][INFO] logging.py:   99: json_stats: {"_type": "train_iter_", "dt": 1.45698, "dt_data": 0.00035, "dt_net": 1.45662, "epoch": "47/48", "eta": "0:38:54", "gpu_mem": "77.43G", "grad_norm": 2.28239, "iter": "990/1296", "loss": 0.27209, "lr": 0.00000, "top1_err": 10.93750, "top5_err": 0.00000}
[02/26 18:20:20][INFO] logging.py:   99: json_stats: {"_type": "train_iter_", "dt": 1.45547, "dt_data": 0.00040, "dt_net": 1.45506, "epoch": "47/48", "eta": "0:38:37", "gpu_mem": "77.43G", "grad_norm": 3.34826, "iter": "1000/1296", "loss": 0.23915, "lr": 0.00000, "top1_err": 9.37500, "top5_err": 0.00000}
[02/26 18:20:39][INFO] logging.py:   99: json_stats: {"_type": "train_iter_", "dt": 1.45239, "dt_data": 0.00223, "dt_net": 1.45016, "epoch": "47/48", "eta": "0:38:17", "gpu_mem": "77.43G", "grad_norm": 3.20122, "iter": "1010/1296", "loss": 0.27190, "lr": 0.00000, "top1_err": 10.15625, "top5_err": 0.00000}
[02/26 18:20:59][INFO] logging.py:   99: json_stats: {"_type": "train_iter_", "dt": 1.45318, "dt_data": 0.00063, "dt_net": 1.45255, "epoch": "47/48", "eta": "0:38:04", "gpu_mem": "77.43G", "grad_norm": 5.22983, "iter": "1020/1296", "loss": 0.23929, "lr": 0.00000, "top1_err": 7.81250, "top5_err": 0.00000}
[02/26 18:21:17][INFO] logging.py:   99: json_stats: {"_type": "train_iter_", "dt": 3.82015, "dt_data": 0.00052, "dt_net": 3.81962, "epoch": "47/48", "eta": "1:39:27", "gpu_mem": "77.43G", "grad_norm": 3.41966, "iter": "1030/1296", "loss": 0.24880, "lr": 0.00000, "top1_err": 9.37500, "top5_err": 0.00000}
[02/26 18:21:37][INFO] logging.py:   99: json_stats: {"_type": "train_iter_", "dt": 2.39496, "dt_data": 0.00040, "dt_net": 2.39457, "epoch": "47/48", "eta": "1:01:56", "gpu_mem": "77.43G", "grad_norm": 1.21495, "iter": "1040/1296", "loss": 0.21638, "lr": 0.00000, "top1_err": 7.81250, "top5_err": 0.00000}
[02/26 18:21:54][INFO] logging.py:   99: json_stats: {"_type": "train_iter_", "dt": 1.44836, "dt_data": 0.00070, "dt_net": 1.44766, "epoch": "47/48", "eta": "0:37:13", "gpu_mem": "77.43G", "grad_norm": 3.35287, "iter": "1050/1296", "loss": 0.23281, "lr": 0.00000, "top1_err": 8.59375, "top5_err": 0.00000}
[02/26 18:22:11][INFO] logging.py:   99: json_stats: {"_type": "train_iter_", "dt": 1.45194, "dt_data": 0.00055, "dt_net": 1.45139, "epoch": "47/48", "eta": "0:37:04", "gpu_mem": "77.43G", "grad_norm": 4.63593, "iter": "1060/1296", "loss": 0.24835, "lr": 0.00000, "top1_err": 10.15625, "top5_err": 0.00000}
[02/26 18:22:31][INFO] logging.py:   99: json_stats: {"_type": "train_iter_", "dt": 4.77259, "dt_data": 0.00047, "dt_net": 4.77212, "epoch": "47/48", "eta": "2:01:03", "gpu_mem": "77.43G", "grad_norm": 3.87796, "iter": "1070/1296", "loss": 0.25392, "lr": 0.00000, "top1_err": 10.93750, "top5_err": 0.00000}
[02/26 18:22:47][INFO] logging.py:   99: json_stats: {"_type": "train_iter_", "dt": 1.86038, "dt_data": 0.00041, "dt_net": 1.85997, "epoch": "47/48", "eta": "0:46:52", "gpu_mem": "77.43G", "grad_norm": 4.20303, "iter": "1080/1296", "loss": 0.30401, "lr": 0.00000, "top1_err": 10.15625, "top5_err": 0.00000}
[02/26 18:23:05][INFO] logging.py:   99: json_stats: {"_type": "train_iter_", "dt": 1.45375, "dt_data": 0.00049, "dt_net": 1.45326, "epoch": "47/48", "eta": "0:36:23", "gpu_mem": "77.43G", "grad_norm": 1.98906, "iter": "1090/1296", "loss": 0.26907, "lr": 0.00000, "top1_err": 7.03125, "top5_err": 0.00000}
[02/26 18:23:23][INFO] logging.py:   99: json_stats: {"_type": "train_iter_", "dt": 1.44711, "dt_data": 0.00056, "dt_net": 1.44655, "epoch": "47/48", "eta": "0:35:59", "gpu_mem": "77.43G", "grad_norm": 4.26663, "iter": "1100/1296", "loss": 0.25086, "lr": 0.00000, "top1_err": 8.59375, "top5_err": 0.00000}
[02/26 18:23:41][INFO] logging.py:   99: json_stats: {"_type": "train_iter_", "dt": 1.47642, "dt_data": 0.00090, "dt_net": 1.47552, "epoch": "47/48", "eta": "0:36:28", "gpu_mem": "77.43G", "grad_norm": 3.69564, "iter": "1110/1296", "loss": 0.21021, "lr": 0.00000, "top1_err": 5.46875, "top5_err": 0.00000}
[02/26 18:24:01][INFO] logging.py:   99: json_stats: {"_type": "train_iter_", "dt": 4.12896, "dt_data": 0.00047, "dt_net": 4.12848, "epoch": "47/48", "eta": "1:41:17", "gpu_mem": "77.43G", "grad_norm": 6.66431, "iter": "1120/1296", "loss": 0.30972, "lr": 0.00000, "top1_err": 10.15625, "top5_err": 0.00000}
[02/26 18:24:16][INFO] logging.py:   99: json_stats: {"_type": "train_iter_", "dt": 1.45592, "dt_data": 0.00072, "dt_net": 1.45519, "epoch": "47/48", "eta": "0:35:28", "gpu_mem": "77.43G", "grad_norm": 5.96468, "iter": "1130/1296", "loss": 0.26150, "lr": 0.00000, "top1_err": 9.37500, "top5_err": 0.00000}
[02/26 18:24:34][INFO] logging.py:   99: json_stats: {"_type": "train_iter_", "dt": 1.45286, "dt_data": 0.00088, "dt_net": 1.45197, "epoch": "47/48", "eta": "0:35:09", "gpu_mem": "77.43G", "grad_norm": 4.22778, "iter": "1140/1296", "loss": 0.28032, "lr": 0.00000, "top1_err": 9.37500, "top5_err": 0.78125}
[02/26 18:24:51][INFO] logging.py:   99: json_stats: {"_type": "train_iter_", "dt": 1.45553, "dt_data": 0.00076, "dt_net": 1.45477, "epoch": "47/48", "eta": "0:34:58", "gpu_mem": "77.43G", "grad_norm": 3.51417, "iter": "1150/1296", "loss": 0.27756, "lr": 0.00000, "top1_err": 11.71875, "top5_err": 0.00000}
[02/26 18:25:12][INFO] logging.py:   99: json_stats: {"_type": "train_iter_", "dt": 5.32056, "dt_data": 0.00060, "dt_net": 5.31996, "epoch": "47/48", "eta": "2:06:59", "gpu_mem": "77.43G", "grad_norm": 3.68248, "iter": "1160/1296", "loss": 0.27407, "lr": 0.00000, "top1_err": 10.15625, "top5_err": 0.00000}
[02/26 18:25:30][INFO] logging.py:   99: json_stats: {"_type": "train_iter_", "dt": 1.44816, "dt_data": 0.00071, "dt_net": 1.44744, "epoch": "47/48", "eta": "0:34:19", "gpu_mem": "77.43G", "grad_norm": 4.92299, "iter": "1170/1296", "loss": 0.22848, "lr": 0.00000, "top1_err": 8.59375, "top5_err": 0.00000}
[02/26 18:25:45][INFO] logging.py:   99: json_stats: {"_type": "train_iter_", "dt": 1.45383, "dt_data": 0.00047, "dt_net": 1.45336, "epoch": "47/48", "eta": "0:34:12", "gpu_mem": "77.43G", "grad_norm": 4.18575, "iter": "1180/1296", "loss": 0.25417, "lr": 0.00000, "top1_err": 7.81250, "top5_err": 0.00000}
[02/26 18:26:00][INFO] logging.py:   99: json_stats: {"_type": "train_iter_", "dt": 1.45787, "dt_data": 0.00049, "dt_net": 1.45738, "epoch": "47/48", "eta": "0:34:03", "gpu_mem": "77.43G", "grad_norm": 2.84564, "iter": "1190/1296", "loss": 0.25709, "lr": 0.00000, "top1_err": 9.37500, "top5_err": 0.00000}
[02/26 18:26:22][INFO] logging.py:   99: json_stats: {"_type": "train_iter_", "dt": 5.26765, "dt_data": 0.00102, "dt_net": 5.26663, "epoch": "47/48", "eta": "2:02:12", "gpu_mem": "77.43G", "grad_norm": 3.49802, "iter": "1200/1296", "loss": 0.26923, "lr": 0.00000, "top1_err": 9.37500, "top5_err": 0.00000}
[02/26 18:26:41][INFO] logging.py:   99: json_stats: {"_type": "train_iter_", "dt": 1.44699, "dt_data": 0.00082, "dt_net": 1.44617, "epoch": "47/48", "eta": "0:33:19", "gpu_mem": "77.43G", "grad_norm": 2.28477, "iter": "1210/1296", "loss": 0.17914, "lr": 0.00000, "top1_err": 7.03125, "top5_err": 0.00000}
[02/26 18:27:00][INFO] logging.py:   99: json_stats: {"_type": "train_iter_", "dt": 1.44351, "dt_data": 0.00072, "dt_net": 1.44279, "epoch": "47/48", "eta": "0:33:00", "gpu_mem": "77.43G", "grad_norm": 3.68513, "iter": "1220/1296", "loss": 0.21526, "lr": 0.00000, "top1_err": 8.59375, "top5_err": 0.00000}
[02/26 18:27:18][INFO] logging.py:   99: json_stats: {"_type": "train_iter_", "dt": 1.44933, "dt_data": 0.00054, "dt_net": 1.44878, "epoch": "47/48", "eta": "0:32:53", "gpu_mem": "77.43G", "grad_norm": 4.04975, "iter": "1230/1296", "loss": 0.29684, "lr": 0.00000, "top1_err": 10.93750, "top5_err": 0.00000}
[02/26 18:27:34][INFO] logging.py:   99: json_stats: {"_type": "train_iter_", "dt": 1.45384, "dt_data": 0.00084, "dt_net": 1.45300, "epoch": "47/48", "eta": "0:32:45", "gpu_mem": "77.43G", "grad_norm": 2.20098, "iter": "1240/1296", "loss": 0.25149, "lr": 0.00000, "top1_err": 10.15625, "top5_err": 0.00000}
[02/26 18:27:55][INFO] logging.py:   99: json_stats: {"_type": "train_iter_", "dt": 1.44434, "dt_data": 0.00049, "dt_net": 1.44386, "epoch": "47/48", "eta": "0:32:18", "gpu_mem": "77.43G", "grad_norm": 4.95509, "iter": "1250/1296", "loss": 0.27735, "lr": 0.00000, "top1_err": 10.93750, "top5_err": 0.00000}
[02/26 18:28:15][INFO] logging.py:   99: json_stats: {"_type": "train_iter_", "dt": 1.44112, "dt_data": 0.00087, "dt_net": 1.44024, "epoch": "47/48", "eta": "0:31:59", "gpu_mem": "77.43G", "grad_norm": 3.15847, "iter": "1260/1296", "loss": 0.22458, "lr": 0.00000, "top1_err": 9.37500, "top5_err": 0.00000}
[02/26 18:28:32][INFO] logging.py:   99: json_stats: {"_type": "train_iter_", "dt": 1.45381, "dt_data": 0.00102, "dt_net": 1.45279, "epoch": "47/48", "eta": "0:32:01", "gpu_mem": "77.43G", "grad_norm": 2.57726, "iter": "1270/1296", "loss": 0.21974, "lr": 0.00000, "top1_err": 9.37500, "top5_err": 0.00000}
[02/26 18:28:51][INFO] logging.py:   99: json_stats: {"_type": "train_iter_", "dt": 3.57546, "dt_data": 0.00038, "dt_net": 3.57508, "epoch": "47/48", "eta": "1:18:11", "gpu_mem": "77.43G", "grad_norm": 4.80618, "iter": "1280/1296", "loss": 0.21252, "lr": 0.00000, "top1_err": 8.59375, "top5_err": 0.00000}
[02/26 18:29:10][INFO] logging.py:   99: json_stats: {"_type": "train_iter_", "dt": 1.41182, "dt_data": 0.00023, "dt_net": 1.41158, "epoch": "47/48", "eta": "0:30:38", "gpu_mem": "77.43G", "grad_norm": 1.89109, "iter": "1290/1296", "loss": 0.26709, "lr": 0.00000, "top1_err": 9.37500, "top5_err": 0.00000}
[02/26 18:29:22][INFO] logging.py:   99: json_stats: {"RAM": "326.26/856.58G", "_type": "train_epoch", "dt": 1.11710, "dt_data": 1.11710, "dt_net": 3.49926, "epoch": "47/48", "eta": "0:24:07", "gpu_mem": "77.43G", "grad_norm": 4.87695, "loss": 0.25999, "lr": 0.00000, "top1_err": 9.36415, "top5_err": 0.21822}
[02/26 18:29:22][INFO] train_net.py: 1072: Epoch 46 takes 2348.37s. Epochs from 40 to 46 take 2344.91s in average and 2357.00s in median.
[02/26 18:29:22][INFO] train_net.py: 1078: For epoch 46, each iteraction takes 1.81s in average. From epoch 40 to 46, each iteraction takes 1.81s in average.
[02/26 18:30:28][INFO] logging.py:   99: json_stats: {"_type": "val_iter", "epoch": "47/48", "eta": "0:05:51", "gpu_mem": "77.43G", "iter": "10/853", "time_diff": 0.41743, "top1_err": 21.87500, "top5_err": 5.46875}
[02/26 18:30:43][INFO] logging.py:   99: json_stats: {"_type": "val_iter", "epoch": "47/48", "eta": "0:05:49", "gpu_mem": "77.43G", "iter": "20/853", "time_diff": 0.41981, "top1_err": 25.00000, "top5_err": 4.68750}
[02/26 18:31:04][INFO] logging.py:   99: json_stats: {"_type": "val_iter", "epoch": "47/48", "eta": "0:05:39", "gpu_mem": "77.43G", "iter": "30/853", "time_diff": 0.41256, "top1_err": 21.87500, "top5_err": 2.34375}
[02/26 18:31:19][INFO] logging.py:   99: json_stats: {"_type": "val_iter", "epoch": "47/48", "eta": "0:05:49", "gpu_mem": "77.43G", "iter": "40/853", "time_diff": 0.43014, "top1_err": 25.00000, "top5_err": 2.34375}
[02/26 18:31:41][INFO] logging.py:   99: json_stats: {"_type": "val_iter", "epoch": "47/48", "eta": "0:05:36", "gpu_mem": "77.43G", "iter": "50/853", "time_diff": 0.41959, "top1_err": 21.87500, "top5_err": 3.12500}
[02/26 18:32:02][INFO] logging.py:   99: json_stats: {"_type": "val_iter", "epoch": "47/48", "eta": "0:05:30", "gpu_mem": "77.43G", "iter": "60/853", "time_diff": 0.41687, "top1_err": 26.56250, "top5_err": 4.68750}
[02/26 18:32:19][INFO] logging.py:   99: json_stats: {"_type": "val_iter", "epoch": "47/48", "eta": "0:05:32", "gpu_mem": "77.43G", "iter": "70/853", "time_diff": 0.42411, "top1_err": 23.43750, "top5_err": 4.68750}
[02/26 18:32:37][INFO] logging.py:   99: json_stats: {"_type": "val_iter", "epoch": "47/48", "eta": "0:05:28", "gpu_mem": "77.43G", "iter": "80/853", "time_diff": 0.42436, "top1_err": 26.56250, "top5_err": 3.12500}
[02/26 18:33:11][INFO] logging.py:   99: json_stats: {"_type": "val_iter", "epoch": "47/48", "eta": "0:05:08", "gpu_mem": "77.43G", "iter": "90/853", "time_diff": 0.40401, "top1_err": 21.87500, "top5_err": 3.90625}
[02/26 18:33:24][INFO] logging.py:   99: json_stats: {"_type": "val_iter", "epoch": "47/48", "eta": "0:05:19", "gpu_mem": "77.43G", "iter": "100/853", "time_diff": 0.42422, "top1_err": 28.90625, "top5_err": 6.25000}
[02/26 18:33:42][INFO] logging.py:   99: json_stats: {"_type": "val_iter", "epoch": "47/48", "eta": "0:05:19", "gpu_mem": "77.43G", "iter": "110/853", "time_diff": 0.42995, "top1_err": 23.43750, "top5_err": 2.34375}
[02/26 18:34:00][INFO] logging.py:   99: json_stats: {"_type": "val_iter", "epoch": "47/48", "eta": "0:05:12", "gpu_mem": "77.43G", "iter": "120/853", "time_diff": 0.42675, "top1_err": 25.00000, "top5_err": 3.12500}
[02/26 18:34:27][INFO] logging.py:   99: json_stats: {"_type": "val_iter", "epoch": "47/48", "eta": "0:04:53", "gpu_mem": "77.43G", "iter": "130/853", "time_diff": 0.40561, "top1_err": 21.87500, "top5_err": 3.12500}
[02/26 18:34:43][INFO] logging.py:   99: json_stats: {"_type": "val_iter", "epoch": "47/48", "eta": "0:04:55", "gpu_mem": "77.43G", "iter": "140/853", "time_diff": 0.41453, "top1_err": 25.78125, "top5_err": 3.12500}
[02/26 18:35:00][INFO] logging.py:   99: json_stats: {"_type": "val_iter", "epoch": "47/48", "eta": "0:05:00", "gpu_mem": "77.43G", "iter": "150/853", "time_diff": 0.42691, "top1_err": 25.00000, "top5_err": 4.68750}
[02/26 18:35:14][INFO] logging.py:   99: json_stats: {"_type": "val_iter", "epoch": "47/48", "eta": "0:04:55", "gpu_mem": "77.43G", "iter": "160/853", "time_diff": 0.42676, "top1_err": 21.09375, "top5_err": 3.12500}
[02/26 18:35:47][INFO] logging.py:   99: json_stats: {"_type": "val_iter", "epoch": "47/48", "eta": "0:04:29", "gpu_mem": "77.43G", "iter": "170/853", "time_diff": 0.39473, "top1_err": 23.43750, "top5_err": 3.12500}
[02/26 18:36:06][INFO] logging.py:   99: json_stats: {"_type": "val_iter", "epoch": "47/48", "eta": "0:04:25", "gpu_mem": "77.43G", "iter": "180/853", "time_diff": 0.39424, "top1_err": 22.65625, "top5_err": 3.12500}
[02/26 18:36:23][INFO] logging.py:   99: json_stats: {"_type": "val_iter", "epoch": "47/48", "eta": "0:04:36", "gpu_mem": "77.43G", "iter": "190/853", "time_diff": 0.41630, "top1_err": 22.65625, "top5_err": 2.34375}
[02/26 18:36:40][INFO] logging.py:   99: json_stats: {"_type": "val_iter", "epoch": "47/48", "eta": "0:04:32", "gpu_mem": "77.43G", "iter": "200/853", "time_diff": 0.41798, "top1_err": 24.21875, "top5_err": 3.12500}
[02/26 18:37:06][INFO] logging.py:   99: json_stats: {"_type": "val_iter", "epoch": "47/48", "eta": "0:04:25", "gpu_mem": "77.43G", "iter": "210/853", "time_diff": 0.41292, "top1_err": 25.78125, "top5_err": 3.12500}
[02/26 18:37:23][INFO] logging.py:   99: json_stats: {"_type": "val_iter", "epoch": "47/48", "eta": "0:04:22", "gpu_mem": "77.43G", "iter": "220/853", "time_diff": 0.41460, "top1_err": 24.21875, "top5_err": 3.90625}
[02/26 18:37:39][INFO] logging.py:   99: json_stats: {"_type": "val_iter", "epoch": "47/48", "eta": "0:04:17", "gpu_mem": "77.43G", "iter": "230/853", "time_diff": 0.41284, "top1_err": 25.78125, "top5_err": 3.90625}
[02/26 18:37:57][INFO] logging.py:   99: json_stats: {"_type": "val_iter", "epoch": "47/48", "eta": "0:04:18", "gpu_mem": "77.43G", "iter": "240/853", "time_diff": 0.42212, "top1_err": 21.87500, "top5_err": 3.90625}
[02/26 18:38:28][INFO] logging.py:   99: json_stats: {"_type": "val_iter", "epoch": "47/48", "eta": "0:03:53", "gpu_mem": "77.43G", "iter": "250/853", "time_diff": 0.38756, "top1_err": 26.56250, "top5_err": 3.90625}
[02/26 18:38:42][INFO] logging.py:   99: json_stats: {"_type": "val_iter", "epoch": "47/48", "eta": "0:04:11", "gpu_mem": "77.43G", "iter": "260/853", "time_diff": 0.42341, "top1_err": 23.43750, "top5_err": 4.68750}
[02/26 18:38:59][INFO] logging.py:   99: json_stats: {"_type": "val_iter", "epoch": "47/48", "eta": "0:04:07", "gpu_mem": "77.43G", "iter": "270/853", "time_diff": 0.42388, "top1_err": 25.78125, "top5_err": 3.12500}
[02/26 18:39:14][INFO] logging.py:   99: json_stats: {"_type": "val_iter", "epoch": "47/48", "eta": "0:03:59", "gpu_mem": "77.43G", "iter": "280/853", "time_diff": 0.41864, "top1_err": 21.87500, "top5_err": 2.34375}
[02/26 18:39:41][INFO] logging.py:   99: json_stats: {"_type": "val_iter", "epoch": "47/48", "eta": "0:03:49", "gpu_mem": "77.43G", "iter": "290/853", "time_diff": 0.40821, "top1_err": 22.65625, "top5_err": 4.68750}
[02/26 18:39:53][INFO] logging.py:   99: json_stats: {"_type": "val_iter", "epoch": "47/48", "eta": "0:03:54", "gpu_mem": "77.43G", "iter": "300/853", "time_diff": 0.42323, "top1_err": 22.65625, "top5_err": 4.68750}
[02/26 18:40:08][INFO] logging.py:   99: json_stats: {"_type": "val_iter", "epoch": "47/48", "eta": "0:03:49", "gpu_mem": "77.43G", "iter": "310/853", "time_diff": 0.42210, "top1_err": 25.00000, "top5_err": 3.90625}
[02/26 18:40:28][INFO] logging.py:   99: json_stats: {"_type": "val_iter", "epoch": "47/48", "eta": "0:28:47", "gpu_mem": "77.43G", "iter": "320/853", "time_diff": 3.24197, "top1_err": 25.00000, "top5_err": 3.90625}
[02/26 18:40:51][INFO] logging.py:   99: json_stats: {"_type": "val_iter", "epoch": "47/48", "eta": "0:03:36", "gpu_mem": "77.43G", "iter": "330/853", "time_diff": 0.41343, "top1_err": 21.09375, "top5_err": 3.90625}
[02/26 18:41:10][INFO] logging.py:   99: json_stats: {"_type": "val_iter", "epoch": "47/48", "eta": "0:03:31", "gpu_mem": "77.43G", "iter": "340/853", "time_diff": 0.41204, "top1_err": 23.43750, "top5_err": 2.34375}
[02/26 18:41:27][INFO] logging.py:   99: json_stats: {"_type": "val_iter", "epoch": "47/48", "eta": "0:03:30", "gpu_mem": "77.43G", "iter": "350/853", "time_diff": 0.41904, "top1_err": 21.09375, "top5_err": 0.78125}
[02/26 18:41:46][INFO] logging.py:   99: json_stats: {"_type": "val_iter", "epoch": "47/48", "eta": "0:03:28", "gpu_mem": "77.43G", "iter": "360/853", "time_diff": 0.42378, "top1_err": 21.09375, "top5_err": 3.12500}
[02/26 18:42:08][INFO] logging.py:   99: json_stats: {"_type": "val_iter", "epoch": "47/48", "eta": "0:03:20", "gpu_mem": "77.43G", "iter": "370/853", "time_diff": 0.41471, "top1_err": 21.87500, "top5_err": 3.90625}
[02/26 18:42:27][INFO] logging.py:   99: json_stats: {"_type": "val_iter", "epoch": "47/48", "eta": "0:03:15", "gpu_mem": "77.43G", "iter": "380/853", "time_diff": 0.41263, "top1_err": 23.43750, "top5_err": 4.68750}
[02/26 18:42:42][INFO] logging.py:   99: json_stats: {"_type": "val_iter", "epoch": "47/48", "eta": "0:03:15", "gpu_mem": "77.43G", "iter": "390/853", "time_diff": 0.42277, "top1_err": 23.43750, "top5_err": 2.34375}
[02/26 18:42:59][INFO] logging.py:   99: json_stats: {"_type": "val_iter", "epoch": "47/48", "eta": "0:03:11", "gpu_mem": "77.43G", "iter": "400/853", "time_diff": 0.42172, "top1_err": 25.78125, "top5_err": 3.12500}
[02/26 18:43:21][INFO] logging.py:   99: json_stats: {"_type": "val_iter", "epoch": "47/48", "eta": "0:03:04", "gpu_mem": "77.43G", "iter": "410/853", "time_diff": 0.41552, "top1_err": 26.56250, "top5_err": 3.90625}
[02/26 18:43:44][INFO] logging.py:   99: json_stats: {"_type": "val_iter", "epoch": "47/48", "eta": "0:02:57", "gpu_mem": "77.43G", "iter": "420/853", "time_diff": 0.40884, "top1_err": 25.78125, "top5_err": 4.68750}
[02/26 18:44:01][INFO] logging.py:   99: json_stats: {"_type": "val_iter", "epoch": "47/48", "eta": "0:02:55", "gpu_mem": "77.43G", "iter": "430/853", "time_diff": 0.41460, "top1_err": 28.90625, "top5_err": 3.12500}
[02/26 18:44:21][INFO] logging.py:   99: json_stats: {"_type": "val_iter", "epoch": "47/48", "eta": "0:26:50", "gpu_mem": "77.43G", "iter": "440/853", "time_diff": 3.89897, "top1_err": 24.21875, "top5_err": 4.68750}
[02/26 18:44:37][INFO] logging.py:   99: json_stats: {"_type": "val_iter", "epoch": "47/48", "eta": "0:02:51", "gpu_mem": "77.43G", "iter": "450/853", "time_diff": 0.42470, "top1_err": 20.31250, "top5_err": 1.56250}
[02/26 18:44:59][INFO] logging.py:   99: json_stats: {"_type": "val_iter", "epoch": "47/48", "eta": "0:02:41", "gpu_mem": "77.43G", "iter": "460/853", "time_diff": 0.41054, "top1_err": 25.78125, "top5_err": 4.68750}
[02/26 18:45:11][INFO] logging.py:   99: json_stats: {"_type": "val_iter", "epoch": "47/48", "eta": "0:02:41", "gpu_mem": "77.43G", "iter": "470/853", "time_diff": 0.42290, "top1_err": 25.78125, "top5_err": 1.56250}
[02/26 18:45:32][INFO] logging.py:   99: json_stats: {"_type": "val_iter", "epoch": "47/48", "eta": "0:31:26", "gpu_mem": "77.43G", "iter": "480/853", "time_diff": 5.05848, "top1_err": 21.87500, "top5_err": 3.12500}
[02/26 18:45:50][INFO] logging.py:   99: json_stats: {"_type": "val_iter", "epoch": "47/48", "eta": "0:02:37", "gpu_mem": "77.43G", "iter": "490/853", "time_diff": 0.43279, "top1_err": 25.00000, "top5_err": 3.12500}
[02/26 18:46:15][INFO] logging.py:   99: json_stats: {"_type": "val_iter", "epoch": "47/48", "eta": "0:02:23", "gpu_mem": "77.43G", "iter": "500/853", "time_diff": 0.40699, "top1_err": 25.78125, "top5_err": 3.90625}
[02/26 18:46:32][INFO] logging.py:   99: json_stats: {"_type": "val_iter", "epoch": "47/48", "eta": "0:02:21", "gpu_mem": "77.43G", "iter": "510/853", "time_diff": 0.41324, "top1_err": 23.43750, "top5_err": 4.68750}
[02/26 18:46:49][INFO] logging.py:   99: json_stats: {"_type": "val_iter", "epoch": "47/48", "eta": "0:19:00", "gpu_mem": "77.43G", "iter": "520/853", "time_diff": 3.42471, "top1_err": 21.09375, "top5_err": 3.90625}
[02/26 18:47:05][INFO] logging.py:   99: json_stats: {"_type": "val_iter", "epoch": "47/48", "eta": "0:02:17", "gpu_mem": "77.43G", "iter": "530/853", "time_diff": 0.42610, "top1_err": 19.53125, "top5_err": 1.56250}
[02/26 18:47:29][INFO] logging.py:   99: json_stats: {"_type": "val_iter", "epoch": "47/48", "eta": "0:02:08", "gpu_mem": "77.43G", "iter": "540/853", "time_diff": 0.41184, "top1_err": 24.21875, "top5_err": 3.12500}
[02/26 18:47:44][INFO] logging.py:   99: json_stats: {"_type": "val_iter", "epoch": "47/48", "eta": "0:02:07", "gpu_mem": "77.43G", "iter": "550/853", "time_diff": 0.42012, "top1_err": 25.00000, "top5_err": 4.68750}
[02/26 18:48:08][INFO] logging.py:   99: json_stats: {"_type": "val_iter", "epoch": "47/48", "eta": "0:35:40", "gpu_mem": "77.43G", "iter": "560/853", "time_diff": 7.30518, "top1_err": 21.09375, "top5_err": 1.56250}
[02/26 18:48:26][INFO] logging.py:   99: json_stats: {"_type": "val_iter", "epoch": "47/48", "eta": "0:01:59", "gpu_mem": "77.43G", "iter": "570/853", "time_diff": 0.42403, "top1_err": 24.21875, "top5_err": 4.68750}
[02/26 18:48:41][INFO] logging.py:   99: json_stats: {"_type": "val_iter", "epoch": "47/48", "eta": "0:01:54", "gpu_mem": "77.43G", "iter": "580/853", "time_diff": 0.41952, "top1_err": 23.43750, "top5_err": 4.68750}
[02/26 18:49:00][INFO] logging.py:   99: json_stats: {"_type": "val_iter", "epoch": "47/48", "eta": "0:01:52", "gpu_mem": "77.43G", "iter": "590/853", "time_diff": 0.42605, "top1_err": 22.65625, "top5_err": 3.90625}
[02/26 18:49:29][INFO] logging.py:   99: json_stats: {"_type": "val_iter", "epoch": "47/48", "eta": "0:44:47", "gpu_mem": "77.43G", "iter": "600/853", "time_diff": 10.62188, "top1_err": 22.65625, "top5_err": 3.12500}
[02/26 18:49:45][INFO] logging.py:   99: json_stats: {"_type": "val_iter", "epoch": "47/48", "eta": "0:01:40", "gpu_mem": "77.43G", "iter": "610/853", "time_diff": 0.41479, "top1_err": 24.21875, "top5_err": 3.90625}
[02/26 18:50:00][INFO] logging.py:   99: json_stats: {"_type": "val_iter", "epoch": "47/48", "eta": "0:01:35", "gpu_mem": "77.43G", "iter": "620/853", "time_diff": 0.41083, "top1_err": 21.09375, "top5_err": 1.56250}
[02/26 18:50:17][INFO] logging.py:   99: json_stats: {"_type": "val_iter", "epoch": "47/48", "eta": "0:01:33", "gpu_mem": "77.43G", "iter": "630/853", "time_diff": 0.41876, "top1_err": 25.78125, "top5_err": 4.68750}
[02/26 18:50:42][INFO] logging.py:   99: json_stats: {"_type": "val_iter", "epoch": "47/48", "eta": "0:39:05", "gpu_mem": "77.43G", "iter": "640/853", "time_diff": 11.01203, "top1_err": 25.00000, "top5_err": 3.90625}
[02/26 18:50:57][INFO] logging.py:   99: json_stats: {"_type": "val_iter", "epoch": "47/48", "eta": "0:01:25", "gpu_mem": "77.43G", "iter": "650/853", "time_diff": 0.42135, "top1_err": 25.00000, "top5_err": 3.12500}
[02/26 18:51:15][INFO] logging.py:   99: json_stats: {"_type": "val_iter", "epoch": "47/48", "eta": "0:01:18", "gpu_mem": "77.43G", "iter": "660/853", "time_diff": 0.40586, "top1_err": 21.87500, "top5_err": 1.56250}
[02/26 18:51:33][INFO] logging.py:   99: json_stats: {"_type": "val_iter", "epoch": "47/48", "eta": "0:01:16", "gpu_mem": "77.43G", "iter": "670/853", "time_diff": 0.41654, "top1_err": 25.78125, "top5_err": 3.90625}
[02/26 18:52:03][INFO] logging.py:   99: json_stats: {"_type": "val_iter", "epoch": "47/48", "eta": "0:38:07", "gpu_mem": "77.43G", "iter": "680/853", "time_diff": 13.22322, "top1_err": 28.12500, "top5_err": 2.34375}
[02/26 18:52:19][INFO] logging.py:   99: json_stats: {"_type": "val_iter", "epoch": "47/48", "eta": "0:01:37", "gpu_mem": "77.43G", "iter": "690/853", "time_diff": 0.59751, "top1_err": 25.78125, "top5_err": 3.90625}
[02/26 18:52:35][INFO] logging.py:   99: json_stats: {"_type": "val_iter", "epoch": "47/48", "eta": "0:01:03", "gpu_mem": "77.43G", "iter": "700/853", "time_diff": 0.41523, "top1_err": 23.43750, "top5_err": 3.12500}
[02/26 18:52:52][INFO] logging.py:   99: json_stats: {"_type": "val_iter", "epoch": "47/48", "eta": "0:00:58", "gpu_mem": "77.43G", "iter": "710/853", "time_diff": 0.41215, "top1_err": 27.34375, "top5_err": 3.90625}
[02/26 18:53:15][INFO] logging.py:   99: json_stats: {"_type": "val_iter", "epoch": "47/48", "eta": "0:15:25", "gpu_mem": "77.43G", "iter": "720/853", "time_diff": 6.95819, "top1_err": 21.87500, "top5_err": 3.12500}
[02/26 18:53:38][INFO] logging.py:   99: json_stats: {"_type": "val_iter", "epoch": "47/48", "eta": "0:11:56", "gpu_mem": "77.43G", "iter": "730/853", "time_diff": 5.82314, "top1_err": 23.43750, "top5_err": 2.34375}
[02/26 18:53:54][INFO] logging.py:   99: json_stats: {"_type": "val_iter", "epoch": "47/48", "eta": "0:00:47", "gpu_mem": "77.43G", "iter": "740/853", "time_diff": 0.41904, "top1_err": 24.21875, "top5_err": 4.68750}
[02/26 18:54:11][INFO] logging.py:   99: json_stats: {"_type": "val_iter", "epoch": "47/48", "eta": "0:00:42", "gpu_mem": "77.43G", "iter": "750/853", "time_diff": 0.41604, "top1_err": 24.21875, "top5_err": 2.34375}
[02/26 18:54:27][INFO] logging.py:   99: json_stats: {"_type": "val_iter", "epoch": "47/48", "eta": "0:01:37", "gpu_mem": "77.43G", "iter": "760/853", "time_diff": 1.05151, "top1_err": 23.43750, "top5_err": 3.12500}
[02/26 18:54:57][INFO] logging.py:   99: json_stats: {"_type": "val_iter", "epoch": "47/48", "eta": "0:20:00", "gpu_mem": "77.43G", "iter": "770/853", "time_diff": 14.46005, "top1_err": 24.21875, "top5_err": 3.12500}
[02/26 18:55:15][INFO] logging.py:   99: json_stats: {"_type": "val_iter", "epoch": "47/48", "eta": "0:00:29", "gpu_mem": "77.43G", "iter": "780/853", "time_diff": 0.40179, "top1_err": 24.21875, "top5_err": 3.12500}
[02/26 18:55:30][INFO] logging.py:   99: json_stats: {"_type": "val_iter", "epoch": "47/48", "eta": "0:00:25", "gpu_mem": "77.43G", "iter": "790/853", "time_diff": 0.41268, "top1_err": 22.65625, "top5_err": 4.68750}
[02/26 18:55:45][INFO] logging.py:   99: json_stats: {"_type": "val_iter", "epoch": "47/48", "eta": "0:00:22", "gpu_mem": "77.43G", "iter": "800/853", "time_diff": 0.42078, "top1_err": 24.21875, "top5_err": 2.34375}
[02/26 18:56:14][INFO] logging.py:   99: json_stats: {"_type": "val_iter", "epoch": "47/48", "eta": "0:08:00", "gpu_mem": "77.43G", "iter": "810/853", "time_diff": 11.16664, "top1_err": 25.00000, "top5_err": 4.68750}
[02/26 18:56:29][INFO] logging.py:   99: json_stats: {"_type": "val_iter", "epoch": "47/48", "eta": "0:00:13", "gpu_mem": "77.43G", "iter": "820/853", "time_diff": 0.42014, "top1_err": 21.87500, "top5_err": 3.12500}
[02/26 18:56:48][INFO] logging.py:   99: json_stats: {"_type": "val_iter", "epoch": "47/48", "eta": "0:00:09", "gpu_mem": "77.43G", "iter": "830/853", "time_diff": 0.39830, "top1_err": 26.56250, "top5_err": 3.12500}
[02/26 18:57:06][INFO] logging.py:   99: json_stats: {"_type": "val_iter", "epoch": "47/48", "eta": "0:00:05", "gpu_mem": "77.43G", "iter": "840/853", "time_diff": 0.39770, "top1_err": 25.00000, "top5_err": 1.56250}
[02/26 18:57:26][INFO] logging.py:   99: json_stats: {"_type": "val_iter", "epoch": "47/48", "eta": "0:00:24", "gpu_mem": "77.43G", "iter": "850/853", "time_diff": 8.29011, "top1_err": 24.21875, "top5_err": 4.68750}
[02/26 18:57:28][INFO] logging.py:   99: json_stats: {"RAM": "429.86/856.58G", "_type": "val_epoch", "epoch": "47/48", "gpu_mem": "77.43G", "min_top1_err": 23.94253, "min_top5_err": 3.57195, "time_diff": 1.02596, "top1_err": 24.11297, "top5_err": 3.70024}
[02/26 18:58:38][INFO] logging.py:   99: json_stats: {"_type": "train_iter_", "dt": 1.45750, "dt_data": 0.00044, "dt_net": 1.45706, "epoch": "48/48", "eta": "0:31:14", "gpu_mem": "77.43G", "grad_norm": 3.19683, "iter": "10/1296", "loss": 0.19596, "lr": 0.00000, "top1_err": 5.46875, "top5_err": 0.00000}
[02/26 18:58:56][INFO] logging.py:   99: json_stats: {"_type": "train_iter_", "dt": 1.44392, "dt_data": 0.00043, "dt_net": 1.44349, "epoch": "48/48", "eta": "0:30:42", "gpu_mem": "77.43G", "grad_norm": 3.71828, "iter": "20/1296", "loss": 0.25022, "lr": 0.00000, "top1_err": 7.81250, "top5_err": 0.00000}
[02/26 18:59:11][INFO] logging.py:   99: json_stats: {"_type": "train_iter_", "dt": 1.45401, "dt_data": 0.00037, "dt_net": 1.45365, "epoch": "48/48", "eta": "0:30:40", "gpu_mem": "77.43G", "grad_norm": 3.14858, "iter": "30/1296", "loss": 0.24015, "lr": 0.00000, "top1_err": 10.93750, "top5_err": 0.00000}
[02/26 18:59:27][INFO] logging.py:   99: json_stats: {"_type": "train_iter_", "dt": 1.45616, "dt_data": 0.00037, "dt_net": 1.45578, "epoch": "48/48", "eta": "0:30:28", "gpu_mem": "77.43G", "grad_norm": 3.25891, "iter": "40/1296", "loss": 0.32832, "lr": 0.00000, "top1_err": 10.15625, "top5_err": 0.00000}
[02/26 18:59:45][INFO] logging.py:   99: json_stats: {"_type": "train_iter_", "dt": 1.45675, "dt_data": 0.00038, "dt_net": 1.45637, "epoch": "48/48", "eta": "0:30:15", "gpu_mem": "77.43G", "grad_norm": 5.99339, "iter": "50/1296", "loss": 0.35927, "lr": 0.00000, "top1_err": 10.93750, "top5_err": 0.00000}
[02/26 19:00:03][INFO] logging.py:   99: json_stats: {"_type": "train_iter_", "dt": 1.45298, "dt_data": 0.00083, "dt_net": 1.45215, "epoch": "48/48", "eta": "0:29:55", "gpu_mem": "77.43G", "grad_norm": 3.33500, "iter": "60/1296", "loss": 0.27441, "lr": 0.00000, "top1_err": 9.37500, "top5_err": 0.00000}
[02/26 19:00:21][INFO] logging.py:   99: json_stats: {"_type": "train_iter_", "dt": 1.45392, "dt_data": 0.00033, "dt_net": 1.45359, "epoch": "48/48", "eta": "0:29:42", "gpu_mem": "77.43G", "grad_norm": 4.16329, "iter": "70/1296", "loss": 0.25944, "lr": 0.00000, "top1_err": 10.15625, "top5_err": 0.00000}
[02/26 19:00:37][INFO] logging.py:   99: json_stats: {"_type": "train_iter_", "dt": 1.45786, "dt_data": 0.00045, "dt_net": 1.45741, "epoch": "48/48", "eta": "0:29:32", "gpu_mem": "77.43G", "grad_norm": 2.95002, "iter": "80/1296", "loss": 0.17858, "lr": 0.00000, "top1_err": 6.25000, "top5_err": 0.00000}
[02/26 19:00:58][INFO] logging.py:   99: json_stats: {"_type": "train_iter_", "dt": 1.45500, "dt_data": 0.00040, "dt_net": 1.45460, "epoch": "48/48", "eta": "0:29:14", "gpu_mem": "77.43G", "grad_norm": 2.82845, "iter": "90/1296", "loss": 0.21001, "lr": 0.00000, "top1_err": 8.59375, "top5_err": 0.00000}
[02/26 19:01:17][INFO] logging.py:   99: json_stats: {"_type": "train_iter_", "dt": 3.79148, "dt_data": 2.32835, "dt_net": 1.46313, "epoch": "48/48", "eta": "1:15:34", "gpu_mem": "77.43G", "grad_norm": 4.29592, "iter": "100/1296", "loss": 0.21793, "lr": 0.00000, "top1_err": 7.03125, "top5_err": 0.00000}
[02/26 19:01:33][INFO] logging.py:   99: json_stats: {"_type": "train_iter_", "dt": 1.44976, "dt_data": 0.00086, "dt_net": 1.44890, "epoch": "48/48", "eta": "0:28:39", "gpu_mem": "77.43G", "grad_norm": 3.32458, "iter": "110/1296", "loss": 0.27813, "lr": 0.00000, "top1_err": 9.37500, "top5_err": 0.00000}
[02/26 19:01:51][INFO] logging.py:   99: json_stats: {"_type": "train_iter_", "dt": 1.45491, "dt_data": 0.00040, "dt_net": 1.45450, "epoch": "48/48", "eta": "0:28:30", "gpu_mem": "77.43G", "grad_norm": 5.27887, "iter": "120/1296", "loss": 0.28151, "lr": 0.00000, "top1_err": 8.59375, "top5_err": 0.00000}
[02/26 19:02:08][INFO] logging.py:   99: json_stats: {"_type": "train_iter_", "dt": 1.45096, "dt_data": 0.00035, "dt_net": 1.45061, "epoch": "48/48", "eta": "0:28:11", "gpu_mem": "77.43G", "grad_norm": 2.42441, "iter": "130/1296", "loss": 0.28080, "lr": 0.00000, "top1_err": 7.81250, "top5_err": 0.00000}
[02/26 19:02:23][INFO] logging.py:   99: json_stats: {"_type": "train_iter_", "dt": 1.45257, "dt_data": 0.00039, "dt_net": 1.45218, "epoch": "48/48", "eta": "0:27:59", "gpu_mem": "77.43G", "grad_norm": 4.34839, "iter": "140/1296", "loss": 0.24556, "lr": 0.00000, "top1_err": 10.93750, "top5_err": 0.00000}
[02/26 19:02:45][INFO] logging.py:   99: json_stats: {"_type": "train_iter_", "dt": 1.44637, "dt_data": 0.00082, "dt_net": 1.44555, "epoch": "48/48", "eta": "0:27:37", "gpu_mem": "77.43G", "grad_norm": 3.06034, "iter": "150/1296", "loss": 0.21268, "lr": 0.00000, "top1_err": 7.81250, "top5_err": 0.00000}
[02/26 19:03:00][INFO] logging.py:   99: json_stats: {"_type": "train_iter_", "dt": 1.45890, "dt_data": 0.00082, "dt_net": 1.45808, "epoch": "48/48", "eta": "0:27:37", "gpu_mem": "77.43G", "grad_norm": 5.32523, "iter": "160/1296", "loss": 0.24341, "lr": 0.00000, "top1_err": 9.37500, "top5_err": 0.00000}
[02/26 19:03:17][INFO] logging.py:   99: json_stats: {"_type": "train_iter_", "dt": 1.45697, "dt_data": 0.00036, "dt_net": 1.45662, "epoch": "48/48", "eta": "0:27:20", "gpu_mem": "77.43G", "grad_norm": 4.04403, "iter": "170/1296", "loss": 0.24652, "lr": 0.00000, "top1_err": 8.59375, "top5_err": 0.00000}
[02/26 19:03:34][INFO] logging.py:   99: json_stats: {"_type": "train_iter_", "dt": 1.45767, "dt_data": 0.00035, "dt_net": 1.45732, "epoch": "48/48", "eta": "0:27:06", "gpu_mem": "77.43G", "grad_norm": 3.97690, "iter": "180/1296", "loss": 0.23260, "lr": 0.00000, "top1_err": 11.71875, "top5_err": 0.00000}
[02/26 19:03:53][INFO] logging.py:   99: json_stats: {"_type": "train_iter_", "dt": 1.45263, "dt_data": 0.00035, "dt_net": 1.45227, "epoch": "48/48", "eta": "0:26:46", "gpu_mem": "77.43G", "grad_norm": 3.58073, "iter": "190/1296", "loss": 0.29529, "lr": 0.00000, "top1_err": 10.15625, "top5_err": 0.00000}
[02/26 19:04:10][INFO] logging.py:   99: json_stats: {"_type": "train_iter_", "dt": 1.45535, "dt_data": 0.00094, "dt_net": 1.45440, "epoch": "48/48", "eta": "0:26:35", "gpu_mem": "77.43G", "grad_norm": 5.62396, "iter": "200/1296", "loss": 0.27993, "lr": 0.00000, "top1_err": 10.15625, "top5_err": 0.00000}
[02/26 19:04:29][INFO] logging.py:   99: json_stats: {"_type": "train_iter_", "dt": 1.44770, "dt_data": 0.00038, "dt_net": 1.44732, "epoch": "48/48", "eta": "0:26:12", "gpu_mem": "77.43G", "grad_norm": 3.78740, "iter": "210/1296", "loss": 0.27798, "lr": 0.00000, "top1_err": 11.71875, "top5_err": 0.00000}
[02/26 19:04:46][INFO] logging.py:   99: json_stats: {"_type": "train_iter_", "dt": 1.45604, "dt_data": 0.00133, "dt_net": 1.45471, "epoch": "48/48", "eta": "0:26:06", "gpu_mem": "77.43G", "grad_norm": 3.24741, "iter": "220/1296", "loss": 0.21914, "lr": 0.00000, "top1_err": 8.59375, "top5_err": 0.00000}
[02/26 19:05:07][INFO] logging.py:   99: json_stats: {"_type": "train_iter_", "dt": 1.45165, "dt_data": 0.00077, "dt_net": 1.45088, "epoch": "48/48", "eta": "0:25:47", "gpu_mem": "77.43G", "grad_norm": 5.63111, "iter": "230/1296", "loss": 0.28895, "lr": 0.00000, "top1_err": 10.93750, "top5_err": 0.00000}
[02/26 19:05:23][INFO] logging.py:   99: json_stats: {"_type": "train_iter_", "dt": 1.47291, "dt_data": 0.00080, "dt_net": 1.47210, "epoch": "48/48", "eta": "0:25:55", "gpu_mem": "77.43G", "grad_norm": 4.20641, "iter": "240/1296", "loss": 0.24239, "lr": 0.00000, "top1_err": 9.37500, "top5_err": 0.00000}
[02/26 19:05:39][INFO] logging.py:   99: json_stats: {"_type": "train_iter_", "dt": 1.45033, "dt_data": 0.00095, "dt_net": 1.44938, "epoch": "48/48", "eta": "0:25:17", "gpu_mem": "77.43G", "grad_norm": 4.65676, "iter": "250/1296", "loss": 0.24626, "lr": 0.00000, "top1_err": 7.81250, "top5_err": 0.78125}
[02/26 19:05:55][INFO] logging.py:   99: json_stats: {"_type": "train_iter_", "dt": 1.45974, "dt_data": 0.00081, "dt_net": 1.45892, "epoch": "48/48", "eta": "0:25:12", "gpu_mem": "77.43G", "grad_norm": 3.79813, "iter": "260/1296", "loss": 0.22906, "lr": 0.00000, "top1_err": 9.37500, "top5_err": 0.00000}
[02/26 19:06:10][INFO] logging.py:   99: json_stats: {"_type": "train_iter_", "dt": 1.45498, "dt_data": 0.00056, "dt_net": 1.45443, "epoch": "48/48", "eta": "0:24:52", "gpu_mem": "77.43G", "grad_norm": 3.64523, "iter": "270/1296", "loss": 0.24297, "lr": 0.00000, "top1_err": 7.81250, "top5_err": 0.00000}
[02/26 19:06:29][INFO] logging.py:   99: json_stats: {"_type": "train_iter_", "dt": 1.45318, "dt_data": 0.00054, "dt_net": 1.45264, "epoch": "48/48", "eta": "0:24:36", "gpu_mem": "77.43G", "grad_norm": 3.18510, "iter": "280/1296", "loss": 0.24676, "lr": 0.00000, "top1_err": 12.50000, "top5_err": 0.00000}
[02/26 19:06:46][INFO] logging.py:   99: json_stats: {"_type": "train_iter_", "dt": 1.45526, "dt_data": 0.00092, "dt_net": 1.45434, "epoch": "48/48", "eta": "0:24:23", "gpu_mem": "77.43G", "grad_norm": 3.19835, "iter": "290/1296", "loss": 0.26396, "lr": 0.00000, "top1_err": 7.03125, "top5_err": 0.00000}
[02/26 19:07:02][INFO] logging.py:   99: json_stats: {"_type": "train_iter_", "dt": 2.91306, "dt_data": 0.00050, "dt_net": 2.91255, "epoch": "48/48", "eta": "0:48:21", "gpu_mem": "77.43G", "grad_norm": 3.92232, "iter": "300/1296", "loss": 0.24202, "lr": 0.00000, "top1_err": 8.59375, "top5_err": 0.00000}
[02/26 19:07:23][INFO] logging.py:   99: json_stats: {"_type": "train_iter_", "dt": 1.45107, "dt_data": 0.00045, "dt_net": 1.45061, "epoch": "48/48", "eta": "0:23:50", "gpu_mem": "77.43G", "grad_norm": 4.30998, "iter": "310/1296", "loss": 0.30135, "lr": 0.00000, "top1_err": 11.71875, "top5_err": 0.00000}
[02/26 19:07:40][INFO] logging.py:   99: json_stats: {"_type": "train_iter_", "dt": 1.45493, "dt_data": 0.00042, "dt_net": 1.45451, "epoch": "48/48", "eta": "0:23:40", "gpu_mem": "77.43G", "grad_norm": 2.48608, "iter": "320/1296", "loss": 0.24634, "lr": 0.00000, "top1_err": 10.15625, "top5_err": 0.00000}
[02/26 19:07:58][INFO] logging.py:   99: json_stats: {"_type": "train_iter_", "dt": 1.45000, "dt_data": 0.00111, "dt_net": 1.44889, "epoch": "48/48", "eta": "0:23:20", "gpu_mem": "77.43G", "grad_norm": 3.01061, "iter": "330/1296", "loss": 0.28294, "lr": 0.00000, "top1_err": 10.93750, "top5_err": 0.00000}
[02/26 19:08:15][INFO] logging.py:   99: json_stats: {"_type": "train_iter_", "dt": 1.45923, "dt_data": 0.00036, "dt_net": 1.45887, "epoch": "48/48", "eta": "0:23:15", "gpu_mem": "77.43G", "grad_norm": 3.72917, "iter": "340/1296", "loss": 0.21738, "lr": 0.00000, "top1_err": 9.37500, "top5_err": 0.00000}
[02/26 19:08:35][INFO] logging.py:   99: json_stats: {"_type": "train_iter_", "dt": 1.45320, "dt_data": 0.00108, "dt_net": 1.45212, "epoch": "48/48", "eta": "0:22:54", "gpu_mem": "77.43G", "grad_norm": 3.01600, "iter": "350/1296", "loss": 0.18436, "lr": 0.00000, "top1_err": 6.25000, "top5_err": 0.00000}
[02/26 19:08:52][INFO] logging.py:   99: json_stats: {"_type": "train_iter_", "dt": 1.81219, "dt_data": 0.36196, "dt_net": 1.45022, "epoch": "48/48", "eta": "0:28:16", "gpu_mem": "77.43G", "grad_norm": 3.47000, "iter": "360/1296", "loss": 0.26264, "lr": 0.00000, "top1_err": 8.59375, "top5_err": 0.00000}
[02/26 19:09:11][INFO] logging.py:   99: json_stats: {"_type": "train_iter_", "dt": 1.44784, "dt_data": 0.00041, "dt_net": 1.44743, "epoch": "48/48", "eta": "0:22:20", "gpu_mem": "77.43G", "grad_norm": 4.00148, "iter": "370/1296", "loss": 0.23796, "lr": 0.00000, "top1_err": 7.03125, "top5_err": 0.00000}
[02/26 19:09:30][INFO] logging.py:   99: json_stats: {"_type": "train_iter_", "dt": 1.45123, "dt_data": 0.00043, "dt_net": 1.45079, "epoch": "48/48", "eta": "0:22:09", "gpu_mem": "77.43G", "grad_norm": 3.01136, "iter": "380/1296", "loss": 0.25725, "lr": 0.00000, "top1_err": 9.37500, "top5_err": 0.00000}
[02/26 19:09:48][INFO] logging.py:   99: json_stats: {"_type": "train_iter_", "dt": 1.45994, "dt_data": 0.00048, "dt_net": 1.45946, "epoch": "48/48", "eta": "0:22:02", "gpu_mem": "77.43G", "grad_norm": 3.94973, "iter": "390/1296", "loss": 0.23936, "lr": 0.00000, "top1_err": 8.59375, "top5_err": 0.00000}
[02/26 19:10:08][INFO] logging.py:   99: json_stats: {"_type": "train_iter_", "dt": 1.44175, "dt_data": 0.00040, "dt_net": 1.44135, "epoch": "48/48", "eta": "0:21:31", "gpu_mem": "77.43G", "grad_norm": 3.60801, "iter": "400/1296", "loss": 0.28690, "lr": 0.00000, "top1_err": 8.59375, "top5_err": 0.00000}
[02/26 19:10:23][INFO] logging.py:   99: json_stats: {"_type": "train_iter_", "dt": 1.46071, "dt_data": 0.00073, "dt_net": 1.45998, "epoch": "48/48", "eta": "0:21:34", "gpu_mem": "77.43G", "grad_norm": 4.55747, "iter": "410/1296", "loss": 0.30854, "lr": 0.00000, "top1_err": 11.71875, "top5_err": 0.00000}
[02/26 19:10:40][INFO] logging.py:   99: json_stats: {"_type": "train_iter_", "dt": 1.46132, "dt_data": 0.00037, "dt_net": 1.46095, "epoch": "48/48", "eta": "0:21:20", "gpu_mem": "77.43G", "grad_norm": 2.49472, "iter": "420/1296", "loss": 0.32532, "lr": 0.00000, "top1_err": 10.93750, "top5_err": 0.00000}
[02/26 19:10:58][INFO] logging.py:   99: json_stats: {"_type": "train_iter_", "dt": 1.44783, "dt_data": 0.00043, "dt_net": 1.44740, "epoch": "48/48", "eta": "0:20:53", "gpu_mem": "77.43G", "grad_norm": 3.76742, "iter": "430/1296", "loss": 0.17699, "lr": 0.00000, "top1_err": 7.03125, "top5_err": 0.00000}
[02/26 19:11:12][INFO] logging.py:   99: json_stats: {"_type": "train_iter_", "dt": 1.45742, "dt_data": 0.00052, "dt_net": 1.45690, "epoch": "48/48", "eta": "0:20:47", "gpu_mem": "77.43G", "grad_norm": 2.58806, "iter": "440/1296", "loss": 0.24740, "lr": 0.00000, "top1_err": 10.15625, "top5_err": 0.00000}
[02/26 19:11:29][INFO] logging.py:   99: json_stats: {"_type": "train_iter_", "dt": 1.45994, "dt_data": 0.00126, "dt_net": 1.45867, "epoch": "48/48", "eta": "0:20:35", "gpu_mem": "77.43G", "grad_norm": 3.06743, "iter": "450/1296", "loss": 0.26621, "lr": 0.00000, "top1_err": 10.93750, "top5_err": 0.00000}
[02/26 19:11:49][INFO] logging.py:   99: json_stats: {"_type": "train_iter_", "dt": 1.45282, "dt_data": 0.00035, "dt_net": 1.45247, "epoch": "48/48", "eta": "0:20:14", "gpu_mem": "77.43G", "grad_norm": 3.81558, "iter": "460/1296", "loss": 0.24438, "lr": 0.00000, "top1_err": 9.37500, "top5_err": 0.00000}
[02/26 19:12:08][INFO] logging.py:   99: json_stats: {"_type": "train_iter_", "dt": 1.47673, "dt_data": 0.00042, "dt_net": 1.47631, "epoch": "48/48", "eta": "0:20:19", "gpu_mem": "77.43G", "grad_norm": 3.90206, "iter": "470/1296", "loss": 0.32180, "lr": 0.00000, "top1_err": 10.15625, "top5_err": 0.00000}
[02/26 19:12:22][INFO] logging.py:   99: json_stats: {"_type": "train_iter_", "dt": 1.45907, "dt_data": 0.00084, "dt_net": 1.45823, "epoch": "48/48", "eta": "0:19:50", "gpu_mem": "77.43G", "grad_norm": 5.99090, "iter": "480/1296", "loss": 0.28834, "lr": 0.00000, "top1_err": 12.50000, "top5_err": 0.00000}
[02/26 19:12:43][INFO] logging.py:   99: json_stats: {"_type": "train_iter_", "dt": 1.45312, "dt_data": 0.00042, "dt_net": 1.45270, "epoch": "48/48", "eta": "0:19:31", "gpu_mem": "77.43G", "grad_norm": 3.16275, "iter": "490/1296", "loss": 0.25573, "lr": 0.00000, "top1_err": 9.37500, "top5_err": 0.00000}
[02/26 19:12:59][INFO] logging.py:   99: json_stats: {"_type": "train_iter_", "dt": 1.45651, "dt_data": 0.00035, "dt_net": 1.45615, "epoch": "48/48", "eta": "0:19:19", "gpu_mem": "77.43G", "grad_norm": 5.66731, "iter": "500/1296", "loss": 0.23473, "lr": 0.00000, "top1_err": 8.59375, "top5_err": 0.00000}
[02/26 19:13:18][INFO] logging.py:   99: json_stats: {"_type": "train_iter_", "dt": 1.46897, "dt_data": 0.00141, "dt_net": 1.46756, "epoch": "48/48", "eta": "0:19:14", "gpu_mem": "77.43G", "grad_norm": 5.07139, "iter": "510/1296", "loss": 0.26785, "lr": 0.00000, "top1_err": 9.37500, "top5_err": 0.00000}
[02/26 19:13:35][INFO] logging.py:   99: json_stats: {"_type": "train_iter_", "dt": 1.45215, "dt_data": 0.00049, "dt_net": 1.45166, "epoch": "48/48", "eta": "0:18:46", "gpu_mem": "77.43G", "grad_norm": 4.01620, "iter": "520/1296", "loss": 0.23016, "lr": 0.00000, "top1_err": 7.81250, "top5_err": 0.00000}
[02/26 19:13:50][INFO] logging.py:   99: json_stats: {"_type": "train_iter_", "dt": 1.47040, "dt_data": 0.00037, "dt_net": 1.47002, "epoch": "48/48", "eta": "0:18:46", "gpu_mem": "77.43G", "grad_norm": 3.45702, "iter": "530/1296", "loss": 0.24401, "lr": 0.00000, "top1_err": 10.93750, "top5_err": 0.00000}
[02/26 19:14:10][INFO] logging.py:   99: json_stats: {"_type": "train_iter_", "dt": 1.44609, "dt_data": 0.00048, "dt_net": 1.44560, "epoch": "48/48", "eta": "0:18:13", "gpu_mem": "77.43G", "grad_norm": 4.11171, "iter": "540/1296", "loss": 0.28784, "lr": 0.00000, "top1_err": 10.93750, "top5_err": 0.00000}
[02/26 19:14:30][INFO] logging.py:   99: json_stats: {"_type": "train_iter_", "dt": 3.41967, "dt_data": 1.97108, "dt_net": 1.44859, "epoch": "48/48", "eta": "0:42:31", "gpu_mem": "77.43G", "grad_norm": 3.03272, "iter": "550/1296", "loss": 0.21695, "lr": 0.00000, "top1_err": 7.81250, "top5_err": 0.00000}
[02/26 19:14:45][INFO] logging.py:   99: json_stats: {"_type": "train_iter_", "dt": 1.45833, "dt_data": 0.00082, "dt_net": 1.45751, "epoch": "48/48", "eta": "0:17:53", "gpu_mem": "77.43G", "grad_norm": 3.12844, "iter": "560/1296", "loss": 0.22051, "lr": 0.00000, "top1_err": 8.59375, "top5_err": 0.00000}
[02/26 19:15:02][INFO] logging.py:   99: json_stats: {"_type": "train_iter_", "dt": 1.45940, "dt_data": 0.00039, "dt_net": 1.45901, "epoch": "48/48", "eta": "0:17:39", "gpu_mem": "77.43G", "grad_norm": 3.10662, "iter": "570/1296", "loss": 0.26286, "lr": 0.00000, "top1_err": 10.15625, "top5_err": 0.00000}
[02/26 19:15:19][INFO] logging.py:   99: json_stats: {"_type": "train_iter_", "dt": 1.45630, "dt_data": 0.00040, "dt_net": 1.45590, "epoch": "48/48", "eta": "0:17:22", "gpu_mem": "77.43G", "grad_norm": 3.17361, "iter": "580/1296", "loss": 0.26618, "lr": 0.00000, "top1_err": 11.71875, "top5_err": 0.00000}
[02/26 19:15:36][INFO] logging.py:   99: json_stats: {"_type": "train_iter_", "dt": 1.45587, "dt_data": 0.00044, "dt_net": 1.45542, "epoch": "48/48", "eta": "0:17:07", "gpu_mem": "77.43G", "grad_norm": 2.78659, "iter": "590/1296", "loss": 0.24871, "lr": 0.00000, "top1_err": 8.59375, "top5_err": 0.00000}
[02/26 19:15:58][INFO] logging.py:   99: json_stats: {"_type": "train_iter_", "dt": 4.26906, "dt_data": 0.00054, "dt_net": 4.26852, "epoch": "48/48", "eta": "0:49:31", "gpu_mem": "77.43G", "grad_norm": 2.88382, "iter": "600/1296", "loss": 0.21444, "lr": 0.00000, "top1_err": 7.81250, "top5_err": 0.00000}
[02/26 19:16:15][INFO] logging.py:   99: json_stats: {"_type": "train_iter_", "dt": 1.44771, "dt_data": 0.00053, "dt_net": 1.44718, "epoch": "48/48", "eta": "0:16:33", "gpu_mem": "77.43G", "grad_norm": 5.38826, "iter": "610/1296", "loss": 0.24951, "lr": 0.00000, "top1_err": 7.81250, "top5_err": 0.00000}
[02/26 19:16:33][INFO] logging.py:   99: json_stats: {"_type": "train_iter_", "dt": 1.44711, "dt_data": 0.00043, "dt_net": 1.44668, "epoch": "48/48", "eta": "0:16:18", "gpu_mem": "77.43G", "grad_norm": 4.25509, "iter": "620/1296", "loss": 0.24780, "lr": 0.00000, "top1_err": 7.81250, "top5_err": 0.00000}
[02/26 19:16:48][INFO] logging.py:   99: json_stats: {"_type": "train_iter_", "dt": 1.45893, "dt_data": 0.00037, "dt_net": 1.45856, "epoch": "48/48", "eta": "0:16:11", "gpu_mem": "77.43G", "grad_norm": 2.95768, "iter": "630/1296", "loss": 0.25311, "lr": 0.00000, "top1_err": 10.93750, "top5_err": 0.00000}
[02/26 19:17:11][INFO] logging.py:   99: json_stats: {"_type": "train_iter_", "dt": 3.85504, "dt_data": 0.00061, "dt_net": 3.85443, "epoch": "48/48", "eta": "0:42:08", "gpu_mem": "77.43G", "grad_norm": 2.00230, "iter": "640/1296", "loss": 0.17752, "lr": 0.00000, "top1_err": 7.03125, "top5_err": 0.00000}
[02/26 19:17:28][INFO] logging.py:   99: json_stats: {"_type": "train_iter_", "dt": 1.44733, "dt_data": 0.00051, "dt_net": 1.44682, "epoch": "48/48", "eta": "0:15:34", "gpu_mem": "77.43G", "grad_norm": 4.04813, "iter": "650/1296", "loss": 0.22742, "lr": 0.00000, "top1_err": 7.81250, "top5_err": 0.00000}
[02/26 19:17:47][INFO] logging.py:   99: json_stats: {"_type": "train_iter_", "dt": 1.44622, "dt_data": 0.00055, "dt_net": 1.44567, "epoch": "48/48", "eta": "0:15:19", "gpu_mem": "77.43G", "grad_norm": 3.54446, "iter": "660/1296", "loss": 0.26933, "lr": 0.00000, "top1_err": 9.37500, "top5_err": 0.00000}
[02/26 19:18:06][INFO] logging.py:   99: json_stats: {"_type": "train_iter_", "dt": 1.44818, "dt_data": 0.00039, "dt_net": 1.44779, "epoch": "48/48", "eta": "0:15:06", "gpu_mem": "77.43G", "grad_norm": 3.48723, "iter": "670/1296", "loss": 0.22955, "lr": 0.00000, "top1_err": 8.59375, "top5_err": 0.00000}
[02/26 19:18:30][INFO] logging.py:   99: json_stats: {"_type": "train_iter_", "dt": 8.02722, "dt_data": 0.00037, "dt_net": 8.02685, "epoch": "48/48", "eta": "1:22:24", "gpu_mem": "77.43G", "grad_norm": 3.62030, "iter": "680/1296", "loss": 0.28340, "lr": 0.00000, "top1_err": 10.93750, "top5_err": 0.00000}
[02/26 19:18:51][INFO] logging.py:   99: json_stats: {"_type": "train_iter_", "dt": 1.45349, "dt_data": 0.00040, "dt_net": 1.45309, "epoch": "48/48", "eta": "0:14:40", "gpu_mem": "77.43G", "grad_norm": 3.67444, "iter": "690/1296", "loss": 0.22478, "lr": 0.00000, "top1_err": 9.37500, "top5_err": 0.00000}
[02/26 19:19:12][INFO] logging.py:   99: json_stats: {"_type": "train_iter_", "dt": 1.44308, "dt_data": 0.00039, "dt_net": 1.44270, "epoch": "48/48", "eta": "0:14:20", "gpu_mem": "77.43G", "grad_norm": 2.80514, "iter": "700/1296", "loss": 0.23750, "lr": 0.00000, "top1_err": 8.59375, "top5_err": 0.00000}
[02/26 19:19:31][INFO] logging.py:   99: json_stats: {"_type": "train_iter_", "dt": 1.44678, "dt_data": 0.00039, "dt_net": 1.44638, "epoch": "48/48", "eta": "0:14:07", "gpu_mem": "77.43G", "grad_norm": 3.72201, "iter": "710/1296", "loss": 0.28621, "lr": 0.00000, "top1_err": 11.71875, "top5_err": 0.00000}
[02/26 19:19:55][INFO] logging.py:   99: json_stats: {"_type": "train_iter_", "dt": 6.96351, "dt_data": 0.00038, "dt_net": 6.96313, "epoch": "48/48", "eta": "1:06:50", "gpu_mem": "77.43G", "grad_norm": 4.79385, "iter": "720/1296", "loss": 0.21221, "lr": 0.00000, "top1_err": 9.37500, "top5_err": 0.00000}
[02/26 19:20:11][INFO] logging.py:   99: json_stats: {"_type": "train_iter_", "dt": 1.45617, "dt_data": 0.00046, "dt_net": 1.45571, "epoch": "48/48", "eta": "0:13:44", "gpu_mem": "77.43G", "grad_norm": 7.02322, "iter": "730/1296", "loss": 0.30242, "lr": 0.00000, "top1_err": 9.37500, "top5_err": 0.00000}
[02/26 19:20:25][INFO] logging.py:   99: json_stats: {"_type": "train_iter_", "dt": 1.45553, "dt_data": 0.00040, "dt_net": 1.45513, "epoch": "48/48", "eta": "0:13:29", "gpu_mem": "77.43G", "grad_norm": 3.64169, "iter": "740/1296", "loss": 0.26114, "lr": 0.00000, "top1_err": 7.81250, "top5_err": 0.00000}
[02/26 19:20:44][INFO] logging.py:   99: json_stats: {"_type": "train_iter_", "dt": 1.45865, "dt_data": 0.00132, "dt_net": 1.45732, "epoch": "48/48", "eta": "0:13:16", "gpu_mem": "77.43G", "grad_norm": 3.87990, "iter": "750/1296", "loss": 0.20177, "lr": 0.00000, "top1_err": 7.03125, "top5_err": 0.00000}
[02/26 19:21:06][INFO] logging.py:   99: json_stats: {"_type": "train_iter_", "dt": 3.79338, "dt_data": 0.00045, "dt_net": 3.79293, "epoch": "48/48", "eta": "0:33:53", "gpu_mem": "77.43G", "grad_norm": 4.90816, "iter": "760/1296", "loss": 0.30135, "lr": 0.00000, "top1_err": 11.71875, "top5_err": 0.00000}
[02/26 19:21:22][INFO] logging.py:   99: json_stats: {"_type": "train_iter_", "dt": 1.46145, "dt_data": 0.00104, "dt_net": 1.46041, "epoch": "48/48", "eta": "0:12:48", "gpu_mem": "77.43G", "grad_norm": 4.54965, "iter": "770/1296", "loss": 0.21847, "lr": 0.00000, "top1_err": 7.81250, "top5_err": 0.00000}
[02/26 19:21:38][INFO] logging.py:   99: json_stats: {"_type": "train_iter_", "dt": 1.45463, "dt_data": 0.00046, "dt_net": 1.45416, "epoch": "48/48", "eta": "0:12:30", "gpu_mem": "77.43G", "grad_norm": 3.28344, "iter": "780/1296", "loss": 0.22618, "lr": 0.00000, "top1_err": 7.81250, "top5_err": 0.00000}
[02/26 19:21:52][INFO] logging.py:   99: json_stats: {"_type": "train_iter_", "dt": 1.45725, "dt_data": 0.00051, "dt_net": 1.45674, "epoch": "48/48", "eta": "0:12:17", "gpu_mem": "77.43G", "grad_norm": 4.56478, "iter": "790/1296", "loss": 0.28302, "lr": 0.00000, "top1_err": 10.93750, "top5_err": 0.00000}
[02/26 19:22:11][INFO] logging.py:   99: json_stats: {"_type": "train_iter_", "dt": 4.08191, "dt_data": 0.00047, "dt_net": 4.08145, "epoch": "48/48", "eta": "0:33:44", "gpu_mem": "77.43G", "grad_norm": 2.50978, "iter": "800/1296", "loss": 0.24981, "lr": 0.00000, "top1_err": 8.59375, "top5_err": 0.00000}
[02/26 19:22:30][INFO] logging.py:   99: json_stats: {"_type": "train_iter_", "dt": 1.44614, "dt_data": 0.00030, "dt_net": 1.44584, "epoch": "48/48", "eta": "0:11:42", "gpu_mem": "77.43G", "grad_norm": 2.37818, "iter": "810/1296", "loss": 0.30692, "lr": 0.00000, "top1_err": 8.59375, "top5_err": 0.00000}
[02/26 19:22:44][INFO] logging.py:   99: json_stats: {"_type": "train_iter_", "dt": 1.45782, "dt_data": 0.00043, "dt_net": 1.45739, "epoch": "48/48", "eta": "0:11:33", "gpu_mem": "77.43G", "grad_norm": 4.47425, "iter": "820/1296", "loss": 0.23473, "lr": 0.00000, "top1_err": 9.37500, "top5_err": 0.00000}
[02/26 19:22:59][INFO] logging.py:   99: json_stats: {"_type": "train_iter_", "dt": 1.45813, "dt_data": 0.00035, "dt_net": 1.45779, "epoch": "48/48", "eta": "0:11:19", "gpu_mem": "77.43G", "grad_norm": 2.86898, "iter": "830/1296", "loss": 0.17873, "lr": 0.00000, "top1_err": 7.03125, "top5_err": 0.00000}
[02/26 19:23:18][INFO] logging.py:   99: json_stats: {"_type": "train_iter_", "dt": 3.13655, "dt_data": 0.00035, "dt_net": 3.13617, "epoch": "48/48", "eta": "0:23:50", "gpu_mem": "77.43G", "grad_norm": 2.73147, "iter": "840/1296", "loss": 0.26207, "lr": 0.00000, "top1_err": 10.93750, "top5_err": 0.00000}
[02/26 19:23:34][INFO] logging.py:   99: json_stats: {"_type": "train_iter_", "dt": 1.45650, "dt_data": 0.00040, "dt_net": 1.45610, "epoch": "48/48", "eta": "0:10:49", "gpu_mem": "77.43G", "grad_norm": 3.23778, "iter": "850/1296", "loss": 0.37109, "lr": 0.00000, "top1_err": 12.50000, "top5_err": 0.00000}
[02/26 19:23:51][INFO] logging.py:   99: json_stats: {"_type": "train_iter_", "dt": 2.20360, "dt_data": 0.74373, "dt_net": 1.45986, "epoch": "48/48", "eta": "0:16:00", "gpu_mem": "77.43G", "grad_norm": 3.13306, "iter": "860/1296", "loss": 0.25413, "lr": 0.00000, "top1_err": 10.15625, "top5_err": 0.00000}
[02/26 19:24:08][INFO] logging.py:   99: json_stats: {"_type": "train_iter_", "dt": 1.45357, "dt_data": 0.00050, "dt_net": 1.45307, "epoch": "48/48", "eta": "0:10:19", "gpu_mem": "77.43G", "grad_norm": 3.74019, "iter": "870/1296", "loss": 0.30017, "lr": 0.00000, "top1_err": 10.93750, "top5_err": 0.00000}
[02/26 19:24:25][INFO] logging.py:   99: json_stats: {"_type": "train_iter_", "dt": 2.38629, "dt_data": 0.00043, "dt_net": 2.38585, "epoch": "48/48", "eta": "0:16:32", "gpu_mem": "77.43G", "grad_norm": 4.15454, "iter": "880/1296", "loss": 0.29208, "lr": 0.00000, "top1_err": 10.93750, "top5_err": 0.00000}
[02/26 19:24:46][INFO] logging.py:   99: json_stats: {"_type": "train_iter_", "dt": 3.64789, "dt_data": 0.00127, "dt_net": 3.64662, "epoch": "48/48", "eta": "0:24:41", "gpu_mem": "77.43G", "grad_norm": 3.30796, "iter": "890/1296", "loss": 0.23805, "lr": 0.00000, "top1_err": 7.81250, "top5_err": 0.00000}
[02/26 19:25:03][INFO] logging.py:   99: json_stats: {"_type": "train_iter_", "dt": 2.34769, "dt_data": 0.88812, "dt_net": 1.45957, "epoch": "48/48", "eta": "0:15:29", "gpu_mem": "77.43G", "grad_norm": 3.52105, "iter": "900/1296", "loss": 0.22397, "lr": 0.00000, "top1_err": 6.25000, "top5_err": 0.00000}
[02/26 19:25:20][INFO] logging.py:   99: json_stats: {"_type": "train_iter_", "dt": 1.45164, "dt_data": 0.00049, "dt_net": 1.45115, "epoch": "48/48", "eta": "0:09:20", "gpu_mem": "77.43G", "grad_norm": 2.23806, "iter": "910/1296", "loss": 0.25669, "lr": 0.00000, "top1_err": 9.37500, "top5_err": 0.00000}
[02/26 19:25:39][INFO] logging.py:   99: json_stats: {"_type": "train_iter_", "dt": 1.45275, "dt_data": 0.00060, "dt_net": 1.45215, "epoch": "48/48", "eta": "0:09:06", "gpu_mem": "77.43G", "grad_norm": 4.22082, "iter": "920/1296", "loss": 0.24584, "lr": 0.00000, "top1_err": 8.59375, "top5_err": 0.00000}
[02/26 19:25:56][INFO] logging.py:   99: json_stats: {"_type": "train_iter_", "dt": 1.45494, "dt_data": 0.00048, "dt_net": 1.45446, "epoch": "48/48", "eta": "0:08:52", "gpu_mem": "77.43G", "grad_norm": 4.07913, "iter": "930/1296", "loss": 0.27723, "lr": 0.00000, "top1_err": 12.50000, "top5_err": 0.00000}
[02/26 19:26:15][INFO] logging.py:   99: json_stats: {"_type": "train_iter_", "dt": 1.54325, "dt_data": 0.09335, "dt_net": 1.44990, "epoch": "48/48", "eta": "0:09:09", "gpu_mem": "77.43G", "grad_norm": 1.92284, "iter": "940/1296", "loss": 0.26677, "lr": 0.00000, "top1_err": 7.03125, "top5_err": 0.00000}
[02/26 19:26:33][INFO] logging.py:   99: json_stats: {"_type": "train_iter_", "dt": 1.45906, "dt_data": 0.00072, "dt_net": 1.45834, "epoch": "48/48", "eta": "0:08:24", "gpu_mem": "77.43G", "grad_norm": 3.96325, "iter": "950/1296", "loss": 0.25383, "lr": 0.00000, "top1_err": 9.37500, "top5_err": 0.00000}
[02/26 19:26:49][INFO] logging.py:   99: json_stats: {"_type": "train_iter_", "dt": 1.44973, "dt_data": 0.00037, "dt_net": 1.44936, "epoch": "48/48", "eta": "0:08:07", "gpu_mem": "77.43G", "grad_norm": 7.92180, "iter": "960/1296", "loss": 0.26249, "lr": 0.00000, "top1_err": 8.59375, "top5_err": 0.00000}
[02/26 19:27:06][INFO] logging.py:   99: json_stats: {"_type": "train_iter_", "dt": 1.46106, "dt_data": 0.00037, "dt_net": 1.46069, "epoch": "48/48", "eta": "0:07:56", "gpu_mem": "77.43G", "grad_norm": 4.94426, "iter": "970/1296", "loss": 0.30319, "lr": 0.00000, "top1_err": 10.93750, "top5_err": 0.00000}
[02/26 19:27:24][INFO] logging.py:   99: json_stats: {"_type": "train_iter_", "dt": 1.44954, "dt_data": 0.00036, "dt_net": 1.44916, "epoch": "48/48", "eta": "0:07:38", "gpu_mem": "77.43G", "grad_norm": 3.69527, "iter": "980/1296", "loss": 0.23256, "lr": 0.00000, "top1_err": 7.81250, "top5_err": 0.00000}
[02/26 19:27:39][INFO] logging.py:   99: json_stats: {"_type": "train_iter_", "dt": 1.46899, "dt_data": 0.00039, "dt_net": 1.46860, "epoch": "48/48", "eta": "0:07:29", "gpu_mem": "77.43G", "grad_norm": 3.22817, "iter": "990/1296", "loss": 0.23016, "lr": 0.00000, "top1_err": 8.59375, "top5_err": 0.00000}
[02/26 19:27:58][INFO] logging.py:   99: json_stats: {"_type": "train_iter_", "dt": 2.54524, "dt_data": 0.00043, "dt_net": 2.54480, "epoch": "48/48", "eta": "0:12:33", "gpu_mem": "77.43G", "grad_norm": 6.27118, "iter": "1000/1296", "loss": 0.23251, "lr": 0.00000, "top1_err": 8.59375, "top5_err": 0.00000}
[02/26 19:28:17][INFO] logging.py:   99: json_stats: {"_type": "train_iter_", "dt": 1.45029, "dt_data": 0.00043, "dt_net": 1.44985, "epoch": "48/48", "eta": "0:06:54", "gpu_mem": "77.43G", "grad_norm": 3.85555, "iter": "1010/1296", "loss": 0.25880, "lr": 0.00000, "top1_err": 9.37500, "top5_err": 0.00000}
[02/26 19:28:33][INFO] logging.py:   99: json_stats: {"_type": "train_iter_", "dt": 1.45000, "dt_data": 0.00048, "dt_net": 1.44951, "epoch": "48/48", "eta": "0:06:40", "gpu_mem": "77.43G", "grad_norm": 3.99953, "iter": "1020/1296", "loss": 0.28201, "lr": 0.00000, "top1_err": 10.93750, "top5_err": 0.00000}
[02/26 19:28:53][INFO] logging.py:   99: json_stats: {"_type": "train_iter_", "dt": 1.45891, "dt_data": 0.00036, "dt_net": 1.45855, "epoch": "48/48", "eta": "0:06:28", "gpu_mem": "77.43G", "grad_norm": 3.53560, "iter": "1030/1296", "loss": 0.25411, "lr": 0.00000, "top1_err": 8.59375, "top5_err": 0.00000}
[02/26 19:29:12][INFO] logging.py:   99: json_stats: {"_type": "train_iter_", "dt": 1.45303, "dt_data": 0.00037, "dt_net": 1.45265, "epoch": "48/48", "eta": "0:06:11", "gpu_mem": "77.43G", "grad_norm": 4.13251, "iter": "1040/1296", "loss": 0.27896, "lr": 0.00000, "top1_err": 9.37500, "top5_err": 0.00000}
[02/26 19:29:28][INFO] logging.py:   99: json_stats: {"_type": "train_iter_", "dt": 1.45919, "dt_data": 0.00066, "dt_net": 1.45853, "epoch": "48/48", "eta": "0:05:58", "gpu_mem": "77.43G", "grad_norm": 3.98859, "iter": "1050/1296", "loss": 0.29241, "lr": 0.00000, "top1_err": 9.37500, "top5_err": 0.00000}
[02/26 19:29:46][INFO] logging.py:   99: json_stats: {"_type": "train_iter_", "dt": 1.45394, "dt_data": 0.00051, "dt_net": 1.45342, "epoch": "48/48", "eta": "0:05:43", "gpu_mem": "77.43G", "grad_norm": 3.91320, "iter": "1060/1296", "loss": 0.24083, "lr": 0.00000, "top1_err": 9.37500, "top5_err": 0.00000}
[02/26 19:30:00][INFO] logging.py:   99: json_stats: {"_type": "train_iter_", "dt": 1.45703, "dt_data": 0.00043, "dt_net": 1.45660, "epoch": "48/48", "eta": "0:05:29", "gpu_mem": "77.43G", "grad_norm": 5.43771, "iter": "1070/1296", "loss": 0.30061, "lr": 0.00000, "top1_err": 9.37500, "top5_err": 0.00000}
[02/26 19:30:19][INFO] logging.py:   99: json_stats: {"_type": "train_iter_", "dt": 1.45294, "dt_data": 0.00063, "dt_net": 1.45231, "epoch": "48/48", "eta": "0:05:13", "gpu_mem": "77.43G", "grad_norm": 2.62013, "iter": "1080/1296", "loss": 0.21421, "lr": 0.00000, "top1_err": 7.03125, "top5_err": 0.00000}
[02/26 19:30:35][INFO] logging.py:   99: json_stats: {"_type": "train_iter_", "dt": 1.45833, "dt_data": 0.00039, "dt_net": 1.45794, "epoch": "48/48", "eta": "0:05:00", "gpu_mem": "77.43G", "grad_norm": 3.60775, "iter": "1090/1296", "loss": 0.26621, "lr": 0.00000, "top1_err": 10.93750, "top5_err": 0.00000}
[02/26 19:30:57][INFO] logging.py:   99: json_stats: {"_type": "train_iter_", "dt": 1.45405, "dt_data": 0.00038, "dt_net": 1.45367, "epoch": "48/48", "eta": "0:04:44", "gpu_mem": "77.43G", "grad_norm": 4.19512, "iter": "1100/1296", "loss": 0.27660, "lr": 0.00000, "top1_err": 10.15625, "top5_err": 0.00000}
[02/26 19:31:13][INFO] logging.py:   99: json_stats: {"_type": "train_iter_", "dt": 1.45955, "dt_data": 0.00039, "dt_net": 1.45916, "epoch": "48/48", "eta": "0:04:31", "gpu_mem": "77.43G", "grad_norm": 3.73973, "iter": "1110/1296", "loss": 0.23347, "lr": 0.00000, "top1_err": 9.37500, "top5_err": 0.00000}
[02/26 19:31:33][INFO] logging.py:   99: json_stats: {"_type": "train_iter_", "dt": 1.44755, "dt_data": 0.00047, "dt_net": 1.44708, "epoch": "48/48", "eta": "0:04:14", "gpu_mem": "77.43G", "grad_norm": 4.09538, "iter": "1120/1296", "loss": 0.27633, "lr": 0.00000, "top1_err": 9.37500, "top5_err": 0.00000}
[02/26 19:31:50][INFO] logging.py:   99: json_stats: {"_type": "train_iter_", "dt": 1.45305, "dt_data": 0.00036, "dt_net": 1.45269, "epoch": "48/48", "eta": "0:04:01", "gpu_mem": "77.43G", "grad_norm": 2.80913, "iter": "1130/1296", "loss": 0.27928, "lr": 0.00000, "top1_err": 10.93750, "top5_err": 0.00000}
[02/26 19:32:10][INFO] logging.py:   99: json_stats: {"_type": "train_iter_", "dt": 1.45477, "dt_data": 0.00049, "dt_net": 1.45428, "epoch": "48/48", "eta": "0:03:46", "gpu_mem": "77.43G", "grad_norm": 1.39477, "iter": "1140/1296", "loss": 0.19675, "lr": 0.00000, "top1_err": 7.81250, "top5_err": 0.00000}
[02/26 19:32:29][INFO] logging.py:   99: json_stats: {"_type": "train_iter_", "dt": 1.44786, "dt_data": 0.00039, "dt_net": 1.44746, "epoch": "48/48", "eta": "0:03:31", "gpu_mem": "77.43G", "grad_norm": 2.07030, "iter": "1150/1296", "loss": 0.21432, "lr": 0.00000, "top1_err": 7.81250, "top5_err": 0.00000}
[02/26 19:32:46][INFO] logging.py:   99: json_stats: {"_type": "train_iter_", "dt": 1.45524, "dt_data": 0.00055, "dt_net": 1.45469, "epoch": "48/48", "eta": "0:03:17", "gpu_mem": "77.43G", "grad_norm": 4.13135, "iter": "1160/1296", "loss": 0.27970, "lr": 0.00000, "top1_err": 9.37500, "top5_err": 0.00000}
[02/26 19:33:04][INFO] logging.py:   99: json_stats: {"_type": "train_iter_", "dt": 1.45528, "dt_data": 0.00040, "dt_net": 1.45488, "epoch": "48/48", "eta": "0:03:03", "gpu_mem": "77.43G", "grad_norm": 2.45402, "iter": "1170/1296", "loss": 0.22881, "lr": 0.00000, "top1_err": 9.37500, "top5_err": 0.00000}
[02/26 19:33:29][INFO] logging.py:   99: json_stats: {"_type": "train_iter_", "dt": 1.43948, "dt_data": 0.00040, "dt_net": 1.43909, "epoch": "48/48", "eta": "0:02:46", "gpu_mem": "77.43G", "grad_norm": 3.42446, "iter": "1180/1296", "loss": 0.20269, "lr": 0.00000, "top1_err": 7.03125, "top5_err": 0.00000}
[02/26 19:33:44][INFO] logging.py:   99: json_stats: {"_type": "train_iter_", "dt": 1.45176, "dt_data": 0.00053, "dt_net": 1.45123, "epoch": "48/48", "eta": "0:02:33", "gpu_mem": "77.43G", "grad_norm": 4.56758, "iter": "1190/1296", "loss": 0.21781, "lr": 0.00000, "top1_err": 8.59375, "top5_err": 0.00000}
[02/26 19:34:00][INFO] logging.py:   99: json_stats: {"_type": "train_iter_", "dt": 1.46831, "dt_data": 0.00052, "dt_net": 1.46778, "epoch": "48/48", "eta": "0:02:20", "gpu_mem": "77.43G", "grad_norm": 4.62055, "iter": "1200/1296", "loss": 0.21090, "lr": 0.00000, "top1_err": 7.81250, "top5_err": 0.00000}
[02/26 19:34:16][INFO] logging.py:   99: json_stats: {"_type": "train_iter_", "dt": 1.45863, "dt_data": 0.00086, "dt_net": 1.45777, "epoch": "48/48", "eta": "0:02:05", "gpu_mem": "77.43G", "grad_norm": 4.40052, "iter": "1210/1296", "loss": 0.22863, "lr": 0.00000, "top1_err": 8.59375, "top5_err": 0.00000}
[02/26 19:34:32][INFO] logging.py:   99: json_stats: {"_type": "train_iter_", "dt": 1.46311, "dt_data": 0.00041, "dt_net": 1.46270, "epoch": "48/48", "eta": "0:01:51", "gpu_mem": "77.43G", "grad_norm": 2.86319, "iter": "1220/1296", "loss": 0.24631, "lr": 0.00000, "top1_err": 10.15625, "top5_err": 0.00000}
[02/26 19:34:50][INFO] logging.py:   99: json_stats: {"_type": "train_iter_", "dt": 1.45422, "dt_data": 0.00039, "dt_net": 1.45383, "epoch": "48/48", "eta": "0:01:35", "gpu_mem": "77.43G", "grad_norm": 2.80007, "iter": "1230/1296", "loss": 0.26443, "lr": 0.00000, "top1_err": 8.59375, "top5_err": 0.00000}
[02/26 19:35:10][INFO] logging.py:   99: json_stats: {"_type": "train_iter_", "dt": 1.45698, "dt_data": 0.00072, "dt_net": 1.45626, "epoch": "48/48", "eta": "0:01:21", "gpu_mem": "77.43G", "grad_norm": 3.78337, "iter": "1240/1296", "loss": 0.34077, "lr": 0.00000, "top1_err": 10.15625, "top5_err": 0.00000}
[02/26 19:35:28][INFO] logging.py:   99: json_stats: {"_type": "train_iter_", "dt": 1.45206, "dt_data": 0.00098, "dt_net": 1.45109, "epoch": "48/48", "eta": "0:01:06", "gpu_mem": "77.43G", "grad_norm": 4.55253, "iter": "1250/1296", "loss": 0.21267, "lr": 0.00000, "top1_err": 8.59375, "top5_err": 0.00000}
[02/26 19:35:47][INFO] logging.py:   99: json_stats: {"_type": "train_iter_", "dt": 1.45606, "dt_data": 0.00063, "dt_net": 1.45542, "epoch": "48/48", "eta": "0:00:52", "gpu_mem": "77.43G", "grad_norm": 4.11082, "iter": "1260/1296", "loss": 0.27099, "lr": 0.00000, "top1_err": 9.37500, "top5_err": 0.00000}
[02/26 19:36:07][INFO] logging.py:   99: json_stats: {"_type": "train_iter_", "dt": 1.45157, "dt_data": 0.00118, "dt_net": 1.45039, "epoch": "48/48", "eta": "0:00:37", "gpu_mem": "77.43G", "grad_norm": 3.67939, "iter": "1270/1296", "loss": 0.26612, "lr": 0.00000, "top1_err": 8.59375, "top5_err": 0.00000}
[02/26 19:36:23][INFO] logging.py:   99: json_stats: {"_type": "train_iter_", "dt": 1.45550, "dt_data": 0.00142, "dt_net": 1.45407, "epoch": "48/48", "eta": "0:00:23", "gpu_mem": "77.43G", "grad_norm": 3.42135, "iter": "1280/1296", "loss": 0.21190, "lr": 0.00000, "top1_err": 6.25000, "top5_err": 0.00000}
[02/26 19:36:38][INFO] logging.py:   99: json_stats: {"_type": "train_iter_", "dt": 1.41794, "dt_data": 0.00021, "dt_net": 1.41773, "epoch": "48/48", "eta": "0:00:08", "gpu_mem": "77.43G", "grad_norm": 5.22067, "iter": "1290/1296", "loss": 0.23928, "lr": 0.00000, "top1_err": 9.37500, "top5_err": 0.00000}
[02/26 19:36:49][INFO] logging.py:   99: json_stats: {"RAM": "274.22/856.58G", "_type": "train_epoch", "dt": 1.17208, "dt_data": 1.17208, "dt_net": 2.55851, "epoch": "48/48", "eta": "0:00:00", "gpu_mem": "77.43G", "grad_norm": 1.95162, "loss": 0.25994, "lr": 0.00000, "top1_err": 9.29784, "top5_err": 0.24474}
[02/26 19:36:49][INFO] train_net.py: 1072: Epoch 47 takes 2360.40s. Epochs from 40 to 47 take 2346.85s in average and 2358.70s in median.
[02/26 19:36:49][INFO] train_net.py: 1078: For epoch 47, each iteraction takes 1.82s in average. From epoch 40 to 47, each iteraction takes 1.81s in average.
[02/26 19:37:58][INFO] logging.py:   99: json_stats: {"_type": "val_iter", "epoch": "48/48", "eta": "0:05:44", "gpu_mem": "77.43G", "iter": "10/853", "time_diff": 0.40908, "top1_err": 25.00000, "top5_err": 4.68750}
[02/26 19:38:16][INFO] logging.py:   99: json_stats: {"_type": "val_iter", "epoch": "48/48", "eta": "0:05:46", "gpu_mem": "77.43G", "iter": "20/853", "time_diff": 0.41607, "top1_err": 28.90625, "top5_err": 3.12500}
[02/26 19:38:33][INFO] logging.py:   99: json_stats: {"_type": "val_iter", "epoch": "48/48", "eta": "0:05:43", "gpu_mem": "77.43G", "iter": "30/853", "time_diff": 0.41748, "top1_err": 23.43750, "top5_err": 1.56250}
[02/26 19:38:49][INFO] logging.py:   99: json_stats: {"_type": "val_iter", "epoch": "48/48", "eta": "0:05:50", "gpu_mem": "77.43G", "iter": "40/853", "time_diff": 0.43102, "top1_err": 24.21875, "top5_err": 3.12500}
[02/26 19:39:17][INFO] logging.py:   99: json_stats: {"_type": "val_iter", "epoch": "48/48", "eta": "0:05:30", "gpu_mem": "77.43G", "iter": "50/853", "time_diff": 0.41220, "top1_err": 24.21875, "top5_err": 3.12500}
[02/26 19:39:38][INFO] logging.py:   99: json_stats: {"_type": "val_iter", "epoch": "48/48", "eta": "0:05:30", "gpu_mem": "77.43G", "iter": "60/853", "time_diff": 0.41646, "top1_err": 25.78125, "top5_err": 4.68750}
[02/26 19:39:54][INFO] logging.py:   99: json_stats: {"_type": "val_iter", "epoch": "48/48", "eta": "0:05:25", "gpu_mem": "77.43G", "iter": "70/853", "time_diff": 0.41621, "top1_err": 28.12500, "top5_err": 4.68750}
[02/26 19:40:10][INFO] logging.py:   99: json_stats: {"_type": "val_iter", "epoch": "48/48", "eta": "0:05:29", "gpu_mem": "77.43G", "iter": "80/853", "time_diff": 0.42564, "top1_err": 26.56250, "top5_err": 4.68750}
[02/26 19:40:37][INFO] logging.py:   99: json_stats: {"_type": "val_iter", "epoch": "48/48", "eta": "0:05:15", "gpu_mem": "77.43G", "iter": "90/853", "time_diff": 0.41361, "top1_err": 23.43750, "top5_err": 4.68750}
[02/26 19:40:56][INFO] logging.py:   99: json_stats: {"_type": "val_iter", "epoch": "48/48", "eta": "0:05:10", "gpu_mem": "77.43G", "iter": "100/853", "time_diff": 0.41194, "top1_err": 27.34375, "top5_err": 3.90625}
[02/26 19:41:09][INFO] logging.py:   99: json_stats: {"_type": "val_iter", "epoch": "48/48", "eta": "0:05:15", "gpu_mem": "77.43G", "iter": "110/853", "time_diff": 0.42469, "top1_err": 24.21875, "top5_err": 3.12500}
[02/26 19:41:25][INFO] logging.py:   99: json_stats: {"_type": "val_iter", "epoch": "48/48", "eta": "0:05:10", "gpu_mem": "77.43G", "iter": "120/853", "time_diff": 0.42375, "top1_err": 21.87500, "top5_err": 3.90625}
[02/26 19:41:57][INFO] logging.py:   99: json_stats: {"_type": "val_iter", "epoch": "48/48", "eta": "0:04:51", "gpu_mem": "77.43G", "iter": "130/853", "time_diff": 0.40254, "top1_err": 21.87500, "top5_err": 3.90625}
[02/26 19:42:14][INFO] logging.py:   99: json_stats: {"_type": "val_iter", "epoch": "48/48", "eta": "0:04:54", "gpu_mem": "77.43G", "iter": "140/853", "time_diff": 0.41317, "top1_err": 25.78125, "top5_err": 1.56250}
[02/26 19:42:27][INFO] logging.py:   99: json_stats: {"_type": "val_iter", "epoch": "48/48", "eta": "0:04:57", "gpu_mem": "77.43G", "iter": "150/853", "time_diff": 0.42356, "top1_err": 24.21875, "top5_err": 3.90625}
[02/26 19:42:41][INFO] logging.py:   99: json_stats: {"_type": "val_iter", "epoch": "48/48", "eta": "0:04:50", "gpu_mem": "77.43G", "iter": "160/853", "time_diff": 0.41920, "top1_err": 24.21875, "top5_err": 3.12500}
[02/26 19:43:10][INFO] logging.py:   99: json_stats: {"_type": "val_iter", "epoch": "48/48", "eta": "0:04:44", "gpu_mem": "77.43G", "iter": "170/853", "time_diff": 0.41594, "top1_err": 23.43750, "top5_err": 2.34375}
[02/26 19:43:26][INFO] logging.py:   99: json_stats: {"_type": "val_iter", "epoch": "48/48", "eta": "0:04:40", "gpu_mem": "77.43G", "iter": "180/853", "time_diff": 0.41672, "top1_err": 24.21875, "top5_err": 3.90625}
[02/26 19:43:44][INFO] logging.py:   99: json_stats: {"_type": "val_iter", "epoch": "48/48", "eta": "0:04:39", "gpu_mem": "77.43G", "iter": "190/853", "time_diff": 0.42188, "top1_err": 24.21875, "top5_err": 2.34375}
[02/26 19:44:01][INFO] logging.py:   99: json_stats: {"_type": "val_iter", "epoch": "48/48", "eta": "0:04:33", "gpu_mem": "77.43G", "iter": "200/853", "time_diff": 0.41953, "top1_err": 26.56250, "top5_err": 3.90625}
[02/26 19:44:23][INFO] logging.py:   99: json_stats: {"_type": "val_iter", "epoch": "48/48", "eta": "0:04:26", "gpu_mem": "77.43G", "iter": "210/853", "time_diff": 0.41516, "top1_err": 26.56250, "top5_err": 3.12500}
[02/26 19:44:45][INFO] logging.py:   99: json_stats: {"_type": "val_iter", "epoch": "48/48", "eta": "0:04:22", "gpu_mem": "77.43G", "iter": "220/853", "time_diff": 0.41496, "top1_err": 21.09375, "top5_err": 3.12500}
[02/26 19:45:00][INFO] logging.py:   99: json_stats: {"_type": "val_iter", "epoch": "48/48", "eta": "0:04:23", "gpu_mem": "77.43G", "iter": "230/853", "time_diff": 0.42314, "top1_err": 25.78125, "top5_err": 4.68750}
[02/26 19:45:18][INFO] logging.py:   99: json_stats: {"_type": "val_iter", "epoch": "48/48", "eta": "0:04:19", "gpu_mem": "77.43G", "iter": "240/853", "time_diff": 0.42393, "top1_err": 25.00000, "top5_err": 4.68750}
[02/26 19:45:40][INFO] logging.py:   99: json_stats: {"_type": "val_iter", "epoch": "48/48", "eta": "0:40:26", "gpu_mem": "77.43G", "iter": "250/853", "time_diff": 4.02405, "top1_err": 23.43750, "top5_err": 3.12500}
[02/26 19:45:59][INFO] logging.py:   99: json_stats: {"_type": "val_iter", "epoch": "48/48", "eta": "0:04:04", "gpu_mem": "77.43G", "iter": "260/853", "time_diff": 0.41172, "top1_err": 24.21875, "top5_err": 3.90625}
[02/26 19:46:12][INFO] logging.py:   99: json_stats: {"_type": "val_iter", "epoch": "48/48", "eta": "0:04:06", "gpu_mem": "77.43G", "iter": "270/853", "time_diff": 0.42199, "top1_err": 23.43750, "top5_err": 3.90625}
[02/26 19:46:36][INFO] logging.py:   99: json_stats: {"_type": "val_iter", "epoch": "48/48", "eta": "0:57:03", "gpu_mem": "77.43G", "iter": "280/853", "time_diff": 5.97441, "top1_err": 25.78125, "top5_err": 4.68750}
[02/26 19:46:53][INFO] logging.py:   99: json_stats: {"_type": "val_iter", "epoch": "48/48", "eta": "0:03:54", "gpu_mem": "77.43G", "iter": "290/853", "time_diff": 0.41694, "top1_err": 24.21875, "top5_err": 3.12500}
[02/26 19:47:12][INFO] logging.py:   99: json_stats: {"_type": "val_iter", "epoch": "48/48", "eta": "0:03:49", "gpu_mem": "77.43G", "iter": "300/853", "time_diff": 0.41551, "top1_err": 22.65625, "top5_err": 3.90625}
[02/26 19:47:31][INFO] logging.py:   99: json_stats: {"_type": "val_iter", "epoch": "48/48", "eta": "0:03:47", "gpu_mem": "77.43G", "iter": "310/853", "time_diff": 0.41855, "top1_err": 18.75000, "top5_err": 4.68750}
[02/26 19:47:55][INFO] logging.py:   99: json_stats: {"_type": "val_iter", "epoch": "48/48", "eta": "1:14:13", "gpu_mem": "77.43G", "iter": "320/853", "time_diff": 8.35612, "top1_err": 24.21875, "top5_err": 3.12500}
[02/26 19:48:09][INFO] logging.py:   99: json_stats: {"_type": "val_iter", "epoch": "48/48", "eta": "0:03:41", "gpu_mem": "77.43G", "iter": "330/853", "time_diff": 0.42260, "top1_err": 23.43750, "top5_err": 3.12500}
[02/26 19:48:32][INFO] logging.py:   99: json_stats: {"_type": "val_iter", "epoch": "48/48", "eta": "0:36:36", "gpu_mem": "77.43G", "iter": "340/853", "time_diff": 4.28157, "top1_err": 23.43750, "top5_err": 2.34375}
[02/26 19:48:46][INFO] logging.py:   99: json_stats: {"_type": "val_iter", "epoch": "48/48", "eta": "0:03:28", "gpu_mem": "77.43G", "iter": "350/853", "time_diff": 0.41385, "top1_err": 22.65625, "top5_err": 2.34375}
[02/26 19:49:07][INFO] logging.py:   99: json_stats: {"_type": "val_iter", "epoch": "48/48", "eta": "0:50:32", "gpu_mem": "77.43G", "iter": "360/853", "time_diff": 6.15080, "top1_err": 25.78125, "top5_err": 3.90625}
[02/26 19:49:22][INFO] logging.py:   99: json_stats: {"_type": "val_iter", "epoch": "48/48", "eta": "0:03:21", "gpu_mem": "77.43G", "iter": "370/853", "time_diff": 0.41817, "top1_err": 25.78125, "top5_err": 3.12500}
[02/26 19:49:50][INFO] logging.py:   99: json_stats: {"_type": "val_iter", "epoch": "48/48", "eta": "0:03:10", "gpu_mem": "77.43G", "iter": "380/853", "time_diff": 0.40363, "top1_err": 23.43750, "top5_err": 3.12500}
[02/26 19:50:04][INFO] logging.py:   99: json_stats: {"_type": "val_iter", "epoch": "48/48", "eta": "0:03:14", "gpu_mem": "77.43G", "iter": "390/853", "time_diff": 0.42111, "top1_err": 25.00000, "top5_err": 3.12500}
[02/26 19:50:23][INFO] logging.py:   99: json_stats: {"_type": "val_iter", "epoch": "48/48", "eta": "0:24:27", "gpu_mem": "77.43G", "iter": "400/853", "time_diff": 3.23858, "top1_err": 24.21875, "top5_err": 1.56250}
[02/26 19:50:40][INFO] logging.py:   99: json_stats: {"_type": "val_iter", "epoch": "48/48", "eta": "0:03:07", "gpu_mem": "77.43G", "iter": "410/853", "time_diff": 0.42235, "top1_err": 26.56250, "top5_err": 3.12500}
[02/26 19:51:02][INFO] logging.py:   99: json_stats: {"_type": "val_iter", "epoch": "48/48", "eta": "0:02:59", "gpu_mem": "77.43G", "iter": "420/853", "time_diff": 0.41535, "top1_err": 25.00000, "top5_err": 3.12500}
[02/26 19:51:26][INFO] logging.py:   99: json_stats: {"_type": "val_iter", "epoch": "48/48", "eta": "0:02:52", "gpu_mem": "77.43G", "iter": "430/853", "time_diff": 0.40727, "top1_err": 24.21875, "top5_err": 2.34375}
[02/26 19:51:45][INFO] logging.py:   99: json_stats: {"_type": "val_iter", "epoch": "48/48", "eta": "0:13:29", "gpu_mem": "77.43G", "iter": "440/853", "time_diff": 1.95963, "top1_err": 25.00000, "top5_err": 3.90625}
[02/26 19:52:00][INFO] logging.py:   99: json_stats: {"_type": "val_iter", "epoch": "48/48", "eta": "0:02:48", "gpu_mem": "77.43G", "iter": "450/853", "time_diff": 0.41882, "top1_err": 20.31250, "top5_err": 2.34375}
[02/26 19:52:15][INFO] logging.py:   99: json_stats: {"_type": "val_iter", "epoch": "48/48", "eta": "0:02:43", "gpu_mem": "77.43G", "iter": "460/853", "time_diff": 0.41507, "top1_err": 21.87500, "top5_err": 3.90625}
[02/26 19:52:42][INFO] logging.py:   99: json_stats: {"_type": "val_iter", "epoch": "48/48", "eta": "0:02:36", "gpu_mem": "77.43G", "iter": "470/853", "time_diff": 0.40845, "top1_err": 23.43750, "top5_err": 1.56250}
[02/26 19:52:56][INFO] logging.py:   99: json_stats: {"_type": "val_iter", "epoch": "48/48", "eta": "0:02:39", "gpu_mem": "77.43G", "iter": "480/853", "time_diff": 0.42640, "top1_err": 21.87500, "top5_err": 3.90625}
[02/26 19:53:15][INFO] logging.py:   99: json_stats: {"_type": "val_iter", "epoch": "48/48", "eta": "0:02:32", "gpu_mem": "77.43G", "iter": "490/853", "time_diff": 0.42015, "top1_err": 21.87500, "top5_err": 4.68750}
[02/26 19:53:33][INFO] logging.py:   99: json_stats: {"_type": "val_iter", "epoch": "48/48", "eta": "0:09:37", "gpu_mem": "77.43G", "iter": "500/853", "time_diff": 1.63702, "top1_err": 25.78125, "top5_err": 4.68750}
[02/26 19:54:01][INFO] logging.py:   99: json_stats: {"_type": "val_iter", "epoch": "48/48", "eta": "0:02:16", "gpu_mem": "77.43G", "iter": "510/853", "time_diff": 0.39800, "top1_err": 23.43750, "top5_err": 3.90625}
[02/26 19:54:18][INFO] logging.py:   99: json_stats: {"_type": "val_iter", "epoch": "48/48", "eta": "0:02:19", "gpu_mem": "77.43G", "iter": "520/853", "time_diff": 0.42040, "top1_err": 26.56250, "top5_err": 2.34375}
[02/26 19:54:34][INFO] logging.py:   99: json_stats: {"_type": "val_iter", "epoch": "48/48", "eta": "0:02:17", "gpu_mem": "77.43G", "iter": "530/853", "time_diff": 0.42424, "top1_err": 21.09375, "top5_err": 3.12500}
[02/26 19:54:49][INFO] logging.py:   99: json_stats: {"_type": "val_iter", "epoch": "48/48", "eta": "0:02:10", "gpu_mem": "77.43G", "iter": "540/853", "time_diff": 0.41851, "top1_err": 28.12500, "top5_err": 3.12500}
[02/26 19:55:15][INFO] logging.py:   99: json_stats: {"_type": "val_iter", "epoch": "48/48", "eta": "0:02:04", "gpu_mem": "77.43G", "iter": "550/853", "time_diff": 0.41242, "top1_err": 21.87500, "top5_err": 5.46875}
[02/26 19:55:31][INFO] logging.py:   99: json_stats: {"_type": "val_iter", "epoch": "48/48", "eta": "0:13:14", "gpu_mem": "77.43G", "iter": "560/853", "time_diff": 2.71306, "top1_err": 21.87500, "top5_err": 1.56250}
[02/26 19:55:49][INFO] logging.py:   99: json_stats: {"_type": "val_iter", "epoch": "48/48", "eta": "0:01:57", "gpu_mem": "77.43G", "iter": "570/853", "time_diff": 0.41599, "top1_err": 23.43750, "top5_err": 5.46875}
[02/26 19:56:10][INFO] logging.py:   99: json_stats: {"_type": "val_iter", "epoch": "48/48", "eta": "0:01:52", "gpu_mem": "77.43G", "iter": "580/853", "time_diff": 0.41159, "top1_err": 25.00000, "top5_err": 4.68750}
[02/26 19:56:33][INFO] logging.py:   99: json_stats: {"_type": "val_iter", "epoch": "48/48", "eta": "0:01:47", "gpu_mem": "77.43G", "iter": "590/853", "time_diff": 0.40814, "top1_err": 24.21875, "top5_err": 1.56250}
[02/26 19:56:52][INFO] logging.py:   99: json_stats: {"_type": "val_iter", "epoch": "48/48", "eta": "0:11:27", "gpu_mem": "77.43G", "iter": "600/853", "time_diff": 2.71730, "top1_err": 20.31250, "top5_err": 3.12500}
[02/26 19:57:09][INFO] logging.py:   99: json_stats: {"_type": "val_iter", "epoch": "48/48", "eta": "0:01:43", "gpu_mem": "77.43G", "iter": "610/853", "time_diff": 0.42616, "top1_err": 24.21875, "top5_err": 4.68750}
[02/26 19:57:28][INFO] logging.py:   99: json_stats: {"_type": "val_iter", "epoch": "48/48", "eta": "0:01:36", "gpu_mem": "77.43G", "iter": "620/853", "time_diff": 0.41303, "top1_err": 24.21875, "top5_err": 1.56250}
[02/26 19:57:55][INFO] logging.py:   99: json_stats: {"_type": "val_iter", "epoch": "48/48", "eta": "0:01:29", "gpu_mem": "77.43G", "iter": "630/853", "time_diff": 0.40322, "top1_err": 24.21875, "top5_err": 3.90625}
[02/26 19:58:08][INFO] logging.py:   99: json_stats: {"_type": "val_iter", "epoch": "48/48", "eta": "0:01:29", "gpu_mem": "77.43G", "iter": "640/853", "time_diff": 0.42172, "top1_err": 26.56250, "top5_err": 3.90625}
[02/26 19:58:26][INFO] logging.py:   99: json_stats: {"_type": "val_iter", "epoch": "48/48", "eta": "0:01:25", "gpu_mem": "77.43G", "iter": "650/853", "time_diff": 0.42027, "top1_err": 25.78125, "top5_err": 3.12500}
[02/26 19:58:45][INFO] logging.py:   99: json_stats: {"_type": "val_iter", "epoch": "48/48", "eta": "0:01:20", "gpu_mem": "77.43G", "iter": "660/853", "time_diff": 0.41627, "top1_err": 21.87500, "top5_err": 1.56250}
[02/26 19:59:03][INFO] logging.py:   99: json_stats: {"_type": "val_iter", "epoch": "48/48", "eta": "0:01:16", "gpu_mem": "77.43G", "iter": "670/853", "time_diff": 0.41601, "top1_err": 25.78125, "top5_err": 4.68750}
[02/26 19:59:26][INFO] logging.py:   99: json_stats: {"_type": "val_iter", "epoch": "48/48", "eta": "0:17:48", "gpu_mem": "77.43G", "iter": "680/853", "time_diff": 6.17809, "top1_err": 23.43750, "top5_err": 2.34375}
[02/26 19:59:42][INFO] logging.py:   99: json_stats: {"_type": "val_iter", "epoch": "48/48", "eta": "0:01:08", "gpu_mem": "77.43G", "iter": "690/853", "time_diff": 0.41828, "top1_err": 25.00000, "top5_err": 1.56250}
[02/26 20:00:00][INFO] logging.py:   99: json_stats: {"_type": "val_iter", "epoch": "48/48", "eta": "0:01:03", "gpu_mem": "77.43G", "iter": "700/853", "time_diff": 0.41727, "top1_err": 26.56250, "top5_err": 3.12500}
[02/26 20:00:19][INFO] logging.py:   99: json_stats: {"_type": "val_iter", "epoch": "48/48", "eta": "0:01:00", "gpu_mem": "77.43G", "iter": "710/853", "time_diff": 0.42309, "top1_err": 25.00000, "top5_err": 3.12500}
[02/26 20:00:41][INFO] logging.py:   99: json_stats: {"_type": "val_iter", "epoch": "48/48", "eta": "0:00:54", "gpu_mem": "77.43G", "iter": "720/853", "time_diff": 0.41238, "top1_err": 23.43750, "top5_err": 3.12500}
[02/26 20:00:56][INFO] logging.py:   99: json_stats: {"_type": "val_iter", "epoch": "48/48", "eta": "0:00:51", "gpu_mem": "77.43G", "iter": "730/853", "time_diff": 0.42181, "top1_err": 19.53125, "top5_err": 4.68750}
[02/26 20:01:23][INFO] logging.py:   99: json_stats: {"_type": "val_iter", "epoch": "48/48", "eta": "0:00:46", "gpu_mem": "77.43G", "iter": "740/853", "time_diff": 0.41226, "top1_err": 25.78125, "top5_err": 3.90625}
[02/26 20:01:39][INFO] logging.py:   99: json_stats: {"_type": "val_iter", "epoch": "48/48", "eta": "0:00:42", "gpu_mem": "77.43G", "iter": "750/853", "time_diff": 0.41741, "top1_err": 26.56250, "top5_err": 3.12500}
[02/26 20:01:53][INFO] logging.py:   99: json_stats: {"_type": "val_iter", "epoch": "48/48", "eta": "0:00:38", "gpu_mem": "77.43G", "iter": "760/853", "time_diff": 0.41871, "top1_err": 22.65625, "top5_err": 2.34375}
[02/26 20:02:09][INFO] logging.py:   99: json_stats: {"_type": "val_iter", "epoch": "48/48", "eta": "0:00:35", "gpu_mem": "77.43G", "iter": "770/853", "time_diff": 0.42934, "top1_err": 23.43750, "top5_err": 3.12500}
[02/26 20:02:36][INFO] logging.py:   99: json_stats: {"_type": "val_iter", "epoch": "48/48", "eta": "0:00:30", "gpu_mem": "77.43G", "iter": "780/853", "time_diff": 0.41869, "top1_err": 25.78125, "top5_err": 1.56250}
[02/26 20:02:54][INFO] logging.py:   99: json_stats: {"_type": "val_iter", "epoch": "48/48", "eta": "0:00:26", "gpu_mem": "77.43G", "iter": "790/853", "time_diff": 0.41476, "top1_err": 25.78125, "top5_err": 3.12500}
[02/26 20:03:15][INFO] logging.py:   99: json_stats: {"_type": "val_iter", "epoch": "48/48", "eta": "0:00:21", "gpu_mem": "77.43G", "iter": "800/853", "time_diff": 0.41005, "top1_err": 22.65625, "top5_err": 4.68750}
[02/26 20:03:28][INFO] logging.py:   99: json_stats: {"_type": "val_iter", "epoch": "48/48", "eta": "0:00:18", "gpu_mem": "77.43G", "iter": "810/853", "time_diff": 0.42064, "top1_err": 26.56250, "top5_err": 4.68750}
[02/26 20:03:47][INFO] logging.py:   99: json_stats: {"_type": "val_iter", "epoch": "48/48", "eta": "0:00:13", "gpu_mem": "77.43G", "iter": "820/853", "time_diff": 0.41839, "top1_err": 22.65625, "top5_err": 4.68750}
[02/26 20:04:16][INFO] logging.py:   99: json_stats: {"_type": "val_iter", "epoch": "48/48", "eta": "0:00:09", "gpu_mem": "77.43G", "iter": "830/853", "time_diff": 0.39928, "top1_err": 22.65625, "top5_err": 2.34375}
[02/26 20:04:34][INFO] logging.py:   99: json_stats: {"_type": "val_iter", "epoch": "48/48", "eta": "0:00:05", "gpu_mem": "77.43G", "iter": "840/853", "time_diff": 0.39401, "top1_err": 21.09375, "top5_err": 1.56250}
[02/26 20:04:47][INFO] logging.py:   99: json_stats: {"_type": "val_iter", "epoch": "48/48", "eta": "0:00:01", "gpu_mem": "77.43G", "iter": "850/853", "time_diff": 0.37749, "top1_err": 25.78125, "top5_err": 4.68750}
[02/26 20:04:53][INFO] logging.py:   99: json_stats: {"RAM": "427.05/856.58G", "_type": "val_epoch", "epoch": "48/48", "gpu_mem": "77.43G", "min_top1_err": 23.94253, "min_top5_err": 3.57195, "time_diff": 0.96241, "top1_err": 24.27608, "top5_err": 3.63426}
[02/26 20:04:53][INFO] train_net.py: 1165: training done: _p34.28_f229.28 _t39.31_m77.43 _a76.06 Top5 Acc: 96.43 MEM: 77.43 f: 229.2844
[02/26 20:05:04][INFO] test_net.py:  276: Test with config:
[02/26 20:05:04][INFO] test_net.py:  277: AUG:
  AA_TYPE: rand-m7-n4-mstd0.5-inc1
  COLOR_JITTER: 0.4
  ENABLE: False
  GEN_MASK_LOADER: False
  INTERPOLATION: bicubic
  MANIFOLD_MIXUP: False
  MANIFOLD_MIXUP_ALPHA: 1.0
  MANIFOLD_MIXUP_CLASS_FREQUENCIES: 
  MANIFOLD_MIXUP_PAIRS: False
  MANIFOLD_MIXUP_TRIPLETS: False
  MASK_FRAMES: False
  MASK_RATIO: 0.0
  MASK_TUBE: False
  MASK_WINDOW_SIZE: [8, 7, 7]
  MAX_MASK_PATCHES_PER_BLOCK: None
  NUM_SAMPLE: 1
  RE_COUNT: 1
  RE_MODE: pixel
  RE_PROB: 0.25
  RE_SPLIT: False
AVA:
  ANNOTATION_DIR: /mnt/vol/gfsai-flash3-east/ai-group/users/haoqifan/ava/frame_list/
  BGR: False
  DETECTION_SCORE_THRESH: 0.9
  EXCLUSION_FILE: ava_val_excluded_timestamps_v2.2.csv
  FRAME_DIR: /mnt/fair-flash3-east/ava_trainval_frames.img/
  FRAME_LIST_DIR: /mnt/vol/gfsai-flash3-east/ai-group/users/haoqifan/ava/frame_list/
  FULL_TEST_ON_VAL: False
  GROUNDTRUTH_FILE: ava_val_v2.2.csv
  IMG_PROC_BACKEND: cv2
  LABEL_MAP_FILE: ava_action_list_v2.2_for_activitynet_2019.pbtxt
  TEST_FORCE_FLIP: False
  TEST_LISTS: ['val.csv']
  TEST_PREDICT_BOX_LISTS: ['ava_val_predicted_boxes.csv']
  TRAIN_GT_BOX_LISTS: ['ava_train_v2.2.csv']
  TRAIN_LISTS: ['train.csv']
  TRAIN_PCA_JITTER_ONLY: True
  TRAIN_PREDICT_BOX_LISTS: []
  TRAIN_USE_COLOR_AUGMENTATION: False
BENCHMARK:
  LOG_PERIOD: 100
  NUM_EPOCHS: 5
  SHUFFLE: True
BN:
  GLOBAL_SYNC: False
  NORM_TYPE: batchnorm
  NUM_BATCHES_PRECISE: 200
  NUM_SPLITS: 1
  NUM_SYNC_DEVICES: 1
  USE_PRECISE_STATS: False
  WEIGHT_DECAY: 0.0
CONTRASTIVE:
  BN_MLP: False
  BN_SYNC_MLP: False
  DELTA_CLIPS_MAX: inf
  DELTA_CLIPS_MIN: -inf
  DIM: 128
  INTERP_MEMORY: False
  KNN_ON: True
  LENGTH: 239975
  LOCAL_SHUFFLE_BN: True
  MEM_TYPE: 1d
  MLP_DIM: 2048
  MOCO_MULTI_VIEW_QUEUE: False
  MOMENTUM: 0.5
  MOMENTUM_ANNEALING: False
  NUM_CLASSES_DOWNSTREAM: 400
  NUM_MLP_LAYERS: 1
  PREDICTOR_DEPTHS: []
  QUEUE_LEN: 65536
  SEQUENTIAL: False
  SIMCLR_DIST_ON: True
  SWAV_QEUE_LEN: 0
  T: 0.07
  TYPE: mem
DATA:
  COLOR_RND_GRAYSCALE: 0.0
  DECODING_BACKEND: torchvision
  DECODING_SHORT_SIZE: 256
  DUMMY_LOAD: False
  ENSEMBLE_METHOD: sum
  IN22K_TRAINVAL: False
  IN22k_VAL_IN1K: 
  INPUT_CHANNEL_NUM: [3]
  INV_UNIFORM_SAMPLE: False
  IN_VAL_CROP_RATIO: 0.875
  LOADER_CHUNK_OVERALL_SIZE: 0
  LOADER_CHUNK_SIZE: 0
  MEAN: [0.45, 0.45, 0.45]
  MULTI_LABEL: False
  NUM_FRAMES: 32
  PATH_LABEL_SEPARATOR:  
  PATH_LABEL_SEPARATOR_IDX: -1
  PATH_PREFIX: /mnt/data/top_priority_species
  PATH_TO_DATA_DIR: /mnt/data/top_priority_annotations/kinetics/disjoint
  PATH_TO_PRELOAD_IMDB: 
  PSEUDO_LABELS: 
  PSEUDO_LABELS_WEIGHT: 1.0
  RANDOM_FLIP: True
  REVERSE_INPUT_CHANNEL: False
  SAMPLING_RATE: 24
  SKIP_ROWS: 0
  SPATIAL_SAMPLING: False
  SSL_BLUR_SIGMA_MAX: [0.0, 2.0]
  SSL_BLUR_SIGMA_MIN: [0.0, 0.1]
  SSL_COLOR_BRI_CON_SAT: [0.4, 0.4, 0.4]
  SSL_COLOR_HUE: 0.1
  SSL_COLOR_JITTER: False
  SSL_MOCOV2_AUG: False
  STD: [0.225, 0.225, 0.225]
  TARGET_FPS: 30
  TEST_CROP_SIZE: 256
  TIME_DIFF_PROB: 0.0
  TRAIN_CROP_NUM_SPATIAL: 1
  TRAIN_CROP_NUM_TEMPORAL: 1
  TRAIN_CROP_SIZE: 256
  TRAIN_JITTER_ASPECT_RELATIVE: [0.75, 1.3333]
  TRAIN_JITTER_FPS: 0.0
  TRAIN_JITTER_MOTION_SHIFT: False
  TRAIN_JITTER_SCALES: [256, 320]
  TRAIN_JITTER_SCALES_RELATIVE: [0.08, 1.0]
  TRAIN_PCA_EIGVAL: [0.225, 0.224, 0.229]
  TRAIN_PCA_EIGVEC: [[-0.5675, 0.7192, 0.4009], [-0.5808, -0.0045, -0.814], [-0.5836, -0.6948, 0.4203]]
  USE_MEAN: True
  USE_OFFSET_SAMPLING: True
DATA_LOADER:
  ENABLE_MULTI_THREAD_DECODE: False
  NUM_WORKERS: 8
  PIN_MEMORY: True
DEMO:
  BUFFER_SIZE: 0
  CLIP_VIS_SIZE: 10
  COMMON_CLASS_NAMES: ['watch (a person)', 'talk to (e.g., self, a person, a group)', 'listen to (a person)', 'touch (an object)', 'carry/hold (an object)', 'walk', 'sit', 'lie/sleep', 'bend/bow (at the waist)']
  COMMON_CLASS_THRES: 0.7
  DETECTRON2_CFG: COCO-Detection/faster_rcnn_R_50_FPN_3x.yaml
  DETECTRON2_THRESH: 0.9
  DETECTRON2_WEIGHTS: detectron2://COCO-Detection/faster_rcnn_R_50_FPN_3x/137849458/model_final_280758.pkl
  DISPLAY_HEIGHT: 0
  DISPLAY_WIDTH: 0
  ENABLE: False
  FPS: 30
  GT_BOXES: 
  INPUT_FORMAT: BGR
  INPUT_VIDEO: 
  LABEL_FILE_PATH: 
  NUM_CLIPS_SKIP: 0
  NUM_VIS_INSTANCES: 2
  OUTPUT_FILE: 
  OUTPUT_FPS: -1
  PREDS_BOXES: 
  SLOWMO: 1
  STARTING_SECOND: 900
  THREAD_ENABLE: False
  UNCOMMON_CLASS_THRES: 0.3
  VIS_MODE: thres
  WEBCAM: -1
DETECTION:
  ALIGNED: True
  ENABLE: False
  ROI_XFORM_RESOLUTION: 7
  SPATIAL_SCALE_FACTOR: 16
DIST_BACKEND: nccl
FGFG_MIXUP:
  ENABLE: False
FG_BG_MIXUP:
  ADD_BG:
    ALPHA_MAX: 1.0
    ALPHA_MIN: 0.0
    ENABLE: False
    SCHEDULER: linear
  ADD_BG2:
    ENABLE: False
    START_FROM_EPOCH: 100
  CONCAT_BG_FRAMES:
    ENABLE: False
    RATIO: 1.0
    SORT_BG_FRAMES: False
    SUBSAMPLE_CONCAT_FRAMES: False
  ENABLE: False
  GEN_BG_NO_GRAD: False
  MIX_ON_EVAL: False
  RAND_SUB: False
  SELECT_RAND_BG_FRAME:
    DUPLICATE_FRAME: False
    ENABLE: False
  SUBTRACT_BG:
    ALPHA_MAX: 1.0
    ALPHA_MIN: 0.0
    APPLY_CLASSWISE:
      CLASSES: []
      ENABLE: False
    ENABLE: False
    ORTHO_EMBS: False
    SCHEDULER: linear
FRAMEWISE_MIXUP:
  ENABLE: False
  INDEPENDENT_FRAME_MIX: False
  RANDOMISE_FRAME_MIX: False
LOG_MODEL_INFO: True
LOG_PERIOD: 10
MASK:
  DECODER_DEPTH: 0
  DECODER_EMBED_DIM: 512
  DECODER_SEP_POS_EMBED: False
  DEC_KV_KERNEL: []
  DEC_KV_STRIDE: []
  ENABLE: False
  HEAD_TYPE: separate
  MAE_ON: False
  MAE_RND_MASK: False
  NORM_PRED_PIXEL: True
  PER_FRAME_MASKING: False
  PRED_HOG: False
  PRETRAIN_DEPTH: [15]
  SCALE_INIT_BY_DEPTH: False
  TIME_STRIDE_LOSS: True
MIXUP:
  ALPHA: 0.8
  CUTMIX_ALPHA: 1.0
  ENABLE: False
  LABEL_SMOOTH_VALUE: 0.1
  PROB: 1.0
  SWITCH_PROB: 0.5
MODEL:
  ACT_CHECKPOINT: False
  ARCH: mvit
  DETACH_FINAL_FC: False
  DETACH_HEAD: False
  DROPCONNECT_RATE: 0.0
  DROPOUT_RATE: 0.5
  FC_INIT_STD: 0.01
  FEAT_AGGREGATOR: avg_pool
  FP16_ALLREDUCE: False
  FROZEN_BN: False
  HEAD_ACT: none
  HEAD_MLP_DIM: 2048
  LOSS_FUNC: cross_entropy
  MODEL_NAME: MViT
  MULTI_PATHWAY_ARCH: ['slowfast']
  NUM_CLASSES: 16
  REINIT_HEAD: False
  SINGLE_PATHWAY_ARCH: ['2d', 'c2d', 'i3d', 'slow', 'x3d', 'mvit', 'maskmvit']
MULTIGRID:
  BN_BASE_SIZE: 8
  DEFAULT_B: 0
  DEFAULT_S: 0
  DEFAULT_T: 0
  EPOCH_FACTOR: 1.5
  EVAL_FREQ: 3
  LONG_CYCLE: False
  LONG_CYCLE_FACTORS: [(0.25, 0.7071067811865476), (0.5, 0.7071067811865476), (0.5, 1), (1, 1)]
  LONG_CYCLE_SAMPLING_RATE: 0
  SHORT_CYCLE: False
  SHORT_CYCLE_FACTORS: [0.5, 0.7071067811865476]
MVIT:
  CLS_EMBED_ON: True
  DEPTH: 16
  DIM_MUL: [[1, 2.0], [3, 2.0], [14, 2.0]]
  DIM_MUL_IN_ATT: True
  DROPOUT_RATE: 0.0
  DROPPATH_RATE: 0.2
  EMBED_DIM: 96
  HEAD_INIT_SCALE: 1.0
  HEAD_MUL: [[1, 2.0], [3, 2.0], [14, 2.0]]
  LAYER_SCALE_INIT_VALUE: 0.0
  MLP_RATIO: 4.0
  MODE: conv
  NORM: layernorm
  NORM_STEM: False
  NUM_HEADS: 1
  PATCH_2D: False
  PATCH_KERNEL: [3, 7, 7]
  PATCH_PADDING: [1, 3, 3]
  PATCH_STRIDE: [2, 4, 4]
  POOL_FIRST: False
  POOL_KVQ_KERNEL: [3, 3, 3]
  POOL_KV_STRIDE: []
  POOL_KV_STRIDE_ADAPTIVE: [1, 8, 8]
  POOL_Q_STRIDE: [[0, 1, 1, 1], [1, 1, 2, 2], [2, 1, 1, 1], [3, 1, 2, 2], [4, 1, 1, 1], [5, 1, 1, 1], [6, 1, 1, 1], [7, 1, 1, 1], [8, 1, 1, 1], [9, 1, 1, 1], [10, 1, 1, 1], [11, 1, 1, 1], [12, 1, 1, 1], [13, 1, 1, 1], [14, 1, 2, 2], [15, 1, 1, 1]]
  QKV_BIAS: True
  REL_POS_SPATIAL: True
  REL_POS_TEMPORAL: True
  REL_POS_ZERO_INIT: False
  RESIDUAL_POOLING: True
  REV:
    BUFFER_LAYERS: []
    ENABLE: False
    PRE_Q_FUSION: avg
    RESPATH_FUSE: concat
    RES_PATH: conv
  SEPARATE_QKV: False
  SEP_POS_EMBED: False
  USE_ABS_POS: False
  USE_FIXED_SINCOS_POS: False
  USE_MEAN_POOLING: False
  ZERO_DECAY_POS_CLS: False
NONLOCAL:
  GROUP: [[1], [1], [1], [1]]
  INSTANTIATION: dot_product
  LOCATION: [[[]], [[]], [[]], [[]]]
  POOL: [[[1, 2, 2], [1, 2, 2]], [[1, 2, 2], [1, 2, 2]], [[1, 2, 2], [1, 2, 2]], [[1, 2, 2], [1, 2, 2]]]
NUM_GPUS: 4
NUM_SHARDS: 1
OUTPUT_DIR: /mnt/imslowfast/results/species_classification/mvitv2_disjoint_f=32
RESNET:
  DEPTH: 50
  INPLACE_RELU: True
  NUM_BLOCK_TEMP_KERNEL: [[3], [4], [6], [3]]
  NUM_GROUPS: 1
  SPATIAL_DILATIONS: [[1], [1], [1], [1]]
  SPATIAL_STRIDES: [[1], [2], [2], [2]]
  STRIDE_1X1: False
  TRANS_FUNC: bottleneck_transform
  WIDTH_PER_GROUP: 64
  ZERO_INIT_FINAL_BN: False
  ZERO_INIT_FINAL_CONV: False
RNG_SEED: 0
SAMPLING:
  BALANCED: False
  BALANCE_TYPE: None
SHARD_ID: 0
SLOWFAST:
  ALPHA: 8
  BETA_INV: 8
  FUSION_CONV_CHANNEL_RATIO: 2
  FUSION_KERNEL_SZ: 5
SOLVER:
  BASE_LR: 0.0001
  BASE_LR_SCALE_NUM_SHARDS: True
  BETAS: (0.9, 0.999)
  CLIP_GRAD_L2NORM: 1.0
  CLIP_GRAD_VAL: None
  COSINE_AFTER_WARMUP: True
  COSINE_END_LR: 1e-06
  DAMPENING: 0.0
  GAMMA: 0.1
  LARS_ON: False
  LAYER_DECAY: 1.0
  LRS: []
  LR_POLICY: cosine
  MAX_EPOCH: 48
  MOMENTUM: 0.9
  NESTEROV: True
  OPTIMIZING_METHOD: adamw
  STEPS: []
  STEP_SIZE: 1
  WARMUP_EPOCHS: 5.0
  WARMUP_FACTOR: 0.1
  WARMUP_START_LR: 1e-06
  WEIGHT_DECAY: 0.05
  ZERO_WD_1D_PARAM: True
TAP:
  ENABLE: False
  NUM_CLIPS: 4
  NUM_FRAMES: 4
  OVERLAP: None
  SLIDING_WINDOW: False
TASK: 
TENSORBOARD:
  CATEGORIES_PATH: 
  CLASS_NAMES_PATH: 
  CONFUSION_MATRIX:
    ENABLE: False
    FIGSIZE: [8, 8]
    SUBSET_PATH: 
  ENABLE: True
  HISTOGRAM:
    ENABLE: False
    FIGSIZE: [8, 8]
    SUBSET_PATH: 
    TOPK: 10
  LOG_DIR: 
  MODEL_VIS:
    ACTIVATIONS: False
    COLORMAP: Pastel2
    ENABLE: False
    GRAD_CAM:
      COLORMAP: viridis
      ENABLE: True
      LAYER_LIST: []
      USE_TRUE_LABEL: False
    INPUT_VIDEO: False
    LAYER_LIST: []
    MODEL_WEIGHTS: False
    TOPK_PREDS: 1
  PREDICTIONS_PATH: 
  WRONG_PRED_VIS:
    ENABLE: False
    SUBSET_PATH: 
    TAG: Incorrectly classified videos.
TEST:
  BATCH_SIZE: 8
  CHECKPOINT_FILE_PATH: 
  CHECKPOINT_TYPE: pytorch
  DATASET: kinetics
  ENABLE: True
  NUM_ENSEMBLE_VIEWS: 1
  NUM_SPATIAL_CROPS: 1
  NUM_TEMPORAL_CLIPS: [1]
  RETURN_CAS: False
  RETURN_FEATS: False
  SAVE_RESULTS_PATH: 
TRAIN:
  AUTO_RESUME: True
  BATCH_SIZE: 64
  BG_MODEL_CHECKPOINT_FILE_PATH: 
  BG_MODEL_CHECKPOINT_TYPE: pytorch
  CHECKPOINT_CLEAR_NAME_PATTERN: ()
  CHECKPOINT_EPOCH_RESET: False
  CHECKPOINT_FILE_PATH: 
  CHECKPOINT_INFLATE: False
  CHECKPOINT_IN_INIT: False
  CHECKPOINT_PERIOD: 5
  CHECKPOINT_TYPE: pytorch
  DATASET: kinetics
  ENABLE: True
  EVAL_PERIOD: 1
  FG_MODEL_CHECKPOINT_FILE_PATH: 
  FG_MODEL_CHECKPOINT_TYPE: pytorch
  KILL_LOSS_EXPLOSION_FACTOR: 0.0
  MIXED_PRECISION: True
USE_SBATCH: False
VIS_MASK:
  ENABLE: False
X3D:
  BN_LIN5: False
  BOTTLENECK_FACTOR: 1.0
  CHANNELWISE_3x3x3: True
  DEPTH_FACTOR: 1.0
  DIM_C1: 12
  DIM_C5: 2048
  SCALE_RES2: False
  WIDTH_FACTOR: 1.0
[02/26 20:05:16][INFO] misc.py:  237: Model:
DistributedDataParallel(
  (module): MViT(
    (patch_embed): PatchEmbed(
      (proj): Conv3d(3, 96, kernel_size=(3, 7, 7), stride=(2, 4, 4), padding=(1, 3, 3))
    )
    (blocks): ModuleList(
      (0): MultiScaleBlock(
        (norm1): LayerNorm((96,), eps=1e-06, elementwise_affine=True)
        (attn): MultiScaleAttention(
          (qkv): Linear(in_features=96, out_features=288, bias=True)
          (proj): Linear(in_features=96, out_features=96, bias=True)
          (pool_q): Conv3d(96, 96, kernel_size=(3, 3, 3), stride=(1, 1, 1), padding=(1, 1, 1), groups=96, bias=False)
          (norm_q): LayerNorm((96,), eps=1e-06, elementwise_affine=True)
          (pool_k): Conv3d(96, 96, kernel_size=(3, 3, 3), stride=(1, 8, 8), padding=(1, 1, 1), groups=96, bias=False)
          (norm_k): LayerNorm((96,), eps=1e-06, elementwise_affine=True)
          (pool_v): Conv3d(96, 96, kernel_size=(3, 3, 3), stride=(1, 8, 8), padding=(1, 1, 1), groups=96, bias=False)
          (norm_v): LayerNorm((96,), eps=1e-06, elementwise_affine=True)
        )
        (drop_path): Identity()
        (norm2): LayerNorm((96,), eps=1e-06, elementwise_affine=True)
        (mlp): Mlp(
          (fc1): Linear(in_features=96, out_features=384, bias=True)
          (act): GELU(approximate='none')
          (fc2): Linear(in_features=384, out_features=96, bias=True)
        )
      )
      (1): MultiScaleBlock(
        (norm1): LayerNorm((96,), eps=1e-06, elementwise_affine=True)
        (attn): MultiScaleAttention(
          (qkv): Linear(in_features=96, out_features=576, bias=True)
          (proj): Linear(in_features=192, out_features=192, bias=True)
          (pool_q): Conv3d(96, 96, kernel_size=(3, 3, 3), stride=(1, 2, 2), padding=(1, 1, 1), groups=96, bias=False)
          (norm_q): LayerNorm((96,), eps=1e-06, elementwise_affine=True)
          (pool_k): Conv3d(96, 96, kernel_size=(3, 3, 3), stride=(1, 4, 4), padding=(1, 1, 1), groups=96, bias=False)
          (norm_k): LayerNorm((96,), eps=1e-06, elementwise_affine=True)
          (pool_v): Conv3d(96, 96, kernel_size=(3, 3, 3), stride=(1, 4, 4), padding=(1, 1, 1), groups=96, bias=False)
          (norm_v): LayerNorm((96,), eps=1e-06, elementwise_affine=True)
        )
        (drop_path): DropPath()
        (norm2): LayerNorm((192,), eps=1e-06, elementwise_affine=True)
        (mlp): Mlp(
          (fc1): Linear(in_features=192, out_features=768, bias=True)
          (act): GELU(approximate='none')
          (fc2): Linear(in_features=768, out_features=192, bias=True)
        )
        (proj): Linear(in_features=96, out_features=192, bias=True)
        (pool_skip): MaxPool3d(kernel_size=[1, 3, 3], stride=[1, 2, 2], padding=[0, 1, 1], dilation=1, ceil_mode=False)
      )
      (2): MultiScaleBlock(
        (norm1): LayerNorm((192,), eps=1e-06, elementwise_affine=True)
        (attn): MultiScaleAttention(
          (qkv): Linear(in_features=192, out_features=576, bias=True)
          (proj): Linear(in_features=192, out_features=192, bias=True)
          (pool_q): Conv3d(96, 96, kernel_size=(3, 3, 3), stride=(1, 1, 1), padding=(1, 1, 1), groups=96, bias=False)
          (norm_q): LayerNorm((96,), eps=1e-06, elementwise_affine=True)
          (pool_k): Conv3d(96, 96, kernel_size=(3, 3, 3), stride=(1, 4, 4), padding=(1, 1, 1), groups=96, bias=False)
          (norm_k): LayerNorm((96,), eps=1e-06, elementwise_affine=True)
          (pool_v): Conv3d(96, 96, kernel_size=(3, 3, 3), stride=(1, 4, 4), padding=(1, 1, 1), groups=96, bias=False)
          (norm_v): LayerNorm((96,), eps=1e-06, elementwise_affine=True)
        )
        (drop_path): DropPath()
        (norm2): LayerNorm((192,), eps=1e-06, elementwise_affine=True)
        (mlp): Mlp(
          (fc1): Linear(in_features=192, out_features=768, bias=True)
          (act): GELU(approximate='none')
          (fc2): Linear(in_features=768, out_features=192, bias=True)
        )
      )
      (3): MultiScaleBlock(
        (norm1): LayerNorm((192,), eps=1e-06, elementwise_affine=True)
        (attn): MultiScaleAttention(
          (qkv): Linear(in_features=192, out_features=1152, bias=True)
          (proj): Linear(in_features=384, out_features=384, bias=True)
          (pool_q): Conv3d(96, 96, kernel_size=(3, 3, 3), stride=(1, 2, 2), padding=(1, 1, 1), groups=96, bias=False)
          (norm_q): LayerNorm((96,), eps=1e-06, elementwise_affine=True)
          (pool_k): Conv3d(96, 96, kernel_size=(3, 3, 3), stride=(1, 2, 2), padding=(1, 1, 1), groups=96, bias=False)
          (norm_k): LayerNorm((96,), eps=1e-06, elementwise_affine=True)
          (pool_v): Conv3d(96, 96, kernel_size=(3, 3, 3), stride=(1, 2, 2), padding=(1, 1, 1), groups=96, bias=False)
          (norm_v): LayerNorm((96,), eps=1e-06, elementwise_affine=True)
        )
        (drop_path): DropPath()
        (norm2): LayerNorm((384,), eps=1e-06, elementwise_affine=True)
        (mlp): Mlp(
          (fc1): Linear(in_features=384, out_features=1536, bias=True)
          (act): GELU(approximate='none')
          (fc2): Linear(in_features=1536, out_features=384, bias=True)
        )
        (proj): Linear(in_features=192, out_features=384, bias=True)
        (pool_skip): MaxPool3d(kernel_size=[1, 3, 3], stride=[1, 2, 2], padding=[0, 1, 1], dilation=1, ceil_mode=False)
      )
      (4-13): 10 x MultiScaleBlock(
        (norm1): LayerNorm((384,), eps=1e-06, elementwise_affine=True)
        (attn): MultiScaleAttention(
          (qkv): Linear(in_features=384, out_features=1152, bias=True)
          (proj): Linear(in_features=384, out_features=384, bias=True)
          (pool_q): Conv3d(96, 96, kernel_size=(3, 3, 3), stride=(1, 1, 1), padding=(1, 1, 1), groups=96, bias=False)
          (norm_q): LayerNorm((96,), eps=1e-06, elementwise_affine=True)
          (pool_k): Conv3d(96, 96, kernel_size=(3, 3, 3), stride=(1, 2, 2), padding=(1, 1, 1), groups=96, bias=False)
          (norm_k): LayerNorm((96,), eps=1e-06, elementwise_affine=True)
          (pool_v): Conv3d(96, 96, kernel_size=(3, 3, 3), stride=(1, 2, 2), padding=(1, 1, 1), groups=96, bias=False)
          (norm_v): LayerNorm((96,), eps=1e-06, elementwise_affine=True)
        )
        (drop_path): DropPath()
        (norm2): LayerNorm((384,), eps=1e-06, elementwise_affine=True)
        (mlp): Mlp(
          (fc1): Linear(in_features=384, out_features=1536, bias=True)
          (act): GELU(approximate='none')
          (fc2): Linear(in_features=1536, out_features=384, bias=True)
        )
      )
      (14): MultiScaleBlock(
        (norm1): LayerNorm((384,), eps=1e-06, elementwise_affine=True)
        (attn): MultiScaleAttention(
          (qkv): Linear(in_features=384, out_features=2304, bias=True)
          (proj): Linear(in_features=768, out_features=768, bias=True)
          (pool_q): Conv3d(96, 96, kernel_size=(3, 3, 3), stride=(1, 2, 2), padding=(1, 1, 1), groups=96, bias=False)
          (norm_q): LayerNorm((96,), eps=1e-06, elementwise_affine=True)
          (pool_k): Conv3d(96, 96, kernel_size=(3, 3, 3), stride=(1, 1, 1), padding=(1, 1, 1), groups=96, bias=False)
          (norm_k): LayerNorm((96,), eps=1e-06, elementwise_affine=True)
          (pool_v): Conv3d(96, 96, kernel_size=(3, 3, 3), stride=(1, 1, 1), padding=(1, 1, 1), groups=96, bias=False)
          (norm_v): LayerNorm((96,), eps=1e-06, elementwise_affine=True)
        )
        (drop_path): DropPath()
        (norm2): LayerNorm((768,), eps=1e-06, elementwise_affine=True)
        (mlp): Mlp(
          (fc1): Linear(in_features=768, out_features=3072, bias=True)
          (act): GELU(approximate='none')
          (fc2): Linear(in_features=3072, out_features=768, bias=True)
        )
        (proj): Linear(in_features=384, out_features=768, bias=True)
        (pool_skip): MaxPool3d(kernel_size=[1, 3, 3], stride=[1, 2, 2], padding=[0, 1, 1], dilation=1, ceil_mode=False)
      )
      (15): MultiScaleBlock(
        (norm1): LayerNorm((768,), eps=1e-06, elementwise_affine=True)
        (attn): MultiScaleAttention(
          (qkv): Linear(in_features=768, out_features=2304, bias=True)
          (proj): Linear(in_features=768, out_features=768, bias=True)
          (pool_q): Conv3d(96, 96, kernel_size=(3, 3, 3), stride=(1, 1, 1), padding=(1, 1, 1), groups=96, bias=False)
          (norm_q): LayerNorm((96,), eps=1e-06, elementwise_affine=True)
          (pool_k): Conv3d(96, 96, kernel_size=(3, 3, 3), stride=(1, 1, 1), padding=(1, 1, 1), groups=96, bias=False)
          (norm_k): LayerNorm((96,), eps=1e-06, elementwise_affine=True)
          (pool_v): Conv3d(96, 96, kernel_size=(3, 3, 3), stride=(1, 1, 1), padding=(1, 1, 1), groups=96, bias=False)
          (norm_v): LayerNorm((96,), eps=1e-06, elementwise_affine=True)
        )
        (drop_path): DropPath()
        (norm2): LayerNorm((768,), eps=1e-06, elementwise_affine=True)
        (mlp): Mlp(
          (fc1): Linear(in_features=768, out_features=3072, bias=True)
          (act): GELU(approximate='none')
          (fc2): Linear(in_features=3072, out_features=768, bias=True)
        )
      )
    )
    (norm): LayerNorm((768,), eps=1e-06, elementwise_affine=True)
    (head): TransformerBasicHead(
      (dropout): Dropout(p=0.5, inplace=False)
      (projection): Linear(in_features=768, out_features=16, bias=True)
    )
  )
)
[02/26 20:05:16][INFO] misc.py:  239: Params: 34,282,768
[02/26 20:05:16][INFO] misc.py:  240: Mem: 0.2557835578918457 MB
[02/26 20:05:17][WARNING] jit_analysis.py:  499: Unsupported operator aten::mul encountered 489 time(s)
[02/26 20:05:17][WARNING] jit_analysis.py:  499: Unsupported operator aten::div encountered 68 time(s)
[02/26 20:05:17][WARNING] jit_analysis.py:  499: Unsupported operator aten::sub encountered 96 time(s)
[02/26 20:05:17][WARNING] jit_analysis.py:  499: Unsupported operator aten::add_ encountered 64 time(s)
[02/26 20:05:17][WARNING] jit_analysis.py:  499: Unsupported operator aten::add encountered 80 time(s)
[02/26 20:05:17][WARNING] jit_analysis.py:  499: Unsupported operator aten::softmax encountered 16 time(s)
[02/26 20:05:17][WARNING] jit_analysis.py:  499: Unsupported operator aten::gelu encountered 16 time(s)
[02/26 20:05:17][WARNING] jit_analysis.py:  499: Unsupported operator aten::max_pool3d encountered 3 time(s)
[02/26 20:05:17][WARNING] jit_analysis.py:  511: The following submodules of the model were never called during the trace of the graph. They may be unused, or they were accessed by direct calls to .forward() or via other python methods. In the latter case they will have zeros for statistics, though their statistics will still contribute to their parent calling module.
module.blocks.1.drop_path, module.blocks.10.drop_path, module.blocks.11.drop_path, module.blocks.12.drop_path, module.blocks.13.drop_path, module.blocks.14.drop_path, module.blocks.15.drop_path, module.blocks.2.drop_path, module.blocks.3.drop_path, module.blocks.4.drop_path, module.blocks.5.drop_path, module.blocks.6.drop_path, module.blocks.7.drop_path, module.blocks.8.drop_path, module.blocks.9.drop_path
[02/26 20:05:17][INFO] misc.py:  242: Flops: 229.28437195200001 G
[02/26 20:05:18][WARNING] jit_analysis.py:  499: Unsupported operator aten::layer_norm encountered 81 time(s)
[02/26 20:05:18][WARNING] jit_analysis.py:  499: Unsupported operator aten::mul encountered 489 time(s)
[02/26 20:05:18][WARNING] jit_analysis.py:  499: Unsupported operator aten::div encountered 68 time(s)
[02/26 20:05:18][WARNING] jit_analysis.py:  499: Unsupported operator aten::sub encountered 96 time(s)
[02/26 20:05:18][WARNING] jit_analysis.py:  499: Unsupported operator aten::add_ encountered 64 time(s)
[02/26 20:05:18][WARNING] jit_analysis.py:  499: Unsupported operator aten::add encountered 80 time(s)
[02/26 20:05:18][WARNING] jit_analysis.py:  499: Unsupported operator aten::softmax encountered 16 time(s)
[02/26 20:05:18][WARNING] jit_analysis.py:  499: Unsupported operator aten::gelu encountered 16 time(s)
[02/26 20:05:18][WARNING] jit_analysis.py:  499: Unsupported operator aten::max_pool3d encountered 3 time(s)
[02/26 20:05:18][WARNING] jit_analysis.py:  511: The following submodules of the model were never called during the trace of the graph. They may be unused, or they were accessed by direct calls to .forward() or via other python methods. In the latter case they will have zeros for statistics, though their statistics will still contribute to their parent calling module.
module.blocks.1.drop_path, module.blocks.10.drop_path, module.blocks.11.drop_path, module.blocks.12.drop_path, module.blocks.13.drop_path, module.blocks.14.drop_path, module.blocks.15.drop_path, module.blocks.2.drop_path, module.blocks.3.drop_path, module.blocks.4.drop_path, module.blocks.5.drop_path, module.blocks.6.drop_path, module.blocks.7.drop_path, module.blocks.8.drop_path, module.blocks.9.drop_path
[02/26 20:05:18][INFO] misc.py:  243: Activations: 968.5333290000001 M
[02/26 20:05:18][INFO] misc.py:  248: nvidia-smi
Wed Feb 26 20:05:19 2025       
+---------------------------------------------------------------------------------------+
| NVIDIA-SMI 535.230.02             Driver Version: 535.230.02   CUDA Version: 12.3     |
|-----------------------------------------+----------------------+----------------------+
| GPU  Name                 Persistence-M | Bus-Id        Disp.A | Volatile Uncorr. ECC |
| Fan  Temp   Perf          Pwr:Usage/Cap |         Memory-Usage | GPU-Util  Compute M. |
|                                         |                      |               MIG M. |
|=========================================+======================+======================|
|   0  NVIDIA GH200 120GB             On  | 00000009:01:00.0 Off |                    0 |
| N/A   23C    P0             142W / 900W |   7716MiB / 97871MiB |      0%      Default |
|                                         |                      |             Disabled |
+-----------------------------------------+----------------------+----------------------+
|   1  NVIDIA GH200 120GB             On  | 00000019:01:00.0 Off |                    0 |
| N/A   26C    P0             136W / 900W |   2205MiB / 97871MiB |      0%      Default |
|                                         |                      |             Disabled |
+-----------------------------------------+----------------------+----------------------+
|   2  NVIDIA GH200 120GB             On  | 00000029:01:00.0 Off |                    0 |
| N/A   26C    P0             126W / 900W |   2205MiB / 97871MiB |      0%      Default |
|                                         |                      |             Disabled |
+-----------------------------------------+----------------------+----------------------+
|   3  NVIDIA GH200 120GB             On  | 00000039:01:00.0 Off |                    0 |
| N/A   23C    P0             136W / 900W |   2102MiB / 97871MiB |      0%      Default |
|                                         |                      |             Disabled |
+-----------------------------------------+----------------------+----------------------+
                                                                                         
+---------------------------------------------------------------------------------------+
| Processes:                                                                            |
|  GPU   GI   CI        PID   Type   Process name                            GPU Memory |
|        ID   ID                                                             Usage      |
|=======================================================================================|
|    0   N/A  N/A    255932      C   /usr/bin/python                            7652MiB |
|    1   N/A  N/A    255933      C   /usr/bin/python                            2140MiB |
|    2   N/A  N/A    255934      C   /usr/bin/python                            2140MiB |
|    3   N/A  N/A    255935      C   /usr/bin/python                            2036MiB |
+---------------------------------------------------------------------------------------+
[02/26 20:05:19][INFO] misc.py:  237: Model:
DistributedDataParallel(
  (module): MViT(
    (patch_embed): PatchEmbed(
      (proj): Conv3d(3, 96, kernel_size=(3, 7, 7), stride=(2, 4, 4), padding=(1, 3, 3))
    )
    (blocks): ModuleList(
      (0): MultiScaleBlock(
        (norm1): LayerNorm((96,), eps=1e-06, elementwise_affine=True)
        (attn): MultiScaleAttention(
          (qkv): Linear(in_features=96, out_features=288, bias=True)
          (proj): Linear(in_features=96, out_features=96, bias=True)
          (pool_q): Conv3d(96, 96, kernel_size=(3, 3, 3), stride=(1, 1, 1), padding=(1, 1, 1), groups=96, bias=False)
          (norm_q): LayerNorm((96,), eps=1e-06, elementwise_affine=True)
          (pool_k): Conv3d(96, 96, kernel_size=(3, 3, 3), stride=(1, 8, 8), padding=(1, 1, 1), groups=96, bias=False)
          (norm_k): LayerNorm((96,), eps=1e-06, elementwise_affine=True)
          (pool_v): Conv3d(96, 96, kernel_size=(3, 3, 3), stride=(1, 8, 8), padding=(1, 1, 1), groups=96, bias=False)
          (norm_v): LayerNorm((96,), eps=1e-06, elementwise_affine=True)
        )
        (drop_path): Identity()
        (norm2): LayerNorm((96,), eps=1e-06, elementwise_affine=True)
        (mlp): Mlp(
          (fc1): Linear(in_features=96, out_features=384, bias=True)
          (act): GELU(approximate='none')
          (fc2): Linear(in_features=384, out_features=96, bias=True)
        )
      )
      (1): MultiScaleBlock(
        (norm1): LayerNorm((96,), eps=1e-06, elementwise_affine=True)
        (attn): MultiScaleAttention(
          (qkv): Linear(in_features=96, out_features=576, bias=True)
          (proj): Linear(in_features=192, out_features=192, bias=True)
          (pool_q): Conv3d(96, 96, kernel_size=(3, 3, 3), stride=(1, 2, 2), padding=(1, 1, 1), groups=96, bias=False)
          (norm_q): LayerNorm((96,), eps=1e-06, elementwise_affine=True)
          (pool_k): Conv3d(96, 96, kernel_size=(3, 3, 3), stride=(1, 4, 4), padding=(1, 1, 1), groups=96, bias=False)
          (norm_k): LayerNorm((96,), eps=1e-06, elementwise_affine=True)
          (pool_v): Conv3d(96, 96, kernel_size=(3, 3, 3), stride=(1, 4, 4), padding=(1, 1, 1), groups=96, bias=False)
          (norm_v): LayerNorm((96,), eps=1e-06, elementwise_affine=True)
        )
        (drop_path): DropPath()
        (norm2): LayerNorm((192,), eps=1e-06, elementwise_affine=True)
        (mlp): Mlp(
          (fc1): Linear(in_features=192, out_features=768, bias=True)
          (act): GELU(approximate='none')
          (fc2): Linear(in_features=768, out_features=192, bias=True)
        )
        (proj): Linear(in_features=96, out_features=192, bias=True)
        (pool_skip): MaxPool3d(kernel_size=[1, 3, 3], stride=[1, 2, 2], padding=[0, 1, 1], dilation=1, ceil_mode=False)
      )
      (2): MultiScaleBlock(
        (norm1): LayerNorm((192,), eps=1e-06, elementwise_affine=True)
        (attn): MultiScaleAttention(
          (qkv): Linear(in_features=192, out_features=576, bias=True)
          (proj): Linear(in_features=192, out_features=192, bias=True)
          (pool_q): Conv3d(96, 96, kernel_size=(3, 3, 3), stride=(1, 1, 1), padding=(1, 1, 1), groups=96, bias=False)
          (norm_q): LayerNorm((96,), eps=1e-06, elementwise_affine=True)
          (pool_k): Conv3d(96, 96, kernel_size=(3, 3, 3), stride=(1, 4, 4), padding=(1, 1, 1), groups=96, bias=False)
          (norm_k): LayerNorm((96,), eps=1e-06, elementwise_affine=True)
          (pool_v): Conv3d(96, 96, kernel_size=(3, 3, 3), stride=(1, 4, 4), padding=(1, 1, 1), groups=96, bias=False)
          (norm_v): LayerNorm((96,), eps=1e-06, elementwise_affine=True)
        )
        (drop_path): DropPath()
        (norm2): LayerNorm((192,), eps=1e-06, elementwise_affine=True)
        (mlp): Mlp(
          (fc1): Linear(in_features=192, out_features=768, bias=True)
          (act): GELU(approximate='none')
          (fc2): Linear(in_features=768, out_features=192, bias=True)
        )
      )
      (3): MultiScaleBlock(
        (norm1): LayerNorm((192,), eps=1e-06, elementwise_affine=True)
        (attn): MultiScaleAttention(
          (qkv): Linear(in_features=192, out_features=1152, bias=True)
          (proj): Linear(in_features=384, out_features=384, bias=True)
          (pool_q): Conv3d(96, 96, kernel_size=(3, 3, 3), stride=(1, 2, 2), padding=(1, 1, 1), groups=96, bias=False)
          (norm_q): LayerNorm((96,), eps=1e-06, elementwise_affine=True)
          (pool_k): Conv3d(96, 96, kernel_size=(3, 3, 3), stride=(1, 2, 2), padding=(1, 1, 1), groups=96, bias=False)
          (norm_k): LayerNorm((96,), eps=1e-06, elementwise_affine=True)
          (pool_v): Conv3d(96, 96, kernel_size=(3, 3, 3), stride=(1, 2, 2), padding=(1, 1, 1), groups=96, bias=False)
          (norm_v): LayerNorm((96,), eps=1e-06, elementwise_affine=True)
        )
        (drop_path): DropPath()
        (norm2): LayerNorm((384,), eps=1e-06, elementwise_affine=True)
        (mlp): Mlp(
          (fc1): Linear(in_features=384, out_features=1536, bias=True)
          (act): GELU(approximate='none')
          (fc2): Linear(in_features=1536, out_features=384, bias=True)
        )
        (proj): Linear(in_features=192, out_features=384, bias=True)
        (pool_skip): MaxPool3d(kernel_size=[1, 3, 3], stride=[1, 2, 2], padding=[0, 1, 1], dilation=1, ceil_mode=False)
      )
      (4-13): 10 x MultiScaleBlock(
        (norm1): LayerNorm((384,), eps=1e-06, elementwise_affine=True)
        (attn): MultiScaleAttention(
          (qkv): Linear(in_features=384, out_features=1152, bias=True)
          (proj): Linear(in_features=384, out_features=384, bias=True)
          (pool_q): Conv3d(96, 96, kernel_size=(3, 3, 3), stride=(1, 1, 1), padding=(1, 1, 1), groups=96, bias=False)
          (norm_q): LayerNorm((96,), eps=1e-06, elementwise_affine=True)
          (pool_k): Conv3d(96, 96, kernel_size=(3, 3, 3), stride=(1, 2, 2), padding=(1, 1, 1), groups=96, bias=False)
          (norm_k): LayerNorm((96,), eps=1e-06, elementwise_affine=True)
          (pool_v): Conv3d(96, 96, kernel_size=(3, 3, 3), stride=(1, 2, 2), padding=(1, 1, 1), groups=96, bias=False)
          (norm_v): LayerNorm((96,), eps=1e-06, elementwise_affine=True)
        )
        (drop_path): DropPath()
        (norm2): LayerNorm((384,), eps=1e-06, elementwise_affine=True)
        (mlp): Mlp(
          (fc1): Linear(in_features=384, out_features=1536, bias=True)
          (act): GELU(approximate='none')
          (fc2): Linear(in_features=1536, out_features=384, bias=True)
        )
      )
      (14): MultiScaleBlock(
        (norm1): LayerNorm((384,), eps=1e-06, elementwise_affine=True)
        (attn): MultiScaleAttention(
          (qkv): Linear(in_features=384, out_features=2304, bias=True)
          (proj): Linear(in_features=768, out_features=768, bias=True)
          (pool_q): Conv3d(96, 96, kernel_size=(3, 3, 3), stride=(1, 2, 2), padding=(1, 1, 1), groups=96, bias=False)
          (norm_q): LayerNorm((96,), eps=1e-06, elementwise_affine=True)
          (pool_k): Conv3d(96, 96, kernel_size=(3, 3, 3), stride=(1, 1, 1), padding=(1, 1, 1), groups=96, bias=False)
          (norm_k): LayerNorm((96,), eps=1e-06, elementwise_affine=True)
          (pool_v): Conv3d(96, 96, kernel_size=(3, 3, 3), stride=(1, 1, 1), padding=(1, 1, 1), groups=96, bias=False)
          (norm_v): LayerNorm((96,), eps=1e-06, elementwise_affine=True)
        )
        (drop_path): DropPath()
        (norm2): LayerNorm((768,), eps=1e-06, elementwise_affine=True)
        (mlp): Mlp(
          (fc1): Linear(in_features=768, out_features=3072, bias=True)
          (act): GELU(approximate='none')
          (fc2): Linear(in_features=3072, out_features=768, bias=True)
        )
        (proj): Linear(in_features=384, out_features=768, bias=True)
        (pool_skip): MaxPool3d(kernel_size=[1, 3, 3], stride=[1, 2, 2], padding=[0, 1, 1], dilation=1, ceil_mode=False)
      )
      (15): MultiScaleBlock(
        (norm1): LayerNorm((768,), eps=1e-06, elementwise_affine=True)
        (attn): MultiScaleAttention(
          (qkv): Linear(in_features=768, out_features=2304, bias=True)
          (proj): Linear(in_features=768, out_features=768, bias=True)
          (pool_q): Conv3d(96, 96, kernel_size=(3, 3, 3), stride=(1, 1, 1), padding=(1, 1, 1), groups=96, bias=False)
          (norm_q): LayerNorm((96,), eps=1e-06, elementwise_affine=True)
          (pool_k): Conv3d(96, 96, kernel_size=(3, 3, 3), stride=(1, 1, 1), padding=(1, 1, 1), groups=96, bias=False)
          (norm_k): LayerNorm((96,), eps=1e-06, elementwise_affine=True)
          (pool_v): Conv3d(96, 96, kernel_size=(3, 3, 3), stride=(1, 1, 1), padding=(1, 1, 1), groups=96, bias=False)
          (norm_v): LayerNorm((96,), eps=1e-06, elementwise_affine=True)
        )
        (drop_path): DropPath()
        (norm2): LayerNorm((768,), eps=1e-06, elementwise_affine=True)
        (mlp): Mlp(
          (fc1): Linear(in_features=768, out_features=3072, bias=True)
          (act): GELU(approximate='none')
          (fc2): Linear(in_features=3072, out_features=768, bias=True)
        )
      )
    )
    (norm): LayerNorm((768,), eps=1e-06, elementwise_affine=True)
    (head): TransformerBasicHead(
      (dropout): Dropout(p=0.5, inplace=False)
      (projection): Linear(in_features=768, out_features=16, bias=True)
    )
  )
)
[02/26 20:05:19][INFO] misc.py:  239: Params: 34,282,768
[02/26 20:05:19][INFO] misc.py:  240: Mem: 5.327160835266113 MB
[02/26 20:05:20][WARNING] jit_analysis.py:  499: Unsupported operator aten::mul encountered 489 time(s)
[02/26 20:05:20][WARNING] jit_analysis.py:  499: Unsupported operator aten::div encountered 68 time(s)
[02/26 20:05:20][WARNING] jit_analysis.py:  499: Unsupported operator aten::sub encountered 96 time(s)
[02/26 20:05:20][WARNING] jit_analysis.py:  499: Unsupported operator aten::add_ encountered 64 time(s)
[02/26 20:05:20][WARNING] jit_analysis.py:  499: Unsupported operator aten::add encountered 80 time(s)
[02/26 20:05:20][WARNING] jit_analysis.py:  499: Unsupported operator aten::softmax encountered 16 time(s)
[02/26 20:05:20][WARNING] jit_analysis.py:  499: Unsupported operator aten::gelu encountered 16 time(s)
[02/26 20:05:20][WARNING] jit_analysis.py:  499: Unsupported operator aten::max_pool3d encountered 3 time(s)
[02/26 20:05:20][WARNING] jit_analysis.py:  511: The following submodules of the model were never called during the trace of the graph. They may be unused, or they were accessed by direct calls to .forward() or via other python methods. In the latter case they will have zeros for statistics, though their statistics will still contribute to their parent calling module.
module.blocks.1.drop_path, module.blocks.10.drop_path, module.blocks.11.drop_path, module.blocks.12.drop_path, module.blocks.13.drop_path, module.blocks.14.drop_path, module.blocks.15.drop_path, module.blocks.2.drop_path, module.blocks.3.drop_path, module.blocks.4.drop_path, module.blocks.5.drop_path, module.blocks.6.drop_path, module.blocks.7.drop_path, module.blocks.8.drop_path, module.blocks.9.drop_path
[02/26 20:05:20][INFO] misc.py:  242: Flops: 229.28437195200001 G
[02/26 20:05:21][WARNING] jit_analysis.py:  499: Unsupported operator aten::layer_norm encountered 81 time(s)
[02/26 20:05:21][WARNING] jit_analysis.py:  499: Unsupported operator aten::mul encountered 489 time(s)
[02/26 20:05:21][WARNING] jit_analysis.py:  499: Unsupported operator aten::div encountered 68 time(s)
[02/26 20:05:21][WARNING] jit_analysis.py:  499: Unsupported operator aten::sub encountered 96 time(s)
[02/26 20:05:21][WARNING] jit_analysis.py:  499: Unsupported operator aten::add_ encountered 64 time(s)
[02/26 20:05:21][WARNING] jit_analysis.py:  499: Unsupported operator aten::add encountered 80 time(s)
[02/26 20:05:21][WARNING] jit_analysis.py:  499: Unsupported operator aten::softmax encountered 16 time(s)
[02/26 20:05:21][WARNING] jit_analysis.py:  499: Unsupported operator aten::gelu encountered 16 time(s)
[02/26 20:05:21][WARNING] jit_analysis.py:  499: Unsupported operator aten::max_pool3d encountered 3 time(s)
[02/26 20:05:21][WARNING] jit_analysis.py:  511: The following submodules of the model were never called during the trace of the graph. They may be unused, or they were accessed by direct calls to .forward() or via other python methods. In the latter case they will have zeros for statistics, though their statistics will still contribute to their parent calling module.
module.blocks.1.drop_path, module.blocks.10.drop_path, module.blocks.11.drop_path, module.blocks.12.drop_path, module.blocks.13.drop_path, module.blocks.14.drop_path, module.blocks.15.drop_path, module.blocks.2.drop_path, module.blocks.3.drop_path, module.blocks.4.drop_path, module.blocks.5.drop_path, module.blocks.6.drop_path, module.blocks.7.drop_path, module.blocks.8.drop_path, module.blocks.9.drop_path
[02/26 20:05:21][INFO] misc.py:  243: Activations: 968.5333290000001 M
[02/26 20:05:21][INFO] misc.py:  248: nvidia-smi
Wed Feb 26 20:05:21 2025       
+---------------------------------------------------------------------------------------+
| NVIDIA-SMI 535.230.02             Driver Version: 535.230.02   CUDA Version: 12.3     |
|-----------------------------------------+----------------------+----------------------+
| GPU  Name                 Persistence-M | Bus-Id        Disp.A | Volatile Uncorr. ECC |
| Fan  Temp   Perf          Pwr:Usage/Cap |         Memory-Usage | GPU-Util  Compute M. |
|                                         |                      |               MIG M. |
|=========================================+======================+======================|
|   0  NVIDIA GH200 120GB             On  | 00000009:01:00.0 Off |                    0 |
| N/A   23C    P0             140W / 900W |   7715MiB / 97871MiB |      0%      Default |
|                                         |                      |             Disabled |
+-----------------------------------------+----------------------+----------------------+
|   1  NVIDIA GH200 120GB             On  | 00000019:01:00.0 Off |                    0 |
| N/A   27C    P0             138W / 900W |    296MiB / 97871MiB |      0%      Default |
|                                         |                      |             Disabled |
+-----------------------------------------+----------------------+----------------------+
|   2  NVIDIA GH200 120GB             On  | 00000029:01:00.0 Off |                    0 |
| N/A   26C    P0             127W / 900W |    244MiB / 97871MiB |      0%      Default |
|                                         |                      |             Disabled |
+-----------------------------------------+----------------------+----------------------+
|   3  NVIDIA GH200 120GB             On  | 00000039:01:00.0 Off |                    0 |
| N/A   24C    P0             138W / 900W |    209MiB / 97871MiB |      0%      Default |
|                                         |                      |             Disabled |
+-----------------------------------------+----------------------+----------------------+
                                                                                         
+---------------------------------------------------------------------------------------+
| Processes:                                                                            |
|  GPU   GI   CI        PID   Type   Process name                            GPU Memory |
|        ID   ID                                                             Usage      |
|=======================================================================================|
+---------------------------------------------------------------------------------------+
Traceback (most recent call last):
  File "/home/aiape/obrookes.aiape/imslowfast/./tools/run_net.py", line 52, in <module>
    main()
  File "/home/aiape/obrookes.aiape/imslowfast/./tools/run_net.py", line 37, in main
    launch_job(cfg=cfg, init_method=args.init_method, func=test)
  File "/home/aiape/obrookes.aiape/imslowfast/slowfast/utils/misc.py", line 483, in launch_job
    torch.multiprocessing.spawn(
  File "/usr/local/lib/python3.10/dist-packages/torch/multiprocessing/spawn.py", line 246, in spawn
    return start_processes(fn, args, nprocs, join, daemon, start_method="spawn")
  File "/usr/local/lib/python3.10/dist-packages/torch/multiprocessing/spawn.py", line 202, in start_processes
    while not context.join():
  File "/usr/local/lib/python3.10/dist-packages/torch/multiprocessing/spawn.py", line 163, in join
    raise ProcessRaisedException(msg, error_index, failed_process.pid)
torch.multiprocessing.spawn.ProcessRaisedException: 

-- Process 3 terminated with the following error:
Traceback (most recent call last):
  File "/usr/local/lib/python3.10/dist-packages/torch/multiprocessing/spawn.py", line 74, in _wrap
    fn(i, *args)
  File "/home/aiape/obrookes.aiape/imslowfast/slowfast/utils/multiprocessing.py", line 60, in run
    ret = func(cfg)
  File "/home/aiape/obrookes.aiape/imslowfast/tools/test_net.py", line 302, in test
    with pathmgr.open(cfg.TEST.CHECKPOINT_FILE_PATH, "rb") as f:
  File "/usr/local/lib/python3.10/dist-packages/iopath/common/file_io.py", line 1012, in open
    bret = handler._open(path, mode, buffering=buffering, **kwargs)  # type: ignore
  File "/usr/local/lib/python3.10/dist-packages/iopath/common/file_io.py", line 604, in _open
    return open(  # type: ignore
FileNotFoundError: [Errno 2] No such file or directory: ''

