Running on host nid001035
Time is Mon  3 Mar 11:02:32 UTC 2025
Slurm job ID is 46573
/usr/bin/rm: cannot remove '/usr/local/cuda/compat/lib': Read-only file system
rm: cannot remove '/usr/local/cuda/compat/lib': Read-only file system
config files: ['/mnt/imslowfast/configs/species_classification/MVIT_B_16x4_OVERLAPPING_F=32.yaml']
[03/03 11:02:55][INFO] train_net.py:  845: Train with config:
[03/03 11:02:55][INFO] train_net.py:  846: CfgNode({'CONTRASTIVE': CfgNode({'T': 0.07, 'DIM': 128, 'LENGTH': 239975, 'QUEUE_LEN': 65536, 'MOMENTUM': 0.5, 'MOMENTUM_ANNEALING': False, 'TYPE': 'mem', 'INTERP_MEMORY': False, 'MEM_TYPE': '1d', 'NUM_CLASSES_DOWNSTREAM': 400, 'NUM_MLP_LAYERS': 1, 'MLP_DIM': 2048, 'BN_MLP': False, 'BN_SYNC_MLP': False, 'LOCAL_SHUFFLE_BN': True, 'MOCO_MULTI_VIEW_QUEUE': False, 'DELTA_CLIPS_MIN': -inf, 'DELTA_CLIPS_MAX': inf, 'PREDICTOR_DEPTHS': [], 'SEQUENTIAL': False, 'SIMCLR_DIST_ON': True, 'SWAV_QEUE_LEN': 0, 'KNN_ON': True}), 'FRAMEWISE_MIXUP': CfgNode({'ENABLE': False, 'INDEPENDENT_FRAME_MIX': False, 'RANDOMISE_FRAME_MIX': False}), 'TAP': CfgNode({'ENABLE': False, 'NUM_CLIPS': 4, 'NUM_FRAMES': 4, 'SLIDING_WINDOW': False, 'OVERLAP': None}), 'BN': CfgNode({'USE_PRECISE_STATS': False, 'NUM_BATCHES_PRECISE': 200, 'WEIGHT_DECAY': 0.0, 'NORM_TYPE': 'batchnorm', 'NUM_SPLITS': 1, 'NUM_SYNC_DEVICES': 1, 'GLOBAL_SYNC': False}), 'TRAIN': CfgNode({'ENABLE': True, 'KILL_LOSS_EXPLOSION_FACTOR': 0.0, 'DATASET': 'kinetics', 'BATCH_SIZE': 64, 'EVAL_PERIOD': 1, 'CHECKPOINT_PERIOD': 5, 'AUTO_RESUME': True, 'CHECKPOINT_FILE_PATH': '', 'CHECKPOINT_TYPE': 'pytorch', 'CHECKPOINT_INFLATE': False, 'CHECKPOINT_EPOCH_RESET': False, 'CHECKPOINT_CLEAR_NAME_PATTERN': (), 'MIXED_PRECISION': True, 'CHECKPOINT_IN_INIT': False, 'BG_MODEL_CHECKPOINT_FILE_PATH': '', 'BG_MODEL_CHECKPOINT_TYPE': 'pytorch', 'FG_MODEL_CHECKPOINT_FILE_PATH': '', 'FG_MODEL_CHECKPOINT_TYPE': 'pytorch'}), 'AUG': CfgNode({'ENABLE': False, 'NUM_SAMPLE': 1, 'COLOR_JITTER': 0.4, 'AA_TYPE': 'rand-m7-n4-mstd0.5-inc1', 'INTERPOLATION': 'bicubic', 'RE_PROB': 0.25, 'RE_MODE': 'pixel', 'RE_COUNT': 1, 'RE_SPLIT': False, 'GEN_MASK_LOADER': False, 'MASK_TUBE': False, 'MASK_FRAMES': False, 'MASK_WINDOW_SIZE': [8, 7, 7], 'MASK_RATIO': 0.0, 'MAX_MASK_PATCHES_PER_BLOCK': None, 'MANIFOLD_MIXUP': False, 'MANIFOLD_MIXUP_ALPHA': 1.0, 'MANIFOLD_MIXUP_CLASS_FREQUENCIES': '', 'MANIFOLD_MIXUP_PAIRS': False, 'MANIFOLD_MIXUP_TRIPLETS': False}), 'SAMPLING': CfgNode({'BALANCED': False, 'BALANCE_TYPE': None}), 'VIS_MASK': CfgNode({'ENABLE': False}), 'MIXUP': CfgNode({'ENABLE': False, 'ALPHA': 0.8, 'CUTMIX_ALPHA': 1.0, 'PROB': 1.0, 'SWITCH_PROB': 0.5, 'LABEL_SMOOTH_VALUE': 0.1}), 'TEST': CfgNode({'ENABLE': True, 'DATASET': 'kinetics', 'BATCH_SIZE': 8, 'CHECKPOINT_FILE_PATH': '', 'NUM_ENSEMBLE_VIEWS': 1, 'NUM_SPATIAL_CROPS': 1, 'CHECKPOINT_TYPE': 'pytorch', 'SAVE_RESULTS_PATH': '', 'NUM_TEMPORAL_CLIPS': [], 'RETURN_FEATS': False, 'RETURN_CAS': False}), 'RESNET': CfgNode({'TRANS_FUNC': 'bottleneck_transform', 'NUM_GROUPS': 1, 'WIDTH_PER_GROUP': 64, 'INPLACE_RELU': True, 'STRIDE_1X1': False, 'ZERO_INIT_FINAL_BN': False, 'ZERO_INIT_FINAL_CONV': False, 'DEPTH': 50, 'NUM_BLOCK_TEMP_KERNEL': [[3], [4], [6], [3]], 'SPATIAL_STRIDES': [[1], [2], [2], [2]], 'SPATIAL_DILATIONS': [[1], [1], [1], [1]]}), 'X3D': CfgNode({'WIDTH_FACTOR': 1.0, 'DEPTH_FACTOR': 1.0, 'BOTTLENECK_FACTOR': 1.0, 'DIM_C5': 2048, 'DIM_C1': 12, 'SCALE_RES2': False, 'BN_LIN5': False, 'CHANNELWISE_3x3x3': True}), 'NONLOCAL': CfgNode({'LOCATION': [[[]], [[]], [[]], [[]]], 'GROUP': [[1], [1], [1], [1]], 'INSTANTIATION': 'dot_product', 'POOL': [[[1, 2, 2], [1, 2, 2]], [[1, 2, 2], [1, 2, 2]], [[1, 2, 2], [1, 2, 2]], [[1, 2, 2], [1, 2, 2]]]}), 'MODEL': CfgNode({'ARCH': 'mvit', 'MODEL_NAME': 'MViT', 'NUM_CLASSES': 16, 'LOSS_FUNC': 'cross_entropy', 'SINGLE_PATHWAY_ARCH': ['2d', 'c2d', 'i3d', 'slow', 'x3d', 'mvit', 'maskmvit'], 'MULTI_PATHWAY_ARCH': ['slowfast'], 'DROPOUT_RATE': 0.5, 'DROPCONNECT_RATE': 0.0, 'FC_INIT_STD': 0.01, 'HEAD_ACT': 'none', 'ACT_CHECKPOINT': False, 'DETACH_FINAL_FC': False, 'DETACH_HEAD': False, 'REINIT_HEAD': False, 'FROZEN_BN': False, 'FP16_ALLREDUCE': False, 'FEAT_AGGREGATOR': 'avg_pool', 'HEAD_MLP_DIM': 2048}), 'MVIT': CfgNode({'MODE': 'conv', 'POOL_FIRST': False, 'CLS_EMBED_ON': True, 'PATCH_KERNEL': [3, 7, 7], 'PATCH_STRIDE': [2, 4, 4], 'PATCH_PADDING': [1, 3, 3], 'PATCH_2D': False, 'EMBED_DIM': 96, 'NUM_HEADS': 1, 'MLP_RATIO': 4.0, 'QKV_BIAS': True, 'DROPPATH_RATE': 0.2, 'LAYER_SCALE_INIT_VALUE': 0.0, 'DEPTH': 16, 'NORM': 'layernorm', 'DIM_MUL': [[1, 2.0], [3, 2.0], [14, 2.0]], 'HEAD_MUL': [[1, 2.0], [3, 2.0], [14, 2.0]], 'POOL_KV_STRIDE': [], 'POOL_KV_STRIDE_ADAPTIVE': [1, 8, 8], 'POOL_Q_STRIDE': [[0, 1, 1, 1], [1, 1, 2, 2], [2, 1, 1, 1], [3, 1, 2, 2], [4, 1, 1, 1], [5, 1, 1, 1], [6, 1, 1, 1], [7, 1, 1, 1], [8, 1, 1, 1], [9, 1, 1, 1], [10, 1, 1, 1], [11, 1, 1, 1], [12, 1, 1, 1], [13, 1, 1, 1], [14, 1, 2, 2], [15, 1, 1, 1]], 'POOL_KVQ_KERNEL': [3, 3, 3], 'ZERO_DECAY_POS_CLS': False, 'NORM_STEM': False, 'SEP_POS_EMBED': False, 'DROPOUT_RATE': 0.0, 'USE_ABS_POS': False, 'REL_POS_SPATIAL': True, 'REL_POS_TEMPORAL': True, 'REL_POS_ZERO_INIT': False, 'RESIDUAL_POOLING': True, 'DIM_MUL_IN_ATT': True, 'SEPARATE_QKV': False, 'HEAD_INIT_SCALE': 1.0, 'USE_MEAN_POOLING': False, 'USE_FIXED_SINCOS_POS': False, 'REV': CfgNode({'ENABLE': False, 'RESPATH_FUSE': 'concat', 'BUFFER_LAYERS': [], 'RES_PATH': 'conv', 'PRE_Q_FUSION': 'avg'})}), 'MASK': CfgNode({'ENABLE': False, 'MAE_ON': False, 'MAE_RND_MASK': False, 'PER_FRAME_MASKING': False, 'TIME_STRIDE_LOSS': True, 'NORM_PRED_PIXEL': True, 'SCALE_INIT_BY_DEPTH': False, 'DECODER_EMBED_DIM': 512, 'DECODER_SEP_POS_EMBED': False, 'DEC_KV_KERNEL': [], 'DEC_KV_STRIDE': [], 'PRETRAIN_DEPTH': [15], 'HEAD_TYPE': 'separate', 'DECODER_DEPTH': 0, 'PRED_HOG': False}), 'SLOWFAST': CfgNode({'BETA_INV': 8, 'ALPHA': 8, 'FUSION_CONV_CHANNEL_RATIO': 2, 'FUSION_KERNEL_SZ': 5}), 'DATA': CfgNode({'SPATIAL_SAMPLING': False, 'PATH_TO_DATA_DIR': '/mnt/data/top_priority_annotations/kinetics/overlapping', 'PATH_LABEL_SEPARATOR': ' ', 'PATH_LABEL_SEPARATOR_IDX': -1, 'PATH_PREFIX': '/mnt/data/top_priority_species', 'NUM_FRAMES': 32, 'SAMPLING_RATE': 24, 'TRAIN_PCA_EIGVAL': [0.225, 0.224, 0.229], 'TRAIN_PCA_EIGVEC': [[-0.5675, 0.7192, 0.4009], [-0.5808, -0.0045, -0.814], [-0.5836, -0.6948, 0.4203]], 'PATH_TO_PRELOAD_IMDB': '', 'USE_MEAN': True, 'MEAN': [0.45, 0.45, 0.45], 'INPUT_CHANNEL_NUM': [3], 'STD': [0.225, 0.225, 0.225], 'TRAIN_JITTER_SCALES': [256, 320], 'TRAIN_JITTER_SCALES_RELATIVE': [0.08, 1.0], 'TRAIN_JITTER_ASPECT_RELATIVE': [0.75, 1.3333], 'USE_OFFSET_SAMPLING': True, 'TRAIN_JITTER_MOTION_SHIFT': False, 'TRAIN_CROP_SIZE': 256, 'TEST_CROP_SIZE': 256, 'TARGET_FPS': 30, 'TRAIN_JITTER_FPS': 0.0, 'DECODING_BACKEND': 'torchvision', 'DECODING_SHORT_SIZE': 256, 'INV_UNIFORM_SAMPLE': False, 'RANDOM_FLIP': True, 'MULTI_LABEL': False, 'ENSEMBLE_METHOD': 'sum', 'REVERSE_INPUT_CHANNEL': False, 'TRAIN_CROP_NUM_TEMPORAL': 1, 'TRAIN_CROP_NUM_SPATIAL': 1, 'COLOR_RND_GRAYSCALE': 0.0, 'LOADER_CHUNK_SIZE': 0, 'LOADER_CHUNK_OVERALL_SIZE': 0, 'SKIP_ROWS': 0, 'TIME_DIFF_PROB': 0.0, 'SSL_COLOR_JITTER': False, 'SSL_COLOR_BRI_CON_SAT': [0.4, 0.4, 0.4], 'SSL_COLOR_HUE': 0.1, 'SSL_MOCOV2_AUG': False, 'SSL_BLUR_SIGMA_MIN': [0.0, 0.1], 'SSL_BLUR_SIGMA_MAX': [0.0, 2.0], 'IN22K_TRAINVAL': False, 'IN22k_VAL_IN1K': '', 'IN_VAL_CROP_RATIO': 0.875, 'DUMMY_LOAD': False, 'PSEUDO_LABELS': '', 'PSEUDO_LABELS_WEIGHT': 1.0}), 'FG_BG_MIXUP': CfgNode({'ENABLE': False, 'RAND_SUB': False, 'MIX_ON_EVAL': False, 'ADD_BG': CfgNode({'ENABLE': False, 'ALPHA_MIN': 0.0, 'ALPHA_MAX': 1.0, 'SCHEDULER': 'linear'}), 'SUBTRACT_BG': CfgNode({'ENABLE': False, 'ALPHA_MIN': 0.0, 'ALPHA_MAX': 1.0, 'SCHEDULER': 'linear', 'APPLY_CLASSWISE': CfgNode({'ENABLE': False, 'CLASSES': []}), 'ORTHO_EMBS': False}), 'ADD_BG2': CfgNode({'ENABLE': False, 'START_FROM_EPOCH': 100}), 'SELECT_RAND_BG_FRAME': CfgNode({'ENABLE': False, 'DUPLICATE_FRAME': False}), 'GEN_BG_NO_GRAD': False, 'CONCAT_BG_FRAMES': CfgNode({'ENABLE': False, 'RATIO': 1.0, 'SORT_BG_FRAMES': False, 'SUBSAMPLE_CONCAT_FRAMES': False})}), 'FGFG_MIXUP': CfgNode({'ENABLE': False}), 'SOLVER': CfgNode({'BASE_LR': 0.0001, 'LR_POLICY': 'cosine', 'COSINE_END_LR': 1e-06, 'GAMMA': 0.1, 'STEP_SIZE': 1, 'STEPS': [], 'LRS': [], 'MAX_EPOCH': 48, 'MOMENTUM': 0.9, 'DAMPENING': 0.0, 'NESTEROV': True, 'WEIGHT_DECAY': 0.05, 'WARMUP_FACTOR': 0.1, 'WARMUP_EPOCHS': 5.0, 'WARMUP_START_LR': 1e-06, 'OPTIMIZING_METHOD': 'adamw', 'BASE_LR_SCALE_NUM_SHARDS': True, 'COSINE_AFTER_WARMUP': True, 'ZERO_WD_1D_PARAM': True, 'CLIP_GRAD_VAL': None, 'CLIP_GRAD_L2NORM': 1.0, 'LARS_ON': False, 'LAYER_DECAY': 1.0, 'BETAS': (0.9, 0.999)}), 'TASK': '', 'NUM_GPUS': 4, 'NUM_SHARDS': 1, 'SHARD_ID': 0, 'OUTPUT_DIR': '/mnt/imslowfast/results/species_classification/mvitv2_overlapping_f=32', 'RNG_SEED': 0, 'LOG_PERIOD': 10, 'LOG_MODEL_INFO': True, 'DIST_BACKEND': 'nccl', 'USE_SBATCH': False, 'BENCHMARK': CfgNode({'NUM_EPOCHS': 5, 'LOG_PERIOD': 100, 'SHUFFLE': True}), 'DATA_LOADER': CfgNode({'NUM_WORKERS': 8, 'PIN_MEMORY': True, 'ENABLE_MULTI_THREAD_DECODE': False}), 'DETECTION': CfgNode({'ENABLE': False, 'ALIGNED': True, 'SPATIAL_SCALE_FACTOR': 16, 'ROI_XFORM_RESOLUTION': 7}), 'AVA': CfgNode({'FRAME_DIR': '/mnt/fair-flash3-east/ava_trainval_frames.img/', 'FRAME_LIST_DIR': '/mnt/vol/gfsai-flash3-east/ai-group/users/haoqifan/ava/frame_list/', 'ANNOTATION_DIR': '/mnt/vol/gfsai-flash3-east/ai-group/users/haoqifan/ava/frame_list/', 'TRAIN_LISTS': ['train.csv'], 'TEST_LISTS': ['val.csv'], 'TRAIN_GT_BOX_LISTS': ['ava_train_v2.2.csv'], 'TRAIN_PREDICT_BOX_LISTS': [], 'TEST_PREDICT_BOX_LISTS': ['ava_val_predicted_boxes.csv'], 'DETECTION_SCORE_THRESH': 0.9, 'BGR': False, 'TRAIN_USE_COLOR_AUGMENTATION': False, 'TRAIN_PCA_JITTER_ONLY': True, 'TEST_FORCE_FLIP': False, 'FULL_TEST_ON_VAL': False, 'LABEL_MAP_FILE': 'ava_action_list_v2.2_for_activitynet_2019.pbtxt', 'EXCLUSION_FILE': 'ava_val_excluded_timestamps_v2.2.csv', 'GROUNDTRUTH_FILE': 'ava_val_v2.2.csv', 'IMG_PROC_BACKEND': 'cv2'}), 'MULTIGRID': CfgNode({'EPOCH_FACTOR': 1.5, 'SHORT_CYCLE': False, 'SHORT_CYCLE_FACTORS': [0.5, 0.7071067811865476], 'LONG_CYCLE': False, 'LONG_CYCLE_FACTORS': [(0.25, 0.7071067811865476), (0.5, 0.7071067811865476), (0.5, 1), (1, 1)], 'BN_BASE_SIZE': 8, 'EVAL_FREQ': 3, 'LONG_CYCLE_SAMPLING_RATE': 0, 'DEFAULT_B': 0, 'DEFAULT_T': 0, 'DEFAULT_S': 0}), 'TENSORBOARD': CfgNode({'ENABLE': True, 'PREDICTIONS_PATH': '', 'LOG_DIR': '', 'CLASS_NAMES_PATH': '', 'CATEGORIES_PATH': '', 'CONFUSION_MATRIX': CfgNode({'ENABLE': False, 'FIGSIZE': [8, 8], 'SUBSET_PATH': ''}), 'HISTOGRAM': CfgNode({'ENABLE': False, 'SUBSET_PATH': '', 'TOPK': 10, 'FIGSIZE': [8, 8]}), 'MODEL_VIS': CfgNode({'ENABLE': False, 'MODEL_WEIGHTS': False, 'ACTIVATIONS': False, 'INPUT_VIDEO': False, 'LAYER_LIST': [], 'TOPK_PREDS': 1, 'COLORMAP': 'Pastel2', 'GRAD_CAM': CfgNode({'ENABLE': True, 'LAYER_LIST': [], 'USE_TRUE_LABEL': False, 'COLORMAP': 'viridis'})}), 'WRONG_PRED_VIS': CfgNode({'ENABLE': False, 'TAG': 'Incorrectly classified videos.', 'SUBSET_PATH': ''})}), 'DEMO': CfgNode({'ENABLE': False, 'LABEL_FILE_PATH': '', 'WEBCAM': -1, 'INPUT_VIDEO': '', 'DISPLAY_WIDTH': 0, 'DISPLAY_HEIGHT': 0, 'DETECTRON2_CFG': 'COCO-Detection/faster_rcnn_R_50_FPN_3x.yaml', 'DETECTRON2_WEIGHTS': 'detectron2://COCO-Detection/faster_rcnn_R_50_FPN_3x/137849458/model_final_280758.pkl', 'DETECTRON2_THRESH': 0.9, 'BUFFER_SIZE': 0, 'OUTPUT_FILE': '', 'OUTPUT_FPS': -1, 'INPUT_FORMAT': 'BGR', 'CLIP_VIS_SIZE': 10, 'NUM_VIS_INSTANCES': 2, 'PREDS_BOXES': '', 'THREAD_ENABLE': False, 'NUM_CLIPS_SKIP': 0, 'GT_BOXES': '', 'STARTING_SECOND': 900, 'FPS': 30, 'VIS_MODE': 'thres', 'COMMON_CLASS_THRES': 0.7, 'UNCOMMON_CLASS_THRES': 0.3, 'COMMON_CLASS_NAMES': ['watch (a person)', 'talk to (e.g., self, a person, a group)', 'listen to (a person)', 'touch (an object)', 'carry/hold (an object)', 'walk', 'sit', 'lie/sleep', 'bend/bow (at the waist)'], 'SLOWMO': 1})})
[03/03 11:03:07][INFO] misc.py:  237: Model:
DistributedDataParallel(
  (module): MViT(
    (patch_embed): PatchEmbed(
      (proj): Conv3d(3, 96, kernel_size=(3, 7, 7), stride=(2, 4, 4), padding=(1, 3, 3))
    )
    (blocks): ModuleList(
      (0): MultiScaleBlock(
        (norm1): LayerNorm((96,), eps=1e-06, elementwise_affine=True)
        (attn): MultiScaleAttention(
          (qkv): Linear(in_features=96, out_features=288, bias=True)
          (proj): Linear(in_features=96, out_features=96, bias=True)
          (pool_q): Conv3d(96, 96, kernel_size=(3, 3, 3), stride=(1, 1, 1), padding=(1, 1, 1), groups=96, bias=False)
          (norm_q): LayerNorm((96,), eps=1e-06, elementwise_affine=True)
          (pool_k): Conv3d(96, 96, kernel_size=(3, 3, 3), stride=(1, 8, 8), padding=(1, 1, 1), groups=96, bias=False)
          (norm_k): LayerNorm((96,), eps=1e-06, elementwise_affine=True)
          (pool_v): Conv3d(96, 96, kernel_size=(3, 3, 3), stride=(1, 8, 8), padding=(1, 1, 1), groups=96, bias=False)
          (norm_v): LayerNorm((96,), eps=1e-06, elementwise_affine=True)
        )
        (drop_path): Identity()
        (norm2): LayerNorm((96,), eps=1e-06, elementwise_affine=True)
        (mlp): Mlp(
          (fc1): Linear(in_features=96, out_features=384, bias=True)
          (act): GELU(approximate='none')
          (fc2): Linear(in_features=384, out_features=96, bias=True)
        )
      )
      (1): MultiScaleBlock(
        (norm1): LayerNorm((96,), eps=1e-06, elementwise_affine=True)
        (attn): MultiScaleAttention(
          (qkv): Linear(in_features=96, out_features=576, bias=True)
          (proj): Linear(in_features=192, out_features=192, bias=True)
          (pool_q): Conv3d(96, 96, kernel_size=(3, 3, 3), stride=(1, 2, 2), padding=(1, 1, 1), groups=96, bias=False)
          (norm_q): LayerNorm((96,), eps=1e-06, elementwise_affine=True)
          (pool_k): Conv3d(96, 96, kernel_size=(3, 3, 3), stride=(1, 4, 4), padding=(1, 1, 1), groups=96, bias=False)
          (norm_k): LayerNorm((96,), eps=1e-06, elementwise_affine=True)
          (pool_v): Conv3d(96, 96, kernel_size=(3, 3, 3), stride=(1, 4, 4), padding=(1, 1, 1), groups=96, bias=False)
          (norm_v): LayerNorm((96,), eps=1e-06, elementwise_affine=True)
        )
        (drop_path): DropPath()
        (norm2): LayerNorm((192,), eps=1e-06, elementwise_affine=True)
        (mlp): Mlp(
          (fc1): Linear(in_features=192, out_features=768, bias=True)
          (act): GELU(approximate='none')
          (fc2): Linear(in_features=768, out_features=192, bias=True)
        )
        (proj): Linear(in_features=96, out_features=192, bias=True)
        (pool_skip): MaxPool3d(kernel_size=[1, 3, 3], stride=[1, 2, 2], padding=[0, 1, 1], dilation=1, ceil_mode=False)
      )
      (2): MultiScaleBlock(
        (norm1): LayerNorm((192,), eps=1e-06, elementwise_affine=True)
        (attn): MultiScaleAttention(
          (qkv): Linear(in_features=192, out_features=576, bias=True)
          (proj): Linear(in_features=192, out_features=192, bias=True)
          (pool_q): Conv3d(96, 96, kernel_size=(3, 3, 3), stride=(1, 1, 1), padding=(1, 1, 1), groups=96, bias=False)
          (norm_q): LayerNorm((96,), eps=1e-06, elementwise_affine=True)
          (pool_k): Conv3d(96, 96, kernel_size=(3, 3, 3), stride=(1, 4, 4), padding=(1, 1, 1), groups=96, bias=False)
          (norm_k): LayerNorm((96,), eps=1e-06, elementwise_affine=True)
          (pool_v): Conv3d(96, 96, kernel_size=(3, 3, 3), stride=(1, 4, 4), padding=(1, 1, 1), groups=96, bias=False)
          (norm_v): LayerNorm((96,), eps=1e-06, elementwise_affine=True)
        )
        (drop_path): DropPath()
        (norm2): LayerNorm((192,), eps=1e-06, elementwise_affine=True)
        (mlp): Mlp(
          (fc1): Linear(in_features=192, out_features=768, bias=True)
          (act): GELU(approximate='none')
          (fc2): Linear(in_features=768, out_features=192, bias=True)
        )
      )
      (3): MultiScaleBlock(
        (norm1): LayerNorm((192,), eps=1e-06, elementwise_affine=True)
        (attn): MultiScaleAttention(
          (qkv): Linear(in_features=192, out_features=1152, bias=True)
          (proj): Linear(in_features=384, out_features=384, bias=True)
          (pool_q): Conv3d(96, 96, kernel_size=(3, 3, 3), stride=(1, 2, 2), padding=(1, 1, 1), groups=96, bias=False)
          (norm_q): LayerNorm((96,), eps=1e-06, elementwise_affine=True)
          (pool_k): Conv3d(96, 96, kernel_size=(3, 3, 3), stride=(1, 2, 2), padding=(1, 1, 1), groups=96, bias=False)
          (norm_k): LayerNorm((96,), eps=1e-06, elementwise_affine=True)
          (pool_v): Conv3d(96, 96, kernel_size=(3, 3, 3), stride=(1, 2, 2), padding=(1, 1, 1), groups=96, bias=False)
          (norm_v): LayerNorm((96,), eps=1e-06, elementwise_affine=True)
        )
        (drop_path): DropPath()
        (norm2): LayerNorm((384,), eps=1e-06, elementwise_affine=True)
        (mlp): Mlp(
          (fc1): Linear(in_features=384, out_features=1536, bias=True)
          (act): GELU(approximate='none')
          (fc2): Linear(in_features=1536, out_features=384, bias=True)
        )
        (proj): Linear(in_features=192, out_features=384, bias=True)
        (pool_skip): MaxPool3d(kernel_size=[1, 3, 3], stride=[1, 2, 2], padding=[0, 1, 1], dilation=1, ceil_mode=False)
      )
      (4-13): 10 x MultiScaleBlock(
        (norm1): LayerNorm((384,), eps=1e-06, elementwise_affine=True)
        (attn): MultiScaleAttention(
          (qkv): Linear(in_features=384, out_features=1152, bias=True)
          (proj): Linear(in_features=384, out_features=384, bias=True)
          (pool_q): Conv3d(96, 96, kernel_size=(3, 3, 3), stride=(1, 1, 1), padding=(1, 1, 1), groups=96, bias=False)
          (norm_q): LayerNorm((96,), eps=1e-06, elementwise_affine=True)
          (pool_k): Conv3d(96, 96, kernel_size=(3, 3, 3), stride=(1, 2, 2), padding=(1, 1, 1), groups=96, bias=False)
          (norm_k): LayerNorm((96,), eps=1e-06, elementwise_affine=True)
          (pool_v): Conv3d(96, 96, kernel_size=(3, 3, 3), stride=(1, 2, 2), padding=(1, 1, 1), groups=96, bias=False)
          (norm_v): LayerNorm((96,), eps=1e-06, elementwise_affine=True)
        )
        (drop_path): DropPath()
        (norm2): LayerNorm((384,), eps=1e-06, elementwise_affine=True)
        (mlp): Mlp(
          (fc1): Linear(in_features=384, out_features=1536, bias=True)
          (act): GELU(approximate='none')
          (fc2): Linear(in_features=1536, out_features=384, bias=True)
        )
      )
      (14): MultiScaleBlock(
        (norm1): LayerNorm((384,), eps=1e-06, elementwise_affine=True)
        (attn): MultiScaleAttention(
          (qkv): Linear(in_features=384, out_features=2304, bias=True)
          (proj): Linear(in_features=768, out_features=768, bias=True)
          (pool_q): Conv3d(96, 96, kernel_size=(3, 3, 3), stride=(1, 2, 2), padding=(1, 1, 1), groups=96, bias=False)
          (norm_q): LayerNorm((96,), eps=1e-06, elementwise_affine=True)
          (pool_k): Conv3d(96, 96, kernel_size=(3, 3, 3), stride=(1, 1, 1), padding=(1, 1, 1), groups=96, bias=False)
          (norm_k): LayerNorm((96,), eps=1e-06, elementwise_affine=True)
          (pool_v): Conv3d(96, 96, kernel_size=(3, 3, 3), stride=(1, 1, 1), padding=(1, 1, 1), groups=96, bias=False)
          (norm_v): LayerNorm((96,), eps=1e-06, elementwise_affine=True)
        )
        (drop_path): DropPath()
        (norm2): LayerNorm((768,), eps=1e-06, elementwise_affine=True)
        (mlp): Mlp(
          (fc1): Linear(in_features=768, out_features=3072, bias=True)
          (act): GELU(approximate='none')
          (fc2): Linear(in_features=3072, out_features=768, bias=True)
        )
        (proj): Linear(in_features=384, out_features=768, bias=True)
        (pool_skip): MaxPool3d(kernel_size=[1, 3, 3], stride=[1, 2, 2], padding=[0, 1, 1], dilation=1, ceil_mode=False)
      )
      (15): MultiScaleBlock(
        (norm1): LayerNorm((768,), eps=1e-06, elementwise_affine=True)
        (attn): MultiScaleAttention(
          (qkv): Linear(in_features=768, out_features=2304, bias=True)
          (proj): Linear(in_features=768, out_features=768, bias=True)
          (pool_q): Conv3d(96, 96, kernel_size=(3, 3, 3), stride=(1, 1, 1), padding=(1, 1, 1), groups=96, bias=False)
          (norm_q): LayerNorm((96,), eps=1e-06, elementwise_affine=True)
          (pool_k): Conv3d(96, 96, kernel_size=(3, 3, 3), stride=(1, 1, 1), padding=(1, 1, 1), groups=96, bias=False)
          (norm_k): LayerNorm((96,), eps=1e-06, elementwise_affine=True)
          (pool_v): Conv3d(96, 96, kernel_size=(3, 3, 3), stride=(1, 1, 1), padding=(1, 1, 1), groups=96, bias=False)
          (norm_v): LayerNorm((96,), eps=1e-06, elementwise_affine=True)
        )
        (drop_path): DropPath()
        (norm2): LayerNorm((768,), eps=1e-06, elementwise_affine=True)
        (mlp): Mlp(
          (fc1): Linear(in_features=768, out_features=3072, bias=True)
          (act): GELU(approximate='none')
          (fc2): Linear(in_features=3072, out_features=768, bias=True)
        )
      )
    )
    (norm): LayerNorm((768,), eps=1e-06, elementwise_affine=True)
    (head): TransformerBasicHead(
      (dropout): Dropout(p=0.5, inplace=False)
      (projection): Linear(in_features=768, out_features=16, bias=True)
    )
  )
)
[03/03 11:03:07][INFO] misc.py:  239: Params: 34,282,768
[03/03 11:03:07][INFO] misc.py:  240: Mem: 0.2557835578918457 MB
[03/03 11:03:09][WARNING] jit_analysis.py:  499: Unsupported operator aten::mul encountered 489 time(s)
[03/03 11:03:09][WARNING] jit_analysis.py:  499: Unsupported operator aten::div encountered 68 time(s)
[03/03 11:03:09][WARNING] jit_analysis.py:  499: Unsupported operator aten::sub encountered 96 time(s)
[03/03 11:03:09][WARNING] jit_analysis.py:  499: Unsupported operator aten::add_ encountered 64 time(s)
[03/03 11:03:09][WARNING] jit_analysis.py:  499: Unsupported operator aten::add encountered 80 time(s)
[03/03 11:03:09][WARNING] jit_analysis.py:  499: Unsupported operator aten::softmax encountered 16 time(s)
[03/03 11:03:09][WARNING] jit_analysis.py:  499: Unsupported operator aten::gelu encountered 16 time(s)
[03/03 11:03:09][WARNING] jit_analysis.py:  499: Unsupported operator aten::max_pool3d encountered 3 time(s)
[03/03 11:03:09][WARNING] jit_analysis.py:  511: The following submodules of the model were never called during the trace of the graph. They may be unused, or they were accessed by direct calls to .forward() or via other python methods. In the latter case they will have zeros for statistics, though their statistics will still contribute to their parent calling module.
module.blocks.1.drop_path, module.blocks.10.drop_path, module.blocks.11.drop_path, module.blocks.12.drop_path, module.blocks.13.drop_path, module.blocks.14.drop_path, module.blocks.15.drop_path, module.blocks.2.drop_path, module.blocks.3.drop_path, module.blocks.4.drop_path, module.blocks.5.drop_path, module.blocks.6.drop_path, module.blocks.7.drop_path, module.blocks.8.drop_path, module.blocks.9.drop_path
[03/03 11:03:09][INFO] misc.py:  242: Flops: 229.28437195200001 G
[03/03 11:03:10][WARNING] jit_analysis.py:  499: Unsupported operator aten::layer_norm encountered 81 time(s)
[03/03 11:03:10][WARNING] jit_analysis.py:  499: Unsupported operator aten::mul encountered 489 time(s)
[03/03 11:03:10][WARNING] jit_analysis.py:  499: Unsupported operator aten::div encountered 68 time(s)
[03/03 11:03:10][WARNING] jit_analysis.py:  499: Unsupported operator aten::sub encountered 96 time(s)
[03/03 11:03:10][WARNING] jit_analysis.py:  499: Unsupported operator aten::add_ encountered 64 time(s)
[03/03 11:03:10][WARNING] jit_analysis.py:  499: Unsupported operator aten::add encountered 80 time(s)
[03/03 11:03:10][WARNING] jit_analysis.py:  499: Unsupported operator aten::softmax encountered 16 time(s)
[03/03 11:03:10][WARNING] jit_analysis.py:  499: Unsupported operator aten::gelu encountered 16 time(s)
[03/03 11:03:10][WARNING] jit_analysis.py:  499: Unsupported operator aten::max_pool3d encountered 3 time(s)
[03/03 11:03:10][WARNING] jit_analysis.py:  511: The following submodules of the model were never called during the trace of the graph. They may be unused, or they were accessed by direct calls to .forward() or via other python methods. In the latter case they will have zeros for statistics, though their statistics will still contribute to their parent calling module.
module.blocks.1.drop_path, module.blocks.10.drop_path, module.blocks.11.drop_path, module.blocks.12.drop_path, module.blocks.13.drop_path, module.blocks.14.drop_path, module.blocks.15.drop_path, module.blocks.2.drop_path, module.blocks.3.drop_path, module.blocks.4.drop_path, module.blocks.5.drop_path, module.blocks.6.drop_path, module.blocks.7.drop_path, module.blocks.8.drop_path, module.blocks.9.drop_path
[03/03 11:03:10][INFO] misc.py:  243: Activations: 968.5333290000001 M
[03/03 11:03:10][INFO] misc.py:  248: nvidia-smi
Mon Mar  3 11:03:10 2025       
+---------------------------------------------------------------------------------------+
| NVIDIA-SMI 535.230.02             Driver Version: 535.230.02   CUDA Version: 12.3     |
|-----------------------------------------+----------------------+----------------------+
| GPU  Name                 Persistence-M | Bus-Id        Disp.A | Volatile Uncorr. ECC |
| Fan  Temp   Perf          Pwr:Usage/Cap |         Memory-Usage | GPU-Util  Compute M. |
|                                         |                      |               MIG M. |
|=========================================+======================+======================|
|   0  NVIDIA GH200 120GB             On  | 00000009:01:00.0 Off |                    0 |
| N/A   26C    P0             130W / 900W |   8251MiB / 97871MiB |      0%      Default |
|                                         |                      |             Disabled |
+-----------------------------------------+----------------------+----------------------+
|   1  NVIDIA GH200 120GB             On  | 00000019:01:00.0 Off |                    0 |
| N/A   27C    P0             127W / 900W |   2968MiB / 97871MiB |      0%      Default |
|                                         |                      |             Disabled |
+-----------------------------------------+----------------------+----------------------+
|   2  NVIDIA GH200 120GB             On  | 00000029:01:00.0 Off |                    0 |
| N/A   26C    P0             130W / 900W |   2962MiB / 97871MiB |      0%      Default |
|                                         |                      |             Disabled |
+-----------------------------------------+----------------------+----------------------+
|   3  NVIDIA GH200 120GB             On  | 00000039:01:00.0 Off |                    0 |
| N/A   26C    P0             137W / 900W |   2863MiB / 97871MiB |      0%      Default |
|                                         |                      |             Disabled |
+-----------------------------------------+----------------------+----------------------+
                                                                                         
+---------------------------------------------------------------------------------------+
| Processes:                                                                            |
|  GPU   GI   CI        PID   Type   Process name                            GPU Memory |
|        ID   ID                                                             Usage      |
|=======================================================================================|
|    0   N/A  N/A     45298      C   /usr/bin/python                            7664MiB |
|    1   N/A  N/A     45299      C   /usr/bin/python                            2406MiB |
|    2   N/A  N/A     45300      C   /usr/bin/python                            2398MiB |
|    3   N/A  N/A     45301      C   /usr/bin/python                            2302MiB |
+---------------------------------------------------------------------------------------+
bn 0, non bn 166, zero 231, no grad 0
[03/03 11:03:10][INFO] train_net.py:  861: Load from last checkpoint.
[03/03 11:03:10][INFO] checkpoint.py:  222: Loading network weights from /mnt/imslowfast/results/species_classification/mvitv2_overlapping_f=32/checkpoints/checkpoint_epoch_00040.pyth.
missing keys: []
unexpected keys: []
[03/03 11:03:10][INFO] kinetics.py:   92: Constructing Kinetics train...
[03/03 11:03:11][INFO] kinetics.py:  164: Constructing kinetics dataloader (size: 85976 skip_rows 0) from /mnt/data/top_priority_annotations/kinetics/overlapping/train.csv 
SAMPLING.BALANCED: False; BALANCE_TYPE: None
[03/03 11:03:11][INFO] kinetics.py:   92: Constructing Kinetics val...
[03/03 11:03:11][INFO] kinetics.py:  164: Constructing kinetics dataloader (size: 51587 skip_rows 0) from /mnt/data/top_priority_annotations/kinetics/overlapping/val.csv 
SAMPLING.BALANCED: False; BALANCE_TYPE: None
[03/03 11:03:11][INFO] tensorboard_vis.py:   52: To see logged results in Tensorboard, please launch using the command             `tensorboard  --port=<port-number> --logdir /mnt/imslowfast/results/species_classification/mvitv2_overlapping_f=32/runs-kinetics`
[03/03 11:03:11][INFO] train_net.py:  944: Start epoch: 41
[03/03 11:04:10][INFO] logging.py:   99: json_stats: {"_type": "train_iter_", "dt": 1.44886, "dt_data": 0.00042, "dt_net": 1.44844, "epoch": "41/48", "eta": "4:19:12", "gpu_mem": "77.43G", "grad_norm": 3.90984, "iter": "10/1343", "loss": 0.31730, "lr": 0.00001, "top1_err": 12.50000, "top5_err": 0.00000}
[03/03 11:04:25][INFO] logging.py:   99: json_stats: {"_type": "train_iter_", "dt": 1.45611, "dt_data": 0.00041, "dt_net": 1.45570, "epoch": "41/48", "eta": "4:20:15", "gpu_mem": "77.43G", "grad_norm": 2.82572, "iter": "20/1343", "loss": 0.28329, "lr": 0.00001, "top1_err": 9.37500, "top5_err": 0.00000}
[03/03 11:04:40][INFO] logging.py:   99: json_stats: {"_type": "train_iter_", "dt": 1.45593, "dt_data": 0.00039, "dt_net": 1.45553, "epoch": "41/48", "eta": "4:19:58", "gpu_mem": "77.43G", "grad_norm": 4.38793, "iter": "30/1343", "loss": 0.36565, "lr": 0.00001, "top1_err": 14.06250, "top5_err": 0.00000}
[03/03 11:04:57][INFO] logging.py:   99: json_stats: {"_type": "train_iter_", "dt": 1.46184, "dt_data": 0.00040, "dt_net": 1.46143, "epoch": "41/48", "eta": "4:20:47", "gpu_mem": "77.43G", "grad_norm": 3.30289, "iter": "40/1343", "loss": 0.29386, "lr": 0.00001, "top1_err": 9.37500, "top5_err": 0.00000}
[03/03 11:05:13][INFO] logging.py:   99: json_stats: {"_type": "train_iter_", "dt": 1.45410, "dt_data": 0.00051, "dt_net": 1.45359, "epoch": "41/48", "eta": "4:19:10", "gpu_mem": "77.43G", "grad_norm": 3.17923, "iter": "50/1343", "loss": 0.29325, "lr": 0.00001, "top1_err": 10.93750, "top5_err": 0.00000}
[03/03 11:05:35][INFO] logging.py:   99: json_stats: {"_type": "train_iter_", "dt": 1.43952, "dt_data": 0.00062, "dt_net": 1.43890, "epoch": "41/48", "eta": "4:16:19", "gpu_mem": "77.43G", "grad_norm": 5.27166, "iter": "60/1343", "loss": 0.30276, "lr": 0.00001, "top1_err": 10.15625, "top5_err": 0.00000}
[03/03 11:05:54][INFO] logging.py:   99: json_stats: {"_type": "train_iter_", "dt": 1.43025, "dt_data": 0.00027, "dt_net": 1.42999, "epoch": "41/48", "eta": "4:14:26", "gpu_mem": "77.43G", "grad_norm": 2.98854, "iter": "70/1343", "loss": 0.26133, "lr": 0.00001, "top1_err": 9.37500, "top5_err": 0.00000}
[03/03 11:06:11][INFO] logging.py:   99: json_stats: {"_type": "train_iter_", "dt": 1.45053, "dt_data": 0.00041, "dt_net": 1.45012, "epoch": "41/48", "eta": "4:17:48", "gpu_mem": "77.43G", "grad_norm": 3.13673, "iter": "80/1343", "loss": 0.24133, "lr": 0.00001, "top1_err": 9.37500, "top5_err": 0.00000}
[03/03 11:06:26][INFO] logging.py:   99: json_stats: {"_type": "train_iter_", "dt": 1.45633, "dt_data": 0.00041, "dt_net": 1.45591, "epoch": "41/48", "eta": "4:18:35", "gpu_mem": "77.43G", "grad_norm": 3.31624, "iter": "90/1343", "loss": 0.26092, "lr": 0.00001, "top1_err": 8.59375, "top5_err": 0.00000}
[03/03 11:06:43][INFO] logging.py:   99: json_stats: {"_type": "train_iter_", "dt": 1.45124, "dt_data": 0.00061, "dt_net": 1.45063, "epoch": "41/48", "eta": "4:17:27", "gpu_mem": "77.43G", "grad_norm": 3.05746, "iter": "100/1343", "loss": 0.26920, "lr": 0.00001, "top1_err": 10.15625, "top5_err": 0.00000}
[03/03 11:06:59][INFO] logging.py:   99: json_stats: {"_type": "train_iter_", "dt": 1.46316, "dt_data": 0.00041, "dt_net": 1.46275, "epoch": "41/48", "eta": "4:19:19", "gpu_mem": "77.43G", "grad_norm": 4.03985, "iter": "110/1343", "loss": 0.27832, "lr": 0.00001, "top1_err": 10.15625, "top5_err": 0.00000}
[03/03 11:07:15][INFO] logging.py:   99: json_stats: {"_type": "train_iter_", "dt": 1.45989, "dt_data": 0.00080, "dt_net": 1.45909, "epoch": "41/48", "eta": "4:18:29", "gpu_mem": "77.43G", "grad_norm": 4.61051, "iter": "120/1343", "loss": 0.28015, "lr": 0.00001, "top1_err": 9.37500, "top5_err": 0.00000}
[03/03 11:07:33][INFO] logging.py:   99: json_stats: {"_type": "train_iter_", "dt": 1.45636, "dt_data": 0.00038, "dt_net": 1.45597, "epoch": "41/48", "eta": "4:17:37", "gpu_mem": "77.43G", "grad_norm": 2.97500, "iter": "130/1343", "loss": 0.26850, "lr": 0.00001, "top1_err": 8.59375, "top5_err": 0.00000}
[03/03 11:07:51][INFO] logging.py:   99: json_stats: {"_type": "train_iter_", "dt": 1.46653, "dt_data": 0.00048, "dt_net": 1.46605, "epoch": "41/48", "eta": "4:19:11", "gpu_mem": "77.43G", "grad_norm": 4.32220, "iter": "140/1343", "loss": 0.29584, "lr": 0.00001, "top1_err": 7.81250, "top5_err": 0.00000}
[03/03 11:08:08][INFO] logging.py:   99: json_stats: {"_type": "train_iter_", "dt": 1.45563, "dt_data": 0.00062, "dt_net": 1.45501, "epoch": "41/48", "eta": "4:17:00", "gpu_mem": "77.43G", "grad_norm": 4.48875, "iter": "150/1343", "loss": 0.27512, "lr": 0.00001, "top1_err": 10.15625, "top5_err": 0.00000}
[03/03 11:08:22][INFO] logging.py:   99: json_stats: {"_type": "train_iter_", "dt": 1.45882, "dt_data": 0.00114, "dt_net": 1.45768, "epoch": "41/48", "eta": "4:17:20", "gpu_mem": "77.43G", "grad_norm": 5.01614, "iter": "160/1343", "loss": 0.28484, "lr": 0.00001, "top1_err": 9.37500, "top5_err": 0.00000}
[03/03 11:08:37][INFO] logging.py:   99: json_stats: {"_type": "train_iter_", "dt": 1.45922, "dt_data": 0.00040, "dt_net": 1.45881, "epoch": "41/48", "eta": "4:17:09", "gpu_mem": "77.43G", "grad_norm": 4.91124, "iter": "170/1343", "loss": 0.31193, "lr": 0.00001, "top1_err": 13.28125, "top5_err": 0.00000}
[03/03 11:08:52][INFO] logging.py:   99: json_stats: {"_type": "train_iter_", "dt": 1.46239, "dt_data": 0.00040, "dt_net": 1.46199, "epoch": "41/48", "eta": "4:17:28", "gpu_mem": "77.43G", "grad_norm": 3.37280, "iter": "180/1343", "loss": 0.27886, "lr": 0.00001, "top1_err": 10.93750, "top5_err": 0.00000}
[03/03 11:09:06][INFO] logging.py:   99: json_stats: {"_type": "train_iter_", "dt": 1.46279, "dt_data": 0.00037, "dt_net": 1.46242, "epoch": "41/48", "eta": "4:17:18", "gpu_mem": "77.43G", "grad_norm": 3.32148, "iter": "190/1343", "loss": 0.31569, "lr": 0.00001, "top1_err": 10.93750, "top5_err": 0.00000}
[03/03 11:09:24][INFO] logging.py:   99: json_stats: {"_type": "train_iter_", "dt": 1.45543, "dt_data": 0.00058, "dt_net": 1.45485, "epoch": "41/48", "eta": "4:15:46", "gpu_mem": "77.43G", "grad_norm": 6.29755, "iter": "200/1343", "loss": 0.32601, "lr": 0.00001, "top1_err": 10.15625, "top5_err": 0.00000}
[03/03 11:09:39][INFO] logging.py:   99: json_stats: {"_type": "train_iter_", "dt": 1.46372, "dt_data": 0.00045, "dt_net": 1.46327, "epoch": "41/48", "eta": "4:16:58", "gpu_mem": "77.43G", "grad_norm": 3.55765, "iter": "210/1343", "loss": 0.26948, "lr": 0.00001, "top1_err": 9.37500, "top5_err": 0.00000}
[03/03 11:09:54][INFO] logging.py:   99: json_stats: {"_type": "train_iter_", "dt": 1.45988, "dt_data": 0.00077, "dt_net": 1.45910, "epoch": "41/48", "eta": "4:16:03", "gpu_mem": "77.43G", "grad_norm": 5.11048, "iter": "220/1343", "loss": 0.31898, "lr": 0.00001, "top1_err": 9.37500, "top5_err": 0.00000}
[03/03 11:10:13][INFO] logging.py:   99: json_stats: {"_type": "train_iter_", "dt": 1.44324, "dt_data": 0.00045, "dt_net": 1.44280, "epoch": "41/48", "eta": "4:12:54", "gpu_mem": "77.43G", "grad_norm": 2.89390, "iter": "230/1343", "loss": 0.32044, "lr": 0.00001, "top1_err": 10.15625, "top5_err": 0.00000}
[03/03 11:10:30][INFO] logging.py:   99: json_stats: {"_type": "train_iter_", "dt": 1.44601, "dt_data": 0.00033, "dt_net": 1.44568, "epoch": "41/48", "eta": "4:13:08", "gpu_mem": "77.43G", "grad_norm": 4.83567, "iter": "240/1343", "loss": 0.29575, "lr": 0.00001, "top1_err": 10.93750, "top5_err": 0.00000}
[03/03 11:10:48][INFO] logging.py:   99: json_stats: {"_type": "train_iter_", "dt": 1.44991, "dt_data": 0.00049, "dt_net": 1.44941, "epoch": "41/48", "eta": "4:13:35", "gpu_mem": "77.43G", "grad_norm": 3.60344, "iter": "250/1343", "loss": 0.27200, "lr": 0.00001, "top1_err": 10.93750, "top5_err": 0.00000}
[03/03 11:11:06][INFO] logging.py:   99: json_stats: {"_type": "train_iter_", "dt": 1.45111, "dt_data": 0.00051, "dt_net": 1.45061, "epoch": "41/48", "eta": "4:13:33", "gpu_mem": "77.43G", "grad_norm": 3.13335, "iter": "260/1343", "loss": 0.35059, "lr": 0.00001, "top1_err": 12.50000, "top5_err": 0.00000}
[03/03 11:11:21][INFO] logging.py:   99: json_stats: {"_type": "train_iter_", "dt": 1.45977, "dt_data": 0.00050, "dt_net": 1.45927, "epoch": "41/48", "eta": "4:14:49", "gpu_mem": "77.43G", "grad_norm": 2.40718, "iter": "270/1343", "loss": 0.23867, "lr": 0.00001, "top1_err": 10.15625, "top5_err": 0.00000}
[03/03 11:11:38][INFO] logging.py:   99: json_stats: {"_type": "train_iter_", "dt": 1.45060, "dt_data": 0.00042, "dt_net": 1.45018, "epoch": "41/48", "eta": "4:12:59", "gpu_mem": "77.43G", "grad_norm": 4.96921, "iter": "280/1343", "loss": 0.26885, "lr": 0.00001, "top1_err": 10.93750, "top5_err": 0.00000}
[03/03 11:11:56][INFO] logging.py:   99: json_stats: {"_type": "train_iter_", "dt": 1.44744, "dt_data": 0.00057, "dt_net": 1.44686, "epoch": "41/48", "eta": "4:12:11", "gpu_mem": "77.43G", "grad_norm": 4.63822, "iter": "290/1343", "loss": 0.33667, "lr": 0.00001, "top1_err": 10.15625, "top5_err": 0.00000}
[03/03 11:12:10][INFO] logging.py:   99: json_stats: {"_type": "train_iter_", "dt": 1.45570, "dt_data": 0.00045, "dt_net": 1.45525, "epoch": "41/48", "eta": "4:13:23", "gpu_mem": "77.43G", "grad_norm": 2.96613, "iter": "300/1343", "loss": 0.26189, "lr": 0.00001, "top1_err": 9.37500, "top5_err": 0.00000}
[03/03 11:12:26][INFO] logging.py:   99: json_stats: {"_type": "train_iter_", "dt": 1.45710, "dt_data": 0.00141, "dt_net": 1.45569, "epoch": "41/48", "eta": "4:13:23", "gpu_mem": "77.43G", "grad_norm": 5.25280, "iter": "310/1343", "loss": 0.30305, "lr": 0.00001, "top1_err": 10.93750, "top5_err": 0.00000}
[03/03 11:12:43][INFO] logging.py:   99: json_stats: {"_type": "train_iter_", "dt": 1.45742, "dt_data": 0.00122, "dt_net": 1.45620, "epoch": "41/48", "eta": "4:13:12", "gpu_mem": "77.43G", "grad_norm": 3.22231, "iter": "320/1343", "loss": 0.21229, "lr": 0.00001, "top1_err": 7.03125, "top5_err": 0.00000}
[03/03 11:13:01][INFO] logging.py:   99: json_stats: {"_type": "train_iter_", "dt": 1.44350, "dt_data": 0.00169, "dt_net": 1.44181, "epoch": "41/48", "eta": "4:10:32", "gpu_mem": "77.43G", "grad_norm": 3.07971, "iter": "330/1343", "loss": 0.26954, "lr": 0.00001, "top1_err": 10.93750, "top5_err": 0.00000}
[03/03 11:13:16][INFO] logging.py:   99: json_stats: {"_type": "train_iter_", "dt": 1.45634, "dt_data": 0.00039, "dt_net": 1.45595, "epoch": "41/48", "eta": "4:12:31", "gpu_mem": "77.43G", "grad_norm": 5.15683, "iter": "340/1343", "loss": 0.31428, "lr": 0.00001, "top1_err": 11.71875, "top5_err": 0.00000}
[03/03 11:13:34][INFO] logging.py:   99: json_stats: {"_type": "train_iter_", "dt": 1.45378, "dt_data": 0.00089, "dt_net": 1.45289, "epoch": "41/48", "eta": "4:11:50", "gpu_mem": "77.43G", "grad_norm": 4.27740, "iter": "350/1343", "loss": 0.23853, "lr": 0.00001, "top1_err": 10.15625, "top5_err": 0.00000}
[03/03 11:13:49][INFO] logging.py:   99: json_stats: {"_type": "train_iter_", "dt": 1.45539, "dt_data": 0.00122, "dt_net": 1.45416, "epoch": "41/48", "eta": "4:11:52", "gpu_mem": "77.43G", "grad_norm": 3.48068, "iter": "360/1343", "loss": 0.32574, "lr": 0.00001, "top1_err": 10.93750, "top5_err": 0.00000}
[03/03 11:14:08][INFO] logging.py:   99: json_stats: {"_type": "train_iter_", "dt": 1.44336, "dt_data": 0.00073, "dt_net": 1.44263, "epoch": "41/48", "eta": "4:09:33", "gpu_mem": "77.43G", "grad_norm": 2.17570, "iter": "370/1343", "loss": 0.30983, "lr": 0.00001, "top1_err": 9.37500, "top5_err": 0.00000}
[03/03 11:14:26][INFO] logging.py:   99: json_stats: {"_type": "train_iter_", "dt": 1.44461, "dt_data": 0.00050, "dt_net": 1.44411, "epoch": "41/48", "eta": "4:09:31", "gpu_mem": "77.43G", "grad_norm": 3.76781, "iter": "380/1343", "loss": 0.27288, "lr": 0.00001, "top1_err": 10.93750, "top5_err": 0.00000}
[03/03 11:14:42][INFO] logging.py:   99: json_stats: {"_type": "train_iter_", "dt": 1.45711, "dt_data": 0.00097, "dt_net": 1.45614, "epoch": "41/48", "eta": "4:11:26", "gpu_mem": "77.43G", "grad_norm": 2.47153, "iter": "390/1343", "loss": 0.29158, "lr": 0.00001, "top1_err": 9.37500, "top5_err": 0.00000}
[03/03 11:15:00][INFO] logging.py:   99: json_stats: {"_type": "train_iter_", "dt": 1.43447, "dt_data": 0.00106, "dt_net": 1.43341, "epoch": "41/48", "eta": "4:07:18", "gpu_mem": "77.43G", "grad_norm": 3.34545, "iter": "400/1343", "loss": 0.27779, "lr": 0.00001, "top1_err": 10.93750, "top5_err": 0.00000}
[03/03 11:15:18][INFO] logging.py:   99: json_stats: {"_type": "train_iter_", "dt": 1.44644, "dt_data": 0.00047, "dt_net": 1.44597, "epoch": "41/48", "eta": "4:09:07", "gpu_mem": "77.43G", "grad_norm": 3.75799, "iter": "410/1343", "loss": 0.26324, "lr": 0.00001, "top1_err": 9.37500, "top5_err": 0.00000}
[03/03 11:15:33][INFO] logging.py:   99: json_stats: {"_type": "train_iter_", "dt": 1.45736, "dt_data": 0.00088, "dt_net": 1.45647, "epoch": "41/48", "eta": "4:10:45", "gpu_mem": "77.43G", "grad_norm": 4.71432, "iter": "420/1343", "loss": 0.27547, "lr": 0.00001, "top1_err": 8.59375, "top5_err": 0.00000}
[03/03 11:15:52][INFO] logging.py:   99: json_stats: {"_type": "train_iter_", "dt": 1.45327, "dt_data": 0.00117, "dt_net": 1.45210, "epoch": "41/48", "eta": "4:09:49", "gpu_mem": "77.43G", "grad_norm": 3.77039, "iter": "430/1343", "loss": 0.34903, "lr": 0.00001, "top1_err": 11.71875, "top5_err": 0.00000}
[03/03 11:16:12][INFO] logging.py:   99: json_stats: {"_type": "train_iter_", "dt": 1.43269, "dt_data": 0.00078, "dt_net": 1.43191, "epoch": "41/48", "eta": "4:06:02", "gpu_mem": "77.43G", "grad_norm": 3.70137, "iter": "440/1343", "loss": 0.23005, "lr": 0.00001, "top1_err": 7.81250, "top5_err": 0.00000}
[03/03 11:16:31][INFO] logging.py:   99: json_stats: {"_type": "train_iter_", "dt": 1.43842, "dt_data": 0.00038, "dt_net": 1.43804, "epoch": "41/48", "eta": "4:06:47", "gpu_mem": "77.43G", "grad_norm": 2.89095, "iter": "450/1343", "loss": 0.29396, "lr": 0.00001, "top1_err": 11.71875, "top5_err": 0.00000}
[03/03 11:16:46][INFO] logging.py:   99: json_stats: {"_type": "train_iter_", "dt": 1.45788, "dt_data": 0.00076, "dt_net": 1.45712, "epoch": "41/48", "eta": "4:09:52", "gpu_mem": "77.43G", "grad_norm": 5.97908, "iter": "460/1343", "loss": 0.29426, "lr": 0.00001, "top1_err": 10.93750, "top5_err": 0.00000}
[03/03 11:17:09][INFO] logging.py:   99: json_stats: {"_type": "train_iter_", "dt": 1.42988, "dt_data": 0.00039, "dt_net": 1.42948, "epoch": "41/48", "eta": "4:04:50", "gpu_mem": "77.43G", "grad_norm": 3.90537, "iter": "470/1343", "loss": 0.25318, "lr": 0.00001, "top1_err": 8.59375, "top5_err": 0.00000}
[03/03 11:17:23][INFO] logging.py:   99: json_stats: {"_type": "train_iter_", "dt": 1.44736, "dt_data": 0.00038, "dt_net": 1.44698, "epoch": "41/48", "eta": "4:07:35", "gpu_mem": "77.43G", "grad_norm": 3.97093, "iter": "480/1343", "loss": 0.37696, "lr": 0.00001, "top1_err": 10.93750, "top5_err": 0.00000}
[03/03 11:17:38][INFO] logging.py:   99: json_stats: {"_type": "train_iter_", "dt": 1.45874, "dt_data": 0.00093, "dt_net": 1.45781, "epoch": "41/48", "eta": "4:09:17", "gpu_mem": "77.43G", "grad_norm": 4.32636, "iter": "490/1343", "loss": 0.28322, "lr": 0.00001, "top1_err": 10.93750, "top5_err": 0.00000}
[03/03 11:17:53][INFO] logging.py:   99: json_stats: {"_type": "train_iter_", "dt": 1.45990, "dt_data": 0.00103, "dt_net": 1.45886, "epoch": "41/48", "eta": "4:09:15", "gpu_mem": "77.43G", "grad_norm": 3.69334, "iter": "500/1343", "loss": 0.29542, "lr": 0.00001, "top1_err": 10.93750, "top5_err": 0.00000}
[03/03 11:18:14][INFO] logging.py:   99: json_stats: {"_type": "train_iter_", "dt": 1.45221, "dt_data": 0.00054, "dt_net": 1.45167, "epoch": "41/48", "eta": "4:07:41", "gpu_mem": "77.43G", "grad_norm": 4.29857, "iter": "510/1343", "loss": 0.32087, "lr": 0.00001, "top1_err": 12.50000, "top5_err": 0.00000}
[03/03 11:18:29][INFO] logging.py:   99: json_stats: {"_type": "train_iter_", "dt": 1.46074, "dt_data": 0.00110, "dt_net": 1.45963, "epoch": "41/48", "eta": "4:08:54", "gpu_mem": "77.43G", "grad_norm": 4.26249, "iter": "520/1343", "loss": 0.34603, "lr": 0.00001, "top1_err": 10.93750, "top5_err": 0.00000}
[03/03 11:18:44][INFO] logging.py:   99: json_stats: {"_type": "train_iter_", "dt": 1.44580, "dt_data": 0.00050, "dt_net": 1.44530, "epoch": "41/48", "eta": "4:06:07", "gpu_mem": "77.43G", "grad_norm": 3.71938, "iter": "530/1343", "loss": 0.28075, "lr": 0.00001, "top1_err": 10.15625, "top5_err": 0.00000}
[03/03 11:19:02][INFO] logging.py:   99: json_stats: {"_type": "train_iter_", "dt": 1.45406, "dt_data": 0.00222, "dt_net": 1.45183, "epoch": "41/48", "eta": "4:07:17", "gpu_mem": "77.43G", "grad_norm": 3.80579, "iter": "540/1343", "loss": 0.28604, "lr": 0.00001, "top1_err": 11.71875, "top5_err": 0.00000}
[03/03 11:19:19][INFO] logging.py:   99: json_stats: {"_type": "train_iter_", "dt": 1.45615, "dt_data": 0.00044, "dt_net": 1.45571, "epoch": "41/48", "eta": "4:07:24", "gpu_mem": "77.43G", "grad_norm": 2.40420, "iter": "550/1343", "loss": 0.30410, "lr": 0.00001, "top1_err": 10.93750, "top5_err": 0.00000}
[03/03 11:19:35][INFO] logging.py:   99: json_stats: {"_type": "train_iter_", "dt": 1.44547, "dt_data": 0.00052, "dt_net": 1.44496, "epoch": "41/48", "eta": "4:05:20", "gpu_mem": "77.43G", "grad_norm": 5.28977, "iter": "560/1343", "loss": 0.23766, "lr": 0.00001, "top1_err": 8.59375, "top5_err": 0.00000}
[03/03 11:19:52][INFO] logging.py:   99: json_stats: {"_type": "train_iter_", "dt": 1.44617, "dt_data": 0.00155, "dt_net": 1.44462, "epoch": "41/48", "eta": "4:05:13", "gpu_mem": "77.43G", "grad_norm": 3.64303, "iter": "570/1343", "loss": 0.26421, "lr": 0.00001, "top1_err": 10.15625, "top5_err": 0.00000}
[03/03 11:20:08][INFO] logging.py:   99: json_stats: {"_type": "train_iter_", "dt": 1.45231, "dt_data": 0.00036, "dt_net": 1.45195, "epoch": "41/48", "eta": "4:06:01", "gpu_mem": "77.43G", "grad_norm": 3.52897, "iter": "580/1343", "loss": 0.28688, "lr": 0.00001, "top1_err": 10.15625, "top5_err": 0.00000}
[03/03 11:20:26][INFO] logging.py:   99: json_stats: {"_type": "train_iter_", "dt": 1.44782, "dt_data": 0.00079, "dt_net": 1.44703, "epoch": "41/48", "eta": "4:05:01", "gpu_mem": "77.43G", "grad_norm": 3.45418, "iter": "590/1343", "loss": 0.31472, "lr": 0.00001, "top1_err": 10.93750, "top5_err": 0.00000}
[03/03 11:20:43][INFO] logging.py:   99: json_stats: {"_type": "train_iter_", "dt": 1.44436, "dt_data": 0.00049, "dt_net": 1.44386, "epoch": "41/48", "eta": "4:04:11", "gpu_mem": "77.43G", "grad_norm": 3.29536, "iter": "600/1343", "loss": 0.38005, "lr": 0.00001, "top1_err": 16.40625, "top5_err": 0.00000}
[03/03 11:20:58][INFO] logging.py:   99: json_stats: {"_type": "train_iter_", "dt": 1.45129, "dt_data": 0.00078, "dt_net": 1.45051, "epoch": "41/48", "eta": "4:05:07", "gpu_mem": "77.43G", "grad_norm": 3.13532, "iter": "610/1343", "loss": 0.25595, "lr": 0.00001, "top1_err": 10.93750, "top5_err": 0.00000}
[03/03 11:21:17][INFO] logging.py:   99: json_stats: {"_type": "train_iter_", "dt": 1.45466, "dt_data": 0.00038, "dt_net": 1.45428, "epoch": "41/48", "eta": "4:05:26", "gpu_mem": "77.43G", "grad_norm": 6.64853, "iter": "620/1343", "loss": 0.26903, "lr": 0.00001, "top1_err": 10.15625, "top5_err": 0.00000}
[03/03 11:21:37][INFO] logging.py:   99: json_stats: {"_type": "train_iter_", "dt": 1.44962, "dt_data": 0.00105, "dt_net": 1.44857, "epoch": "41/48", "eta": "4:04:21", "gpu_mem": "77.43G", "grad_norm": 3.51147, "iter": "630/1343", "loss": 0.25829, "lr": 0.00001, "top1_err": 9.37500, "top5_err": 0.00000}
[03/03 11:21:54][INFO] logging.py:   99: json_stats: {"_type": "train_iter_", "dt": 1.44015, "dt_data": 0.00109, "dt_net": 1.43905, "epoch": "41/48", "eta": "4:02:31", "gpu_mem": "77.43G", "grad_norm": 3.18007, "iter": "640/1343", "loss": 0.28879, "lr": 0.00001, "top1_err": 12.50000, "top5_err": 0.00000}
[03/03 11:22:11][INFO] logging.py:   99: json_stats: {"_type": "train_iter_", "dt": 1.44455, "dt_data": 0.00041, "dt_net": 1.44414, "epoch": "41/48", "eta": "4:03:01", "gpu_mem": "77.43G", "grad_norm": 3.70218, "iter": "650/1343", "loss": 0.24280, "lr": 0.00001, "top1_err": 9.37500, "top5_err": 0.00000}
[03/03 11:22:28][INFO] logging.py:   99: json_stats: {"_type": "train_iter_", "dt": 1.45267, "dt_data": 0.00044, "dt_net": 1.45223, "epoch": "41/48", "eta": "4:04:08", "gpu_mem": "77.43G", "grad_norm": 3.08056, "iter": "660/1343", "loss": 0.32663, "lr": 0.00001, "top1_err": 13.28125, "top5_err": 0.00000}
[03/03 11:22:47][INFO] logging.py:   99: json_stats: {"_type": "train_iter_", "dt": 1.44009, "dt_data": 0.00045, "dt_net": 1.43963, "epoch": "41/48", "eta": "4:01:47", "gpu_mem": "77.43G", "grad_norm": 1.34487, "iter": "670/1343", "loss": 0.34150, "lr": 0.00001, "top1_err": 10.93750, "top5_err": 0.00000}
[03/03 11:23:04][INFO] logging.py:   99: json_stats: {"_type": "train_iter_", "dt": 1.43920, "dt_data": 0.00042, "dt_net": 1.43877, "epoch": "41/48", "eta": "4:01:24", "gpu_mem": "77.43G", "grad_norm": 4.10664, "iter": "680/1343", "loss": 0.29019, "lr": 0.00001, "top1_err": 10.93750, "top5_err": 0.00000}
[03/03 11:23:21][INFO] logging.py:   99: json_stats: {"_type": "train_iter_", "dt": 1.44922, "dt_data": 0.00043, "dt_net": 1.44880, "epoch": "41/48", "eta": "4:02:50", "gpu_mem": "77.43G", "grad_norm": 2.06952, "iter": "690/1343", "loss": 0.29956, "lr": 0.00001, "top1_err": 9.37500, "top5_err": 0.00000}
[03/03 11:23:38][INFO] logging.py:   99: json_stats: {"_type": "train_iter_", "dt": 1.47084, "dt_data": 0.00045, "dt_net": 1.47038, "epoch": "41/48", "eta": "4:06:13", "gpu_mem": "77.43G", "grad_norm": 4.16935, "iter": "700/1343", "loss": 0.24729, "lr": 0.00001, "top1_err": 10.15625, "top5_err": 0.00000}
[03/03 11:23:58][INFO] logging.py:   99: json_stats: {"_type": "train_iter_", "dt": 1.43869, "dt_data": 0.00070, "dt_net": 1.43799, "epoch": "41/48", "eta": "4:00:35", "gpu_mem": "77.43G", "grad_norm": 4.91520, "iter": "710/1343", "loss": 0.26794, "lr": 0.00001, "top1_err": 8.59375, "top5_err": 0.00000}
[03/03 11:24:15][INFO] logging.py:   99: json_stats: {"_type": "train_iter_", "dt": 1.44843, "dt_data": 0.00053, "dt_net": 1.44789, "epoch": "41/48", "eta": "4:01:59", "gpu_mem": "77.43G", "grad_norm": 3.69513, "iter": "720/1343", "loss": 0.26401, "lr": 0.00001, "top1_err": 7.81250, "top5_err": 0.00000}
[03/03 11:24:32][INFO] logging.py:   99: json_stats: {"_type": "train_iter_", "dt": 1.43901, "dt_data": 0.00038, "dt_net": 1.43863, "epoch": "41/48", "eta": "4:00:10", "gpu_mem": "77.43G", "grad_norm": 3.81464, "iter": "730/1343", "loss": 0.25367, "lr": 0.00001, "top1_err": 10.93750, "top5_err": 0.00000}
[03/03 11:24:50][INFO] logging.py:   99: json_stats: {"_type": "train_iter_", "dt": 1.45416, "dt_data": 0.00040, "dt_net": 1.45376, "epoch": "41/48", "eta": "4:02:27", "gpu_mem": "77.43G", "grad_norm": 4.66939, "iter": "740/1343", "loss": 0.27660, "lr": 0.00001, "top1_err": 9.37500, "top5_err": 0.00000}
[03/03 11:25:10][INFO] logging.py:   99: json_stats: {"_type": "train_iter_", "dt": 1.44144, "dt_data": 0.00055, "dt_net": 1.44088, "epoch": "41/48", "eta": "4:00:05", "gpu_mem": "77.43G", "grad_norm": 3.54094, "iter": "750/1343", "loss": 0.30863, "lr": 0.00001, "top1_err": 10.93750, "top5_err": 0.00000}
[03/03 11:25:28][INFO] logging.py:   99: json_stats: {"_type": "train_iter_", "dt": 1.45590, "dt_data": 0.00041, "dt_net": 1.45549, "epoch": "41/48", "eta": "4:02:15", "gpu_mem": "77.43G", "grad_norm": 3.26289, "iter": "760/1343", "loss": 0.25327, "lr": 0.00001, "top1_err": 10.15625, "top5_err": 0.00000}
[03/03 11:25:46][INFO] logging.py:   99: json_stats: {"_type": "train_iter_", "dt": 1.43628, "dt_data": 0.00047, "dt_net": 1.43581, "epoch": "41/48", "eta": "3:58:45", "gpu_mem": "77.43G", "grad_norm": 2.59268, "iter": "770/1343", "loss": 0.32871, "lr": 0.00001, "top1_err": 11.71875, "top5_err": 0.00000}
[03/03 11:26:00][INFO] logging.py:   99: json_stats: {"_type": "train_iter_", "dt": 1.45732, "dt_data": 0.00047, "dt_net": 1.45685, "epoch": "41/48", "eta": "4:02:00", "gpu_mem": "77.43G", "grad_norm": 3.58868, "iter": "780/1343", "loss": 0.26309, "lr": 0.00001, "top1_err": 10.15625, "top5_err": 0.00000}
[03/03 11:26:22][INFO] logging.py:   99: json_stats: {"_type": "train_iter_", "dt": 1.43953, "dt_data": 0.00043, "dt_net": 1.43910, "epoch": "41/48", "eta": "3:58:49", "gpu_mem": "77.43G", "grad_norm": 4.11744, "iter": "790/1343", "loss": 0.26159, "lr": 0.00001, "top1_err": 9.37500, "top5_err": 0.00000}
[03/03 11:26:39][INFO] logging.py:   99: json_stats: {"_type": "train_iter_", "dt": 1.44274, "dt_data": 0.00054, "dt_net": 1.44219, "epoch": "41/48", "eta": "3:59:06", "gpu_mem": "77.43G", "grad_norm": 4.92223, "iter": "800/1343", "loss": 0.31207, "lr": 0.00001, "top1_err": 12.50000, "top5_err": 0.00000}
[03/03 11:27:00][INFO] logging.py:   99: json_stats: {"_type": "train_iter_", "dt": 1.43418, "dt_data": 0.00045, "dt_net": 1.43373, "epoch": "41/48", "eta": "3:57:27", "gpu_mem": "77.43G", "grad_norm": 3.26748, "iter": "810/1343", "loss": 0.28173, "lr": 0.00001, "top1_err": 10.15625, "top5_err": 0.00000}
[03/03 11:27:15][INFO] logging.py:   99: json_stats: {"_type": "train_iter_", "dt": 1.44821, "dt_data": 0.00038, "dt_net": 1.44782, "epoch": "41/48", "eta": "3:59:31", "gpu_mem": "77.43G", "grad_norm": 3.52173, "iter": "820/1343", "loss": 0.25551, "lr": 0.00001, "top1_err": 9.37500, "top5_err": 0.00000}
[03/03 11:27:37][INFO] logging.py:   99: json_stats: {"_type": "train_iter_", "dt": 1.45120, "dt_data": 0.00041, "dt_net": 1.45079, "epoch": "41/48", "eta": "3:59:47", "gpu_mem": "77.43G", "grad_norm": 3.33654, "iter": "830/1343", "loss": 0.26592, "lr": 0.00001, "top1_err": 10.15625, "top5_err": 0.00000}
[03/03 11:27:54][INFO] logging.py:   99: json_stats: {"_type": "train_iter_", "dt": 1.44169, "dt_data": 0.00039, "dt_net": 1.44130, "epoch": "41/48", "eta": "3:57:58", "gpu_mem": "77.43G", "grad_norm": 3.65583, "iter": "840/1343", "loss": 0.32534, "lr": 0.00001, "top1_err": 10.93750, "top5_err": 0.00000}
[03/03 11:28:12][INFO] logging.py:   99: json_stats: {"_type": "train_iter_", "dt": 1.44700, "dt_data": 0.00042, "dt_net": 1.44658, "epoch": "41/48", "eta": "3:58:36", "gpu_mem": "77.43G", "grad_norm": 3.92530, "iter": "850/1343", "loss": 0.24136, "lr": 0.00001, "top1_err": 8.59375, "top5_err": 0.00000}
[03/03 11:28:29][INFO] logging.py:   99: json_stats: {"_type": "train_iter_", "dt": 1.46235, "dt_data": 0.00072, "dt_net": 1.46162, "epoch": "41/48", "eta": "4:00:53", "gpu_mem": "77.43G", "grad_norm": 3.39922, "iter": "860/1343", "loss": 0.25896, "lr": 0.00001, "top1_err": 10.93750, "top5_err": 0.00000}
[03/03 11:28:45][INFO] logging.py:   99: json_stats: {"_type": "train_iter_", "dt": 1.45222, "dt_data": 0.00057, "dt_net": 1.45165, "epoch": "41/48", "eta": "3:58:59", "gpu_mem": "77.43G", "grad_norm": 3.28308, "iter": "870/1343", "loss": 0.29831, "lr": 0.00001, "top1_err": 11.71875, "top5_err": 0.00000}
[03/03 11:29:00][INFO] logging.py:   99: json_stats: {"_type": "train_iter_", "dt": 1.45549, "dt_data": 0.00082, "dt_net": 1.45467, "epoch": "41/48", "eta": "3:59:17", "gpu_mem": "77.43G", "grad_norm": 4.03042, "iter": "880/1343", "loss": 0.29114, "lr": 0.00001, "top1_err": 10.15625, "top5_err": 0.00000}
[03/03 11:29:20][INFO] logging.py:   99: json_stats: {"_type": "train_iter_", "dt": 1.43353, "dt_data": 0.00039, "dt_net": 1.43314, "epoch": "41/48", "eta": "3:55:25", "gpu_mem": "77.43G", "grad_norm": 4.56711, "iter": "890/1343", "loss": 0.23702, "lr": 0.00001, "top1_err": 8.59375, "top5_err": 0.00000}
[03/03 11:29:35][INFO] logging.py:   99: json_stats: {"_type": "train_iter_", "dt": 1.46715, "dt_data": 0.00043, "dt_net": 1.46672, "epoch": "41/48", "eta": "4:00:42", "gpu_mem": "77.43G", "grad_norm": 4.74232, "iter": "900/1343", "loss": 0.32146, "lr": 0.00001, "top1_err": 12.50000, "top5_err": 0.00000}
[03/03 11:29:51][INFO] logging.py:   99: json_stats: {"_type": "train_iter_", "dt": 1.45402, "dt_data": 0.00038, "dt_net": 1.45364, "epoch": "41/48", "eta": "3:58:18", "gpu_mem": "77.43G", "grad_norm": 5.07701, "iter": "910/1343", "loss": 0.20940, "lr": 0.00001, "top1_err": 8.59375, "top5_err": 0.00000}
[03/03 11:30:08][INFO] logging.py:   99: json_stats: {"_type": "train_iter_", "dt": 1.44949, "dt_data": 0.00037, "dt_net": 1.44912, "epoch": "41/48", "eta": "3:57:19", "gpu_mem": "77.43G", "grad_norm": 4.83516, "iter": "920/1343", "loss": 0.31205, "lr": 0.00001, "top1_err": 14.06250, "top5_err": 0.00000}
[03/03 11:30:25][INFO] logging.py:   99: json_stats: {"_type": "train_iter_", "dt": 1.45359, "dt_data": 0.00045, "dt_net": 1.45314, "epoch": "41/48", "eta": "3:57:45", "gpu_mem": "77.43G", "grad_norm": 4.32186, "iter": "930/1343", "loss": 0.24648, "lr": 0.00001, "top1_err": 10.93750, "top5_err": 0.00000}
[03/03 11:30:43][INFO] logging.py:   99: json_stats: {"_type": "train_iter_", "dt": 1.44859, "dt_data": 0.00098, "dt_net": 1.44761, "epoch": "41/48", "eta": "3:56:41", "gpu_mem": "77.43G", "grad_norm": 3.39462, "iter": "940/1343", "loss": 0.26699, "lr": 0.00001, "top1_err": 10.15625, "top5_err": 0.00000}
[03/03 11:31:01][INFO] logging.py:   99: json_stats: {"_type": "train_iter_", "dt": 1.46185, "dt_data": 0.00051, "dt_net": 1.46134, "epoch": "41/48", "eta": "3:58:37", "gpu_mem": "77.43G", "grad_norm": 2.46834, "iter": "950/1343", "loss": 0.24555, "lr": 0.00001, "top1_err": 9.37500, "top5_err": 0.00000}
[03/03 11:31:18][INFO] logging.py:   99: json_stats: {"_type": "train_iter_", "dt": 1.45140, "dt_data": 0.00105, "dt_net": 1.45034, "epoch": "41/48", "eta": "3:56:40", "gpu_mem": "77.43G", "grad_norm": 6.50125, "iter": "960/1343", "loss": 0.35418, "lr": 0.00001, "top1_err": 11.71875, "top5_err": 0.00000}
[03/03 11:31:37][INFO] logging.py:   99: json_stats: {"_type": "train_iter_", "dt": 1.44255, "dt_data": 0.00043, "dt_net": 1.44213, "epoch": "41/48", "eta": "3:54:59", "gpu_mem": "77.43G", "grad_norm": 3.49397, "iter": "970/1343", "loss": 0.32160, "lr": 0.00001, "top1_err": 12.50000, "top5_err": 0.00000}
[03/03 11:31:53][INFO] logging.py:   99: json_stats: {"_type": "train_iter_", "dt": 1.45615, "dt_data": 0.00042, "dt_net": 1.45573, "epoch": "41/48", "eta": "3:56:57", "gpu_mem": "77.43G", "grad_norm": 3.63694, "iter": "980/1343", "loss": 0.27011, "lr": 0.00001, "top1_err": 10.93750, "top5_err": 0.00000}
[03/03 11:32:11][INFO] logging.py:   99: json_stats: {"_type": "train_iter_", "dt": 1.45003, "dt_data": 0.00106, "dt_net": 1.44896, "epoch": "41/48", "eta": "3:55:43", "gpu_mem": "77.43G", "grad_norm": 3.73013, "iter": "990/1343", "loss": 0.28517, "lr": 0.00001, "top1_err": 11.71875, "top5_err": 0.00000}
[03/03 11:32:26][INFO] logging.py:   99: json_stats: {"_type": "train_iter_", "dt": 1.46035, "dt_data": 0.00048, "dt_net": 1.45987, "epoch": "41/48", "eta": "3:57:09", "gpu_mem": "77.43G", "grad_norm": 2.61313, "iter": "1000/1343", "loss": 0.28382, "lr": 0.00001, "top1_err": 10.15625, "top5_err": 0.00000}
[03/03 11:32:40][INFO] logging.py:   99: json_stats: {"_type": "train_iter_", "dt": 1.45758, "dt_data": 0.00121, "dt_net": 1.45636, "epoch": "41/48", "eta": "3:56:28", "gpu_mem": "77.43G", "grad_norm": 4.04929, "iter": "1010/1343", "loss": 0.32112, "lr": 0.00001, "top1_err": 13.28125, "top5_err": 0.00000}
[03/03 11:32:58][INFO] logging.py:   99: json_stats: {"_type": "train_iter_", "dt": 1.46346, "dt_data": 0.00041, "dt_net": 1.46305, "epoch": "41/48", "eta": "3:57:10", "gpu_mem": "77.43G", "grad_norm": 4.46641, "iter": "1020/1343", "loss": 0.29522, "lr": 0.00001, "top1_err": 11.71875, "top5_err": 0.00000}
[03/03 11:33:18][INFO] logging.py:   99: json_stats: {"_type": "train_iter_", "dt": 1.44014, "dt_data": 0.00039, "dt_net": 1.43975, "epoch": "41/48", "eta": "3:53:09", "gpu_mem": "77.43G", "grad_norm": 5.88583, "iter": "1030/1343", "loss": 0.26804, "lr": 0.00001, "top1_err": 8.59375, "top5_err": 0.00000}
[03/03 11:33:34][INFO] logging.py:   99: json_stats: {"_type": "train_iter_", "dt": 1.46428, "dt_data": 0.00045, "dt_net": 1.46383, "epoch": "41/48", "eta": "3:56:49", "gpu_mem": "77.43G", "grad_norm": 4.67219, "iter": "1040/1343", "loss": 0.25765, "lr": 0.00001, "top1_err": 10.15625, "top5_err": 0.00000}
[03/03 11:33:49][INFO] logging.py:   99: json_stats: {"_type": "train_iter_", "dt": 1.46152, "dt_data": 0.00043, "dt_net": 1.46109, "epoch": "41/48", "eta": "3:56:08", "gpu_mem": "77.43G", "grad_norm": 5.07801, "iter": "1050/1343", "loss": 0.29188, "lr": 0.00001, "top1_err": 8.59375, "top5_err": 0.00000}
[03/03 11:34:04][INFO] logging.py:   99: json_stats: {"_type": "train_iter_", "dt": 1.46342, "dt_data": 0.00236, "dt_net": 1.46104, "epoch": "41/48", "eta": "3:56:11", "gpu_mem": "77.43G", "grad_norm": 3.29353, "iter": "1060/1343", "loss": 0.24189, "lr": 0.00001, "top1_err": 9.37500, "top5_err": 0.00000}
[03/03 11:34:26][INFO] logging.py:   99: json_stats: {"_type": "train_iter_", "dt": 1.45882, "dt_data": 0.00086, "dt_net": 1.45796, "epoch": "41/48", "eta": "3:55:12", "gpu_mem": "77.43G", "grad_norm": 2.31611, "iter": "1070/1343", "loss": 0.33694, "lr": 0.00001, "top1_err": 10.15625, "top5_err": 0.00000}
[03/03 11:34:44][INFO] logging.py:   99: json_stats: {"_type": "train_iter_", "dt": 1.44296, "dt_data": 0.00037, "dt_net": 1.44259, "epoch": "41/48", "eta": "3:52:24", "gpu_mem": "77.43G", "grad_norm": 3.28956, "iter": "1080/1343", "loss": 0.30967, "lr": 0.00001, "top1_err": 11.71875, "top5_err": 0.00000}
[03/03 11:34:59][INFO] logging.py:   99: json_stats: {"_type": "train_iter_", "dt": 1.45920, "dt_data": 0.00137, "dt_net": 1.45783, "epoch": "41/48", "eta": "3:54:47", "gpu_mem": "77.43G", "grad_norm": 3.29438, "iter": "1090/1343", "loss": 0.30113, "lr": 0.00001, "top1_err": 10.93750, "top5_err": 0.00000}
[03/03 11:35:16][INFO] logging.py:   99: json_stats: {"_type": "train_iter_", "dt": 1.50655, "dt_data": 0.00075, "dt_net": 1.50580, "epoch": "41/48", "eta": "4:02:09", "gpu_mem": "77.43G", "grad_norm": 3.17204, "iter": "1100/1343", "loss": 0.31737, "lr": 0.00001, "top1_err": 10.93750, "top5_err": 0.00000}
[03/03 11:35:37][INFO] logging.py:   99: json_stats: {"_type": "train_iter_", "dt": 1.44463, "dt_data": 0.00040, "dt_net": 1.44423, "epoch": "41/48", "eta": "3:51:57", "gpu_mem": "77.43G", "grad_norm": 1.66977, "iter": "1110/1343", "loss": 0.31641, "lr": 0.00001, "top1_err": 13.28125, "top5_err": 0.00000}
[03/03 11:35:53][INFO] logging.py:   99: json_stats: {"_type": "train_iter_", "dt": 1.45178, "dt_data": 0.00038, "dt_net": 1.45141, "epoch": "41/48", "eta": "3:52:51", "gpu_mem": "77.43G", "grad_norm": 3.56197, "iter": "1120/1343", "loss": 0.28527, "lr": 0.00001, "top1_err": 10.93750, "top5_err": 0.00000}
[03/03 11:36:08][INFO] logging.py:   99: json_stats: {"_type": "train_iter_", "dt": 1.45906, "dt_data": 0.00039, "dt_net": 1.45865, "epoch": "41/48", "eta": "3:53:47", "gpu_mem": "77.43G", "grad_norm": 3.62290, "iter": "1130/1343", "loss": 0.30143, "lr": 0.00001, "top1_err": 11.71875, "top5_err": 0.00000}
[03/03 11:36:27][INFO] logging.py:   99: json_stats: {"_type": "train_iter_", "dt": 1.46159, "dt_data": 0.00050, "dt_net": 1.46109, "epoch": "41/48", "eta": "3:53:57", "gpu_mem": "77.43G", "grad_norm": 2.94491, "iter": "1140/1343", "loss": 0.26929, "lr": 0.00001, "top1_err": 10.15625, "top5_err": 0.00000}
[03/03 11:36:45][INFO] logging.py:   99: json_stats: {"_type": "train_iter_", "dt": 1.44604, "dt_data": 0.00136, "dt_net": 1.44468, "epoch": "41/48", "eta": "3:51:13", "gpu_mem": "77.43G", "grad_norm": 4.79695, "iter": "1150/1343", "loss": 0.30430, "lr": 0.00001, "top1_err": 10.93750, "top5_err": 0.00000}
[03/03 11:37:01][INFO] logging.py:   99: json_stats: {"_type": "train_iter_", "dt": 1.48115, "dt_data": 0.00040, "dt_net": 1.48074, "epoch": "41/48", "eta": "3:56:35", "gpu_mem": "77.43G", "grad_norm": 3.77682, "iter": "1160/1343", "loss": 0.26822, "lr": 0.00001, "top1_err": 10.93750, "top5_err": 0.00000}
[03/03 11:37:19][INFO] logging.py:   99: json_stats: {"_type": "train_iter_", "dt": 1.43887, "dt_data": 0.00037, "dt_net": 1.43850, "epoch": "41/48", "eta": "3:49:35", "gpu_mem": "77.43G", "grad_norm": 2.83327, "iter": "1170/1343", "loss": 0.28157, "lr": 0.00001, "top1_err": 8.59375, "top5_err": 0.00000}
[03/03 11:37:35][INFO] logging.py:   99: json_stats: {"_type": "train_iter_", "dt": 1.45542, "dt_data": 0.00108, "dt_net": 1.45433, "epoch": "41/48", "eta": "3:51:59", "gpu_mem": "77.43G", "grad_norm": 2.83279, "iter": "1180/1343", "loss": 0.29150, "lr": 0.00001, "top1_err": 11.71875, "top5_err": 0.00000}
[03/03 11:37:54][INFO] logging.py:   99: json_stats: {"_type": "train_iter_", "dt": 1.46659, "dt_data": 0.00043, "dt_net": 1.46616, "epoch": "41/48", "eta": "3:53:31", "gpu_mem": "77.43G", "grad_norm": 4.35209, "iter": "1190/1343", "loss": 0.29726, "lr": 0.00001, "top1_err": 10.15625, "top5_err": 0.00000}
[03/03 11:38:08][INFO] logging.py:   99: json_stats: {"_type": "train_iter_", "dt": 1.45900, "dt_data": 0.00033, "dt_net": 1.45867, "epoch": "41/48", "eta": "3:52:04", "gpu_mem": "77.43G", "grad_norm": 5.77473, "iter": "1200/1343", "loss": 0.28518, "lr": 0.00001, "top1_err": 9.37500, "top5_err": 0.00000}
[03/03 11:38:23][INFO] logging.py:   99: json_stats: {"_type": "train_iter_", "dt": 1.46710, "dt_data": 0.00047, "dt_net": 1.46663, "epoch": "41/48", "eta": "3:53:07", "gpu_mem": "77.43G", "grad_norm": 5.16982, "iter": "1210/1343", "loss": 0.28555, "lr": 0.00001, "top1_err": 9.37500, "top5_err": 0.00000}
[03/03 11:38:38][INFO] logging.py:   99: json_stats: {"_type": "train_iter_", "dt": 1.47419, "dt_data": 0.00083, "dt_net": 1.47336, "epoch": "41/48", "eta": "3:54:00", "gpu_mem": "77.43G", "grad_norm": 4.06632, "iter": "1220/1343", "loss": 0.27368, "lr": 0.00001, "top1_err": 10.93750, "top5_err": 0.00000}
[03/03 11:38:56][INFO] logging.py:   99: json_stats: {"_type": "train_iter_", "dt": 1.45494, "dt_data": 0.00038, "dt_net": 1.45456, "epoch": "41/48", "eta": "3:50:42", "gpu_mem": "77.43G", "grad_norm": 5.09297, "iter": "1230/1343", "loss": 0.28954, "lr": 0.00001, "top1_err": 9.37500, "top5_err": 0.00000}
[03/03 11:39:12][INFO] logging.py:   99: json_stats: {"_type": "train_iter_", "dt": 1.45257, "dt_data": 0.00079, "dt_net": 1.45177, "epoch": "41/48", "eta": "3:50:05", "gpu_mem": "77.43G", "grad_norm": 2.44168, "iter": "1240/1343", "loss": 0.33350, "lr": 0.00001, "top1_err": 11.71875, "top5_err": 0.00000}
[03/03 11:39:32][INFO] logging.py:   99: json_stats: {"_type": "train_iter_", "dt": 1.43906, "dt_data": 0.00064, "dt_net": 1.43842, "epoch": "41/48", "eta": "3:47:42", "gpu_mem": "77.43G", "grad_norm": 3.65319, "iter": "1250/1343", "loss": 0.27937, "lr": 0.00001, "top1_err": 10.93750, "top5_err": 0.00000}
[03/03 11:39:47][INFO] logging.py:   99: json_stats: {"_type": "train_iter_", "dt": 1.45592, "dt_data": 0.00043, "dt_net": 1.45548, "epoch": "41/48", "eta": "3:50:07", "gpu_mem": "77.43G", "grad_norm": 5.01421, "iter": "1260/1343", "loss": 0.31381, "lr": 0.00001, "top1_err": 10.93750, "top5_err": 0.00000}
[03/03 11:40:12][INFO] logging.py:   99: json_stats: {"_type": "train_iter_", "dt": 1.43229, "dt_data": 0.00060, "dt_net": 1.43169, "epoch": "41/48", "eta": "3:46:09", "gpu_mem": "77.43G", "grad_norm": 3.90606, "iter": "1270/1343", "loss": 0.25441, "lr": 0.00001, "top1_err": 9.37500, "top5_err": 0.00000}
[03/03 11:40:26][INFO] logging.py:   99: json_stats: {"_type": "train_iter_", "dt": 1.46289, "dt_data": 0.00105, "dt_net": 1.46184, "epoch": "41/48", "eta": "3:50:44", "gpu_mem": "77.43G", "grad_norm": 4.53227, "iter": "1280/1343", "loss": 0.29240, "lr": 0.00001, "top1_err": 10.93750, "top5_err": 0.00000}
[03/03 11:40:43][INFO] logging.py:   99: json_stats: {"_type": "train_iter_", "dt": 1.47063, "dt_data": 0.00093, "dt_net": 1.46970, "epoch": "41/48", "eta": "3:51:43", "gpu_mem": "77.43G", "grad_norm": 2.40035, "iter": "1290/1343", "loss": 0.32116, "lr": 0.00001, "top1_err": 12.50000, "top5_err": 0.00000}
[03/03 11:41:01][INFO] logging.py:   99: json_stats: {"_type": "train_iter_", "dt": 1.44677, "dt_data": 0.00043, "dt_net": 1.44633, "epoch": "41/48", "eta": "3:47:43", "gpu_mem": "77.43G", "grad_norm": 3.80183, "iter": "1300/1343", "loss": 0.26211, "lr": 0.00001, "top1_err": 10.15625, "top5_err": 0.00000}
[03/03 11:41:23][INFO] logging.py:   99: json_stats: {"_type": "train_iter_", "dt": 1.47231, "dt_data": 0.00038, "dt_net": 1.47193, "epoch": "41/48", "eta": "3:51:29", "gpu_mem": "77.43G", "grad_norm": 4.83124, "iter": "1310/1343", "loss": 0.31387, "lr": 0.00001, "top1_err": 13.28125, "top5_err": 0.00000}
[03/03 11:41:38][INFO] logging.py:   99: json_stats: {"_type": "train_iter_", "dt": 1.45671, "dt_data": 0.00066, "dt_net": 1.45604, "epoch": "41/48", "eta": "3:48:48", "gpu_mem": "77.43G", "grad_norm": 4.69312, "iter": "1320/1343", "loss": 0.24845, "lr": 0.00001, "top1_err": 10.93750, "top5_err": 0.00000}
[03/03 11:41:55][INFO] logging.py:   99: json_stats: {"_type": "train_iter_", "dt": 1.43085, "dt_data": 0.00027, "dt_net": 1.43058, "epoch": "41/48", "eta": "3:44:30", "gpu_mem": "77.43G", "grad_norm": 2.57620, "iter": "1330/1343", "loss": 0.25817, "lr": 0.00001, "top1_err": 10.15625, "top5_err": 0.00000}
[03/03 11:42:12][INFO] logging.py:   99: json_stats: {"_type": "train_iter_", "dt": 1.41154, "dt_data": 0.00022, "dt_net": 1.41132, "epoch": "41/48", "eta": "3:41:14", "gpu_mem": "77.43G", "grad_norm": 3.45312, "iter": "1340/1343", "loss": 0.25527, "lr": 0.00001, "top1_err": 9.37500, "top5_err": 0.00000}
[03/03 11:42:20][INFO] logging.py:   99: json_stats: {"RAM": "246.02/856.58G", "_type": "train_epoch", "dt": 1.44316, "dt_data": 1.44316, "dt_net": 1.41019, "epoch": "41/48", "eta": "3:46:06", "gpu_mem": "77.43G", "grad_norm": 2.98047, "loss": 0.29434, "lr": 0.00001, "top1_err": 10.72226, "top5_err": 0.28737}
[03/03 11:42:20][INFO] train_net.py: 1072: Epoch 40 takes 2348.58s. Epochs from 40 to 40 take 2348.58s in average and 2348.58s in median.
[03/03 11:42:20][INFO] train_net.py: 1078: For epoch 40, each iteraction takes 1.75s in average. From epoch 40 to 40, each iteraction takes 1.75s in average.
[03/03 11:43:20][INFO] logging.py:   99: json_stats: {"_type": "val_iter", "epoch": "41/48", "eta": "0:05:33", "gpu_mem": "77.43G", "iter": "10/807", "time_diff": 0.41828, "top1_err": 13.28125, "top5_err": 0.00000}
[03/03 11:43:36][INFO] logging.py:   99: json_stats: {"_type": "val_iter", "epoch": "41/48", "eta": "0:05:34", "gpu_mem": "77.43G", "iter": "20/807", "time_diff": 0.42563, "top1_err": 12.50000, "top5_err": 0.78125}
[03/03 11:43:54][INFO] logging.py:   99: json_stats: {"_type": "val_iter", "epoch": "41/48", "eta": "0:05:30", "gpu_mem": "77.43G", "iter": "30/807", "time_diff": 0.42541, "top1_err": 12.50000, "top5_err": 0.00000}
[03/03 11:44:07][INFO] logging.py:   99: json_stats: {"_type": "val_iter", "epoch": "41/48", "eta": "0:05:26", "gpu_mem": "77.43G", "iter": "40/807", "time_diff": 0.42559, "top1_err": 10.93750, "top5_err": 0.00000}
[03/03 11:44:30][INFO] logging.py:   99: json_stats: {"_type": "val_iter", "epoch": "41/48", "eta": "0:05:14", "gpu_mem": "77.43G", "iter": "50/807", "time_diff": 0.41506, "top1_err": 13.28125, "top5_err": 0.00000}
[03/03 11:44:45][INFO] logging.py:   99: json_stats: {"_type": "val_iter", "epoch": "41/48", "eta": "0:05:15", "gpu_mem": "77.43G", "iter": "60/807", "time_diff": 0.42219, "top1_err": 12.50000, "top5_err": 0.78125}
[03/03 11:45:00][INFO] logging.py:   99: json_stats: {"_type": "val_iter", "epoch": "41/48", "eta": "0:05:16", "gpu_mem": "77.43G", "iter": "70/807", "time_diff": 0.42884, "top1_err": 12.50000, "top5_err": 0.78125}
[03/03 11:45:16][INFO] logging.py:   99: json_stats: {"_type": "val_iter", "epoch": "41/48", "eta": "0:05:09", "gpu_mem": "77.43G", "iter": "80/807", "time_diff": 0.42547, "top1_err": 13.28125, "top5_err": 0.00000}
[03/03 11:45:36][INFO] logging.py:   99: json_stats: {"_type": "val_iter", "epoch": "41/48", "eta": "0:15:57", "gpu_mem": "77.43G", "iter": "90/807", "time_diff": 1.33541, "top1_err": 13.28125, "top5_err": 0.00000}
[03/03 11:45:56][INFO] logging.py:   99: json_stats: {"_type": "val_iter", "epoch": "41/48", "eta": "0:40:13", "gpu_mem": "77.43G", "iter": "100/807", "time_diff": 3.41432, "top1_err": 11.71875, "top5_err": 0.00000}
[03/03 11:46:15][INFO] logging.py:   99: json_stats: {"_type": "val_iter", "epoch": "41/48", "eta": "0:04:53", "gpu_mem": "77.43G", "iter": "110/807", "time_diff": 0.42175, "top1_err": 11.71875, "top5_err": 1.56250}
[03/03 11:46:34][INFO] logging.py:   99: json_stats: {"_type": "val_iter", "epoch": "41/48", "eta": "0:04:49", "gpu_mem": "77.43G", "iter": "120/807", "time_diff": 0.42150, "top1_err": 12.50000, "top5_err": 0.78125}
[03/03 11:46:55][INFO] logging.py:   99: json_stats: {"_type": "val_iter", "epoch": "41/48", "eta": "1:04:57", "gpu_mem": "77.43G", "iter": "130/807", "time_diff": 5.75700, "top1_err": 12.50000, "top5_err": 0.00000}
[03/03 11:47:18][INFO] logging.py:   99: json_stats: {"_type": "val_iter", "epoch": "41/48", "eta": "0:51:31", "gpu_mem": "77.43G", "iter": "140/807", "time_diff": 4.63469, "top1_err": 11.71875, "top5_err": 0.78125}
[03/03 11:47:33][INFO] logging.py:   99: json_stats: {"_type": "val_iter", "epoch": "41/48", "eta": "0:04:28", "gpu_mem": "77.43G", "iter": "150/807", "time_diff": 0.40940, "top1_err": 11.71875, "top5_err": 0.00000}
[03/03 11:47:48][INFO] logging.py:   99: json_stats: {"_type": "val_iter", "epoch": "41/48", "eta": "0:04:27", "gpu_mem": "77.43G", "iter": "160/807", "time_diff": 0.41364, "top1_err": 14.06250, "top5_err": 1.56250}
[03/03 11:48:12][INFO] logging.py:   99: json_stats: {"_type": "val_iter", "epoch": "41/48", "eta": "1:06:06", "gpu_mem": "77.43G", "iter": "170/807", "time_diff": 6.22740, "top1_err": 13.28125, "top5_err": 0.00000}
[03/03 11:48:35][INFO] logging.py:   99: json_stats: {"_type": "val_iter", "epoch": "41/48", "eta": "1:43:33", "gpu_mem": "77.43G", "iter": "180/807", "time_diff": 9.91056, "top1_err": 15.62500, "top5_err": 1.56250}
[03/03 11:48:51][INFO] logging.py:   99: json_stats: {"_type": "val_iter", "epoch": "41/48", "eta": "0:04:08", "gpu_mem": "77.43G", "iter": "190/807", "time_diff": 0.40246, "top1_err": 14.84375, "top5_err": 0.00000}
[03/03 11:49:05][INFO] logging.py:   99: json_stats: {"_type": "val_iter", "epoch": "41/48", "eta": "0:04:14", "gpu_mem": "77.43G", "iter": "200/807", "time_diff": 0.41870, "top1_err": 10.93750, "top5_err": 0.00000}
[03/03 11:49:30][INFO] logging.py:   99: json_stats: {"_type": "val_iter", "epoch": "41/48", "eta": "1:10:58", "gpu_mem": "77.43G", "iter": "210/807", "time_diff": 7.13319, "top1_err": 9.37500, "top5_err": 0.00000}
[03/03 11:49:48][INFO] logging.py:   99: json_stats: {"_type": "val_iter", "epoch": "41/48", "eta": "1:11:22", "gpu_mem": "77.43G", "iter": "220/807", "time_diff": 7.29577, "top1_err": 13.28125, "top5_err": 0.00000}
[03/03 11:50:04][INFO] logging.py:   99: json_stats: {"_type": "val_iter", "epoch": "41/48", "eta": "0:03:58", "gpu_mem": "77.43G", "iter": "230/807", "time_diff": 0.41324, "top1_err": 10.93750, "top5_err": 1.56250}
[03/03 11:50:19][INFO] logging.py:   99: json_stats: {"_type": "val_iter", "epoch": "41/48", "eta": "0:03:55", "gpu_mem": "77.43G", "iter": "240/807", "time_diff": 0.41480, "top1_err": 14.06250, "top5_err": 0.78125}
[03/03 11:50:36][INFO] logging.py:   99: json_stats: {"_type": "val_iter", "epoch": "41/48", "eta": "0:06:31", "gpu_mem": "77.43G", "iter": "250/807", "time_diff": 0.70334, "top1_err": 14.84375, "top5_err": 0.00000}
[03/03 11:51:03][INFO] logging.py:   99: json_stats: {"_type": "val_iter", "epoch": "41/48", "eta": "2:01:50", "gpu_mem": "77.43G", "iter": "260/807", "time_diff": 13.36528, "top1_err": 12.50000, "top5_err": 0.00000}
[03/03 11:51:19][INFO] logging.py:   99: json_stats: {"_type": "val_iter", "epoch": "41/48", "eta": "0:03:30", "gpu_mem": "77.43G", "iter": "270/807", "time_diff": 0.39227, "top1_err": 11.71875, "top5_err": 0.00000}
[03/03 11:51:35][INFO] logging.py:   99: json_stats: {"_type": "val_iter", "epoch": "41/48", "eta": "0:03:35", "gpu_mem": "77.43G", "iter": "280/807", "time_diff": 0.40910, "top1_err": 14.84375, "top5_err": 1.56250}
[03/03 11:51:53][INFO] logging.py:   99: json_stats: {"_type": "val_iter", "epoch": "41/48", "eta": "0:03:33", "gpu_mem": "77.43G", "iter": "290/807", "time_diff": 0.41317, "top1_err": 12.50000, "top5_err": 1.56250}
[03/03 11:52:23][INFO] logging.py:   99: json_stats: {"_type": "val_iter", "epoch": "41/48", "eta": "2:04:11", "gpu_mem": "77.43G", "iter": "300/807", "time_diff": 14.69658, "top1_err": 16.40625, "top5_err": 0.00000}
[03/03 11:52:37][INFO] logging.py:   99: json_stats: {"_type": "val_iter", "epoch": "41/48", "eta": "0:03:27", "gpu_mem": "77.43G", "iter": "310/807", "time_diff": 0.41733, "top1_err": 13.28125, "top5_err": 0.00000}
[03/03 11:52:53][INFO] logging.py:   99: json_stats: {"_type": "val_iter", "epoch": "41/48", "eta": "0:03:21", "gpu_mem": "77.43G", "iter": "320/807", "time_diff": 0.41325, "top1_err": 15.62500, "top5_err": 0.00000}
[03/03 11:53:10][INFO] logging.py:   99: json_stats: {"_type": "val_iter", "epoch": "41/48", "eta": "0:03:18", "gpu_mem": "77.43G", "iter": "330/807", "time_diff": 0.41628, "top1_err": 14.06250, "top5_err": 0.00000}
[03/03 11:53:32][INFO] logging.py:   99: json_stats: {"_type": "val_iter", "epoch": "41/48", "eta": "1:12:25", "gpu_mem": "77.43G", "iter": "340/807", "time_diff": 9.30430, "top1_err": 12.50000, "top5_err": 0.78125}
[03/03 11:53:45][INFO] logging.py:   99: json_stats: {"_type": "val_iter", "epoch": "41/48", "eta": "0:03:13", "gpu_mem": "77.43G", "iter": "350/807", "time_diff": 0.42378, "top1_err": 14.84375, "top5_err": 1.56250}
[03/03 11:54:01][INFO] logging.py:   99: json_stats: {"_type": "val_iter", "epoch": "41/48", "eta": "0:03:08", "gpu_mem": "77.43G", "iter": "360/807", "time_diff": 0.42074, "top1_err": 14.84375, "top5_err": 0.78125}
[03/03 11:54:16][INFO] logging.py:   99: json_stats: {"_type": "val_iter", "epoch": "41/48", "eta": "0:03:04", "gpu_mem": "77.43G", "iter": "370/807", "time_diff": 0.42212, "top1_err": 12.50000, "top5_err": 1.56250}
[03/03 11:54:38][INFO] logging.py:   99: json_stats: {"_type": "val_iter", "epoch": "41/48", "eta": "0:52:12", "gpu_mem": "77.43G", "iter": "380/807", "time_diff": 7.33665, "top1_err": 11.71875, "top5_err": 1.56250}
[03/03 11:55:00][INFO] logging.py:   99: json_stats: {"_type": "val_iter", "epoch": "41/48", "eta": "0:35:18", "gpu_mem": "77.43G", "iter": "390/807", "time_diff": 5.07977, "top1_err": 14.84375, "top5_err": 0.78125}
[03/03 11:55:16][INFO] logging.py:   99: json_stats: {"_type": "val_iter", "epoch": "41/48", "eta": "0:02:47", "gpu_mem": "77.43G", "iter": "400/807", "time_diff": 0.41249, "top1_err": 14.06250, "top5_err": 1.56250}
[03/03 11:55:34][INFO] logging.py:   99: json_stats: {"_type": "val_iter", "epoch": "41/48", "eta": "0:02:45", "gpu_mem": "77.43G", "iter": "410/807", "time_diff": 0.41622, "top1_err": 14.06250, "top5_err": 0.00000}
[03/03 11:55:53][INFO] logging.py:   99: json_stats: {"_type": "val_iter", "epoch": "41/48", "eta": "0:25:38", "gpu_mem": "77.43G", "iter": "420/807", "time_diff": 3.97492, "top1_err": 14.06250, "top5_err": 1.56250}
[03/03 11:56:14][INFO] logging.py:   99: json_stats: {"_type": "val_iter", "epoch": "41/48", "eta": "0:08:52", "gpu_mem": "77.43G", "iter": "430/807", "time_diff": 1.41189, "top1_err": 14.84375, "top5_err": 1.56250}
[03/03 11:56:28][INFO] logging.py:   99: json_stats: {"_type": "val_iter", "epoch": "41/48", "eta": "0:02:32", "gpu_mem": "77.43G", "iter": "440/807", "time_diff": 0.41447, "top1_err": 12.50000, "top5_err": 1.56250}
[03/03 11:56:42][INFO] logging.py:   99: json_stats: {"_type": "val_iter", "epoch": "41/48", "eta": "0:02:29", "gpu_mem": "77.43G", "iter": "450/807", "time_diff": 0.42009, "top1_err": 10.15625, "top5_err": 0.00000}
[03/03 11:57:09][INFO] logging.py:   99: json_stats: {"_type": "val_iter", "epoch": "41/48", "eta": "0:11:50", "gpu_mem": "77.43G", "iter": "460/807", "time_diff": 2.04854, "top1_err": 14.06250, "top5_err": 1.56250}
[03/03 11:57:26][INFO] logging.py:   99: json_stats: {"_type": "val_iter", "epoch": "41/48", "eta": "0:02:14", "gpu_mem": "77.43G", "iter": "470/807", "time_diff": 0.39816, "top1_err": 10.93750, "top5_err": 0.00000}
[03/03 11:57:41][INFO] logging.py:   99: json_stats: {"_type": "val_iter", "epoch": "41/48", "eta": "0:02:15", "gpu_mem": "77.43G", "iter": "480/807", "time_diff": 0.41390, "top1_err": 14.06250, "top5_err": 0.78125}
[03/03 11:57:56][INFO] logging.py:   99: json_stats: {"_type": "val_iter", "epoch": "41/48", "eta": "0:02:15", "gpu_mem": "77.43G", "iter": "490/807", "time_diff": 0.42762, "top1_err": 12.50000, "top5_err": 0.78125}
[03/03 11:58:23][INFO] logging.py:   99: json_stats: {"_type": "val_iter", "epoch": "41/48", "eta": "0:24:11", "gpu_mem": "77.43G", "iter": "500/807", "time_diff": 4.72742, "top1_err": 14.06250, "top5_err": 0.00000}
[03/03 11:58:38][INFO] logging.py:   99: json_stats: {"_type": "val_iter", "epoch": "41/48", "eta": "0:02:01", "gpu_mem": "77.43G", "iter": "510/807", "time_diff": 0.40915, "top1_err": 14.84375, "top5_err": 0.00000}
[03/03 11:58:54][INFO] logging.py:   99: json_stats: {"_type": "val_iter", "epoch": "41/48", "eta": "0:01:59", "gpu_mem": "77.43G", "iter": "520/807", "time_diff": 0.41535, "top1_err": 11.71875, "top5_err": 0.00000}
[03/03 11:59:11][INFO] logging.py:   99: json_stats: {"_type": "val_iter", "epoch": "41/48", "eta": "0:01:54", "gpu_mem": "77.43G", "iter": "530/807", "time_diff": 0.41269, "top1_err": 11.71875, "top5_err": 0.00000}
[03/03 11:59:38][INFO] logging.py:   99: json_stats: {"_type": "val_iter", "epoch": "41/48", "eta": "0:48:37", "gpu_mem": "77.43G", "iter": "540/807", "time_diff": 10.92856, "top1_err": 13.28125, "top5_err": 0.78125}
[03/03 11:59:54][INFO] logging.py:   99: json_stats: {"_type": "val_iter", "epoch": "41/48", "eta": "0:01:43", "gpu_mem": "77.43G", "iter": "550/807", "time_diff": 0.40200, "top1_err": 12.50000, "top5_err": 0.00000}
[03/03 12:00:12][INFO] logging.py:   99: json_stats: {"_type": "val_iter", "epoch": "41/48", "eta": "0:01:38", "gpu_mem": "77.43G", "iter": "560/807", "time_diff": 0.40058, "top1_err": 10.15625, "top5_err": 0.78125}
[03/03 12:00:30][INFO] logging.py:   99: json_stats: {"_type": "val_iter", "epoch": "41/48", "eta": "0:01:38", "gpu_mem": "77.43G", "iter": "570/807", "time_diff": 0.41390, "top1_err": 11.71875, "top5_err": 0.00000}
[03/03 12:00:59][INFO] logging.py:   99: json_stats: {"_type": "val_iter", "epoch": "41/48", "eta": "0:49:35", "gpu_mem": "77.43G", "iter": "580/807", "time_diff": 13.10609, "top1_err": 10.93750, "top5_err": 1.56250}
[03/03 12:01:14][INFO] logging.py:   99: json_stats: {"_type": "val_iter", "epoch": "41/48", "eta": "0:01:28", "gpu_mem": "77.43G", "iter": "590/807", "time_diff": 0.40816, "top1_err": 13.28125, "top5_err": 0.00000}
[03/03 12:01:31][INFO] logging.py:   99: json_stats: {"_type": "val_iter", "epoch": "41/48", "eta": "0:01:23", "gpu_mem": "77.43G", "iter": "600/807", "time_diff": 0.40158, "top1_err": 14.06250, "top5_err": 0.00000}
[03/03 12:01:45][INFO] logging.py:   99: json_stats: {"_type": "val_iter", "epoch": "41/48", "eta": "0:01:21", "gpu_mem": "77.43G", "iter": "610/807", "time_diff": 0.41600, "top1_err": 14.06250, "top5_err": 0.00000}
[03/03 12:02:14][INFO] logging.py:   99: json_stats: {"_type": "val_iter", "epoch": "41/48", "eta": "0:40:34", "gpu_mem": "77.43G", "iter": "620/807", "time_diff": 13.01932, "top1_err": 13.28125, "top5_err": 0.00000}
[03/03 12:02:30][INFO] logging.py:   99: json_stats: {"_type": "val_iter", "epoch": "41/48", "eta": "0:01:10", "gpu_mem": "77.43G", "iter": "630/807", "time_diff": 0.39604, "top1_err": 14.84375, "top5_err": 0.78125}
[03/03 12:02:45][INFO] logging.py:   99: json_stats: {"_type": "val_iter", "epoch": "41/48", "eta": "0:01:07", "gpu_mem": "77.43G", "iter": "640/807", "time_diff": 0.40602, "top1_err": 12.50000, "top5_err": 0.00000}
[03/03 12:03:04][INFO] logging.py:   99: json_stats: {"_type": "val_iter", "epoch": "41/48", "eta": "0:01:04", "gpu_mem": "77.43G", "iter": "650/807", "time_diff": 0.40830, "top1_err": 13.28125, "top5_err": 0.78125}
[03/03 12:03:32][INFO] logging.py:   99: json_stats: {"_type": "val_iter", "epoch": "41/48", "eta": "0:30:47", "gpu_mem": "77.43G", "iter": "660/807", "time_diff": 12.57133, "top1_err": 12.50000, "top5_err": 0.00000}
[03/03 12:03:47][INFO] logging.py:   99: json_stats: {"_type": "val_iter", "epoch": "41/48", "eta": "0:00:55", "gpu_mem": "77.43G", "iter": "670/807", "time_diff": 0.40549, "top1_err": 15.62500, "top5_err": 0.78125}
[03/03 12:04:04][INFO] logging.py:   99: json_stats: {"_type": "val_iter", "epoch": "41/48", "eta": "0:00:50", "gpu_mem": "77.43G", "iter": "680/807", "time_diff": 0.39467, "top1_err": 12.50000, "top5_err": 0.00000}
[03/03 12:04:20][INFO] logging.py:   99: json_stats: {"_type": "val_iter", "epoch": "41/48", "eta": "0:00:47", "gpu_mem": "77.43G", "iter": "690/807", "time_diff": 0.40975, "top1_err": 12.50000, "top5_err": 0.00000}
[03/03 12:04:44][INFO] logging.py:   99: json_stats: {"_type": "val_iter", "epoch": "41/48", "eta": "0:21:46", "gpu_mem": "77.43G", "iter": "700/807", "time_diff": 12.21101, "top1_err": 12.50000, "top5_err": 0.00000}
[03/03 12:05:02][INFO] logging.py:   99: json_stats: {"_type": "val_iter", "epoch": "41/48", "eta": "0:00:38", "gpu_mem": "77.43G", "iter": "710/807", "time_diff": 0.39936, "top1_err": 14.84375, "top5_err": 0.00000}
[03/03 12:05:19][INFO] logging.py:   99: json_stats: {"_type": "val_iter", "epoch": "41/48", "eta": "0:00:34", "gpu_mem": "77.43G", "iter": "720/807", "time_diff": 0.40059, "top1_err": 15.62500, "top5_err": 1.56250}
[03/03 12:05:35][INFO] logging.py:   99: json_stats: {"_type": "val_iter", "epoch": "41/48", "eta": "0:00:32", "gpu_mem": "77.43G", "iter": "730/807", "time_diff": 0.41734, "top1_err": 14.06250, "top5_err": 1.56250}
[03/03 12:06:01][INFO] logging.py:   99: json_stats: {"_type": "val_iter", "epoch": "41/48", "eta": "0:11:07", "gpu_mem": "77.43G", "iter": "740/807", "time_diff": 9.96307, "top1_err": 11.71875, "top5_err": 0.00000}
[03/03 12:06:15][INFO] logging.py:   99: json_stats: {"_type": "val_iter", "epoch": "41/48", "eta": "0:00:23", "gpu_mem": "77.43G", "iter": "750/807", "time_diff": 0.40703, "top1_err": 13.28125, "top5_err": 1.56250}
[03/03 12:06:33][INFO] logging.py:   99: json_stats: {"_type": "val_iter", "epoch": "41/48", "eta": "0:00:19", "gpu_mem": "77.43G", "iter": "760/807", "time_diff": 0.40490, "top1_err": 11.71875, "top5_err": 0.00000}
[03/03 12:06:49][INFO] logging.py:   99: json_stats: {"_type": "val_iter", "epoch": "41/48", "eta": "0:00:15", "gpu_mem": "77.43G", "iter": "770/807", "time_diff": 0.41669, "top1_err": 10.93750, "top5_err": 0.00000}
[03/03 12:07:20][INFO] logging.py:   99: json_stats: {"_type": "val_iter", "epoch": "41/48", "eta": "0:07:40", "gpu_mem": "77.43G", "iter": "780/807", "time_diff": 17.06908, "top1_err": 14.06250, "top5_err": 0.00000}
[03/03 12:07:35][INFO] logging.py:   99: json_stats: {"_type": "val_iter", "epoch": "41/48", "eta": "0:00:06", "gpu_mem": "77.43G", "iter": "790/807", "time_diff": 0.40811, "top1_err": 10.93750, "top5_err": 1.56250}
[03/03 12:07:49][INFO] logging.py:   99: json_stats: {"_type": "val_iter", "epoch": "41/48", "eta": "0:00:02", "gpu_mem": "77.43G", "iter": "800/807", "time_diff": 0.37797, "top1_err": 14.06250, "top5_err": 0.00000}
[03/03 12:08:03][INFO] logging.py:   99: json_stats: {"RAM": "447.28/856.58G", "_type": "val_epoch", "epoch": "41/48", "gpu_mem": "77.43G", "min_top1_err": 13.03404, "min_top5_err": 0.86648, "time_diff": 0.91875, "top1_err": 13.03404, "top5_err": 0.86648}
[03/03 12:09:06][INFO] logging.py:   99: json_stats: {"_type": "train_iter_", "dt": 1.46259, "dt_data": 0.00041, "dt_net": 1.46218, "epoch": "42/48", "eta": "3:48:55", "gpu_mem": "77.43G", "grad_norm": 4.49227, "iter": "10/1343", "loss": 0.28532, "lr": 0.00001, "top1_err": 10.93750, "top5_err": 0.00000}
[03/03 12:09:21][INFO] logging.py:   99: json_stats: {"_type": "train_iter_", "dt": 1.44843, "dt_data": 0.00039, "dt_net": 1.44804, "epoch": "42/48", "eta": "3:46:27", "gpu_mem": "77.43G", "grad_norm": 2.92445, "iter": "20/1343", "loss": 0.25480, "lr": 0.00001, "top1_err": 8.59375, "top5_err": 0.00000}
[03/03 12:09:38][INFO] logging.py:   99: json_stats: {"_type": "train_iter_", "dt": 1.45566, "dt_data": 0.00041, "dt_net": 1.45525, "epoch": "42/48", "eta": "3:47:21", "gpu_mem": "77.43G", "grad_norm": 5.87980, "iter": "30/1343", "loss": 0.27479, "lr": 0.00001, "top1_err": 10.15625, "top5_err": 0.00000}
[03/03 12:09:53][INFO] logging.py:   99: json_stats: {"_type": "train_iter_", "dt": 1.47774, "dt_data": 0.00052, "dt_net": 1.47722, "epoch": "42/48", "eta": "3:50:33", "gpu_mem": "77.43G", "grad_norm": 5.27541, "iter": "40/1343", "loss": 0.28205, "lr": 0.00001, "top1_err": 9.37500, "top5_err": 0.00000}
[03/03 12:10:10][INFO] logging.py:   99: json_stats: {"_type": "train_iter_", "dt": 2.02038, "dt_data": 0.00040, "dt_net": 2.01997, "epoch": "42/48", "eta": "5:14:52", "gpu_mem": "77.43G", "grad_norm": 4.03326, "iter": "50/1343", "loss": 0.22940, "lr": 0.00001, "top1_err": 7.81250, "top5_err": 0.00000}
[03/03 12:10:27][INFO] logging.py:   99: json_stats: {"_type": "train_iter_", "dt": 1.44389, "dt_data": 0.00064, "dt_net": 1.44324, "epoch": "42/48", "eta": "3:44:47", "gpu_mem": "77.43G", "grad_norm": 4.59913, "iter": "60/1343", "loss": 0.22457, "lr": 0.00001, "top1_err": 6.25000, "top5_err": 0.00000}
[03/03 12:10:43][INFO] logging.py:   99: json_stats: {"_type": "train_iter_", "dt": 1.45918, "dt_data": 0.00052, "dt_net": 1.45865, "epoch": "42/48", "eta": "3:46:55", "gpu_mem": "77.43G", "grad_norm": 4.27276, "iter": "70/1343", "loss": 0.31843, "lr": 0.00001, "top1_err": 10.93750, "top5_err": 0.00000}
[03/03 12:10:59][INFO] logging.py:   99: json_stats: {"_type": "train_iter_", "dt": 1.47000, "dt_data": 0.00046, "dt_net": 1.46954, "epoch": "42/48", "eta": "3:48:21", "gpu_mem": "77.43G", "grad_norm": 3.90717, "iter": "80/1343", "loss": 0.32935, "lr": 0.00001, "top1_err": 10.15625, "top5_err": 0.00000}
[03/03 12:11:17][INFO] logging.py:   99: json_stats: {"_type": "train_iter_", "dt": 1.45784, "dt_data": 0.00040, "dt_net": 1.45743, "epoch": "42/48", "eta": "3:46:13", "gpu_mem": "77.43G", "grad_norm": 4.26038, "iter": "90/1343", "loss": 0.31857, "lr": 0.00001, "top1_err": 11.71875, "top5_err": 0.00000}
[03/03 12:11:33][INFO] logging.py:   99: json_stats: {"_type": "train_iter_", "dt": 1.45703, "dt_data": 0.00039, "dt_net": 1.45664, "epoch": "42/48", "eta": "3:45:51", "gpu_mem": "77.43G", "grad_norm": 3.94994, "iter": "100/1343", "loss": 0.24552, "lr": 0.00001, "top1_err": 9.37500, "top5_err": 0.00000}
[03/03 12:11:50][INFO] logging.py:   99: json_stats: {"_type": "train_iter_", "dt": 1.45390, "dt_data": 0.00043, "dt_net": 1.45347, "epoch": "42/48", "eta": "3:45:08", "gpu_mem": "77.43G", "grad_norm": 5.06652, "iter": "110/1343", "loss": 0.30039, "lr": 0.00001, "top1_err": 10.15625, "top5_err": 0.00000}
[03/03 12:12:05][INFO] logging.py:   99: json_stats: {"_type": "train_iter_", "dt": 1.45750, "dt_data": 0.00048, "dt_net": 1.45702, "epoch": "42/48", "eta": "3:45:27", "gpu_mem": "77.43G", "grad_norm": 4.66640, "iter": "120/1343", "loss": 0.34893, "lr": 0.00001, "top1_err": 11.71875, "top5_err": 0.00000}
[03/03 12:12:23][INFO] logging.py:   99: json_stats: {"_type": "train_iter_", "dt": 1.47111, "dt_data": 0.00046, "dt_net": 1.47064, "epoch": "42/48", "eta": "3:47:18", "gpu_mem": "77.43G", "grad_norm": 3.66807, "iter": "130/1343", "loss": 0.30842, "lr": 0.00001, "top1_err": 10.93750, "top5_err": 0.00000}
[03/03 12:12:39][INFO] logging.py:   99: json_stats: {"_type": "train_iter_", "dt": 1.46544, "dt_data": 0.00036, "dt_net": 1.46508, "epoch": "42/48", "eta": "3:46:11", "gpu_mem": "77.43G", "grad_norm": 4.98016, "iter": "140/1343", "loss": 0.29590, "lr": 0.00001, "top1_err": 10.93750, "top5_err": 0.00000}
[03/03 12:12:55][INFO] logging.py:   99: json_stats: {"_type": "train_iter_", "dt": 1.45292, "dt_data": 0.00050, "dt_net": 1.45242, "epoch": "42/48", "eta": "3:44:01", "gpu_mem": "77.43G", "grad_norm": 3.98171, "iter": "150/1343", "loss": 0.26627, "lr": 0.00001, "top1_err": 10.15625, "top5_err": 0.00000}
[03/03 12:13:10][INFO] logging.py:   99: json_stats: {"_type": "train_iter_", "dt": 1.45577, "dt_data": 0.00041, "dt_net": 1.45536, "epoch": "42/48", "eta": "3:44:12", "gpu_mem": "77.43G", "grad_norm": 2.76723, "iter": "160/1343", "loss": 0.27593, "lr": 0.00001, "top1_err": 8.59375, "top5_err": 0.00000}
[03/03 12:13:25][INFO] logging.py:   99: json_stats: {"_type": "train_iter_", "dt": 1.46215, "dt_data": 0.00069, "dt_net": 1.46146, "epoch": "42/48", "eta": "3:44:57", "gpu_mem": "77.43G", "grad_norm": 4.46591, "iter": "170/1343", "loss": 0.26939, "lr": 0.00001, "top1_err": 10.15625, "top5_err": 0.00000}
[03/03 12:13:39][INFO] logging.py:   99: json_stats: {"_type": "train_iter_", "dt": 1.47073, "dt_data": 0.00092, "dt_net": 1.46981, "epoch": "42/48", "eta": "3:46:01", "gpu_mem": "77.43G", "grad_norm": 3.79502, "iter": "180/1343", "loss": 0.23603, "lr": 0.00001, "top1_err": 9.37500, "top5_err": 0.00000}
[03/03 12:13:58][INFO] logging.py:   99: json_stats: {"_type": "train_iter_", "dt": 3.66297, "dt_data": 0.00058, "dt_net": 3.66239, "epoch": "42/48", "eta": "9:22:19", "gpu_mem": "77.43G", "grad_norm": 3.78448, "iter": "190/1343", "loss": 0.24330, "lr": 0.00001, "top1_err": 9.37500, "top5_err": 0.00000}
[03/03 12:14:12][INFO] logging.py:   99: json_stats: {"_type": "train_iter_", "dt": 1.46453, "dt_data": 0.00065, "dt_net": 1.46388, "epoch": "42/48", "eta": "3:44:35", "gpu_mem": "77.43G", "grad_norm": 3.93943, "iter": "200/1343", "loss": 0.27531, "lr": 0.00001, "top1_err": 9.37500, "top5_err": 0.00000}
[03/03 12:14:29][INFO] logging.py:   99: json_stats: {"_type": "train_iter_", "dt": 1.46041, "dt_data": 0.00098, "dt_net": 1.45943, "epoch": "42/48", "eta": "3:43:42", "gpu_mem": "77.43G", "grad_norm": 4.11576, "iter": "210/1343", "loss": 0.25796, "lr": 0.00001, "top1_err": 9.37500, "top5_err": 0.00000}
[03/03 12:14:46][INFO] logging.py:   99: json_stats: {"_type": "train_iter_", "dt": 1.45360, "dt_data": 0.00047, "dt_net": 1.45313, "epoch": "42/48", "eta": "3:42:25", "gpu_mem": "77.43G", "grad_norm": 3.08544, "iter": "220/1343", "loss": 0.39722, "lr": 0.00001, "top1_err": 13.28125, "top5_err": 0.00000}
[03/03 12:15:04][INFO] logging.py:   99: json_stats: {"_type": "train_iter_", "dt": 2.71237, "dt_data": 0.00068, "dt_net": 2.71169, "epoch": "42/48", "eta": "6:54:35", "gpu_mem": "77.43G", "grad_norm": 2.89071, "iter": "230/1343", "loss": 0.28432, "lr": 0.00001, "top1_err": 11.71875, "top5_err": 0.00000}
[03/03 12:15:23][INFO] logging.py:   99: json_stats: {"_type": "train_iter_", "dt": 1.44964, "dt_data": 0.00081, "dt_net": 1.44882, "epoch": "42/48", "eta": "3:41:20", "gpu_mem": "77.43G", "grad_norm": 3.54824, "iter": "240/1343", "loss": 0.24598, "lr": 0.00001, "top1_err": 7.81250, "top5_err": 0.00000}
[03/03 12:15:40][INFO] logging.py:   99: json_stats: {"_type": "train_iter_", "dt": 1.45020, "dt_data": 0.00072, "dt_net": 1.44948, "epoch": "42/48", "eta": "3:41:10", "gpu_mem": "77.43G", "grad_norm": 3.86944, "iter": "250/1343", "loss": 0.23168, "lr": 0.00001, "top1_err": 8.59375, "top5_err": 0.00000}
[03/03 12:15:58][INFO] logging.py:   99: json_stats: {"_type": "train_iter_", "dt": 1.44448, "dt_data": 0.00041, "dt_net": 1.44407, "epoch": "42/48", "eta": "3:40:03", "gpu_mem": "77.43G", "grad_norm": 3.62772, "iter": "260/1343", "loss": 0.31300, "lr": 0.00001, "top1_err": 11.71875, "top5_err": 0.00000}
[03/03 12:16:15][INFO] logging.py:   99: json_stats: {"_type": "train_iter_", "dt": 3.71707, "dt_data": 0.00132, "dt_net": 3.71575, "epoch": "42/48", "eta": "9:25:40", "gpu_mem": "77.43G", "grad_norm": 5.00819, "iter": "270/1343", "loss": 0.29389, "lr": 0.00001, "top1_err": 10.93750, "top5_err": 0.00000}
[03/03 12:16:30][INFO] logging.py:   99: json_stats: {"_type": "train_iter_", "dt": 1.46498, "dt_data": 0.00077, "dt_net": 1.46421, "epoch": "42/48", "eta": "3:42:42", "gpu_mem": "77.43G", "grad_norm": 3.05581, "iter": "280/1343", "loss": 0.29928, "lr": 0.00001, "top1_err": 10.15625, "top5_err": 0.00000}
[03/03 12:16:49][INFO] logging.py:   99: json_stats: {"_type": "train_iter_", "dt": 1.44911, "dt_data": 0.00039, "dt_net": 1.44872, "epoch": "42/48", "eta": "3:40:02", "gpu_mem": "77.43G", "grad_norm": 4.10014, "iter": "290/1343", "loss": 0.31242, "lr": 0.00001, "top1_err": 12.50000, "top5_err": 0.00000}
[03/03 12:17:06][INFO] logging.py:   99: json_stats: {"_type": "train_iter_", "dt": 1.45955, "dt_data": 0.00101, "dt_net": 1.45855, "epoch": "42/48", "eta": "3:41:23", "gpu_mem": "77.43G", "grad_norm": 3.68397, "iter": "300/1343", "loss": 0.29352, "lr": 0.00001, "top1_err": 10.93750, "top5_err": 0.00000}
[03/03 12:17:26][INFO] logging.py:   99: json_stats: {"_type": "train_iter_", "dt": 3.19520, "dt_data": 0.00104, "dt_net": 3.19417, "epoch": "42/48", "eta": "8:04:07", "gpu_mem": "77.43G", "grad_norm": 2.41787, "iter": "310/1343", "loss": 0.29980, "lr": 0.00001, "top1_err": 10.93750, "top5_err": 0.00000}
[03/03 12:17:46][INFO] logging.py:   99: json_stats: {"_type": "train_iter_", "dt": 1.44801, "dt_data": 0.00080, "dt_net": 1.44721, "epoch": "42/48", "eta": "3:39:09", "gpu_mem": "77.43G", "grad_norm": 3.64957, "iter": "320/1343", "loss": 0.21794, "lr": 0.00001, "top1_err": 7.81250, "top5_err": 0.00000}
[03/03 12:18:03][INFO] logging.py:   99: json_stats: {"_type": "train_iter_", "dt": 1.44307, "dt_data": 0.00070, "dt_net": 1.44237, "epoch": "42/48", "eta": "3:38:10", "gpu_mem": "77.43G", "grad_norm": 4.57214, "iter": "330/1343", "loss": 0.29001, "lr": 0.00001, "top1_err": 9.37500, "top5_err": 0.00000}
[03/03 12:18:18][INFO] logging.py:   99: json_stats: {"_type": "train_iter_", "dt": 1.45661, "dt_data": 0.00038, "dt_net": 1.45622, "epoch": "42/48", "eta": "3:39:58", "gpu_mem": "77.43G", "grad_norm": 3.13143, "iter": "340/1343", "loss": 0.28903, "lr": 0.00001, "top1_err": 10.93750, "top5_err": 0.00000}
[03/03 12:18:33][INFO] logging.py:   99: json_stats: {"_type": "train_iter_", "dt": 1.49426, "dt_data": 0.00073, "dt_net": 1.49353, "epoch": "42/48", "eta": "3:45:24", "gpu_mem": "77.43G", "grad_norm": 3.73008, "iter": "350/1343", "loss": 0.31028, "lr": 0.00001, "top1_err": 12.50000, "top5_err": 0.00000}
[03/03 12:18:51][INFO] logging.py:   99: json_stats: {"_type": "train_iter_", "dt": 1.46121, "dt_data": 0.00039, "dt_net": 1.46082, "epoch": "42/48", "eta": "3:40:10", "gpu_mem": "77.43G", "grad_norm": 3.10286, "iter": "360/1343", "loss": 0.26539, "lr": 0.00001, "top1_err": 9.37500, "top5_err": 0.00000}
[03/03 12:19:05][INFO] logging.py:   99: json_stats: {"_type": "train_iter_", "dt": 1.45681, "dt_data": 0.00056, "dt_net": 1.45625, "epoch": "42/48", "eta": "3:39:16", "gpu_mem": "77.43G", "grad_norm": 3.91526, "iter": "370/1343", "loss": 0.27511, "lr": 0.00001, "top1_err": 10.15625, "top5_err": 0.00000}
[03/03 12:19:21][INFO] logging.py:   99: json_stats: {"_type": "train_iter_", "dt": 1.45603, "dt_data": 0.00135, "dt_net": 1.45467, "epoch": "42/48", "eta": "3:38:54", "gpu_mem": "77.43G", "grad_norm": 4.02154, "iter": "380/1343", "loss": 0.23876, "lr": 0.00001, "top1_err": 10.15625, "top5_err": 0.00000}
[03/03 12:19:37][INFO] logging.py:   99: json_stats: {"_type": "train_iter_", "dt": 1.45754, "dt_data": 0.00089, "dt_net": 1.45664, "epoch": "42/48", "eta": "3:38:53", "gpu_mem": "77.43G", "grad_norm": 5.83708, "iter": "390/1343", "loss": 0.20554, "lr": 0.00001, "top1_err": 7.81250, "top5_err": 0.00000}
[03/03 12:19:54][INFO] logging.py:   99: json_stats: {"_type": "train_iter_", "dt": 1.46249, "dt_data": 0.00037, "dt_net": 1.46212, "epoch": "42/48", "eta": "3:39:23", "gpu_mem": "77.43G", "grad_norm": 4.27226, "iter": "400/1343", "loss": 0.27708, "lr": 0.00001, "top1_err": 10.15625, "top5_err": 0.00000}
[03/03 12:20:09][INFO] logging.py:   99: json_stats: {"_type": "train_iter_", "dt": 1.60690, "dt_data": 0.00087, "dt_net": 1.60603, "epoch": "42/48", "eta": "4:00:47", "gpu_mem": "77.43G", "grad_norm": 4.00174, "iter": "410/1343", "loss": 0.34385, "lr": 0.00001, "top1_err": 11.71875, "top5_err": 0.00000}
[03/03 12:20:25][INFO] logging.py:   99: json_stats: {"_type": "train_iter_", "dt": 1.47203, "dt_data": 0.00105, "dt_net": 1.47098, "epoch": "42/48", "eta": "3:40:20", "gpu_mem": "77.43G", "grad_norm": 2.33063, "iter": "420/1343", "loss": 0.28754, "lr": 0.00001, "top1_err": 10.93750, "top5_err": 0.00000}
[03/03 12:20:42][INFO] logging.py:   99: json_stats: {"_type": "train_iter_", "dt": 3.05895, "dt_data": 0.00091, "dt_net": 3.05803, "epoch": "42/48", "eta": "7:37:21", "gpu_mem": "77.43G", "grad_norm": 3.21548, "iter": "430/1343", "loss": 0.27941, "lr": 0.00001, "top1_err": 9.37500, "top5_err": 0.00000}
[03/03 12:20:58][INFO] logging.py:   99: json_stats: {"_type": "train_iter_", "dt": 1.46187, "dt_data": 0.00042, "dt_net": 1.46145, "epoch": "42/48", "eta": "3:38:19", "gpu_mem": "77.43G", "grad_norm": 5.34461, "iter": "440/1343", "loss": 0.36248, "lr": 0.00001, "top1_err": 11.71875, "top5_err": 0.00000}
[03/03 12:21:15][INFO] logging.py:   99: json_stats: {"_type": "train_iter_", "dt": 1.45145, "dt_data": 0.00066, "dt_net": 1.45079, "epoch": "42/48", "eta": "3:36:31", "gpu_mem": "77.43G", "grad_norm": 3.30655, "iter": "450/1343", "loss": 0.29652, "lr": 0.00001, "top1_err": 10.93750, "top5_err": 0.00000}
[03/03 12:21:34][INFO] logging.py:   99: json_stats: {"_type": "train_iter_", "dt": 1.44607, "dt_data": 0.00047, "dt_net": 1.44560, "epoch": "42/48", "eta": "3:35:29", "gpu_mem": "77.43G", "grad_norm": 1.99605, "iter": "460/1343", "loss": 0.30250, "lr": 0.00001, "top1_err": 13.28125, "top5_err": 0.00000}
[03/03 12:21:49][INFO] logging.py:   99: json_stats: {"_type": "train_iter_", "dt": 1.45091, "dt_data": 0.00034, "dt_net": 1.45056, "epoch": "42/48", "eta": "3:35:58", "gpu_mem": "77.43G", "grad_norm": 2.90067, "iter": "470/1343", "loss": 0.28388, "lr": 0.00001, "top1_err": 7.81250, "top5_err": 0.00000}
[03/03 12:22:10][INFO] logging.py:   99: json_stats: {"_type": "train_iter_", "dt": 4.27762, "dt_data": 0.00040, "dt_net": 4.27722, "epoch": "42/48", "eta": "10:36:00", "gpu_mem": "77.43G", "grad_norm": 4.90122, "iter": "480/1343", "loss": 0.32886, "lr": 0.00001, "top1_err": 10.15625, "top5_err": 0.00000}
[03/03 12:22:24][INFO] logging.py:   99: json_stats: {"_type": "train_iter_", "dt": 1.45920, "dt_data": 0.00034, "dt_net": 1.45885, "epoch": "42/48", "eta": "3:36:42", "gpu_mem": "77.43G", "grad_norm": 3.46735, "iter": "490/1343", "loss": 0.32687, "lr": 0.00001, "top1_err": 9.37500, "top5_err": 1.56250}
[03/03 12:22:46][INFO] logging.py:   99: json_stats: {"_type": "train_iter_", "dt": 1.43770, "dt_data": 0.00082, "dt_net": 1.43688, "epoch": "42/48", "eta": "3:33:17", "gpu_mem": "77.43G", "grad_norm": 4.62521, "iter": "500/1343", "loss": 0.23813, "lr": 0.00001, "top1_err": 8.59375, "top5_err": 0.00000}
[03/03 12:23:03][INFO] logging.py:   99: json_stats: {"_type": "train_iter_", "dt": 1.44707, "dt_data": 0.00035, "dt_net": 1.44672, "epoch": "42/48", "eta": "3:34:25", "gpu_mem": "77.43G", "grad_norm": 4.01920, "iter": "510/1343", "loss": 0.31049, "lr": 0.00001, "top1_err": 9.37500, "top5_err": 0.00000}
[03/03 12:23:20][INFO] logging.py:   99: json_stats: {"_type": "train_iter_", "dt": 3.80915, "dt_data": 0.00037, "dt_net": 3.80877, "epoch": "42/48", "eta": "9:23:49", "gpu_mem": "77.43G", "grad_norm": 7.57704, "iter": "520/1343", "loss": 0.34889, "lr": 0.00001, "top1_err": 14.06250, "top5_err": 0.00000}
[03/03 12:23:37][INFO] logging.py:   99: json_stats: {"_type": "train_iter_", "dt": 1.45238, "dt_data": 0.00064, "dt_net": 1.45174, "epoch": "42/48", "eta": "3:34:44", "gpu_mem": "77.43G", "grad_norm": 6.26524, "iter": "530/1343", "loss": 0.32539, "lr": 0.00001, "top1_err": 11.71875, "top5_err": 0.00000}
[03/03 12:23:53][INFO] logging.py:   99: json_stats: {"_type": "train_iter_", "dt": 1.46926, "dt_data": 0.00121, "dt_net": 1.46805, "epoch": "42/48", "eta": "3:36:59", "gpu_mem": "77.43G", "grad_norm": 3.22484, "iter": "540/1343", "loss": 0.28719, "lr": 0.00001, "top1_err": 11.71875, "top5_err": 0.00000}
[03/03 12:24:09][INFO] logging.py:   99: json_stats: {"_type": "train_iter_", "dt": 1.45548, "dt_data": 0.00041, "dt_net": 1.45507, "epoch": "42/48", "eta": "3:34:42", "gpu_mem": "77.43G", "grad_norm": 3.39579, "iter": "550/1343", "loss": 0.26668, "lr": 0.00001, "top1_err": 10.93750, "top5_err": 0.00000}
[03/03 12:24:30][INFO] logging.py:   99: json_stats: {"_type": "train_iter_", "dt": 3.69452, "dt_data": 0.00043, "dt_net": 3.69410, "epoch": "42/48", "eta": "9:04:23", "gpu_mem": "77.43G", "grad_norm": 3.84009, "iter": "560/1343", "loss": 0.32800, "lr": 0.00001, "top1_err": 10.15625, "top5_err": 0.00000}
[03/03 12:24:50][INFO] logging.py:   99: json_stats: {"_type": "train_iter_", "dt": 1.43911, "dt_data": 0.00042, "dt_net": 1.43870, "epoch": "42/48", "eta": "3:31:48", "gpu_mem": "77.43G", "grad_norm": 4.66608, "iter": "570/1343", "loss": 0.29641, "lr": 0.00001, "top1_err": 9.37500, "top5_err": 0.00000}
[03/03 12:25:07][INFO] logging.py:   99: json_stats: {"_type": "train_iter_", "dt": 1.44450, "dt_data": 0.00046, "dt_net": 1.44404, "epoch": "42/48", "eta": "3:32:21", "gpu_mem": "77.43G", "grad_norm": 4.11692, "iter": "580/1343", "loss": 0.25102, "lr": 0.00001, "top1_err": 11.71875, "top5_err": 0.00000}
[03/03 12:25:25][INFO] logging.py:   99: json_stats: {"_type": "train_iter_", "dt": 1.44124, "dt_data": 0.00074, "dt_net": 1.44050, "epoch": "42/48", "eta": "3:31:38", "gpu_mem": "77.43G", "grad_norm": 3.93691, "iter": "590/1343", "loss": 0.27430, "lr": 0.00001, "top1_err": 9.37500, "top5_err": 0.00000}
[03/03 12:25:47][INFO] logging.py:   99: json_stats: {"_type": "train_iter_", "dt": 4.67567, "dt_data": 0.00052, "dt_net": 4.67515, "epoch": "42/48", "eta": "11:25:50", "gpu_mem": "77.43G", "grad_norm": 4.05697, "iter": "600/1343", "loss": 0.26129, "lr": 0.00001, "top1_err": 10.93750, "top5_err": 0.00000}
[03/03 12:26:03][INFO] logging.py:   99: json_stats: {"_type": "train_iter_", "dt": 1.44925, "dt_data": 0.00062, "dt_net": 1.44863, "epoch": "42/48", "eta": "3:32:20", "gpu_mem": "77.43G", "grad_norm": 3.47902, "iter": "610/1343", "loss": 0.26987, "lr": 0.00001, "top1_err": 9.37500, "top5_err": 0.00000}
[03/03 12:26:22][INFO] logging.py:   99: json_stats: {"_type": "train_iter_", "dt": 1.44210, "dt_data": 0.00040, "dt_net": 1.44170, "epoch": "42/48", "eta": "3:31:03", "gpu_mem": "77.43G", "grad_norm": 4.47709, "iter": "620/1343", "loss": 0.27746, "lr": 0.00001, "top1_err": 10.15625, "top5_err": 0.00000}
[03/03 12:26:38][INFO] logging.py:   99: json_stats: {"_type": "train_iter_", "dt": 1.45048, "dt_data": 0.00041, "dt_net": 1.45007, "epoch": "42/48", "eta": "3:32:02", "gpu_mem": "77.43G", "grad_norm": 3.61672, "iter": "630/1343", "loss": 0.33187, "lr": 0.00001, "top1_err": 10.93750, "top5_err": 0.00000}
[03/03 12:26:58][INFO] logging.py:   99: json_stats: {"_type": "train_iter_", "dt": 2.38960, "dt_data": 0.00053, "dt_net": 2.38907, "epoch": "42/48", "eta": "5:48:55", "gpu_mem": "77.43G", "grad_norm": 4.94790, "iter": "640/1343", "loss": 0.28934, "lr": 0.00001, "top1_err": 10.93750, "top5_err": 0.00000}
[03/03 12:27:14][INFO] logging.py:   99: json_stats: {"_type": "train_iter_", "dt": 1.46027, "dt_data": 0.00038, "dt_net": 1.45989, "epoch": "42/48", "eta": "3:32:58", "gpu_mem": "77.43G", "grad_norm": 2.80363, "iter": "650/1343", "loss": 0.33587, "lr": 0.00001, "top1_err": 12.50000, "top5_err": 0.00000}
[03/03 12:27:31][INFO] logging.py:   99: json_stats: {"_type": "train_iter_", "dt": 1.44877, "dt_data": 0.00043, "dt_net": 1.44834, "epoch": "42/48", "eta": "3:31:03", "gpu_mem": "77.43G", "grad_norm": 4.95884, "iter": "660/1343", "loss": 0.27775, "lr": 0.00001, "top1_err": 10.93750, "top5_err": 0.00000}
[03/03 12:27:46][INFO] logging.py:   99: json_stats: {"_type": "train_iter_", "dt": 1.46201, "dt_data": 0.00040, "dt_net": 1.46161, "epoch": "42/48", "eta": "3:32:44", "gpu_mem": "77.43G", "grad_norm": 2.93823, "iter": "670/1343", "loss": 0.25507, "lr": 0.00001, "top1_err": 9.37500, "top5_err": 0.00000}
[03/03 12:28:06][INFO] logging.py:   99: json_stats: {"_type": "train_iter_", "dt": 5.63533, "dt_data": 0.00090, "dt_net": 5.63443, "epoch": "42/48", "eta": "13:39:05", "gpu_mem": "77.43G", "grad_norm": 4.27023, "iter": "680/1343", "loss": 0.31341, "lr": 0.00001, "top1_err": 13.28125, "top5_err": 0.00000}
[03/03 12:28:22][INFO] logging.py:   99: json_stats: {"_type": "train_iter_", "dt": 1.45146, "dt_data": 0.00046, "dt_net": 1.45100, "epoch": "42/48", "eta": "3:30:43", "gpu_mem": "77.43G", "grad_norm": 4.44388, "iter": "690/1343", "loss": 0.24235, "lr": 0.00001, "top1_err": 10.93750, "top5_err": 0.00000}
[03/03 12:28:39][INFO] logging.py:   99: json_stats: {"_type": "train_iter_", "dt": 1.45785, "dt_data": 0.00081, "dt_net": 1.45703, "epoch": "42/48", "eta": "3:31:24", "gpu_mem": "77.43G", "grad_norm": 3.41444, "iter": "700/1343", "loss": 0.24935, "lr": 0.00001, "top1_err": 10.15625, "top5_err": 0.00000}
[03/03 12:28:54][INFO] logging.py:   99: json_stats: {"_type": "train_iter_", "dt": 1.46168, "dt_data": 0.00054, "dt_net": 1.46114, "epoch": "42/48", "eta": "3:31:43", "gpu_mem": "77.43G", "grad_norm": 3.44346, "iter": "710/1343", "loss": 0.27449, "lr": 0.00001, "top1_err": 11.71875, "top5_err": 0.00000}
[03/03 12:29:13][INFO] logging.py:   99: json_stats: {"_type": "train_iter_", "dt": 4.52195, "dt_data": 0.00043, "dt_net": 4.52152, "epoch": "42/48", "eta": "10:54:15", "gpu_mem": "77.43G", "grad_norm": 2.96979, "iter": "720/1343", "loss": 0.29409, "lr": 0.00001, "top1_err": 10.93750, "top5_err": 0.00000}
[03/03 12:29:30][INFO] logging.py:   99: json_stats: {"_type": "train_iter_", "dt": 1.44931, "dt_data": 0.00090, "dt_net": 1.44841, "epoch": "42/48", "eta": "3:29:27", "gpu_mem": "77.43G", "grad_norm": 4.26432, "iter": "730/1343", "loss": 0.28610, "lr": 0.00001, "top1_err": 11.71875, "top5_err": 0.00000}
[03/03 12:29:50][INFO] logging.py:   99: json_stats: {"_type": "train_iter_", "dt": 1.43772, "dt_data": 0.00060, "dt_net": 1.43712, "epoch": "42/48", "eta": "3:27:32", "gpu_mem": "77.43G", "grad_norm": 5.00670, "iter": "740/1343", "loss": 0.26576, "lr": 0.00001, "top1_err": 10.15625, "top5_err": 0.00000}
[03/03 12:30:04][INFO] logging.py:   99: json_stats: {"_type": "train_iter_", "dt": 1.45489, "dt_data": 0.00085, "dt_net": 1.45403, "epoch": "42/48", "eta": "3:29:46", "gpu_mem": "77.43G", "grad_norm": 4.84824, "iter": "750/1343", "loss": 0.24755, "lr": 0.00001, "top1_err": 10.93750, "top5_err": 0.00000}
[03/03 12:30:26][INFO] logging.py:   99: json_stats: {"_type": "train_iter_", "dt": 5.52545, "dt_data": 0.00056, "dt_net": 5.52489, "epoch": "42/48", "eta": "13:15:45", "gpu_mem": "77.43G", "grad_norm": 3.32595, "iter": "760/1343", "loss": 0.32227, "lr": 0.00001, "top1_err": 10.93750, "top5_err": 0.78125}
[03/03 12:30:45][INFO] logging.py:   99: json_stats: {"_type": "train_iter_", "dt": 1.42962, "dt_data": 0.00038, "dt_net": 1.42923, "epoch": "42/48", "eta": "3:25:39", "gpu_mem": "77.43G", "grad_norm": 4.35058, "iter": "770/1343", "loss": 0.30747, "lr": 0.00001, "top1_err": 9.37500, "top5_err": 0.00000}
[03/03 12:31:00][INFO] logging.py:   99: json_stats: {"_type": "train_iter_", "dt": 1.46516, "dt_data": 0.00047, "dt_net": 1.46469, "epoch": "42/48", "eta": "3:30:31", "gpu_mem": "77.43G", "grad_norm": 2.74113, "iter": "780/1343", "loss": 0.25414, "lr": 0.00001, "top1_err": 10.15625, "top5_err": 0.00000}
[03/03 12:31:16][INFO] logging.py:   99: json_stats: {"_type": "train_iter_", "dt": 1.45565, "dt_data": 0.00038, "dt_net": 1.45526, "epoch": "42/48", "eta": "3:28:54", "gpu_mem": "77.43G", "grad_norm": 2.91989, "iter": "790/1343", "loss": 0.29124, "lr": 0.00001, "top1_err": 10.15625, "top5_err": 0.00000}
[03/03 12:31:32][INFO] logging.py:   99: json_stats: {"_type": "train_iter_", "dt": 3.02709, "dt_data": 0.00078, "dt_net": 3.02631, "epoch": "42/48", "eta": "7:13:55", "gpu_mem": "77.43G", "grad_norm": 4.36528, "iter": "800/1343", "loss": 0.27394, "lr": 0.00001, "top1_err": 10.15625, "top5_err": 0.00000}
[03/03 12:31:51][INFO] logging.py:   99: json_stats: {"_type": "train_iter_", "dt": 1.44270, "dt_data": 0.00084, "dt_net": 1.44186, "epoch": "42/48", "eta": "3:26:34", "gpu_mem": "77.43G", "grad_norm": 3.73622, "iter": "810/1343", "loss": 0.29400, "lr": 0.00001, "top1_err": 10.93750, "top5_err": 0.00000}
[03/03 12:32:10][INFO] logging.py:   99: json_stats: {"_type": "train_iter_", "dt": 1.44263, "dt_data": 0.00061, "dt_net": 1.44201, "epoch": "42/48", "eta": "3:26:19", "gpu_mem": "77.43G", "grad_norm": 4.41708, "iter": "820/1343", "loss": 0.34881, "lr": 0.00001, "top1_err": 12.50000, "top5_err": 0.78125}
[03/03 12:32:24][INFO] logging.py:   99: json_stats: {"_type": "train_iter_", "dt": 1.45724, "dt_data": 0.00040, "dt_net": 1.45684, "epoch": "42/48", "eta": "3:28:10", "gpu_mem": "77.43G", "grad_norm": 4.47783, "iter": "830/1343", "loss": 0.22931, "lr": 0.00001, "top1_err": 7.81250, "top5_err": 0.00000}
[03/03 12:32:42][INFO] logging.py:   99: json_stats: {"_type": "train_iter_", "dt": 3.81533, "dt_data": 0.00045, "dt_net": 3.81488, "epoch": "42/48", "eta": "9:04:23", "gpu_mem": "77.43G", "grad_norm": 4.90364, "iter": "840/1343", "loss": 0.27213, "lr": 0.00001, "top1_err": 10.93750, "top5_err": 0.00000}
[03/03 12:32:58][INFO] logging.py:   99: json_stats: {"_type": "train_iter_", "dt": 1.46561, "dt_data": 0.00052, "dt_net": 1.46508, "epoch": "42/48", "eta": "3:28:52", "gpu_mem": "77.43G", "grad_norm": 3.21486, "iter": "850/1343", "loss": 0.25786, "lr": 0.00001, "top1_err": 7.81250, "top5_err": 0.00000}
[03/03 12:33:17][INFO] logging.py:   99: json_stats: {"_type": "train_iter_", "dt": 1.44062, "dt_data": 0.00044, "dt_net": 1.44019, "epoch": "42/48", "eta": "3:25:04", "gpu_mem": "77.43G", "grad_norm": 3.92466, "iter": "860/1343", "loss": 0.28554, "lr": 0.00001, "top1_err": 9.37500, "top5_err": 0.00000}
[03/03 12:33:37][INFO] logging.py:   99: json_stats: {"_type": "train_iter_", "dt": 1.44549, "dt_data": 0.00052, "dt_net": 1.44497, "epoch": "42/48", "eta": "3:25:31", "gpu_mem": "77.43G", "grad_norm": 4.21064, "iter": "870/1343", "loss": 0.32766, "lr": 0.00001, "top1_err": 10.93750, "top5_err": 0.00000}
[03/03 12:33:54][INFO] logging.py:   99: json_stats: {"_type": "train_iter_", "dt": 2.16616, "dt_data": 0.00041, "dt_net": 2.16574, "epoch": "42/48", "eta": "5:07:37", "gpu_mem": "77.43G", "grad_norm": 4.12878, "iter": "880/1343", "loss": 0.27553, "lr": 0.00001, "top1_err": 10.15625, "top5_err": 0.00000}
[03/03 12:34:10][INFO] logging.py:   99: json_stats: {"_type": "train_iter_", "dt": 1.45809, "dt_data": 0.00038, "dt_net": 1.45772, "epoch": "42/48", "eta": "3:26:49", "gpu_mem": "77.43G", "grad_norm": 4.34370, "iter": "890/1343", "loss": 0.33274, "lr": 0.00001, "top1_err": 10.15625, "top5_err": 0.00000}
[03/03 12:34:27][INFO] logging.py:   99: json_stats: {"_type": "train_iter_", "dt": 1.45447, "dt_data": 0.00045, "dt_net": 1.45402, "epoch": "42/48", "eta": "3:26:04", "gpu_mem": "77.43G", "grad_norm": 3.29381, "iter": "900/1343", "loss": 0.26069, "lr": 0.00001, "top1_err": 10.15625, "top5_err": 0.00000}
[03/03 12:34:42][INFO] logging.py:   99: json_stats: {"_type": "train_iter_", "dt": 1.46669, "dt_data": 0.00035, "dt_net": 1.46633, "epoch": "42/48", "eta": "3:27:33", "gpu_mem": "77.43G", "grad_norm": 2.98525, "iter": "910/1343", "loss": 0.29499, "lr": 0.00001, "top1_err": 11.71875, "top5_err": 0.00000}
[03/03 12:35:01][INFO] logging.py:   99: json_stats: {"_type": "train_iter_", "dt": 6.17409, "dt_data": 0.00037, "dt_net": 6.17372, "epoch": "42/48", "eta": "14:32:42", "gpu_mem": "77.43G", "grad_norm": 4.07966, "iter": "920/1343", "loss": 0.25354, "lr": 0.00001, "top1_err": 11.71875, "top5_err": 0.00000}
[03/03 12:35:16][INFO] logging.py:   99: json_stats: {"_type": "train_iter_", "dt": 1.46176, "dt_data": 0.00040, "dt_net": 1.46136, "epoch": "42/48", "eta": "3:26:22", "gpu_mem": "77.43G", "grad_norm": 4.53636, "iter": "930/1343", "loss": 0.34175, "lr": 0.00001, "top1_err": 10.15625, "top5_err": 0.00000}
[03/03 12:35:34][INFO] logging.py:   99: json_stats: {"_type": "train_iter_", "dt": 1.44940, "dt_data": 0.00042, "dt_net": 1.44898, "epoch": "42/48", "eta": "3:24:23", "gpu_mem": "77.43G", "grad_norm": 3.96218, "iter": "940/1343", "loss": 0.27098, "lr": 0.00001, "top1_err": 7.03125, "top5_err": 0.00000}
[03/03 12:35:49][INFO] logging.py:   99: json_stats: {"_type": "train_iter_", "dt": 1.46685, "dt_data": 0.00053, "dt_net": 1.46632, "epoch": "42/48", "eta": "3:26:36", "gpu_mem": "77.43G", "grad_norm": 5.17486, "iter": "950/1343", "loss": 0.27573, "lr": 0.00001, "top1_err": 10.93750, "top5_err": 0.00000}
[03/03 12:36:06][INFO] logging.py:   99: json_stats: {"_type": "train_iter_", "dt": 2.99934, "dt_data": 0.00103, "dt_net": 2.99830, "epoch": "42/48", "eta": "7:01:57", "gpu_mem": "77.43G", "grad_norm": 5.13927, "iter": "960/1343", "loss": 0.30941, "lr": 0.00001, "top1_err": 12.50000, "top5_err": 0.00000}
[03/03 12:36:25][INFO] logging.py:   99: json_stats: {"_type": "train_iter_", "dt": 1.45532, "dt_data": 0.00093, "dt_net": 1.45439, "epoch": "42/48", "eta": "3:24:29", "gpu_mem": "77.43G", "grad_norm": 2.68814, "iter": "970/1343", "loss": 0.29908, "lr": 0.00001, "top1_err": 10.15625, "top5_err": 0.00000}
[03/03 12:36:41][INFO] logging.py:   99: json_stats: {"_type": "train_iter_", "dt": 1.44633, "dt_data": 0.00050, "dt_net": 1.44583, "epoch": "42/48", "eta": "3:22:59", "gpu_mem": "77.43G", "grad_norm": 3.80979, "iter": "980/1343", "loss": 0.28574, "lr": 0.00001, "top1_err": 10.93750, "top5_err": 0.00000}
[03/03 12:36:58][INFO] logging.py:   99: json_stats: {"_type": "train_iter_", "dt": 1.45987, "dt_data": 0.00034, "dt_net": 1.45953, "epoch": "42/48", "eta": "3:24:38", "gpu_mem": "77.43G", "grad_norm": 2.87235, "iter": "990/1343", "loss": 0.32878, "lr": 0.00001, "top1_err": 10.15625, "top5_err": 0.00000}
[03/03 12:37:18][INFO] logging.py:   99: json_stats: {"_type": "train_iter_", "dt": 2.44293, "dt_data": 0.00045, "dt_net": 2.44248, "epoch": "42/48", "eta": "5:42:03", "gpu_mem": "77.43G", "grad_norm": 3.10341, "iter": "1000/1343", "loss": 0.26488, "lr": 0.00001, "top1_err": 10.93750, "top5_err": 0.00000}
[03/03 12:37:33][INFO] logging.py:   99: json_stats: {"_type": "train_iter_", "dt": 1.46292, "dt_data": 0.00041, "dt_net": 1.46251, "epoch": "42/48", "eta": "3:24:35", "gpu_mem": "77.43G", "grad_norm": 4.50896, "iter": "1010/1343", "loss": 0.33102, "lr": 0.00001, "top1_err": 13.28125, "top5_err": 0.00000}
[03/03 12:37:48][INFO] logging.py:   99: json_stats: {"_type": "train_iter_", "dt": 1.46722, "dt_data": 0.00039, "dt_net": 1.46683, "epoch": "42/48", "eta": "3:24:56", "gpu_mem": "77.43G", "grad_norm": 1.97153, "iter": "1020/1343", "loss": 0.27555, "lr": 0.00001, "top1_err": 9.37500, "top5_err": 0.00000}
[03/03 12:38:02][INFO] logging.py:   99: json_stats: {"_type": "train_iter_", "dt": 1.46954, "dt_data": 0.00041, "dt_net": 1.46913, "epoch": "42/48", "eta": "3:25:01", "gpu_mem": "77.43G", "grad_norm": 4.45424, "iter": "1030/1343", "loss": 0.25136, "lr": 0.00001, "top1_err": 8.59375, "top5_err": 0.00000}
[03/03 12:38:20][INFO] logging.py:   99: json_stats: {"_type": "train_iter_", "dt": 2.02148, "dt_data": 0.00035, "dt_net": 2.02113, "epoch": "42/48", "eta": "4:41:41", "gpu_mem": "77.43G", "grad_norm": 5.72255, "iter": "1040/1343", "loss": 0.29423, "lr": 0.00001, "top1_err": 13.28125, "top5_err": 0.00000}
[03/03 12:38:35][INFO] logging.py:   99: json_stats: {"_type": "train_iter_", "dt": 1.46426, "dt_data": 0.00061, "dt_net": 1.46365, "epoch": "42/48", "eta": "3:23:48", "gpu_mem": "77.43G", "grad_norm": 4.67633, "iter": "1050/1343", "loss": 0.28039, "lr": 0.00001, "top1_err": 10.15625, "top5_err": 0.00000}
[03/03 12:38:52][INFO] logging.py:   99: json_stats: {"_type": "train_iter_", "dt": 1.45466, "dt_data": 0.00039, "dt_net": 1.45427, "epoch": "42/48", "eta": "3:22:13", "gpu_mem": "77.43G", "grad_norm": 2.89696, "iter": "1060/1343", "loss": 0.27788, "lr": 0.00001, "top1_err": 9.37500, "top5_err": 0.00000}
[03/03 12:39:10][INFO] logging.py:   99: json_stats: {"_type": "train_iter_", "dt": 1.45531, "dt_data": 0.00042, "dt_net": 1.45489, "epoch": "42/48", "eta": "3:22:04", "gpu_mem": "77.43G", "grad_norm": 4.40235, "iter": "1070/1343", "loss": 0.25087, "lr": 0.00001, "top1_err": 9.37500, "top5_err": 0.00000}
[03/03 12:39:29][INFO] logging.py:   99: json_stats: {"_type": "train_iter_", "dt": 1.45220, "dt_data": 0.00037, "dt_net": 1.45183, "epoch": "42/48", "eta": "3:21:23", "gpu_mem": "77.43G", "grad_norm": 2.46935, "iter": "1080/1343", "loss": 0.27046, "lr": 0.00001, "top1_err": 12.50000, "top5_err": 0.00000}
[03/03 12:39:46][INFO] logging.py:   99: json_stats: {"_type": "train_iter_", "dt": 1.44866, "dt_data": 0.00046, "dt_net": 1.44820, "epoch": "42/48", "eta": "3:20:39", "gpu_mem": "77.43G", "grad_norm": 2.70229, "iter": "1090/1343", "loss": 0.26582, "lr": 0.00001, "top1_err": 9.37500, "top5_err": 0.00000}
[03/03 12:40:04][INFO] logging.py:   99: json_stats: {"_type": "train_iter_", "dt": 1.44260, "dt_data": 0.00066, "dt_net": 1.44194, "epoch": "42/48", "eta": "3:19:35", "gpu_mem": "77.43G", "grad_norm": 5.29821, "iter": "1100/1343", "loss": 0.28860, "lr": 0.00001, "top1_err": 10.15625, "top5_err": 0.00000}
[03/03 12:40:19][INFO] logging.py:   99: json_stats: {"_type": "train_iter_", "dt": 1.45474, "dt_data": 0.00034, "dt_net": 1.45440, "epoch": "42/48", "eta": "3:21:01", "gpu_mem": "77.43G", "grad_norm": 4.62004, "iter": "1110/1343", "loss": 0.37084, "lr": 0.00001, "top1_err": 12.50000, "top5_err": 0.00000}
[03/03 12:40:37][INFO] logging.py:   99: json_stats: {"_type": "train_iter_", "dt": 1.45101, "dt_data": 0.00038, "dt_net": 1.45063, "epoch": "42/48", "eta": "3:20:15", "gpu_mem": "77.43G", "grad_norm": 3.12433, "iter": "1120/1343", "loss": 0.30715, "lr": 0.00001, "top1_err": 10.93750, "top5_err": 0.00000}
[03/03 12:40:55][INFO] logging.py:   99: json_stats: {"_type": "train_iter_", "dt": 1.45604, "dt_data": 0.00041, "dt_net": 1.45562, "epoch": "42/48", "eta": "3:20:42", "gpu_mem": "77.43G", "grad_norm": 6.30184, "iter": "1130/1343", "loss": 0.25222, "lr": 0.00001, "top1_err": 9.37500, "top5_err": 0.00000}
[03/03 12:41:12][INFO] logging.py:   99: json_stats: {"_type": "train_iter_", "dt": 1.46465, "dt_data": 0.00065, "dt_net": 1.46400, "epoch": "42/48", "eta": "3:21:39", "gpu_mem": "77.43G", "grad_norm": 3.96820, "iter": "1140/1343", "loss": 0.25885, "lr": 0.00001, "top1_err": 9.37500, "top5_err": 0.00000}
[03/03 12:41:31][INFO] logging.py:   99: json_stats: {"_type": "train_iter_", "dt": 1.44677, "dt_data": 0.00061, "dt_net": 1.44616, "epoch": "42/48", "eta": "3:18:57", "gpu_mem": "77.43G", "grad_norm": 3.98166, "iter": "1150/1343", "loss": 0.29961, "lr": 0.00001, "top1_err": 9.37500, "top5_err": 0.00000}
[03/03 12:41:52][INFO] logging.py:   99: json_stats: {"_type": "train_iter_", "dt": 1.44895, "dt_data": 0.00038, "dt_net": 1.44857, "epoch": "42/48", "eta": "3:19:00", "gpu_mem": "77.43G", "grad_norm": 3.43255, "iter": "1160/1343", "loss": 0.28815, "lr": 0.00001, "top1_err": 7.81250, "top5_err": 0.00000}
[03/03 12:42:08][INFO] logging.py:   99: json_stats: {"_type": "train_iter_", "dt": 1.46040, "dt_data": 0.00043, "dt_net": 1.45996, "epoch": "42/48", "eta": "3:20:20", "gpu_mem": "77.43G", "grad_norm": 3.75794, "iter": "1170/1343", "loss": 0.31701, "lr": 0.00001, "top1_err": 14.84375, "top5_err": 0.00000}
[03/03 12:42:25][INFO] logging.py:   99: json_stats: {"_type": "train_iter_", "dt": 1.46225, "dt_data": 0.00048, "dt_net": 1.46177, "epoch": "42/48", "eta": "3:20:21", "gpu_mem": "77.43G", "grad_norm": 5.06128, "iter": "1180/1343", "loss": 0.29506, "lr": 0.00001, "top1_err": 10.93750, "top5_err": 0.00000}
[03/03 12:42:44][INFO] logging.py:   99: json_stats: {"_type": "train_iter_", "dt": 1.44885, "dt_data": 0.00041, "dt_net": 1.44843, "epoch": "42/48", "eta": "3:18:16", "gpu_mem": "77.43G", "grad_norm": 3.13595, "iter": "1190/1343", "loss": 0.31489, "lr": 0.00001, "top1_err": 10.93750, "top5_err": 0.00000}
[03/03 12:42:59][INFO] logging.py:   99: json_stats: {"_type": "train_iter_", "dt": 1.45088, "dt_data": 0.00074, "dt_net": 1.45014, "epoch": "42/48", "eta": "3:18:18", "gpu_mem": "77.43G", "grad_norm": 3.90561, "iter": "1200/1343", "loss": 0.28757, "lr": 0.00001, "top1_err": 10.15625, "top5_err": 0.00000}
[03/03 12:43:17][INFO] logging.py:   99: json_stats: {"_type": "train_iter_", "dt": 1.45715, "dt_data": 0.00049, "dt_net": 1.45666, "epoch": "42/48", "eta": "3:18:55", "gpu_mem": "77.43G", "grad_norm": 2.64448, "iter": "1210/1343", "loss": 0.22475, "lr": 0.00001, "top1_err": 9.37500, "top5_err": 0.00000}
[03/03 12:43:34][INFO] logging.py:   99: json_stats: {"_type": "train_iter_", "dt": 1.45042, "dt_data": 0.00040, "dt_net": 1.45001, "epoch": "42/48", "eta": "3:17:45", "gpu_mem": "77.43G", "grad_norm": 6.05478, "iter": "1220/1343", "loss": 0.33988, "lr": 0.00001, "top1_err": 12.50000, "top5_err": 0.00000}
[03/03 12:43:49][INFO] logging.py:   99: json_stats: {"_type": "train_iter_", "dt": 1.45676, "dt_data": 0.00036, "dt_net": 1.45640, "epoch": "42/48", "eta": "3:18:23", "gpu_mem": "77.43G", "grad_norm": 3.71005, "iter": "1230/1343", "loss": 0.27759, "lr": 0.00001, "top1_err": 10.15625, "top5_err": 0.00000}
[03/03 12:44:08][INFO] logging.py:   99: json_stats: {"_type": "train_iter_", "dt": 4.00912, "dt_data": 0.00148, "dt_net": 4.00764, "epoch": "42/48", "eta": "9:05:18", "gpu_mem": "77.43G", "grad_norm": 4.72497, "iter": "1240/1343", "loss": 0.26870, "lr": 0.00001, "top1_err": 9.37500, "top5_err": 0.00000}
[03/03 12:44:24][INFO] logging.py:   99: json_stats: {"_type": "train_iter_", "dt": 1.45257, "dt_data": 0.00036, "dt_net": 1.45221, "epoch": "42/48", "eta": "3:17:19", "gpu_mem": "77.43G", "grad_norm": 4.00618, "iter": "1250/1343", "loss": 0.29066, "lr": 0.00001, "top1_err": 11.71875, "top5_err": 0.00000}
[03/03 12:44:41][INFO] logging.py:   99: json_stats: {"_type": "train_iter_", "dt": 1.44313, "dt_data": 0.00040, "dt_net": 1.44273, "epoch": "42/48", "eta": "3:15:48", "gpu_mem": "77.43G", "grad_norm": 4.72219, "iter": "1260/1343", "loss": 0.32641, "lr": 0.00001, "top1_err": 11.71875, "top5_err": 0.00000}
[03/03 12:45:02][INFO] logging.py:   99: json_stats: {"_type": "train_iter_", "dt": 1.45921, "dt_data": 0.00087, "dt_net": 1.45831, "epoch": "42/48", "eta": "3:17:44", "gpu_mem": "77.43G", "grad_norm": 5.08853, "iter": "1270/1343", "loss": 0.30838, "lr": 0.00001, "top1_err": 10.93750, "top5_err": 0.00000}
[03/03 12:45:20][INFO] logging.py:   99: json_stats: {"_type": "train_iter_", "dt": 1.46082, "dt_data": 0.00085, "dt_net": 1.45997, "epoch": "42/48", "eta": "3:17:43", "gpu_mem": "77.43G", "grad_norm": 2.84673, "iter": "1280/1343", "loss": 0.26908, "lr": 0.00001, "top1_err": 10.15625, "top5_err": 0.00000}
[03/03 12:45:35][INFO] logging.py:   99: json_stats: {"_type": "train_iter_", "dt": 1.45557, "dt_data": 0.00039, "dt_net": 1.45518, "epoch": "42/48", "eta": "3:16:46", "gpu_mem": "77.43G", "grad_norm": 4.66393, "iter": "1290/1343", "loss": 0.35206, "lr": 0.00001, "top1_err": 12.50000, "top5_err": 0.00000}
[03/03 12:45:54][INFO] logging.py:   99: json_stats: {"_type": "train_iter_", "dt": 1.43989, "dt_data": 0.00038, "dt_net": 1.43952, "epoch": "42/48", "eta": "3:14:24", "gpu_mem": "77.43G", "grad_norm": 2.13537, "iter": "1300/1343", "loss": 0.29065, "lr": 0.00001, "top1_err": 10.93750, "top5_err": 0.00000}
[03/03 12:46:11][INFO] logging.py:   99: json_stats: {"_type": "train_iter_", "dt": 1.45122, "dt_data": 0.00081, "dt_net": 1.45041, "epoch": "42/48", "eta": "3:15:41", "gpu_mem": "77.43G", "grad_norm": 3.08387, "iter": "1310/1343", "loss": 0.24019, "lr": 0.00001, "top1_err": 8.59375, "top5_err": 0.00000}
[03/03 12:46:30][INFO] logging.py:   99: json_stats: {"_type": "train_iter_", "dt": 3.27858, "dt_data": 0.00042, "dt_net": 3.27816, "epoch": "42/48", "eta": "7:21:34", "gpu_mem": "77.43G", "grad_norm": 3.39360, "iter": "1320/1343", "loss": 0.34032, "lr": 0.00001, "top1_err": 10.93750, "top5_err": 0.00000}
[03/03 12:46:46][INFO] logging.py:   99: json_stats: {"_type": "train_iter_", "dt": 1.43900, "dt_data": 0.00035, "dt_net": 1.43866, "epoch": "42/48", "eta": "3:13:34", "gpu_mem": "77.43G", "grad_norm": 5.77776, "iter": "1330/1343", "loss": 0.29431, "lr": 0.00001, "top1_err": 10.93750, "top5_err": 0.00000}
[03/03 12:47:00][INFO] logging.py:   99: json_stats: {"_type": "train_iter_", "dt": 1.41871, "dt_data": 0.00017, "dt_net": 1.41854, "epoch": "42/48", "eta": "3:10:36", "gpu_mem": "77.43G", "grad_norm": 5.05856, "iter": "1340/1343", "loss": 0.35682, "lr": 0.00001, "top1_err": 11.71875, "top5_err": 0.00000}
[03/03 12:47:05][INFO] logging.py:   99: json_stats: {"RAM": "303.45/856.58G", "_type": "train_epoch", "dt": 1.08960, "dt_data": 1.08960, "dt_net": 1.40919, "epoch": "42/48", "eta": "2:26:19", "gpu_mem": "77.43G", "grad_norm": 5.04308, "loss": 0.29416, "lr": 0.00001, "top1_err": 10.56520, "top5_err": 0.33158}
[03/03 12:47:05][INFO] train_net.py: 1072: Epoch 41 takes 2342.38s. Epochs from 40 to 41 take 2345.48s in average and 2345.48s in median.
[03/03 12:47:05][INFO] train_net.py: 1078: For epoch 41, each iteraction takes 1.74s in average. From epoch 40 to 41, each iteraction takes 1.75s in average.
[03/03 12:48:10][INFO] logging.py:   99: json_stats: {"_type": "val_iter", "epoch": "42/48", "eta": "0:05:32", "gpu_mem": "77.43G", "iter": "10/807", "time_diff": 0.41668, "top1_err": 12.50000, "top5_err": 0.00000}
[03/03 12:48:25][INFO] logging.py:   99: json_stats: {"_type": "val_iter", "epoch": "42/48", "eta": "0:05:32", "gpu_mem": "77.43G", "iter": "20/807", "time_diff": 0.42252, "top1_err": 12.50000, "top5_err": 0.00000}
[03/03 12:48:44][INFO] logging.py:   99: json_stats: {"_type": "val_iter", "epoch": "42/48", "eta": "0:05:28", "gpu_mem": "77.43G", "iter": "30/807", "time_diff": 0.42317, "top1_err": 13.28125, "top5_err": 0.00000}
[03/03 12:48:57][INFO] logging.py:   99: json_stats: {"_type": "val_iter", "epoch": "42/48", "eta": "0:05:29", "gpu_mem": "77.43G", "iter": "40/807", "time_diff": 0.43024, "top1_err": 12.50000, "top5_err": 0.00000}
[03/03 12:49:21][INFO] logging.py:   99: json_stats: {"_type": "val_iter", "epoch": "42/48", "eta": "0:18:35", "gpu_mem": "77.43G", "iter": "50/807", "time_diff": 1.47333, "top1_err": 10.93750, "top5_err": 0.00000}
[03/03 12:49:36][INFO] logging.py:   99: json_stats: {"_type": "val_iter", "epoch": "42/48", "eta": "0:05:16", "gpu_mem": "77.43G", "iter": "60/807", "time_diff": 0.42370, "top1_err": 11.71875, "top5_err": 0.00000}
[03/03 12:49:51][INFO] logging.py:   99: json_stats: {"_type": "val_iter", "epoch": "42/48", "eta": "0:05:12", "gpu_mem": "77.43G", "iter": "70/807", "time_diff": 0.42394, "top1_err": 14.06250, "top5_err": 0.00000}
[03/03 12:50:06][INFO] logging.py:   99: json_stats: {"_type": "val_iter", "epoch": "42/48", "eta": "0:05:08", "gpu_mem": "77.43G", "iter": "80/807", "time_diff": 0.42479, "top1_err": 14.06250, "top5_err": 0.78125}
[03/03 12:50:31][INFO] logging.py:   99: json_stats: {"_type": "val_iter", "epoch": "42/48", "eta": "1:12:56", "gpu_mem": "77.43G", "iter": "90/807", "time_diff": 6.10437, "top1_err": 14.06250, "top5_err": 1.56250}
[03/03 12:50:47][INFO] logging.py:   99: json_stats: {"_type": "val_iter", "epoch": "42/48", "eta": "0:09:35", "gpu_mem": "77.43G", "iter": "100/807", "time_diff": 0.81451, "top1_err": 14.06250, "top5_err": 0.00000}
[03/03 12:51:04][INFO] logging.py:   99: json_stats: {"_type": "val_iter", "epoch": "42/48", "eta": "0:04:49", "gpu_mem": "77.43G", "iter": "110/807", "time_diff": 0.41554, "top1_err": 12.50000, "top5_err": 1.56250}
[03/03 12:51:22][INFO] logging.py:   99: json_stats: {"_type": "val_iter", "epoch": "42/48", "eta": "0:04:47", "gpu_mem": "77.43G", "iter": "120/807", "time_diff": 0.41830, "top1_err": 13.28125, "top5_err": 0.78125}
[03/03 12:51:49][INFO] logging.py:   99: json_stats: {"_type": "val_iter", "epoch": "42/48", "eta": "2:01:13", "gpu_mem": "77.43G", "iter": "130/807", "time_diff": 10.74425, "top1_err": 13.28125, "top5_err": 0.00000}
[03/03 12:52:06][INFO] logging.py:   99: json_stats: {"_type": "val_iter", "epoch": "42/48", "eta": "0:20:43", "gpu_mem": "77.43G", "iter": "140/807", "time_diff": 1.86486, "top1_err": 12.50000, "top5_err": 0.78125}
[03/03 12:52:21][INFO] logging.py:   99: json_stats: {"_type": "val_iter", "epoch": "42/48", "eta": "0:04:33", "gpu_mem": "77.43G", "iter": "150/807", "time_diff": 0.41687, "top1_err": 13.28125, "top5_err": 0.00000}
[03/03 12:52:35][INFO] logging.py:   99: json_stats: {"_type": "val_iter", "epoch": "42/48", "eta": "0:04:32", "gpu_mem": "77.43G", "iter": "160/807", "time_diff": 0.42185, "top1_err": 12.50000, "top5_err": 1.56250}
[03/03 12:53:01][INFO] logging.py:   99: json_stats: {"_type": "val_iter", "epoch": "42/48", "eta": "1:37:54", "gpu_mem": "77.43G", "iter": "170/807", "time_diff": 9.22244, "top1_err": 12.50000, "top5_err": 0.78125}
[03/03 12:53:20][INFO] logging.py:   99: json_stats: {"_type": "val_iter", "epoch": "42/48", "eta": "1:17:00", "gpu_mem": "77.43G", "iter": "180/807", "time_diff": 7.36946, "top1_err": 16.40625, "top5_err": 1.56250}
[03/03 12:53:36][INFO] logging.py:   99: json_stats: {"_type": "val_iter", "epoch": "42/48", "eta": "0:04:16", "gpu_mem": "77.43G", "iter": "190/807", "time_diff": 0.41510, "top1_err": 11.71875, "top5_err": 0.00000}
[03/03 12:53:50][INFO] logging.py:   99: json_stats: {"_type": "val_iter", "epoch": "42/48", "eta": "0:04:17", "gpu_mem": "77.43G", "iter": "200/807", "time_diff": 0.42397, "top1_err": 11.71875, "top5_err": 0.78125}
[03/03 12:54:14][INFO] logging.py:   99: json_stats: {"_type": "val_iter", "epoch": "42/48", "eta": "1:22:12", "gpu_mem": "77.43G", "iter": "210/807", "time_diff": 8.26171, "top1_err": 10.15625, "top5_err": 0.00000}
[03/03 12:54:31][INFO] logging.py:   99: json_stats: {"_type": "val_iter", "epoch": "42/48", "eta": "0:48:17", "gpu_mem": "77.43G", "iter": "220/807", "time_diff": 4.93597, "top1_err": 10.93750, "top5_err": 0.78125}
[03/03 12:54:46][INFO] logging.py:   99: json_stats: {"_type": "val_iter", "epoch": "42/48", "eta": "0:03:58", "gpu_mem": "77.43G", "iter": "230/807", "time_diff": 0.41250, "top1_err": 9.37500, "top5_err": 0.00000}
[03/03 12:55:00][INFO] logging.py:   99: json_stats: {"_type": "val_iter", "epoch": "42/48", "eta": "0:04:00", "gpu_mem": "77.43G", "iter": "240/807", "time_diff": 0.42371, "top1_err": 13.28125, "top5_err": 0.00000}
[03/03 12:55:21][INFO] logging.py:   99: json_stats: {"_type": "val_iter", "epoch": "42/48", "eta": "0:50:37", "gpu_mem": "77.43G", "iter": "250/807", "time_diff": 5.45327, "top1_err": 14.06250, "top5_err": 0.78125}
[03/03 12:55:42][INFO] logging.py:   99: json_stats: {"_type": "val_iter", "epoch": "42/48", "eta": "1:27:34", "gpu_mem": "77.43G", "iter": "260/807", "time_diff": 9.60516, "top1_err": 13.28125, "top5_err": 1.56250}
[03/03 12:55:59][INFO] logging.py:   99: json_stats: {"_type": "val_iter", "epoch": "42/48", "eta": "0:03:40", "gpu_mem": "77.43G", "iter": "270/807", "time_diff": 0.41088, "top1_err": 12.50000, "top5_err": 0.00000}
[03/03 12:56:15][INFO] logging.py:   99: json_stats: {"_type": "val_iter", "epoch": "42/48", "eta": "0:03:36", "gpu_mem": "77.43G", "iter": "280/807", "time_diff": 0.41005, "top1_err": 14.84375, "top5_err": 1.56250}
[03/03 12:56:34][INFO] logging.py:   99: json_stats: {"_type": "val_iter", "epoch": "42/48", "eta": "0:15:17", "gpu_mem": "77.43G", "iter": "290/807", "time_diff": 1.77395, "top1_err": 10.93750, "top5_err": 0.00000}
[03/03 12:57:01][INFO] logging.py:   99: json_stats: {"_type": "val_iter", "epoch": "42/48", "eta": "1:45:20", "gpu_mem": "77.43G", "iter": "300/807", "time_diff": 12.46600, "top1_err": 12.50000, "top5_err": 0.00000}
[03/03 12:57:14][INFO] logging.py:   99: json_stats: {"_type": "val_iter", "epoch": "42/48", "eta": "0:03:30", "gpu_mem": "77.43G", "iter": "310/807", "time_diff": 0.42441, "top1_err": 13.28125, "top5_err": 0.00000}
[03/03 12:57:28][INFO] logging.py:   99: json_stats: {"_type": "val_iter", "epoch": "42/48", "eta": "0:03:23", "gpu_mem": "77.43G", "iter": "320/807", "time_diff": 0.41889, "top1_err": 12.50000, "top5_err": 0.00000}
[03/03 12:57:44][INFO] logging.py:   99: json_stats: {"_type": "val_iter", "epoch": "42/48", "eta": "0:03:19", "gpu_mem": "77.43G", "iter": "330/807", "time_diff": 0.41880, "top1_err": 13.28125, "top5_err": 0.00000}
[03/03 12:58:04][INFO] logging.py:   99: json_stats: {"_type": "val_iter", "epoch": "42/48", "eta": "0:52:39", "gpu_mem": "77.43G", "iter": "340/807", "time_diff": 6.76476, "top1_err": 10.93750, "top5_err": 1.56250}
[03/03 12:58:22][INFO] logging.py:   99: json_stats: {"_type": "val_iter", "epoch": "42/48", "eta": "0:17:19", "gpu_mem": "77.43G", "iter": "350/807", "time_diff": 2.27528, "top1_err": 13.28125, "top5_err": 0.78125}
[03/03 12:58:36][INFO] logging.py:   99: json_stats: {"_type": "val_iter", "epoch": "42/48", "eta": "0:03:07", "gpu_mem": "77.43G", "iter": "360/807", "time_diff": 0.41916, "top1_err": 12.50000, "top5_err": 0.00000}
[03/03 12:58:54][INFO] logging.py:   99: json_stats: {"_type": "val_iter", "epoch": "42/48", "eta": "0:03:03", "gpu_mem": "77.43G", "iter": "370/807", "time_diff": 0.41940, "top1_err": 12.50000, "top5_err": 1.56250}
[03/03 12:59:13][INFO] logging.py:   99: json_stats: {"_type": "val_iter", "epoch": "42/48", "eta": "0:43:33", "gpu_mem": "77.43G", "iter": "380/807", "time_diff": 6.12014, "top1_err": 10.15625, "top5_err": 0.78125}
[03/03 12:59:32][INFO] logging.py:   99: json_stats: {"_type": "val_iter", "epoch": "42/48", "eta": "0:02:50", "gpu_mem": "77.43G", "iter": "390/807", "time_diff": 0.40862, "top1_err": 13.28125, "top5_err": 0.78125}
[03/03 12:59:52][INFO] logging.py:   99: json_stats: {"_type": "val_iter", "epoch": "42/48", "eta": "0:02:45", "gpu_mem": "77.43G", "iter": "400/807", "time_diff": 0.40672, "top1_err": 12.50000, "top5_err": 0.78125}
[03/03 13:00:07][INFO] logging.py:   99: json_stats: {"_type": "val_iter", "epoch": "42/48", "eta": "0:02:44", "gpu_mem": "77.43G", "iter": "410/807", "time_diff": 0.41388, "top1_err": 14.84375, "top5_err": 0.78125}
[03/03 13:00:30][INFO] logging.py:   99: json_stats: {"_type": "val_iter", "epoch": "42/48", "eta": "0:40:27", "gpu_mem": "77.43G", "iter": "420/807", "time_diff": 6.27299, "top1_err": 13.28125, "top5_err": 0.00000}
[03/03 13:00:50][INFO] logging.py:   99: json_stats: {"_type": "val_iter", "epoch": "42/48", "eta": "0:02:27", "gpu_mem": "77.43G", "iter": "430/807", "time_diff": 0.39199, "top1_err": 15.62500, "top5_err": 0.00000}
[03/03 13:01:04][INFO] logging.py:   99: json_stats: {"_type": "val_iter", "epoch": "42/48", "eta": "0:02:30", "gpu_mem": "77.43G", "iter": "440/807", "time_diff": 0.41017, "top1_err": 14.06250, "top5_err": 0.78125}
[03/03 13:01:18][INFO] logging.py:   99: json_stats: {"_type": "val_iter", "epoch": "42/48", "eta": "0:02:29", "gpu_mem": "77.43G", "iter": "450/807", "time_diff": 0.41829, "top1_err": 11.71875, "top5_err": 0.78125}
[03/03 13:01:45][INFO] logging.py:   99: json_stats: {"_type": "val_iter", "epoch": "42/48", "eta": "0:44:51", "gpu_mem": "77.43G", "iter": "460/807", "time_diff": 7.75746, "top1_err": 11.71875, "top5_err": 0.00000}
[03/03 13:02:03][INFO] logging.py:   99: json_stats: {"_type": "val_iter", "epoch": "42/48", "eta": "0:11:55", "gpu_mem": "77.43G", "iter": "470/807", "time_diff": 2.12455, "top1_err": 11.71875, "top5_err": 0.00000}
[03/03 13:02:17][INFO] logging.py:   99: json_stats: {"_type": "val_iter", "epoch": "42/48", "eta": "0:02:15", "gpu_mem": "77.43G", "iter": "480/807", "time_diff": 0.41306, "top1_err": 14.84375, "top5_err": 0.78125}
[03/03 13:02:34][INFO] logging.py:   99: json_stats: {"_type": "val_iter", "epoch": "42/48", "eta": "0:02:10", "gpu_mem": "77.43G", "iter": "490/807", "time_diff": 0.41263, "top1_err": 10.15625, "top5_err": 0.00000}
[03/03 13:03:01][INFO] logging.py:   99: json_stats: {"_type": "val_iter", "epoch": "42/48", "eta": "1:01:19", "gpu_mem": "77.43G", "iter": "500/807", "time_diff": 11.98504, "top1_err": 14.06250, "top5_err": 0.78125}
[03/03 13:03:16][INFO] logging.py:   99: json_stats: {"_type": "val_iter", "epoch": "42/48", "eta": "0:01:59", "gpu_mem": "77.43G", "iter": "510/807", "time_diff": 0.40329, "top1_err": 10.93750, "top5_err": 1.56250}
[03/03 13:03:35][INFO] logging.py:   99: json_stats: {"_type": "val_iter", "epoch": "42/48", "eta": "0:01:51", "gpu_mem": "77.43G", "iter": "520/807", "time_diff": 0.39020, "top1_err": 10.15625, "top5_err": 0.78125}
[03/03 13:03:54][INFO] logging.py:   99: json_stats: {"_type": "val_iter", "epoch": "42/48", "eta": "0:01:51", "gpu_mem": "77.43G", "iter": "530/807", "time_diff": 0.40409, "top1_err": 11.71875, "top5_err": 0.00000}
[03/03 13:04:16][INFO] logging.py:   99: json_stats: {"_type": "val_iter", "epoch": "42/48", "eta": "0:36:35", "gpu_mem": "77.43G", "iter": "540/807", "time_diff": 8.22302, "top1_err": 14.84375, "top5_err": 0.00000}
[03/03 13:04:39][INFO] logging.py:   99: json_stats: {"_type": "val_iter", "epoch": "42/48", "eta": "0:28:33", "gpu_mem": "77.43G", "iter": "550/807", "time_diff": 6.66602, "top1_err": 14.06250, "top5_err": 0.78125}
[03/03 13:04:55][INFO] logging.py:   99: json_stats: {"_type": "val_iter", "epoch": "42/48", "eta": "0:01:38", "gpu_mem": "77.43G", "iter": "560/807", "time_diff": 0.40021, "top1_err": 11.71875, "top5_err": 0.00000}
[03/03 13:05:12][INFO] logging.py:   99: json_stats: {"_type": "val_iter", "epoch": "42/48", "eta": "0:01:35", "gpu_mem": "77.43G", "iter": "570/807", "time_diff": 0.40373, "top1_err": 12.50000, "top5_err": 1.56250}
[03/03 13:05:36][INFO] logging.py:   99: json_stats: {"_type": "val_iter", "epoch": "42/48", "eta": "0:23:14", "gpu_mem": "77.43G", "iter": "580/807", "time_diff": 6.14107, "top1_err": 12.50000, "top5_err": 0.78125}
[03/03 13:05:55][INFO] logging.py:   99: json_stats: {"_type": "val_iter", "epoch": "42/48", "eta": "0:15:02", "gpu_mem": "77.43G", "iter": "590/807", "time_diff": 4.15760, "top1_err": 14.06250, "top5_err": 0.00000}
[03/03 13:06:12][INFO] logging.py:   99: json_stats: {"_type": "val_iter", "epoch": "42/48", "eta": "0:01:23", "gpu_mem": "77.43G", "iter": "600/807", "time_diff": 0.40233, "top1_err": 14.84375, "top5_err": 0.78125}
[03/03 13:06:30][INFO] logging.py:   99: json_stats: {"_type": "val_iter", "epoch": "42/48", "eta": "0:01:21", "gpu_mem": "77.43G", "iter": "610/807", "time_diff": 0.41240, "top1_err": 12.50000, "top5_err": 0.00000}
[03/03 13:06:50][INFO] logging.py:   99: json_stats: {"_type": "val_iter", "epoch": "42/48", "eta": "0:12:03", "gpu_mem": "77.43G", "iter": "620/807", "time_diff": 3.86708, "top1_err": 14.84375, "top5_err": 0.78125}
[03/03 13:07:13][INFO] logging.py:   99: json_stats: {"_type": "val_iter", "epoch": "42/48", "eta": "0:20:57", "gpu_mem": "77.43G", "iter": "630/807", "time_diff": 7.10488, "top1_err": 14.06250, "top5_err": 0.00000}
[03/03 13:07:31][INFO] logging.py:   99: json_stats: {"_type": "val_iter", "epoch": "42/48", "eta": "0:01:05", "gpu_mem": "77.43G", "iter": "640/807", "time_diff": 0.39144, "top1_err": 15.62500, "top5_err": 0.00000}
[03/03 13:07:49][INFO] logging.py:   99: json_stats: {"_type": "val_iter", "epoch": "42/48", "eta": "0:01:03", "gpu_mem": "77.43G", "iter": "650/807", "time_diff": 0.40488, "top1_err": 14.06250, "top5_err": 0.78125}
[03/03 13:08:10][INFO] logging.py:   99: json_stats: {"_type": "val_iter", "epoch": "42/48", "eta": "0:11:50", "gpu_mem": "77.43G", "iter": "660/807", "time_diff": 4.83212, "top1_err": 14.06250, "top5_err": 0.00000}
[03/03 13:08:31][INFO] logging.py:   99: json_stats: {"_type": "val_iter", "epoch": "42/48", "eta": "0:14:31", "gpu_mem": "77.43G", "iter": "670/807", "time_diff": 6.36152, "top1_err": 14.06250, "top5_err": 0.78125}
[03/03 13:08:46][INFO] logging.py:   99: json_stats: {"_type": "val_iter", "epoch": "42/48", "eta": "0:00:51", "gpu_mem": "77.43G", "iter": "680/807", "time_diff": 0.40512, "top1_err": 13.28125, "top5_err": 0.00000}
[03/03 13:08:58][INFO] logging.py:   99: json_stats: {"_type": "val_iter", "epoch": "42/48", "eta": "0:00:48", "gpu_mem": "77.43G", "iter": "690/807", "time_diff": 0.41709, "top1_err": 10.93750, "top5_err": 0.00000}
[03/03 13:09:20][INFO] logging.py:   99: json_stats: {"_type": "val_iter", "epoch": "42/48", "eta": "0:11:52", "gpu_mem": "77.43G", "iter": "700/807", "time_diff": 6.66333, "top1_err": 13.28125, "top5_err": 0.00000}
[03/03 13:09:42][INFO] logging.py:   99: json_stats: {"_type": "val_iter", "epoch": "42/48", "eta": "0:08:02", "gpu_mem": "77.43G", "iter": "710/807", "time_diff": 4.97086, "top1_err": 10.93750, "top5_err": 1.56250}
[03/03 13:09:56][INFO] logging.py:   99: json_stats: {"_type": "val_iter", "epoch": "42/48", "eta": "0:00:35", "gpu_mem": "77.43G", "iter": "720/807", "time_diff": 0.40672, "top1_err": 12.50000, "top5_err": 0.00000}
[03/03 13:10:13][INFO] logging.py:   99: json_stats: {"_type": "val_iter", "epoch": "42/48", "eta": "0:00:31", "gpu_mem": "77.43G", "iter": "730/807", "time_diff": 0.40943, "top1_err": 14.06250, "top5_err": 1.56250}
[03/03 13:10:36][INFO] logging.py:   99: json_stats: {"_type": "val_iter", "epoch": "42/48", "eta": "0:09:18", "gpu_mem": "77.43G", "iter": "740/807", "time_diff": 8.33640, "top1_err": 12.50000, "top5_err": 0.00000}
[03/03 13:10:57][INFO] logging.py:   99: json_stats: {"_type": "val_iter", "epoch": "42/48", "eta": "0:06:28", "gpu_mem": "77.43G", "iter": "750/807", "time_diff": 6.81732, "top1_err": 11.71875, "top5_err": 1.56250}
[03/03 13:11:16][INFO] logging.py:   99: json_stats: {"_type": "val_iter", "epoch": "42/48", "eta": "0:00:18", "gpu_mem": "77.43G", "iter": "760/807", "time_diff": 0.39153, "top1_err": 13.28125, "top5_err": 0.00000}
[03/03 13:11:35][INFO] logging.py:   99: json_stats: {"_type": "val_iter", "epoch": "42/48", "eta": "0:00:14", "gpu_mem": "77.43G", "iter": "770/807", "time_diff": 0.40212, "top1_err": 9.37500, "top5_err": 0.00000}
[03/03 13:11:53][INFO] logging.py:   99: json_stats: {"_type": "val_iter", "epoch": "42/48", "eta": "0:01:39", "gpu_mem": "77.43G", "iter": "780/807", "time_diff": 3.68695, "top1_err": 12.50000, "top5_err": 0.00000}
[03/03 13:12:20][INFO] logging.py:   99: json_stats: {"_type": "val_iter", "epoch": "42/48", "eta": "0:03:55", "gpu_mem": "77.43G", "iter": "790/807", "time_diff": 13.85245, "top1_err": 12.50000, "top5_err": 1.56250}
[03/03 13:12:35][INFO] logging.py:   99: json_stats: {"_type": "val_iter", "epoch": "42/48", "eta": "0:00:02", "gpu_mem": "77.43G", "iter": "800/807", "time_diff": 0.37800, "top1_err": 10.93750, "top5_err": 0.00000}
[03/03 13:12:48][INFO] logging.py:   99: json_stats: {"RAM": "437.13/856.58G", "_type": "val_epoch", "epoch": "42/48", "gpu_mem": "77.43G", "min_top1_err": 12.94293, "min_top5_err": 0.86648, "time_diff": 0.88764, "top1_err": 12.94293, "top5_err": 0.88005}
[03/03 13:13:48][INFO] logging.py:   99: json_stats: {"_type": "train_iter_", "dt": 3.16197, "dt_data": 0.00040, "dt_net": 3.16156, "epoch": "43/48", "eta": "7:04:07", "gpu_mem": "77.43G", "grad_norm": 4.03096, "iter": "10/1343", "loss": 0.29054, "lr": 0.00001, "top1_err": 10.15625, "top5_err": 0.00000}
[03/03 13:14:04][INFO] logging.py:   99: json_stats: {"_type": "train_iter_", "dt": 1.45161, "dt_data": 0.00043, "dt_net": 1.45117, "epoch": "43/48", "eta": "3:14:28", "gpu_mem": "77.43G", "grad_norm": 2.57252, "iter": "20/1343", "loss": 0.28490, "lr": 0.00001, "top1_err": 10.93750, "top5_err": 0.00000}
[03/03 13:14:20][INFO] logging.py:   99: json_stats: {"_type": "train_iter_", "dt": 1.46187, "dt_data": 0.00050, "dt_net": 1.46137, "epoch": "43/48", "eta": "3:15:35", "gpu_mem": "77.43G", "grad_norm": 4.27120, "iter": "30/1343", "loss": 0.38149, "lr": 0.00001, "top1_err": 13.28125, "top5_err": 0.00000}
[03/03 13:14:37][INFO] logging.py:   99: json_stats: {"_type": "train_iter_", "dt": 1.45561, "dt_data": 0.00056, "dt_net": 1.45505, "epoch": "43/48", "eta": "3:14:31", "gpu_mem": "77.43G", "grad_norm": 3.19998, "iter": "40/1343", "loss": 0.27591, "lr": 0.00001, "top1_err": 10.93750, "top5_err": 0.00000}
[03/03 13:14:53][INFO] logging.py:   99: json_stats: {"_type": "train_iter_", "dt": 1.46532, "dt_data": 0.00041, "dt_net": 1.46491, "epoch": "43/48", "eta": "3:15:34", "gpu_mem": "77.43G", "grad_norm": 3.66505, "iter": "50/1343", "loss": 0.28167, "lr": 0.00001, "top1_err": 11.71875, "top5_err": 0.00000}
[03/03 13:15:12][INFO] logging.py:   99: json_stats: {"_type": "train_iter_", "dt": 1.44962, "dt_data": 0.00060, "dt_net": 1.44901, "epoch": "43/48", "eta": "3:13:14", "gpu_mem": "77.43G", "grad_norm": 5.02333, "iter": "60/1343", "loss": 0.28490, "lr": 0.00001, "top1_err": 10.93750, "top5_err": 0.00000}
[03/03 13:15:28][INFO] logging.py:   99: json_stats: {"_type": "train_iter_", "dt": 1.46035, "dt_data": 0.00036, "dt_net": 1.45998, "epoch": "43/48", "eta": "3:14:25", "gpu_mem": "77.43G", "grad_norm": 2.85999, "iter": "70/1343", "loss": 0.26441, "lr": 0.00001, "top1_err": 10.15625, "top5_err": 0.00000}
[03/03 13:15:46][INFO] logging.py:   99: json_stats: {"_type": "train_iter_", "dt": 1.46046, "dt_data": 0.00046, "dt_net": 1.45999, "epoch": "43/48", "eta": "3:14:11", "gpu_mem": "77.43G", "grad_norm": 5.21843, "iter": "80/1343", "loss": 0.23597, "lr": 0.00001, "top1_err": 7.81250, "top5_err": 0.00000}
[03/03 13:16:03][INFO] logging.py:   99: json_stats: {"_type": "train_iter_", "dt": 1.44704, "dt_data": 0.00033, "dt_net": 1.44671, "epoch": "43/48", "eta": "3:12:09", "gpu_mem": "77.43G", "grad_norm": 2.24609, "iter": "90/1343", "loss": 0.28754, "lr": 0.00001, "top1_err": 12.50000, "top5_err": 0.00000}
[03/03 13:16:20][INFO] logging.py:   99: json_stats: {"_type": "train_iter_", "dt": 1.45899, "dt_data": 0.00077, "dt_net": 1.45822, "epoch": "43/48", "eta": "3:13:30", "gpu_mem": "77.43G", "grad_norm": 2.52013, "iter": "100/1343", "loss": 0.27754, "lr": 0.00001, "top1_err": 11.71875, "top5_err": 0.00000}
[03/03 13:16:36][INFO] logging.py:   99: json_stats: {"_type": "train_iter_", "dt": 1.45205, "dt_data": 0.00048, "dt_net": 1.45156, "epoch": "43/48", "eta": "3:12:20", "gpu_mem": "77.43G", "grad_norm": 5.40890, "iter": "110/1343", "loss": 0.29727, "lr": 0.00001, "top1_err": 10.93750, "top5_err": 0.00000}
[03/03 13:16:52][INFO] logging.py:   99: json_stats: {"_type": "train_iter_", "dt": 1.45672, "dt_data": 0.00040, "dt_net": 1.45632, "epoch": "43/48", "eta": "3:12:43", "gpu_mem": "77.43G", "grad_norm": 4.36436, "iter": "120/1343", "loss": 0.31478, "lr": 0.00001, "top1_err": 10.93750, "top5_err": 0.00000}
[03/03 13:17:09][INFO] logging.py:   99: json_stats: {"_type": "train_iter_", "dt": 1.45806, "dt_data": 0.00033, "dt_net": 1.45774, "epoch": "43/48", "eta": "3:12:39", "gpu_mem": "77.43G", "grad_norm": 3.55282, "iter": "130/1343", "loss": 0.22876, "lr": 0.00001, "top1_err": 7.03125, "top5_err": 0.00000}
[03/03 13:17:25][INFO] logging.py:   99: json_stats: {"_type": "train_iter_", "dt": 1.45471, "dt_data": 0.00047, "dt_net": 1.45425, "epoch": "43/48", "eta": "3:11:58", "gpu_mem": "77.43G", "grad_norm": 3.34569, "iter": "140/1343", "loss": 0.27760, "lr": 0.00001, "top1_err": 10.93750, "top5_err": 0.00000}
[03/03 13:17:40][INFO] logging.py:   99: json_stats: {"_type": "train_iter_", "dt": 1.46718, "dt_data": 0.00035, "dt_net": 1.46684, "epoch": "43/48", "eta": "3:13:22", "gpu_mem": "77.43G", "grad_norm": 3.51449, "iter": "150/1343", "loss": 0.27825, "lr": 0.00001, "top1_err": 10.93750, "top5_err": 0.00000}
[03/03 13:17:55][INFO] logging.py:   99: json_stats: {"_type": "train_iter_", "dt": 1.45148, "dt_data": 0.00055, "dt_net": 1.45093, "epoch": "43/48", "eta": "3:11:03", "gpu_mem": "77.43G", "grad_norm": 3.55158, "iter": "160/1343", "loss": 0.29038, "lr": 0.00001, "top1_err": 10.15625, "top5_err": 0.00000}
[03/03 13:18:09][INFO] logging.py:   99: json_stats: {"_type": "train_iter_", "dt": 1.45393, "dt_data": 0.00037, "dt_net": 1.45355, "epoch": "43/48", "eta": "3:11:08", "gpu_mem": "77.43G", "grad_norm": 4.54414, "iter": "170/1343", "loss": 0.28884, "lr": 0.00001, "top1_err": 10.93750, "top5_err": 0.00000}
[03/03 13:18:27][INFO] logging.py:   99: json_stats: {"_type": "train_iter_", "dt": 1.46203, "dt_data": 0.00148, "dt_net": 1.46053, "epoch": "43/48", "eta": "3:11:57", "gpu_mem": "77.43G", "grad_norm": 3.64107, "iter": "180/1343", "loss": 0.29811, "lr": 0.00001, "top1_err": 10.15625, "top5_err": 0.00000}
[03/03 13:18:46][INFO] logging.py:   99: json_stats: {"_type": "train_iter_", "dt": 1.45113, "dt_data": 0.00043, "dt_net": 1.45069, "epoch": "43/48", "eta": "3:10:17", "gpu_mem": "77.43G", "grad_norm": 4.33626, "iter": "190/1343", "loss": 0.30522, "lr": 0.00001, "top1_err": 12.50000, "top5_err": 0.00000}
[03/03 13:19:05][INFO] logging.py:   99: json_stats: {"_type": "train_iter_", "dt": 1.45041, "dt_data": 0.00085, "dt_net": 1.44955, "epoch": "43/48", "eta": "3:09:57", "gpu_mem": "77.43G", "grad_norm": 2.58448, "iter": "200/1343", "loss": 0.22780, "lr": 0.00001, "top1_err": 7.81250, "top5_err": 0.00000}
[03/03 13:19:22][INFO] logging.py:   99: json_stats: {"_type": "train_iter_", "dt": 1.46861, "dt_data": 0.00036, "dt_net": 1.46825, "epoch": "43/48", "eta": "3:12:05", "gpu_mem": "77.43G", "grad_norm": 4.02639, "iter": "210/1343", "loss": 0.31910, "lr": 0.00001, "top1_err": 10.93750, "top5_err": 0.00000}
[03/03 13:19:36][INFO] logging.py:   99: json_stats: {"_type": "train_iter_", "dt": 1.45826, "dt_data": 0.00034, "dt_net": 1.45792, "epoch": "43/48", "eta": "3:10:29", "gpu_mem": "77.43G", "grad_norm": 4.88732, "iter": "220/1343", "loss": 0.25343, "lr": 0.00001, "top1_err": 10.93750, "top5_err": 0.00000}
[03/03 13:19:54][INFO] logging.py:   99: json_stats: {"_type": "train_iter_", "dt": 1.44639, "dt_data": 0.00048, "dt_net": 1.44591, "epoch": "43/48", "eta": "3:08:42", "gpu_mem": "77.43G", "grad_norm": 3.35289, "iter": "230/1343", "loss": 0.28565, "lr": 0.00001, "top1_err": 10.15625, "top5_err": 0.00000}
[03/03 13:20:13][INFO] logging.py:   99: json_stats: {"_type": "train_iter_", "dt": 1.45823, "dt_data": 0.00105, "dt_net": 1.45718, "epoch": "43/48", "eta": "3:10:00", "gpu_mem": "77.43G", "grad_norm": 3.06509, "iter": "240/1343", "loss": 0.23486, "lr": 0.00001, "top1_err": 10.15625, "top5_err": 0.00000}
[03/03 13:20:33][INFO] logging.py:   99: json_stats: {"_type": "train_iter_", "dt": 5.56373, "dt_data": 0.00110, "dt_net": 5.56261, "epoch": "43/48", "eta": "12:04:01", "gpu_mem": "77.43G", "grad_norm": 6.03856, "iter": "250/1343", "loss": 0.30532, "lr": 0.00001, "top1_err": 10.15625, "top5_err": 0.00000}
[03/03 13:20:47][INFO] logging.py:   99: json_stats: {"_type": "train_iter_", "dt": 1.45993, "dt_data": 0.00063, "dt_net": 1.45930, "epoch": "43/48", "eta": "3:09:44", "gpu_mem": "77.43G", "grad_norm": 4.78284, "iter": "260/1343", "loss": 0.35330, "lr": 0.00001, "top1_err": 11.71875, "top5_err": 0.00000}
[03/03 13:21:03][INFO] logging.py:   99: json_stats: {"_type": "train_iter_", "dt": 1.45669, "dt_data": 0.00067, "dt_net": 1.45602, "epoch": "43/48", "eta": "3:09:04", "gpu_mem": "77.43G", "grad_norm": 4.04629, "iter": "270/1343", "loss": 0.27370, "lr": 0.00001, "top1_err": 7.81250, "top5_err": 0.00000}
[03/03 13:21:20][INFO] logging.py:   99: json_stats: {"_type": "train_iter_", "dt": 1.45530, "dt_data": 0.00096, "dt_net": 1.45433, "epoch": "43/48", "eta": "3:08:39", "gpu_mem": "77.43G", "grad_norm": 2.78658, "iter": "280/1343", "loss": 0.26529, "lr": 0.00001, "top1_err": 9.37500, "top5_err": 0.00000}
[03/03 13:21:43][INFO] logging.py:   99: json_stats: {"_type": "train_iter_", "dt": 5.23434, "dt_data": 0.00088, "dt_net": 5.23346, "epoch": "43/48", "eta": "11:17:40", "gpu_mem": "77.43G", "grad_norm": 4.48759, "iter": "290/1343", "loss": 0.30069, "lr": 0.00001, "top1_err": 10.93750, "top5_err": 0.00000}
[03/03 13:22:00][INFO] logging.py:   99: json_stats: {"_type": "train_iter_", "dt": 1.44341, "dt_data": 0.00099, "dt_net": 1.44242, "epoch": "43/48", "eta": "3:06:38", "gpu_mem": "77.43G", "grad_norm": 4.76676, "iter": "300/1343", "loss": 0.28112, "lr": 0.00001, "top1_err": 11.71875, "top5_err": 0.00000}
[03/03 13:22:15][INFO] logging.py:   99: json_stats: {"_type": "train_iter_", "dt": 1.45839, "dt_data": 0.00091, "dt_net": 1.45747, "epoch": "43/48", "eta": "3:08:19", "gpu_mem": "77.43G", "grad_norm": 3.93374, "iter": "310/1343", "loss": 0.27956, "lr": 0.00001, "top1_err": 10.15625, "top5_err": 0.00000}
[03/03 13:22:36][INFO] logging.py:   99: json_stats: {"_type": "train_iter_", "dt": 5.53530, "dt_data": 0.00039, "dt_net": 5.53492, "epoch": "43/48", "eta": "11:53:52", "gpu_mem": "77.43G", "grad_norm": 4.42575, "iter": "320/1343", "loss": 0.24430, "lr": 0.00001, "top1_err": 10.93750, "top5_err": 0.00000}
[03/03 13:22:53][INFO] logging.py:   99: json_stats: {"_type": "train_iter_", "dt": 1.44174, "dt_data": 0.00078, "dt_net": 1.44096, "epoch": "43/48", "eta": "3:05:41", "gpu_mem": "77.43G", "grad_norm": 3.10152, "iter": "330/1343", "loss": 0.26809, "lr": 0.00001, "top1_err": 10.15625, "top5_err": 0.00000}
[03/03 13:23:08][INFO] logging.py:   99: json_stats: {"_type": "train_iter_", "dt": 1.46078, "dt_data": 0.00159, "dt_net": 1.45917, "epoch": "43/48", "eta": "3:07:54", "gpu_mem": "77.43G", "grad_norm": 3.74401, "iter": "340/1343", "loss": 0.23236, "lr": 0.00001, "top1_err": 7.81250, "top5_err": 0.00000}
[03/03 13:23:24][INFO] logging.py:   99: json_stats: {"_type": "train_iter_", "dt": 1.46738, "dt_data": 0.00128, "dt_net": 1.46609, "epoch": "43/48", "eta": "3:08:30", "gpu_mem": "77.43G", "grad_norm": 4.26625, "iter": "350/1343", "loss": 0.38099, "lr": 0.00001, "top1_err": 10.93750, "top5_err": 0.00000}
[03/03 13:23:43][INFO] logging.py:   99: json_stats: {"_type": "train_iter_", "dt": 3.00528, "dt_data": 0.00039, "dt_net": 3.00490, "epoch": "43/48", "eta": "6:25:34", "gpu_mem": "77.43G", "grad_norm": 3.40754, "iter": "360/1343", "loss": 0.29292, "lr": 0.00001, "top1_err": 11.71875, "top5_err": 0.00000}
[03/03 13:24:00][INFO] logging.py:   99: json_stats: {"_type": "train_iter_", "dt": 1.43829, "dt_data": 0.00039, "dt_net": 1.43789, "epoch": "43/48", "eta": "3:04:17", "gpu_mem": "77.43G", "grad_norm": 4.56426, "iter": "370/1343", "loss": 0.26481, "lr": 0.00001, "top1_err": 9.37500, "top5_err": 0.00000}
[03/03 13:24:17][INFO] logging.py:   99: json_stats: {"_type": "train_iter_", "dt": 1.44533, "dt_data": 0.00041, "dt_net": 1.44491, "epoch": "43/48", "eta": "3:04:57", "gpu_mem": "77.43G", "grad_norm": 3.30903, "iter": "380/1343", "loss": 0.29443, "lr": 0.00001, "top1_err": 10.93750, "top5_err": 0.00000}
[03/03 13:24:32][INFO] logging.py:   99: json_stats: {"_type": "train_iter_", "dt": 1.46057, "dt_data": 0.00046, "dt_net": 1.46011, "epoch": "43/48", "eta": "3:06:39", "gpu_mem": "77.43G", "grad_norm": 3.38361, "iter": "390/1343", "loss": 0.24940, "lr": 0.00001, "top1_err": 7.81250, "top5_err": 0.00000}
[03/03 13:24:52][INFO] logging.py:   99: json_stats: {"_type": "train_iter_", "dt": 6.50701, "dt_data": 0.00091, "dt_net": 6.50609, "epoch": "43/48", "eta": "13:50:30", "gpu_mem": "77.43G", "grad_norm": 5.42143, "iter": "400/1343", "loss": 0.32871, "lr": 0.00001, "top1_err": 10.15625, "top5_err": 0.00000}
[03/03 13:25:07][INFO] logging.py:   99: json_stats: {"_type": "train_iter_", "dt": 1.45580, "dt_data": 0.00039, "dt_net": 1.45541, "epoch": "43/48", "eta": "3:05:33", "gpu_mem": "77.43G", "grad_norm": 4.52264, "iter": "410/1343", "loss": 0.30344, "lr": 0.00001, "top1_err": 9.37500, "top5_err": 0.00000}
[03/03 13:25:26][INFO] logging.py:   99: json_stats: {"_type": "train_iter_", "dt": 1.44486, "dt_data": 0.00053, "dt_net": 1.44433, "epoch": "43/48", "eta": "3:03:55", "gpu_mem": "77.43G", "grad_norm": 3.50785, "iter": "420/1343", "loss": 0.30613, "lr": 0.00001, "top1_err": 8.59375, "top5_err": 0.78125}
[03/03 13:25:42][INFO] logging.py:   99: json_stats: {"_type": "train_iter_", "dt": 1.44579, "dt_data": 0.00069, "dt_net": 1.44510, "epoch": "43/48", "eta": "3:03:48", "gpu_mem": "77.43G", "grad_norm": 5.15080, "iter": "430/1343", "loss": 0.30821, "lr": 0.00001, "top1_err": 12.50000, "top5_err": 0.00000}
[03/03 13:26:02][INFO] logging.py:   99: json_stats: {"_type": "train_iter_", "dt": 3.83897, "dt_data": 0.00116, "dt_net": 3.83781, "epoch": "43/48", "eta": "8:07:25", "gpu_mem": "77.43G", "grad_norm": 6.01768, "iter": "440/1343", "loss": 0.30977, "lr": 0.00001, "top1_err": 11.71875, "top5_err": 0.00000}
[03/03 13:26:20][INFO] logging.py:   99: json_stats: {"_type": "train_iter_", "dt": 1.43812, "dt_data": 0.00063, "dt_net": 1.43749, "epoch": "43/48", "eta": "3:02:21", "gpu_mem": "77.43G", "grad_norm": 3.50355, "iter": "450/1343", "loss": 0.24945, "lr": 0.00001, "top1_err": 10.15625, "top5_err": 0.00000}
[03/03 13:26:35][INFO] logging.py:   99: json_stats: {"_type": "train_iter_", "dt": 1.46258, "dt_data": 0.00042, "dt_net": 1.46217, "epoch": "43/48", "eta": "3:05:12", "gpu_mem": "77.43G", "grad_norm": 4.22001, "iter": "460/1343", "loss": 0.33444, "lr": 0.00001, "top1_err": 12.50000, "top5_err": 0.00000}
[03/03 13:26:52][INFO] logging.py:   99: json_stats: {"_type": "train_iter_", "dt": 1.45202, "dt_data": 0.00123, "dt_net": 1.45079, "epoch": "43/48", "eta": "3:03:37", "gpu_mem": "77.43G", "grad_norm": 2.92381, "iter": "470/1343", "loss": 0.24146, "lr": 0.00001, "top1_err": 8.59375, "top5_err": 0.00000}
[03/03 13:27:09][INFO] logging.py:   99: json_stats: {"_type": "train_iter_", "dt": 2.23644, "dt_data": 0.00077, "dt_net": 2.23566, "epoch": "43/48", "eta": "4:42:27", "gpu_mem": "77.43G", "grad_norm": 4.24324, "iter": "480/1343", "loss": 0.26261, "lr": 0.00001, "top1_err": 9.37500, "top5_err": 0.00000}
[03/03 13:27:27][INFO] logging.py:   99: json_stats: {"_type": "train_iter_", "dt": 1.45282, "dt_data": 0.00109, "dt_net": 1.45173, "epoch": "43/48", "eta": "3:03:14", "gpu_mem": "77.43G", "grad_norm": 4.61374, "iter": "490/1343", "loss": 0.26122, "lr": 0.00001, "top1_err": 8.59375, "top5_err": 0.00000}
[03/03 13:27:45][INFO] logging.py:   99: json_stats: {"_type": "train_iter_", "dt": 1.44531, "dt_data": 0.00051, "dt_net": 1.44480, "epoch": "43/48", "eta": "3:02:03", "gpu_mem": "77.43G", "grad_norm": 4.53196, "iter": "500/1343", "loss": 0.32340, "lr": 0.00001, "top1_err": 11.71875, "top5_err": 0.00000}
[03/03 13:27:59][INFO] logging.py:   99: json_stats: {"_type": "train_iter_", "dt": 1.45908, "dt_data": 0.00076, "dt_net": 1.45831, "epoch": "43/48", "eta": "3:03:33", "gpu_mem": "77.43G", "grad_norm": 2.48884, "iter": "510/1343", "loss": 0.29053, "lr": 0.00001, "top1_err": 11.71875, "top5_err": 0.00000}
[03/03 13:28:17][INFO] logging.py:   99: json_stats: {"_type": "train_iter_", "dt": 4.07674, "dt_data": 0.00057, "dt_net": 4.07617, "epoch": "43/48", "eta": "8:32:10", "gpu_mem": "77.43G", "grad_norm": 3.82544, "iter": "520/1343", "loss": 0.21711, "lr": 0.00001, "top1_err": 5.46875, "top5_err": 0.00000}
[03/03 13:28:34][INFO] logging.py:   99: json_stats: {"_type": "train_iter_", "dt": 1.44800, "dt_data": 0.00123, "dt_net": 1.44677, "epoch": "43/48", "eta": "3:01:40", "gpu_mem": "77.43G", "grad_norm": 3.27621, "iter": "530/1343", "loss": 0.27897, "lr": 0.00001, "top1_err": 10.93750, "top5_err": 0.00000}
[03/03 13:28:52][INFO] logging.py:   99: json_stats: {"_type": "train_iter_", "dt": 1.44821, "dt_data": 0.00046, "dt_net": 1.44775, "epoch": "43/48", "eta": "3:01:27", "gpu_mem": "77.43G", "grad_norm": 2.87323, "iter": "540/1343", "loss": 0.27608, "lr": 0.00001, "top1_err": 10.93750, "top5_err": 0.00000}
[03/03 13:29:11][INFO] logging.py:   99: json_stats: {"_type": "train_iter_", "dt": 1.44176, "dt_data": 0.00057, "dt_net": 1.44119, "epoch": "43/48", "eta": "3:00:24", "gpu_mem": "77.43G", "grad_norm": 2.82994, "iter": "550/1343", "loss": 0.27510, "lr": 0.00001, "top1_err": 9.37500, "top5_err": 0.00000}
[03/03 13:29:31][INFO] logging.py:   99: json_stats: {"_type": "train_iter_", "dt": 4.55244, "dt_data": 0.00040, "dt_net": 4.55204, "epoch": "43/48", "eta": "9:28:54", "gpu_mem": "77.43G", "grad_norm": 3.05599, "iter": "560/1343", "loss": 0.31018, "lr": 0.00001, "top1_err": 11.71875, "top5_err": 0.00000}
[03/03 13:29:47][INFO] logging.py:   99: json_stats: {"_type": "train_iter_", "dt": 1.44949, "dt_data": 0.00155, "dt_net": 1.44793, "epoch": "43/48", "eta": "3:00:53", "gpu_mem": "77.43G", "grad_norm": 6.11180, "iter": "570/1343", "loss": 0.30311, "lr": 0.00001, "top1_err": 10.93750, "top5_err": 0.00000}
[03/03 13:30:02][INFO] logging.py:   99: json_stats: {"_type": "train_iter_", "dt": 1.46085, "dt_data": 0.00081, "dt_net": 1.46004, "epoch": "43/48", "eta": "3:02:04", "gpu_mem": "77.43G", "grad_norm": 5.40835, "iter": "580/1343", "loss": 0.33347, "lr": 0.00001, "top1_err": 11.71875, "top5_err": 0.00000}
[03/03 13:30:20][INFO] logging.py:   99: json_stats: {"_type": "train_iter_", "dt": 1.45553, "dt_data": 0.00063, "dt_net": 1.45489, "epoch": "43/48", "eta": "3:01:09", "gpu_mem": "77.43G", "grad_norm": 4.52819, "iter": "590/1343", "loss": 0.24879, "lr": 0.00001, "top1_err": 9.37500, "top5_err": 0.00000}
[03/03 13:30:39][INFO] logging.py:   99: json_stats: {"_type": "train_iter_", "dt": 3.18939, "dt_data": 0.00054, "dt_net": 3.18885, "epoch": "43/48", "eta": "6:36:26", "gpu_mem": "77.43G", "grad_norm": 3.22774, "iter": "600/1343", "loss": 0.28357, "lr": 0.00001, "top1_err": 10.93750, "top5_err": 0.00000}
[03/03 13:30:58][INFO] logging.py:   99: json_stats: {"_type": "train_iter_", "dt": 1.43672, "dt_data": 0.00042, "dt_net": 1.43630, "epoch": "43/48", "eta": "2:58:20", "gpu_mem": "77.43G", "grad_norm": 4.30384, "iter": "610/1343", "loss": 0.26457, "lr": 0.00001, "top1_err": 8.59375, "top5_err": 0.00000}
[03/03 13:31:14][INFO] logging.py:   99: json_stats: {"_type": "train_iter_", "dt": 1.45948, "dt_data": 0.00040, "dt_net": 1.45908, "epoch": "43/48", "eta": "3:00:55", "gpu_mem": "77.43G", "grad_norm": 2.60854, "iter": "620/1343", "loss": 0.27572, "lr": 0.00000, "top1_err": 9.37500, "top5_err": 0.00000}
[03/03 13:31:33][INFO] logging.py:   99: json_stats: {"_type": "train_iter_", "dt": 1.44245, "dt_data": 0.00066, "dt_net": 1.44179, "epoch": "43/48", "eta": "2:58:34", "gpu_mem": "77.43G", "grad_norm": 2.96384, "iter": "630/1343", "loss": 0.24352, "lr": 0.00000, "top1_err": 9.37500, "top5_err": 0.00000}
[03/03 13:31:54][INFO] logging.py:   99: json_stats: {"_type": "train_iter_", "dt": 6.99460, "dt_data": 0.00043, "dt_net": 6.99416, "epoch": "43/48", "eta": "14:24:45", "gpu_mem": "77.43G", "grad_norm": 4.49749, "iter": "640/1343", "loss": 0.29491, "lr": 0.00000, "top1_err": 9.37500, "top5_err": 0.00000}
[03/03 13:32:11][INFO] logging.py:   99: json_stats: {"_type": "train_iter_", "dt": 1.44722, "dt_data": 0.00036, "dt_net": 1.44685, "epoch": "43/48", "eta": "2:58:40", "gpu_mem": "77.43G", "grad_norm": 3.18215, "iter": "650/1343", "loss": 0.30908, "lr": 0.00000, "top1_err": 10.15625, "top5_err": 0.00000}
[03/03 13:32:28][INFO] logging.py:   99: json_stats: {"_type": "train_iter_", "dt": 1.45352, "dt_data": 0.00041, "dt_net": 1.45311, "epoch": "43/48", "eta": "2:59:13", "gpu_mem": "77.43G", "grad_norm": 4.01890, "iter": "660/1343", "loss": 0.26054, "lr": 0.00000, "top1_err": 10.15625, "top5_err": 0.00000}
[03/03 13:32:47][INFO] logging.py:   99: json_stats: {"_type": "train_iter_", "dt": 1.44211, "dt_data": 0.00039, "dt_net": 1.44172, "epoch": "43/48", "eta": "2:57:34", "gpu_mem": "77.43G", "grad_norm": 2.74557, "iter": "670/1343", "loss": 0.24264, "lr": 0.00000, "top1_err": 8.59375, "top5_err": 0.00000}
[03/03 13:33:07][INFO] logging.py:   99: json_stats: {"_type": "train_iter_", "dt": 5.53543, "dt_data": 0.00071, "dt_net": 5.53471, "epoch": "43/48", "eta": "11:20:40", "gpu_mem": "77.43G", "grad_norm": 3.37623, "iter": "680/1343", "loss": 0.32488, "lr": 0.00000, "top1_err": 10.93750, "top5_err": 0.00000}
[03/03 13:33:24][INFO] logging.py:   99: json_stats: {"_type": "train_iter_", "dt": 1.44401, "dt_data": 0.00043, "dt_net": 1.44357, "epoch": "43/48", "eta": "2:57:19", "gpu_mem": "77.43G", "grad_norm": 3.55386, "iter": "690/1343", "loss": 0.27537, "lr": 0.00000, "top1_err": 9.37500, "top5_err": 0.00000}
[03/03 13:33:41][INFO] logging.py:   99: json_stats: {"_type": "train_iter_", "dt": 1.44261, "dt_data": 0.00045, "dt_net": 1.44216, "epoch": "43/48", "eta": "2:56:54", "gpu_mem": "77.43G", "grad_norm": 3.91940, "iter": "700/1343", "loss": 0.26947, "lr": 0.00000, "top1_err": 8.59375, "top5_err": 0.00000}
[03/03 13:33:59][INFO] logging.py:   99: json_stats: {"_type": "train_iter_", "dt": 1.43834, "dt_data": 0.00041, "dt_net": 1.43792, "epoch": "43/48", "eta": "2:56:08", "gpu_mem": "77.43G", "grad_norm": 3.38594, "iter": "710/1343", "loss": 0.22866, "lr": 0.00000, "top1_err": 9.37500, "top5_err": 0.00000}
[03/03 13:34:22][INFO] logging.py:   99: json_stats: {"_type": "train_iter_", "dt": 5.72289, "dt_data": 0.00042, "dt_net": 5.72247, "epoch": "43/48", "eta": "11:39:54", "gpu_mem": "77.43G", "grad_norm": 4.52356, "iter": "720/1343", "loss": 0.29575, "lr": 0.00000, "top1_err": 11.71875, "top5_err": 0.00000}
[03/03 13:34:42][INFO] logging.py:   99: json_stats: {"_type": "train_iter_", "dt": 1.42725, "dt_data": 0.00037, "dt_net": 1.42687, "epoch": "43/48", "eta": "2:54:18", "gpu_mem": "77.43G", "grad_norm": 4.12683, "iter": "730/1343", "loss": 0.33554, "lr": 0.00000, "top1_err": 11.71875, "top5_err": 0.00000}
[03/03 13:35:01][INFO] logging.py:   99: json_stats: {"_type": "train_iter_", "dt": 1.44426, "dt_data": 0.00042, "dt_net": 1.44384, "epoch": "43/48", "eta": "2:56:09", "gpu_mem": "77.43G", "grad_norm": 2.69184, "iter": "740/1343", "loss": 0.23277, "lr": 0.00000, "top1_err": 7.81250, "top5_err": 0.00000}
[03/03 13:35:17][INFO] logging.py:   99: json_stats: {"_type": "train_iter_", "dt": 1.45194, "dt_data": 0.00040, "dt_net": 1.45153, "epoch": "43/48", "eta": "2:56:50", "gpu_mem": "77.43G", "grad_norm": 3.11375, "iter": "750/1343", "loss": 0.25242, "lr": 0.00000, "top1_err": 9.37500, "top5_err": 0.00000}
[03/03 13:35:34][INFO] logging.py:   99: json_stats: {"_type": "train_iter_", "dt": 1.45366, "dt_data": 0.00050, "dt_net": 1.45316, "epoch": "43/48", "eta": "2:56:48", "gpu_mem": "77.43G", "grad_norm": 3.39313, "iter": "760/1343", "loss": 0.29970, "lr": 0.00000, "top1_err": 10.93750, "top5_err": 0.00000}
[03/03 13:35:53][INFO] logging.py:   99: json_stats: {"_type": "train_iter_", "dt": 1.44551, "dt_data": 0.00054, "dt_net": 1.44496, "epoch": "43/48", "eta": "2:55:34", "gpu_mem": "77.43G", "grad_norm": 4.20062, "iter": "770/1343", "loss": 0.29112, "lr": 0.00000, "top1_err": 10.93750, "top5_err": 0.00000}
[03/03 13:36:10][INFO] logging.py:   99: json_stats: {"_type": "train_iter_", "dt": 1.43700, "dt_data": 0.00052, "dt_net": 1.43648, "epoch": "43/48", "eta": "2:54:18", "gpu_mem": "77.43G", "grad_norm": 4.27466, "iter": "780/1343", "loss": 0.29474, "lr": 0.00000, "top1_err": 10.93750, "top5_err": 0.00000}
[03/03 13:36:26][INFO] logging.py:   99: json_stats: {"_type": "train_iter_", "dt": 1.45617, "dt_data": 0.00094, "dt_net": 1.45522, "epoch": "43/48", "eta": "2:56:23", "gpu_mem": "77.43G", "grad_norm": 1.77450, "iter": "790/1343", "loss": 0.25335, "lr": 0.00000, "top1_err": 10.15625, "top5_err": 0.00000}
[03/03 13:36:47][INFO] logging.py:   99: json_stats: {"_type": "train_iter_", "dt": 4.96048, "dt_data": 0.00068, "dt_net": 4.95980, "epoch": "43/48", "eta": "10:00:03", "gpu_mem": "77.43G", "grad_norm": 4.18916, "iter": "800/1343", "loss": 0.33848, "lr": 0.00000, "top1_err": 12.50000, "top5_err": 0.00000}
[03/03 13:37:06][INFO] logging.py:   99: json_stats: {"_type": "train_iter_", "dt": 1.45230, "dt_data": 0.00068, "dt_net": 1.45162, "epoch": "43/48", "eta": "2:55:26", "gpu_mem": "77.43G", "grad_norm": 3.98466, "iter": "810/1343", "loss": 0.23166, "lr": 0.00000, "top1_err": 9.37500, "top5_err": 0.00000}
[03/03 13:37:21][INFO] logging.py:   99: json_stats: {"_type": "train_iter_", "dt": 1.45364, "dt_data": 0.00044, "dt_net": 1.45319, "epoch": "43/48", "eta": "2:55:21", "gpu_mem": "77.43G", "grad_norm": 6.56778, "iter": "820/1343", "loss": 0.26166, "lr": 0.00000, "top1_err": 7.03125, "top5_err": 0.00000}
[03/03 13:37:38][INFO] logging.py:   99: json_stats: {"_type": "train_iter_", "dt": 1.45276, "dt_data": 0.00057, "dt_net": 1.45218, "epoch": "43/48", "eta": "2:55:00", "gpu_mem": "77.43G", "grad_norm": 2.81601, "iter": "830/1343", "loss": 0.27355, "lr": 0.00000, "top1_err": 7.81250, "top5_err": 0.00000}
[03/03 13:37:57][INFO] logging.py:   99: json_stats: {"_type": "train_iter_", "dt": 4.17345, "dt_data": 0.00046, "dt_net": 4.17299, "epoch": "43/48", "eta": "8:22:03", "gpu_mem": "77.43G", "grad_norm": 4.10254, "iter": "840/1343", "loss": 0.32164, "lr": 0.00000, "top1_err": 12.50000, "top5_err": 0.00000}
[03/03 13:38:14][INFO] logging.py:   99: json_stats: {"_type": "train_iter_", "dt": 1.44588, "dt_data": 0.00048, "dt_net": 1.44540, "epoch": "43/48", "eta": "2:53:41", "gpu_mem": "77.43G", "grad_norm": 4.37186, "iter": "850/1343", "loss": 0.31506, "lr": 0.00000, "top1_err": 10.93750, "top5_err": 0.00000}
[03/03 13:38:31][INFO] logging.py:   99: json_stats: {"_type": "train_iter_", "dt": 1.45505, "dt_data": 0.00034, "dt_net": 1.45470, "epoch": "43/48", "eta": "2:54:33", "gpu_mem": "77.43G", "grad_norm": 5.44447, "iter": "860/1343", "loss": 0.25791, "lr": 0.00000, "top1_err": 9.37500, "top5_err": 0.00000}
[03/03 13:38:52][INFO] logging.py:   99: json_stats: {"_type": "train_iter_", "dt": 1.43593, "dt_data": 0.00054, "dt_net": 1.43539, "epoch": "43/48", "eta": "2:52:01", "gpu_mem": "77.43G", "grad_norm": 4.88775, "iter": "870/1343", "loss": 0.30053, "lr": 0.00000, "top1_err": 10.93750, "top5_err": 0.00000}
[03/03 13:39:13][INFO] logging.py:   99: json_stats: {"_type": "train_iter_", "dt": 2.59588, "dt_data": 0.00045, "dt_net": 2.59543, "epoch": "43/48", "eta": "5:10:33", "gpu_mem": "77.43G", "grad_norm": 5.03090, "iter": "880/1343", "loss": 0.26176, "lr": 0.00000, "top1_err": 9.37500, "top5_err": 0.00000}
[03/03 13:39:31][INFO] logging.py:   99: json_stats: {"_type": "train_iter_", "dt": 1.43522, "dt_data": 0.00041, "dt_net": 1.43481, "epoch": "43/48", "eta": "2:51:27", "gpu_mem": "77.43G", "grad_norm": 2.95678, "iter": "890/1343", "loss": 0.32926, "lr": 0.00000, "top1_err": 12.50000, "top5_err": 0.00000}
[03/03 13:39:47][INFO] logging.py:   99: json_stats: {"_type": "train_iter_", "dt": 1.45879, "dt_data": 0.00038, "dt_net": 1.45841, "epoch": "43/48", "eta": "2:54:02", "gpu_mem": "77.43G", "grad_norm": 2.89259, "iter": "900/1343", "loss": 0.29972, "lr": 0.00000, "top1_err": 10.93750, "top5_err": 0.00000}
[03/03 13:40:05][INFO] logging.py:   99: json_stats: {"_type": "train_iter_", "dt": 1.44696, "dt_data": 0.00114, "dt_net": 1.44582, "epoch": "43/48", "eta": "2:52:22", "gpu_mem": "77.43G", "grad_norm": 4.55424, "iter": "910/1343", "loss": 0.20533, "lr": 0.00000, "top1_err": 7.81250, "top5_err": 0.00000}
[03/03 13:40:27][INFO] logging.py:   99: json_stats: {"_type": "train_iter_", "dt": 5.77361, "dt_data": 0.00061, "dt_net": 5.77301, "epoch": "43/48", "eta": "11:26:52", "gpu_mem": "77.43G", "grad_norm": 3.61604, "iter": "920/1343", "loss": 0.27441, "lr": 0.00000, "top1_err": 10.93750, "top5_err": 0.00000}
[03/03 13:40:42][INFO] logging.py:   99: json_stats: {"_type": "train_iter_", "dt": 1.45358, "dt_data": 0.00099, "dt_net": 1.45258, "epoch": "43/48", "eta": "2:52:41", "gpu_mem": "77.43G", "grad_norm": 2.31742, "iter": "930/1343", "loss": 0.30526, "lr": 0.00000, "top1_err": 9.37500, "top5_err": 0.00000}
[03/03 13:41:00][INFO] logging.py:   99: json_stats: {"_type": "train_iter_", "dt": 1.45194, "dt_data": 0.00038, "dt_net": 1.45156, "epoch": "43/48", "eta": "2:52:14", "gpu_mem": "77.43G", "grad_norm": 2.91797, "iter": "940/1343", "loss": 0.24580, "lr": 0.00000, "top1_err": 10.93750, "top5_err": 0.00000}
[03/03 13:41:19][INFO] logging.py:   99: json_stats: {"_type": "train_iter_", "dt": 1.43950, "dt_data": 0.00048, "dt_net": 1.43902, "epoch": "43/48", "eta": "2:50:31", "gpu_mem": "77.43G", "grad_norm": 3.22996, "iter": "950/1343", "loss": 0.32845, "lr": 0.00000, "top1_err": 9.37500, "top5_err": 0.00000}
[03/03 13:41:39][INFO] logging.py:   99: json_stats: {"_type": "train_iter_", "dt": 5.59285, "dt_data": 0.00039, "dt_net": 5.59247, "epoch": "43/48", "eta": "11:01:38", "gpu_mem": "77.43G", "grad_norm": 2.66859, "iter": "960/1343", "loss": 0.29233, "lr": 0.00000, "top1_err": 9.37500, "top5_err": 0.00000}
[03/03 13:41:57][INFO] logging.py:   99: json_stats: {"_type": "train_iter_", "dt": 1.43793, "dt_data": 0.00038, "dt_net": 1.43755, "epoch": "43/48", "eta": "2:49:52", "gpu_mem": "77.43G", "grad_norm": 3.61759, "iter": "970/1343", "loss": 0.33135, "lr": 0.00000, "top1_err": 11.71875, "top5_err": 0.00000}
[03/03 13:42:15][INFO] logging.py:   99: json_stats: {"_type": "train_iter_", "dt": 1.43675, "dt_data": 0.00045, "dt_net": 1.43630, "epoch": "43/48", "eta": "2:49:29", "gpu_mem": "77.43G", "grad_norm": 3.90961, "iter": "980/1343", "loss": 0.29638, "lr": 0.00000, "top1_err": 9.37500, "top5_err": 0.00000}
[03/03 13:42:31][INFO] logging.py:   99: json_stats: {"_type": "train_iter_", "dt": 1.45081, "dt_data": 0.00102, "dt_net": 1.44979, "epoch": "43/48", "eta": "2:50:54", "gpu_mem": "77.43G", "grad_norm": 4.28447, "iter": "990/1343", "loss": 0.26820, "lr": 0.00000, "top1_err": 10.15625, "top5_err": 0.00000}
[03/03 13:42:48][INFO] logging.py:   99: json_stats: {"_type": "train_iter_", "dt": 3.92276, "dt_data": 0.00114, "dt_net": 3.92161, "epoch": "43/48", "eta": "7:41:26", "gpu_mem": "77.43G", "grad_norm": 5.99584, "iter": "1000/1343", "loss": 0.29691, "lr": 0.00000, "top1_err": 8.59375, "top5_err": 0.00000}
[03/03 13:43:07][INFO] logging.py:   99: json_stats: {"_type": "train_iter_", "dt": 1.44493, "dt_data": 0.00073, "dt_net": 1.44420, "epoch": "43/48", "eta": "2:49:43", "gpu_mem": "77.43G", "grad_norm": 4.33131, "iter": "1010/1343", "loss": 0.34492, "lr": 0.00000, "top1_err": 10.15625, "top5_err": 0.00000}
[03/03 13:43:23][INFO] logging.py:   99: json_stats: {"_type": "train_iter_", "dt": 1.45248, "dt_data": 0.00039, "dt_net": 1.45209, "epoch": "43/48", "eta": "2:50:22", "gpu_mem": "77.43G", "grad_norm": 3.53946, "iter": "1020/1343", "loss": 0.30102, "lr": 0.00000, "top1_err": 9.37500, "top5_err": 0.00000}
[03/03 13:43:40][INFO] logging.py:   99: json_stats: {"_type": "train_iter_", "dt": 1.44279, "dt_data": 0.00041, "dt_net": 1.44238, "epoch": "43/48", "eta": "2:48:59", "gpu_mem": "77.43G", "grad_norm": 3.59461, "iter": "1030/1343", "loss": 0.25539, "lr": 0.00000, "top1_err": 10.15625, "top5_err": 0.00000}
[03/03 13:44:01][INFO] logging.py:   99: json_stats: {"_type": "train_iter_", "dt": 4.58954, "dt_data": 0.00100, "dt_net": 4.58854, "epoch": "43/48", "eta": "8:56:49", "gpu_mem": "77.43G", "grad_norm": 3.20860, "iter": "1040/1343", "loss": 0.38130, "lr": 0.00000, "top1_err": 12.50000, "top5_err": 0.00000}
[03/03 13:44:18][INFO] logging.py:   99: json_stats: {"_type": "train_iter_", "dt": 1.44952, "dt_data": 0.00053, "dt_net": 1.44899, "epoch": "43/48", "eta": "2:49:18", "gpu_mem": "77.43G", "grad_norm": 4.04672, "iter": "1050/1343", "loss": 0.28597, "lr": 0.00000, "top1_err": 10.15625, "top5_err": 0.00000}
[03/03 13:44:35][INFO] logging.py:   99: json_stats: {"_type": "train_iter_", "dt": 1.44640, "dt_data": 0.00070, "dt_net": 1.44570, "epoch": "43/48", "eta": "2:48:41", "gpu_mem": "77.43G", "grad_norm": 2.72736, "iter": "1060/1343", "loss": 0.28254, "lr": 0.00000, "top1_err": 8.59375, "top5_err": 0.00000}
[03/03 13:44:52][INFO] logging.py:   99: json_stats: {"_type": "train_iter_", "dt": 1.44730, "dt_data": 0.00039, "dt_net": 1.44691, "epoch": "43/48", "eta": "2:48:33", "gpu_mem": "77.43G", "grad_norm": 3.85244, "iter": "1070/1343", "loss": 0.31216, "lr": 0.00000, "top1_err": 10.93750, "top5_err": 0.00000}
[03/03 13:45:09][INFO] logging.py:   99: json_stats: {"_type": "train_iter_", "dt": 1.45132, "dt_data": 0.00088, "dt_net": 1.45044, "epoch": "43/48", "eta": "2:48:47", "gpu_mem": "77.43G", "grad_norm": 4.50183, "iter": "1080/1343", "loss": 0.26664, "lr": 0.00000, "top1_err": 9.37500, "top5_err": 0.00000}
[03/03 13:45:25][INFO] logging.py:   99: json_stats: {"_type": "train_iter_", "dt": 1.45687, "dt_data": 0.00036, "dt_net": 1.45651, "epoch": "43/48", "eta": "2:49:11", "gpu_mem": "77.43G", "grad_norm": 4.66461, "iter": "1090/1343", "loss": 0.34965, "lr": 0.00000, "top1_err": 10.93750, "top5_err": 0.00000}
[03/03 13:45:41][INFO] logging.py:   99: json_stats: {"_type": "train_iter_", "dt": 1.45700, "dt_data": 0.00066, "dt_net": 1.45633, "epoch": "43/48", "eta": "2:48:57", "gpu_mem": "77.43G", "grad_norm": 4.56799, "iter": "1100/1343", "loss": 0.34187, "lr": 0.00000, "top1_err": 12.50000, "top5_err": 0.00000}
[03/03 13:45:57][INFO] logging.py:   99: json_stats: {"_type": "train_iter_", "dt": 1.45604, "dt_data": 0.00087, "dt_net": 1.45517, "epoch": "43/48", "eta": "2:48:36", "gpu_mem": "77.43G", "grad_norm": 2.80037, "iter": "1110/1343", "loss": 0.27062, "lr": 0.00000, "top1_err": 10.15625, "top5_err": 0.00000}
[03/03 13:46:14][INFO] logging.py:   99: json_stats: {"_type": "train_iter_", "dt": 2.54841, "dt_data": 1.10262, "dt_net": 1.44579, "epoch": "43/48", "eta": "4:54:40", "gpu_mem": "77.43G", "grad_norm": 2.16983, "iter": "1120/1343", "loss": 0.25723, "lr": 0.00000, "top1_err": 9.37500, "top5_err": 0.00000}
[03/03 13:46:32][INFO] logging.py:   99: json_stats: {"_type": "train_iter_", "dt": 1.44752, "dt_data": 0.00042, "dt_net": 1.44710, "epoch": "43/48", "eta": "2:47:08", "gpu_mem": "77.43G", "grad_norm": 5.13720, "iter": "1130/1343", "loss": 0.30610, "lr": 0.00000, "top1_err": 11.71875, "top5_err": 0.00000}
[03/03 13:46:50][INFO] logging.py:   99: json_stats: {"_type": "train_iter_", "dt": 1.45958, "dt_data": 0.00118, "dt_net": 1.45839, "epoch": "43/48", "eta": "2:48:17", "gpu_mem": "77.43G", "grad_norm": 4.23427, "iter": "1140/1343", "loss": 0.25621, "lr": 0.00000, "top1_err": 10.93750, "top5_err": 0.00000}
[03/03 13:47:07][INFO] logging.py:   99: json_stats: {"_type": "train_iter_", "dt": 1.44703, "dt_data": 0.00059, "dt_net": 1.44644, "epoch": "43/48", "eta": "2:46:36", "gpu_mem": "77.43G", "grad_norm": 5.11791, "iter": "1150/1343", "loss": 0.28209, "lr": 0.00000, "top1_err": 10.93750, "top5_err": 0.00000}
[03/03 13:47:27][INFO] logging.py:   99: json_stats: {"_type": "train_iter_", "dt": 4.06550, "dt_data": 0.13190, "dt_net": 3.93360, "epoch": "43/48", "eta": "7:47:23", "gpu_mem": "77.43G", "grad_norm": 3.88109, "iter": "1160/1343", "loss": 0.29262, "lr": 0.00000, "top1_err": 11.71875, "top5_err": 0.00000}
[03/03 13:47:42][INFO] logging.py:   99: json_stats: {"_type": "train_iter_", "dt": 1.44944, "dt_data": 0.00037, "dt_net": 1.44906, "epoch": "43/48", "eta": "2:46:23", "gpu_mem": "77.43G", "grad_norm": 3.59202, "iter": "1170/1343", "loss": 0.25506, "lr": 0.00000, "top1_err": 11.71875, "top5_err": 0.00000}
[03/03 13:47:59][INFO] logging.py:   99: json_stats: {"_type": "train_iter_", "dt": 1.44071, "dt_data": 0.00037, "dt_net": 1.44034, "epoch": "43/48", "eta": "2:45:09", "gpu_mem": "77.43G", "grad_norm": 3.71557, "iter": "1180/1343", "loss": 0.29344, "lr": 0.00000, "top1_err": 10.93750, "top5_err": 0.00000}
[03/03 13:48:18][INFO] logging.py:   99: json_stats: {"_type": "train_iter_", "dt": 1.44255, "dt_data": 0.00069, "dt_net": 1.44186, "epoch": "43/48", "eta": "2:45:07", "gpu_mem": "77.43G", "grad_norm": 3.25467, "iter": "1190/1343", "loss": 0.32767, "lr": 0.00000, "top1_err": 12.50000, "top5_err": 0.00000}
[03/03 13:48:46][INFO] logging.py:   99: json_stats: {"_type": "train_iter_", "dt": 6.63045, "dt_data": 0.00038, "dt_net": 6.63007, "epoch": "43/48", "eta": "12:37:51", "gpu_mem": "77.43G", "grad_norm": 2.84499, "iter": "1200/1343", "loss": 0.25819, "lr": 0.00000, "top1_err": 7.81250, "top5_err": 0.00000}
[03/03 13:49:03][INFO] logging.py:   99: json_stats: {"_type": "train_iter_", "dt": 1.44807, "dt_data": 0.00038, "dt_net": 1.44768, "epoch": "43/48", "eta": "2:45:16", "gpu_mem": "77.43G", "grad_norm": 1.94531, "iter": "1210/1343", "loss": 0.23523, "lr": 0.00000, "top1_err": 8.59375, "top5_err": 0.00000}
[03/03 13:49:25][INFO] logging.py:   99: json_stats: {"_type": "train_iter_", "dt": 1.44083, "dt_data": 0.00037, "dt_net": 1.44046, "epoch": "43/48", "eta": "2:44:12", "gpu_mem": "77.43G", "grad_norm": 3.90044, "iter": "1220/1343", "loss": 0.31896, "lr": 0.00000, "top1_err": 13.28125, "top5_err": 0.00000}
[03/03 13:49:42][INFO] logging.py:   99: json_stats: {"_type": "train_iter_", "dt": 1.43796, "dt_data": 0.00062, "dt_net": 1.43734, "epoch": "43/48", "eta": "2:43:38", "gpu_mem": "77.43G", "grad_norm": 5.02273, "iter": "1230/1343", "loss": 0.32533, "lr": 0.00000, "top1_err": 11.71875, "top5_err": 0.00000}
[03/03 13:50:01][INFO] logging.py:   99: json_stats: {"_type": "train_iter_", "dt": 4.25208, "dt_data": 0.00037, "dt_net": 4.25171, "epoch": "43/48", "eta": "8:03:10", "gpu_mem": "77.43G", "grad_norm": 4.30783, "iter": "1240/1343", "loss": 0.25917, "lr": 0.00000, "top1_err": 8.59375, "top5_err": 0.00000}
[03/03 13:50:20][INFO] logging.py:   99: json_stats: {"_type": "train_iter_", "dt": 1.43954, "dt_data": 0.00044, "dt_net": 1.43910, "epoch": "43/48", "eta": "2:43:20", "gpu_mem": "77.43G", "grad_norm": 4.08441, "iter": "1250/1343", "loss": 0.28249, "lr": 0.00000, "top1_err": 9.37500, "top5_err": 0.00000}
[03/03 13:50:39][INFO] logging.py:   99: json_stats: {"_type": "train_iter_", "dt": 1.43586, "dt_data": 0.00046, "dt_net": 1.43540, "epoch": "43/48", "eta": "2:42:40", "gpu_mem": "77.43G", "grad_norm": 4.47390, "iter": "1260/1343", "loss": 0.27847, "lr": 0.00000, "top1_err": 12.50000, "top5_err": 0.00000}
[03/03 13:50:58][INFO] logging.py:   99: json_stats: {"_type": "train_iter_", "dt": 1.43581, "dt_data": 0.00040, "dt_net": 1.43540, "epoch": "43/48", "eta": "2:42:26", "gpu_mem": "77.43G", "grad_norm": 4.11267, "iter": "1270/1343", "loss": 0.31739, "lr": 0.00000, "top1_err": 10.93750, "top5_err": 0.00000}
[03/03 13:51:15][INFO] logging.py:   99: json_stats: {"_type": "train_iter_", "dt": 3.30069, "dt_data": 0.00038, "dt_net": 3.30031, "epoch": "43/48", "eta": "6:12:52", "gpu_mem": "77.43G", "grad_norm": 5.36268, "iter": "1280/1343", "loss": 0.38483, "lr": 0.00000, "top1_err": 12.50000, "top5_err": 0.00000}
[03/03 13:51:31][INFO] logging.py:   99: json_stats: {"_type": "train_iter_", "dt": 1.46165, "dt_data": 0.00034, "dt_net": 1.46130, "epoch": "43/48", "eta": "2:44:52", "gpu_mem": "77.43G", "grad_norm": 4.24226, "iter": "1290/1343", "loss": 0.29158, "lr": 0.00000, "top1_err": 12.50000, "top5_err": 0.00000}
[03/03 13:51:45][INFO] logging.py:   99: json_stats: {"_type": "train_iter_", "dt": 1.45791, "dt_data": 0.00091, "dt_net": 1.45700, "epoch": "43/48", "eta": "2:44:12", "gpu_mem": "77.43G", "grad_norm": 5.32398, "iter": "1300/1343", "loss": 0.26501, "lr": 0.00000, "top1_err": 8.59375, "top5_err": 0.00000}
[03/03 13:52:00][INFO] logging.py:   99: json_stats: {"_type": "train_iter_", "dt": 1.45756, "dt_data": 0.00073, "dt_net": 1.45683, "epoch": "43/48", "eta": "2:43:55", "gpu_mem": "77.43G", "grad_norm": 2.30339, "iter": "1310/1343", "loss": 0.32264, "lr": 0.00000, "top1_err": 10.93750, "top5_err": 0.00000}
[03/03 13:52:19][INFO] logging.py:   99: json_stats: {"_type": "train_iter_", "dt": 3.27181, "dt_data": 0.00104, "dt_net": 3.27075, "epoch": "43/48", "eta": "6:07:25", "gpu_mem": "77.43G", "grad_norm": 2.67879, "iter": "1320/1343", "loss": 0.23999, "lr": 0.00000, "top1_err": 8.59375, "top5_err": 0.00000}
[03/03 13:52:35][INFO] logging.py:   99: json_stats: {"_type": "train_iter_", "dt": 1.44313, "dt_data": 0.00024, "dt_net": 1.44289, "epoch": "43/48", "eta": "2:41:49", "gpu_mem": "77.43G", "grad_norm": 4.57252, "iter": "1330/1343", "loss": 0.32361, "lr": 0.00000, "top1_err": 11.71875, "top5_err": 0.00000}
[03/03 13:52:53][INFO] logging.py:   99: json_stats: {"_type": "train_iter_", "dt": 1.41502, "dt_data": 0.00021, "dt_net": 1.41482, "epoch": "43/48", "eta": "2:38:26", "gpu_mem": "77.43G", "grad_norm": 3.21572, "iter": "1340/1343", "loss": 0.23005, "lr": 0.00000, "top1_err": 9.37500, "top5_err": 0.00000}
[03/03 13:52:58][INFO] logging.py:   99: json_stats: {"RAM": "337.32/856.58G", "_type": "train_epoch", "dt": 1.06375, "dt_data": 1.06375, "dt_net": 1.40824, "epoch": "43/48", "eta": "1:59:02", "gpu_mem": "77.43G", "grad_norm": 3.52364, "loss": 0.29060, "lr": 0.00000, "top1_err": 10.50470, "top5_err": 0.31878}
[03/03 13:52:58][INFO] train_net.py: 1072: Epoch 42 takes 2409.99s. Epochs from 40 to 42 take 2366.99s in average and 2348.58s in median.
[03/03 13:52:58][INFO] train_net.py: 1078: For epoch 42, each iteraction takes 1.79s in average. From epoch 40 to 42, each iteraction takes 1.76s in average.
[03/03 13:54:01][INFO] logging.py:   99: json_stats: {"_type": "val_iter", "epoch": "43/48", "eta": "0:05:32", "gpu_mem": "77.43G", "iter": "10/807", "time_diff": 0.41771, "top1_err": 11.71875, "top5_err": 0.00000}
[03/03 13:54:15][INFO] logging.py:   99: json_stats: {"_type": "val_iter", "epoch": "43/48", "eta": "0:05:35", "gpu_mem": "77.43G", "iter": "20/807", "time_diff": 0.42651, "top1_err": 13.28125, "top5_err": 0.00000}
[03/03 13:54:35][INFO] logging.py:   99: json_stats: {"_type": "val_iter", "epoch": "43/48", "eta": "0:05:25", "gpu_mem": "77.43G", "iter": "30/807", "time_diff": 0.41847, "top1_err": 13.28125, "top5_err": 0.00000}
[03/03 13:54:48][INFO] logging.py:   99: json_stats: {"_type": "val_iter", "epoch": "43/48", "eta": "0:05:22", "gpu_mem": "77.43G", "iter": "40/807", "time_diff": 0.42067, "top1_err": 13.28125, "top5_err": 0.00000}
[03/03 13:55:13][INFO] logging.py:   99: json_stats: {"_type": "val_iter", "epoch": "43/48", "eta": "0:33:40", "gpu_mem": "77.43G", "iter": "50/807", "time_diff": 2.66850, "top1_err": 12.50000, "top5_err": 0.00000}
[03/03 13:55:28][INFO] logging.py:   99: json_stats: {"_type": "val_iter", "epoch": "43/48", "eta": "0:14:07", "gpu_mem": "77.43G", "iter": "60/807", "time_diff": 1.13494, "top1_err": 12.50000, "top5_err": 0.00000}
[03/03 13:55:46][INFO] logging.py:   99: json_stats: {"_type": "val_iter", "epoch": "43/48", "eta": "0:05:08", "gpu_mem": "77.43G", "iter": "70/807", "time_diff": 0.41811, "top1_err": 12.50000, "top5_err": 1.56250}
[03/03 13:56:03][INFO] logging.py:   99: json_stats: {"_type": "val_iter", "epoch": "43/48", "eta": "0:05:07", "gpu_mem": "77.43G", "iter": "80/807", "time_diff": 0.42295, "top1_err": 11.71875, "top5_err": 0.00000}
[03/03 13:56:24][INFO] logging.py:   99: json_stats: {"_type": "val_iter", "epoch": "43/48", "eta": "1:06:17", "gpu_mem": "77.43G", "iter": "90/807", "time_diff": 5.54701, "top1_err": 11.71875, "top5_err": 0.00000}
[03/03 13:56:41][INFO] logging.py:   99: json_stats: {"_type": "val_iter", "epoch": "43/48", "eta": "0:12:49", "gpu_mem": "77.43G", "iter": "100/807", "time_diff": 1.08835, "top1_err": 10.93750, "top5_err": 0.00000}
[03/03 13:56:59][INFO] logging.py:   99: json_stats: {"_type": "val_iter", "epoch": "43/48", "eta": "0:04:52", "gpu_mem": "77.43G", "iter": "110/807", "time_diff": 0.41939, "top1_err": 14.06250, "top5_err": 2.34375}
[03/03 13:57:18][INFO] logging.py:   99: json_stats: {"_type": "val_iter", "epoch": "43/48", "eta": "0:04:43", "gpu_mem": "77.43G", "iter": "120/807", "time_diff": 0.41261, "top1_err": 15.62500, "top5_err": 1.56250}
[03/03 13:57:44][INFO] logging.py:   99: json_stats: {"_type": "val_iter", "epoch": "43/48", "eta": "1:56:36", "gpu_mem": "77.43G", "iter": "130/807", "time_diff": 10.33453, "top1_err": 14.06250, "top5_err": 0.00000}
[03/03 13:58:01][INFO] logging.py:   99: json_stats: {"_type": "val_iter", "epoch": "43/48", "eta": "0:33:26", "gpu_mem": "77.43G", "iter": "140/807", "time_diff": 3.00887, "top1_err": 13.28125, "top5_err": 1.56250}
[03/03 13:58:16][INFO] logging.py:   99: json_stats: {"_type": "val_iter", "epoch": "43/48", "eta": "0:04:32", "gpu_mem": "77.43G", "iter": "150/807", "time_diff": 0.41472, "top1_err": 11.71875, "top5_err": 0.00000}
[03/03 13:58:31][INFO] logging.py:   99: json_stats: {"_type": "val_iter", "epoch": "43/48", "eta": "0:04:32", "gpu_mem": "77.43G", "iter": "160/807", "time_diff": 0.42069, "top1_err": 15.62500, "top5_err": 0.00000}
[03/03 13:58:57][INFO] logging.py:   99: json_stats: {"_type": "val_iter", "epoch": "43/48", "eta": "1:43:51", "gpu_mem": "77.43G", "iter": "170/807", "time_diff": 9.78334, "top1_err": 12.50000, "top5_err": 1.56250}
[03/03 13:59:16][INFO] logging.py:   99: json_stats: {"_type": "val_iter", "epoch": "43/48", "eta": "1:13:10", "gpu_mem": "77.43G", "iter": "180/807", "time_diff": 7.00313, "top1_err": 14.06250, "top5_err": 0.00000}
[03/03 13:59:33][INFO] logging.py:   99: json_stats: {"_type": "val_iter", "epoch": "43/48", "eta": "0:04:06", "gpu_mem": "77.43G", "iter": "190/807", "time_diff": 0.40013, "top1_err": 13.28125, "top5_err": 0.00000}
[03/03 13:59:47][INFO] logging.py:   99: json_stats: {"_type": "val_iter", "epoch": "43/48", "eta": "0:04:13", "gpu_mem": "77.43G", "iter": "200/807", "time_diff": 0.41803, "top1_err": 11.71875, "top5_err": 1.56250}
[03/03 14:00:08][INFO] logging.py:   99: json_stats: {"_type": "val_iter", "epoch": "43/48", "eta": "0:42:31", "gpu_mem": "77.43G", "iter": "210/807", "time_diff": 4.27445, "top1_err": 10.93750, "top5_err": 0.00000}
[03/03 14:00:29][INFO] logging.py:   99: json_stats: {"_type": "val_iter", "epoch": "43/48", "eta": "1:35:42", "gpu_mem": "77.43G", "iter": "220/807", "time_diff": 9.78344, "top1_err": 10.93750, "top5_err": 0.00000}
[03/03 14:00:44][INFO] logging.py:   99: json_stats: {"_type": "val_iter", "epoch": "43/48", "eta": "0:03:59", "gpu_mem": "77.43G", "iter": "230/807", "time_diff": 0.41587, "top1_err": 13.28125, "top5_err": 0.00000}
[03/03 14:00:59][INFO] logging.py:   99: json_stats: {"_type": "val_iter", "epoch": "43/48", "eta": "0:03:57", "gpu_mem": "77.43G", "iter": "240/807", "time_diff": 0.41908, "top1_err": 13.28125, "top5_err": 0.78125}
[03/03 14:01:15][INFO] logging.py:   99: json_stats: {"_type": "val_iter", "epoch": "43/48", "eta": "0:12:06", "gpu_mem": "77.43G", "iter": "250/807", "time_diff": 1.30482, "top1_err": 11.71875, "top5_err": 1.56250}
[03/03 14:01:40][INFO] logging.py:   99: json_stats: {"_type": "val_iter", "epoch": "43/48", "eta": "1:10:08", "gpu_mem": "77.43G", "iter": "260/807", "time_diff": 7.69328, "top1_err": 15.62500, "top5_err": 1.56250}
[03/03 14:01:56][INFO] logging.py:   99: json_stats: {"_type": "val_iter", "epoch": "43/48", "eta": "0:03:43", "gpu_mem": "77.43G", "iter": "270/807", "time_diff": 0.41560, "top1_err": 12.50000, "top5_err": 0.00000}
[03/03 14:02:12][INFO] logging.py:   99: json_stats: {"_type": "val_iter", "epoch": "43/48", "eta": "0:03:34", "gpu_mem": "77.43G", "iter": "280/807", "time_diff": 0.40693, "top1_err": 14.84375, "top5_err": 1.56250}
[03/03 14:02:30][INFO] logging.py:   99: json_stats: {"_type": "val_iter", "epoch": "43/48", "eta": "0:03:36", "gpu_mem": "77.43G", "iter": "290/807", "time_diff": 0.41949, "top1_err": 13.28125, "top5_err": 0.00000}
[03/03 14:02:59][INFO] logging.py:   99: json_stats: {"_type": "val_iter", "epoch": "43/48", "eta": "1:12:40", "gpu_mem": "77.43G", "iter": "300/807", "time_diff": 8.59992, "top1_err": 12.50000, "top5_err": 0.00000}
[03/03 14:03:12][INFO] logging.py:   99: json_stats: {"_type": "val_iter", "epoch": "43/48", "eta": "0:03:30", "gpu_mem": "77.43G", "iter": "310/807", "time_diff": 0.42324, "top1_err": 17.18750, "top5_err": 0.78125}
[03/03 14:03:27][INFO] logging.py:   99: json_stats: {"_type": "val_iter", "epoch": "43/48", "eta": "0:03:23", "gpu_mem": "77.43G", "iter": "320/807", "time_diff": 0.41801, "top1_err": 12.50000, "top5_err": 0.00000}
[03/03 14:03:43][INFO] logging.py:   99: json_stats: {"_type": "val_iter", "epoch": "43/48", "eta": "0:03:19", "gpu_mem": "77.43G", "iter": "330/807", "time_diff": 0.41768, "top1_err": 12.50000, "top5_err": 1.56250}
[03/03 14:04:11][INFO] logging.py:   99: json_stats: {"_type": "val_iter", "epoch": "43/48", "eta": "0:03:02", "gpu_mem": "77.43G", "iter": "340/807", "time_diff": 0.39047, "top1_err": 12.50000, "top5_err": 1.56250}
[03/03 14:04:25][INFO] logging.py:   99: json_stats: {"_type": "val_iter", "epoch": "43/48", "eta": "0:03:09", "gpu_mem": "77.43G", "iter": "350/807", "time_diff": 0.41412, "top1_err": 13.28125, "top5_err": 0.00000}
[03/03 14:04:40][INFO] logging.py:   99: json_stats: {"_type": "val_iter", "epoch": "43/48", "eta": "0:03:04", "gpu_mem": "77.43G", "iter": "360/807", "time_diff": 0.41376, "top1_err": 10.93750, "top5_err": 0.00000}
[03/03 14:04:58][INFO] logging.py:   99: json_stats: {"_type": "val_iter", "epoch": "43/48", "eta": "0:03:01", "gpu_mem": "77.43G", "iter": "370/807", "time_diff": 0.41507, "top1_err": 14.84375, "top5_err": 1.56250}
[03/03 14:05:31][INFO] logging.py:   99: json_stats: {"_type": "val_iter", "epoch": "43/48", "eta": "0:02:40", "gpu_mem": "77.43G", "iter": "380/807", "time_diff": 0.37682, "top1_err": 12.50000, "top5_err": 0.00000}
[03/03 14:05:47][INFO] logging.py:   99: json_stats: {"_type": "val_iter", "epoch": "43/48", "eta": "0:02:50", "gpu_mem": "77.43G", "iter": "390/807", "time_diff": 0.40861, "top1_err": 13.28125, "top5_err": 0.00000}
[03/03 14:06:05][INFO] logging.py:   99: json_stats: {"_type": "val_iter", "epoch": "43/48", "eta": "0:02:45", "gpu_mem": "77.43G", "iter": "400/807", "time_diff": 0.40653, "top1_err": 9.37500, "top5_err": 0.00000}
[03/03 14:06:20][INFO] logging.py:   99: json_stats: {"_type": "val_iter", "epoch": "43/48", "eta": "0:02:45", "gpu_mem": "77.43G", "iter": "410/807", "time_diff": 0.41710, "top1_err": 14.84375, "top5_err": 1.56250}
[03/03 14:06:48][INFO] logging.py:   99: json_stats: {"_type": "val_iter", "epoch": "43/48", "eta": "0:02:30", "gpu_mem": "77.43G", "iter": "420/807", "time_diff": 0.39014, "top1_err": 11.71875, "top5_err": 0.78125}
[03/03 14:07:06][INFO] logging.py:   99: json_stats: {"_type": "val_iter", "epoch": "43/48", "eta": "0:02:25", "gpu_mem": "77.43G", "iter": "430/807", "time_diff": 0.38640, "top1_err": 13.28125, "top5_err": 1.56250}
[03/03 14:07:21][INFO] logging.py:   99: json_stats: {"_type": "val_iter", "epoch": "43/48", "eta": "0:02:28", "gpu_mem": "77.43G", "iter": "440/807", "time_diff": 0.40414, "top1_err": 11.71875, "top5_err": 1.56250}
[03/03 14:07:39][INFO] logging.py:   99: json_stats: {"_type": "val_iter", "epoch": "43/48", "eta": "0:02:29", "gpu_mem": "77.43G", "iter": "450/807", "time_diff": 0.41765, "top1_err": 10.93750, "top5_err": 0.00000}
[03/03 14:08:06][INFO] logging.py:   99: json_stats: {"_type": "val_iter", "epoch": "43/48", "eta": "0:02:19", "gpu_mem": "77.43G", "iter": "460/807", "time_diff": 0.40069, "top1_err": 10.15625, "top5_err": 1.56250}
[03/03 14:08:26][INFO] logging.py:   99: json_stats: {"_type": "val_iter", "epoch": "43/48", "eta": "0:02:09", "gpu_mem": "77.43G", "iter": "470/807", "time_diff": 0.38475, "top1_err": 13.28125, "top5_err": 0.00000}
[03/03 14:08:41][INFO] logging.py:   99: json_stats: {"_type": "val_iter", "epoch": "43/48", "eta": "0:02:15", "gpu_mem": "77.43G", "iter": "480/807", "time_diff": 0.41453, "top1_err": 13.28125, "top5_err": 0.00000}
[03/03 14:08:58][INFO] logging.py:   99: json_stats: {"_type": "val_iter", "epoch": "43/48", "eta": "0:02:11", "gpu_mem": "77.43G", "iter": "490/807", "time_diff": 0.41555, "top1_err": 13.28125, "top5_err": 0.78125}
[03/03 14:09:27][INFO] logging.py:   99: json_stats: {"_type": "val_iter", "epoch": "43/48", "eta": "0:01:56", "gpu_mem": "77.43G", "iter": "500/807", "time_diff": 0.37936, "top1_err": 14.06250, "top5_err": 0.00000}
[03/03 14:09:39][INFO] logging.py:   99: json_stats: {"_type": "val_iter", "epoch": "43/48", "eta": "0:02:04", "gpu_mem": "77.43G", "iter": "510/807", "time_diff": 0.41870, "top1_err": 13.28125, "top5_err": 1.56250}
[03/03 14:09:53][INFO] logging.py:   99: json_stats: {"_type": "val_iter", "epoch": "43/48", "eta": "0:02:00", "gpu_mem": "77.43G", "iter": "520/807", "time_diff": 0.42054, "top1_err": 10.93750, "top5_err": 0.00000}
[03/03 14:10:06][INFO] logging.py:   99: json_stats: {"_type": "val_iter", "epoch": "43/48", "eta": "0:01:56", "gpu_mem": "77.43G", "iter": "530/807", "time_diff": 0.41881, "top1_err": 12.50000, "top5_err": 0.00000}
[03/03 14:10:31][INFO] logging.py:   99: json_stats: {"_type": "val_iter", "epoch": "43/48", "eta": "0:01:47", "gpu_mem": "77.43G", "iter": "540/807", "time_diff": 0.40081, "top1_err": 10.93750, "top5_err": 0.00000}
[03/03 14:10:51][INFO] logging.py:   99: json_stats: {"_type": "val_iter", "epoch": "43/48", "eta": "0:01:40", "gpu_mem": "77.43G", "iter": "550/807", "time_diff": 0.38968, "top1_err": 12.50000, "top5_err": 0.00000}
[03/03 14:11:07][INFO] logging.py:   99: json_stats: {"_type": "val_iter", "epoch": "43/48", "eta": "0:01:40", "gpu_mem": "77.43G", "iter": "560/807", "time_diff": 0.40869, "top1_err": 10.93750, "top5_err": 0.78125}
[03/03 14:11:21][INFO] logging.py:   99: json_stats: {"_type": "val_iter", "epoch": "43/48", "eta": "0:01:39", "gpu_mem": "77.43G", "iter": "570/807", "time_diff": 0.41801, "top1_err": 12.50000, "top5_err": 1.56250}
[03/03 14:11:49][INFO] logging.py:   99: json_stats: {"_type": "val_iter", "epoch": "43/48", "eta": "0:05:56", "gpu_mem": "77.43G", "iter": "580/807", "time_diff": 1.57232, "top1_err": 12.50000, "top5_err": 0.78125}
[03/03 14:12:04][INFO] logging.py:   99: json_stats: {"_type": "val_iter", "epoch": "43/48", "eta": "0:01:28", "gpu_mem": "77.43G", "iter": "590/807", "time_diff": 0.40680, "top1_err": 12.50000, "top5_err": 0.00000}
[03/03 14:12:22][INFO] logging.py:   99: json_stats: {"_type": "val_iter", "epoch": "43/48", "eta": "0:01:24", "gpu_mem": "77.43G", "iter": "600/807", "time_diff": 0.40640, "top1_err": 12.50000, "top5_err": 0.00000}
[03/03 14:12:35][INFO] logging.py:   99: json_stats: {"_type": "val_iter", "epoch": "43/48", "eta": "0:01:22", "gpu_mem": "77.43G", "iter": "610/807", "time_diff": 0.41941, "top1_err": 11.71875, "top5_err": 0.00000}
[03/03 14:13:04][INFO] logging.py:   99: json_stats: {"_type": "val_iter", "epoch": "43/48", "eta": "0:07:18", "gpu_mem": "77.43G", "iter": "620/807", "time_diff": 2.34239, "top1_err": 14.84375, "top5_err": 1.56250}
[03/03 14:13:20][INFO] logging.py:   99: json_stats: {"_type": "val_iter", "epoch": "43/48", "eta": "0:01:10", "gpu_mem": "77.43G", "iter": "630/807", "time_diff": 0.40111, "top1_err": 14.84375, "top5_err": 0.00000}
[03/03 14:13:35][INFO] logging.py:   99: json_stats: {"_type": "val_iter", "epoch": "43/48", "eta": "0:01:07", "gpu_mem": "77.43G", "iter": "640/807", "time_diff": 0.40533, "top1_err": 14.06250, "top5_err": 0.00000}
[03/03 14:13:54][INFO] logging.py:   99: json_stats: {"_type": "val_iter", "epoch": "43/48", "eta": "0:01:04", "gpu_mem": "77.43G", "iter": "650/807", "time_diff": 0.41278, "top1_err": 15.62500, "top5_err": 0.00000}
[03/03 14:14:22][INFO] logging.py:   99: json_stats: {"_type": "val_iter", "epoch": "43/48", "eta": "0:16:44", "gpu_mem": "77.43G", "iter": "660/807", "time_diff": 6.83371, "top1_err": 11.71875, "top5_err": 0.00000}
[03/03 14:14:37][INFO] logging.py:   99: json_stats: {"_type": "val_iter", "epoch": "43/48", "eta": "0:00:54", "gpu_mem": "77.43G", "iter": "670/807", "time_diff": 0.39997, "top1_err": 13.28125, "top5_err": 0.78125}
[03/03 14:14:55][INFO] logging.py:   99: json_stats: {"_type": "val_iter", "epoch": "43/48", "eta": "0:00:50", "gpu_mem": "77.43G", "iter": "680/807", "time_diff": 0.40069, "top1_err": 13.28125, "top5_err": 0.00000}
[03/03 14:15:11][INFO] logging.py:   99: json_stats: {"_type": "val_iter", "epoch": "43/48", "eta": "0:00:47", "gpu_mem": "77.43G", "iter": "690/807", "time_diff": 0.40915, "top1_err": 11.71875, "top5_err": 0.00000}
[03/03 14:15:36][INFO] logging.py:   99: json_stats: {"_type": "val_iter", "epoch": "43/48", "eta": "0:20:36", "gpu_mem": "77.43G", "iter": "700/807", "time_diff": 11.55180, "top1_err": 10.93750, "top5_err": 0.00000}
[03/03 14:15:54][INFO] logging.py:   99: json_stats: {"_type": "val_iter", "epoch": "43/48", "eta": "0:00:38", "gpu_mem": "77.43G", "iter": "710/807", "time_diff": 0.39780, "top1_err": 14.06250, "top5_err": 1.56250}
[03/03 14:16:11][INFO] logging.py:   99: json_stats: {"_type": "val_iter", "epoch": "43/48", "eta": "0:00:34", "gpu_mem": "77.43G", "iter": "720/807", "time_diff": 0.40165, "top1_err": 15.62500, "top5_err": 0.00000}
[03/03 14:16:27][INFO] logging.py:   99: json_stats: {"_type": "val_iter", "epoch": "43/48", "eta": "0:00:31", "gpu_mem": "77.43G", "iter": "730/807", "time_diff": 0.40941, "top1_err": 14.06250, "top5_err": 1.56250}
[03/03 14:16:53][INFO] logging.py:   99: json_stats: {"_type": "val_iter", "epoch": "43/48", "eta": "0:07:39", "gpu_mem": "77.43G", "iter": "740/807", "time_diff": 6.86110, "top1_err": 10.93750, "top5_err": 1.56250}
[03/03 14:17:08][INFO] logging.py:   99: json_stats: {"_type": "val_iter", "epoch": "43/48", "eta": "0:00:23", "gpu_mem": "77.43G", "iter": "750/807", "time_diff": 0.40750, "top1_err": 14.06250, "top5_err": 0.00000}
[03/03 14:17:26][INFO] logging.py:   99: json_stats: {"_type": "val_iter", "epoch": "43/48", "eta": "0:00:18", "gpu_mem": "77.43G", "iter": "760/807", "time_diff": 0.40387, "top1_err": 12.50000, "top5_err": 0.00000}
[03/03 14:17:41][INFO] logging.py:   99: json_stats: {"_type": "val_iter", "epoch": "43/48", "eta": "0:00:15", "gpu_mem": "77.43G", "iter": "770/807", "time_diff": 0.42073, "top1_err": 9.37500, "top5_err": 0.00000}
[03/03 14:18:11][INFO] logging.py:   99: json_stats: {"_type": "val_iter", "epoch": "43/48", "eta": "0:02:30", "gpu_mem": "77.43G", "iter": "780/807", "time_diff": 5.56126, "top1_err": 12.50000, "top5_err": 0.00000}
[03/03 14:18:25][INFO] logging.py:   99: json_stats: {"_type": "val_iter", "epoch": "43/48", "eta": "0:00:07", "gpu_mem": "77.43G", "iter": "790/807", "time_diff": 0.41184, "top1_err": 11.71875, "top5_err": 0.78125}
[03/03 14:18:40][INFO] logging.py:   99: json_stats: {"_type": "val_iter", "epoch": "43/48", "eta": "0:00:02", "gpu_mem": "77.43G", "iter": "800/807", "time_diff": 0.38106, "top1_err": 10.15625, "top5_err": 1.56250}
[03/03 14:18:54][INFO] logging.py:   99: json_stats: {"RAM": "454.49/856.58G", "_type": "val_epoch", "epoch": "43/48", "gpu_mem": "77.43G", "min_top1_err": 12.94293, "min_top5_err": 0.86648, "time_diff": 0.90933, "top1_err": 12.98170, "top5_err": 0.86648}
[03/03 14:19:58][INFO] logging.py:   99: json_stats: {"_type": "train_iter_", "dt": 1.46598, "dt_data": 0.00037, "dt_net": 1.46561, "epoch": "44/48", "eta": "2:43:49", "gpu_mem": "77.43G", "grad_norm": 3.78085, "iter": "10/1343", "loss": 0.30920, "lr": 0.00000, "top1_err": 12.50000, "top5_err": 0.00000}
[03/03 14:20:16][INFO] logging.py:   99: json_stats: {"_type": "train_iter_", "dt": 1.44228, "dt_data": 0.00035, "dt_net": 1.44193, "epoch": "44/48", "eta": "2:40:56", "gpu_mem": "77.43G", "grad_norm": 2.94449, "iter": "20/1343", "loss": 0.29073, "lr": 0.00000, "top1_err": 10.15625, "top5_err": 0.00000}
[03/03 14:20:33][INFO] logging.py:   99: json_stats: {"_type": "train_iter_", "dt": 1.45374, "dt_data": 0.00048, "dt_net": 1.45325, "epoch": "44/48", "eta": "2:41:58", "gpu_mem": "77.43G", "grad_norm": 3.60915, "iter": "30/1343", "loss": 0.23030, "lr": 0.00000, "top1_err": 7.81250, "top5_err": 0.00000}
[03/03 14:20:50][INFO] logging.py:   99: json_stats: {"_type": "train_iter_", "dt": 1.46507, "dt_data": 0.00040, "dt_net": 1.46468, "epoch": "44/48", "eta": "2:42:59", "gpu_mem": "77.43G", "grad_norm": 2.84143, "iter": "40/1343", "loss": 0.31465, "lr": 0.00000, "top1_err": 10.93750, "top5_err": 0.00000}
[03/03 14:21:07][INFO] logging.py:   99: json_stats: {"_type": "train_iter_", "dt": 1.46238, "dt_data": 0.00049, "dt_net": 1.46189, "epoch": "44/48", "eta": "2:42:26", "gpu_mem": "77.43G", "grad_norm": 3.95840, "iter": "50/1343", "loss": 0.25700, "lr": 0.00000, "top1_err": 11.71875, "top5_err": 0.00000}
[03/03 14:21:22][INFO] logging.py:   99: json_stats: {"_type": "train_iter_", "dt": 1.46370, "dt_data": 0.00056, "dt_net": 1.46315, "epoch": "44/48", "eta": "2:42:20", "gpu_mem": "77.43G", "grad_norm": 4.12117, "iter": "60/1343", "loss": 0.25746, "lr": 0.00000, "top1_err": 7.03125, "top5_err": 0.00000}
[03/03 14:21:37][INFO] logging.py:   99: json_stats: {"_type": "train_iter_", "dt": 1.46638, "dt_data": 0.00040, "dt_net": 1.46598, "epoch": "44/48", "eta": "2:42:24", "gpu_mem": "77.43G", "grad_norm": 3.26313, "iter": "70/1343", "loss": 0.30842, "lr": 0.00000, "top1_err": 10.93750, "top5_err": 0.00000}
[03/03 14:21:53][INFO] logging.py:   99: json_stats: {"_type": "train_iter_", "dt": 1.45405, "dt_data": 0.00045, "dt_net": 1.45359, "epoch": "44/48", "eta": "2:40:47", "gpu_mem": "77.43G", "grad_norm": 3.37004, "iter": "80/1343", "loss": 0.25469, "lr": 0.00000, "top1_err": 10.15625, "top5_err": 0.00000}
[03/03 14:22:12][INFO] logging.py:   99: json_stats: {"_type": "train_iter_", "dt": 3.49440, "dt_data": 0.00043, "dt_net": 3.49396, "epoch": "44/48", "eta": "6:25:50", "gpu_mem": "77.43G", "grad_norm": 4.26905, "iter": "90/1343", "loss": 0.24055, "lr": 0.00000, "top1_err": 9.37500, "top5_err": 0.00000}
[03/03 14:22:28][INFO] logging.py:   99: json_stats: {"_type": "train_iter_", "dt": 1.45674, "dt_data": 0.00067, "dt_net": 1.45607, "epoch": "44/48", "eta": "2:40:36", "gpu_mem": "77.43G", "grad_norm": 4.85767, "iter": "100/1343", "loss": 0.26822, "lr": 0.00000, "top1_err": 7.81250, "top5_err": 0.00000}
[03/03 14:22:44][INFO] logging.py:   99: json_stats: {"_type": "train_iter_", "dt": 1.45321, "dt_data": 0.00041, "dt_net": 1.45279, "epoch": "44/48", "eta": "2:39:58", "gpu_mem": "77.43G", "grad_norm": 3.85429, "iter": "110/1343", "loss": 0.28672, "lr": 0.00000, "top1_err": 12.50000, "top5_err": 0.00000}
[03/03 14:22:58][INFO] logging.py:   99: json_stats: {"_type": "train_iter_", "dt": 1.46442, "dt_data": 0.00057, "dt_net": 1.46385, "epoch": "44/48", "eta": "2:40:57", "gpu_mem": "77.43G", "grad_norm": 6.01382, "iter": "120/1343", "loss": 0.28204, "lr": 0.00000, "top1_err": 11.71875, "top5_err": 0.00000}
[03/03 14:23:16][INFO] logging.py:   99: json_stats: {"_type": "train_iter_", "dt": 3.17021, "dt_data": 0.00038, "dt_net": 3.16982, "epoch": "44/48", "eta": "5:47:55", "gpu_mem": "77.43G", "grad_norm": 3.08358, "iter": "130/1343", "loss": 0.35162, "lr": 0.00000, "top1_err": 10.93750, "top5_err": 0.00000}
[03/03 14:23:38][INFO] logging.py:   99: json_stats: {"_type": "train_iter_", "dt": 1.44379, "dt_data": 0.00040, "dt_net": 1.44339, "epoch": "44/48", "eta": "2:38:12", "gpu_mem": "77.43G", "grad_norm": 4.14397, "iter": "140/1343", "loss": 0.28927, "lr": 0.00000, "top1_err": 10.93750, "top5_err": 0.00000}
[03/03 14:23:56][INFO] logging.py:   99: json_stats: {"_type": "train_iter_", "dt": 1.45621, "dt_data": 0.00045, "dt_net": 1.45576, "epoch": "44/48", "eta": "2:39:20", "gpu_mem": "77.43G", "grad_norm": 2.70414, "iter": "150/1343", "loss": 0.24223, "lr": 0.00000, "top1_err": 10.15625, "top5_err": 0.00000}
[03/03 14:24:14][INFO] logging.py:   99: json_stats: {"_type": "train_iter_", "dt": 1.44274, "dt_data": 0.00041, "dt_net": 1.44233, "epoch": "44/48", "eta": "2:37:37", "gpu_mem": "77.43G", "grad_norm": 3.60886, "iter": "160/1343", "loss": 0.22926, "lr": 0.00000, "top1_err": 9.37500, "top5_err": 0.00000}
[03/03 14:24:32][INFO] logging.py:   99: json_stats: {"_type": "train_iter_", "dt": 3.97854, "dt_data": 0.00039, "dt_net": 3.97815, "epoch": "44/48", "eta": "7:13:59", "gpu_mem": "77.43G", "grad_norm": 4.95137, "iter": "170/1343", "loss": 0.28073, "lr": 0.00000, "top1_err": 9.37500, "top5_err": 0.00000}
[03/03 14:24:50][INFO] logging.py:   99: json_stats: {"_type": "train_iter_", "dt": 1.44176, "dt_data": 0.00071, "dt_net": 1.44105, "epoch": "44/48", "eta": "2:37:01", "gpu_mem": "77.43G", "grad_norm": 4.30524, "iter": "180/1343", "loss": 0.26302, "lr": 0.00000, "top1_err": 10.15625, "top5_err": 0.00000}
[03/03 14:25:08][INFO] logging.py:   99: json_stats: {"_type": "train_iter_", "dt": 1.44390, "dt_data": 0.00063, "dt_net": 1.44327, "epoch": "44/48", "eta": "2:37:01", "gpu_mem": "77.43G", "grad_norm": 3.84360, "iter": "190/1343", "loss": 0.24651, "lr": 0.00000, "top1_err": 10.15625, "top5_err": 0.00000}
[03/03 14:25:22][INFO] logging.py:   99: json_stats: {"_type": "train_iter_", "dt": 1.46196, "dt_data": 0.00049, "dt_net": 1.46146, "epoch": "44/48", "eta": "2:38:44", "gpu_mem": "77.43G", "grad_norm": 5.61380, "iter": "200/1343", "loss": 0.29958, "lr": 0.00000, "top1_err": 10.93750, "top5_err": 0.00000}
[03/03 14:25:41][INFO] logging.py:   99: json_stats: {"_type": "train_iter_", "dt": 2.43557, "dt_data": 0.00110, "dt_net": 2.43445, "epoch": "44/48", "eta": "4:24:03", "gpu_mem": "77.43G", "grad_norm": 3.88919, "iter": "210/1343", "loss": 0.26395, "lr": 0.00000, "top1_err": 9.37500, "top5_err": 0.00000}
[03/03 14:25:57][INFO] logging.py:   99: json_stats: {"_type": "train_iter_", "dt": 1.45913, "dt_data": 0.00064, "dt_net": 1.45850, "epoch": "44/48", "eta": "2:37:57", "gpu_mem": "77.43G", "grad_norm": 4.70018, "iter": "220/1343", "loss": 0.27093, "lr": 0.00000, "top1_err": 10.93750, "top5_err": 0.00000}
[03/03 14:26:11][INFO] logging.py:   99: json_stats: {"_type": "train_iter_", "dt": 1.46294, "dt_data": 0.00092, "dt_net": 1.46201, "epoch": "44/48", "eta": "2:38:07", "gpu_mem": "77.43G", "grad_norm": 3.36652, "iter": "230/1343", "loss": 0.25184, "lr": 0.00000, "top1_err": 10.15625, "top5_err": 0.00000}
[03/03 14:26:29][INFO] logging.py:   99: json_stats: {"_type": "train_iter_", "dt": 1.44922, "dt_data": 0.00079, "dt_net": 1.44843, "epoch": "44/48", "eta": "2:36:23", "gpu_mem": "77.43G", "grad_norm": 4.02017, "iter": "240/1343", "loss": 0.35158, "lr": 0.00000, "top1_err": 12.50000, "top5_err": 0.00000}
[03/03 14:26:46][INFO] logging.py:   99: json_stats: {"_type": "train_iter_", "dt": 3.35227, "dt_data": 0.00033, "dt_net": 3.35193, "epoch": "44/48", "eta": "6:01:12", "gpu_mem": "77.43G", "grad_norm": 3.07055, "iter": "250/1343", "loss": 0.30753, "lr": 0.00000, "top1_err": 10.93750, "top5_err": 0.00000}
[03/03 14:27:04][INFO] logging.py:   99: json_stats: {"_type": "train_iter_", "dt": 1.45552, "dt_data": 0.00043, "dt_net": 1.45509, "epoch": "44/48", "eta": "2:36:35", "gpu_mem": "77.43G", "grad_norm": 4.00191, "iter": "260/1343", "loss": 0.32003, "lr": 0.00000, "top1_err": 10.15625, "top5_err": 0.00000}
[03/03 14:27:19][INFO] logging.py:   99: json_stats: {"_type": "train_iter_", "dt": 1.46036, "dt_data": 0.00082, "dt_net": 1.45953, "epoch": "44/48", "eta": "2:36:52", "gpu_mem": "77.43G", "grad_norm": 4.47186, "iter": "270/1343", "loss": 0.28983, "lr": 0.00000, "top1_err": 9.37500, "top5_err": 0.00000}
[03/03 14:27:34][INFO] logging.py:   99: json_stats: {"_type": "train_iter_", "dt": 1.47216, "dt_data": 0.00090, "dt_net": 1.47126, "epoch": "44/48", "eta": "2:37:53", "gpu_mem": "77.43G", "grad_norm": 3.39363, "iter": "280/1343", "loss": 0.30949, "lr": 0.00000, "top1_err": 10.15625, "top5_err": 0.00000}
[03/03 14:27:52][INFO] logging.py:   99: json_stats: {"_type": "train_iter_", "dt": 1.86282, "dt_data": 0.00046, "dt_net": 1.86236, "epoch": "44/48", "eta": "3:19:28", "gpu_mem": "77.43G", "grad_norm": 4.21984, "iter": "290/1343", "loss": 0.29346, "lr": 0.00000, "top1_err": 12.50000, "top5_err": 0.00000}
[03/03 14:28:07][INFO] logging.py:   99: json_stats: {"_type": "train_iter_", "dt": 1.45847, "dt_data": 0.00042, "dt_net": 1.45805, "epoch": "44/48", "eta": "2:35:56", "gpu_mem": "77.43G", "grad_norm": 4.39252, "iter": "300/1343", "loss": 0.26918, "lr": 0.00000, "top1_err": 12.50000, "top5_err": 0.00000}
[03/03 14:28:23][INFO] logging.py:   99: json_stats: {"_type": "train_iter_", "dt": 1.46849, "dt_data": 0.00085, "dt_net": 1.46763, "epoch": "44/48", "eta": "2:36:45", "gpu_mem": "77.43G", "grad_norm": 2.90189, "iter": "310/1343", "loss": 0.27549, "lr": 0.00000, "top1_err": 11.71875, "top5_err": 0.00000}
[03/03 14:28:39][INFO] logging.py:   99: json_stats: {"_type": "train_iter_", "dt": 1.45885, "dt_data": 0.00036, "dt_net": 1.45849, "epoch": "44/48", "eta": "2:35:29", "gpu_mem": "77.43G", "grad_norm": 2.88540, "iter": "320/1343", "loss": 0.21478, "lr": 0.00000, "top1_err": 6.25000, "top5_err": 0.00000}
[03/03 14:29:00][INFO] logging.py:   99: json_stats: {"_type": "train_iter_", "dt": 3.24526, "dt_data": 0.00046, "dt_net": 3.24480, "epoch": "44/48", "eta": "5:45:20", "gpu_mem": "77.43G", "grad_norm": 5.39721, "iter": "330/1343", "loss": 0.26331, "lr": 0.00000, "top1_err": 10.93750, "top5_err": 0.00000}
[03/03 14:29:15][INFO] logging.py:   99: json_stats: {"_type": "train_iter_", "dt": 1.45608, "dt_data": 0.00119, "dt_net": 1.45489, "epoch": "44/48", "eta": "2:34:42", "gpu_mem": "77.43G", "grad_norm": 3.94211, "iter": "340/1343", "loss": 0.22197, "lr": 0.00000, "top1_err": 8.59375, "top5_err": 0.00000}
[03/03 14:29:29][INFO] logging.py:   99: json_stats: {"_type": "train_iter_", "dt": 1.46736, "dt_data": 0.00071, "dt_net": 1.46665, "epoch": "44/48", "eta": "2:35:39", "gpu_mem": "77.43G", "grad_norm": 2.79928, "iter": "350/1343", "loss": 0.24794, "lr": 0.00000, "top1_err": 9.37500, "top5_err": 0.00000}
[03/03 14:29:45][INFO] logging.py:   99: json_stats: {"_type": "train_iter_", "dt": 1.45874, "dt_data": 0.00037, "dt_net": 1.45837, "epoch": "44/48", "eta": "2:34:30", "gpu_mem": "77.43G", "grad_norm": 3.80385, "iter": "360/1343", "loss": 0.24477, "lr": 0.00000, "top1_err": 8.59375, "top5_err": 0.00000}
[03/03 14:30:03][INFO] logging.py:   99: json_stats: {"_type": "train_iter_", "dt": 1.45200, "dt_data": 0.00069, "dt_net": 1.45130, "epoch": "44/48", "eta": "2:33:32", "gpu_mem": "77.43G", "grad_norm": 3.47588, "iter": "370/1343", "loss": 0.25623, "lr": 0.00000, "top1_err": 10.93750, "top5_err": 0.00000}
[03/03 14:30:19][INFO] logging.py:   99: json_stats: {"_type": "train_iter_", "dt": 1.46740, "dt_data": 0.00096, "dt_net": 1.46644, "epoch": "44/48", "eta": "2:34:55", "gpu_mem": "77.43G", "grad_norm": 6.94890, "iter": "380/1343", "loss": 0.25919, "lr": 0.00000, "top1_err": 9.37500, "top5_err": 0.00000}
[03/03 14:30:37][INFO] logging.py:   99: json_stats: {"_type": "train_iter_", "dt": 1.44524, "dt_data": 0.00042, "dt_net": 1.44481, "epoch": "44/48", "eta": "2:32:21", "gpu_mem": "77.43G", "grad_norm": 2.60537, "iter": "390/1343", "loss": 0.23299, "lr": 0.00000, "top1_err": 8.59375, "top5_err": 0.00000}
[03/03 14:30:54][INFO] logging.py:   99: json_stats: {"_type": "train_iter_", "dt": 2.41954, "dt_data": 0.96044, "dt_net": 1.45909, "epoch": "44/48", "eta": "4:14:39", "gpu_mem": "77.43G", "grad_norm": 3.86131, "iter": "400/1343", "loss": 0.28300, "lr": 0.00000, "top1_err": 10.93750, "top5_err": 0.00000}
[03/03 14:31:11][INFO] logging.py:   99: json_stats: {"_type": "train_iter_", "dt": 1.45536, "dt_data": 0.00064, "dt_net": 1.45472, "epoch": "44/48", "eta": "2:32:56", "gpu_mem": "77.43G", "grad_norm": 3.87482, "iter": "410/1343", "loss": 0.29840, "lr": 0.00000, "top1_err": 14.06250, "top5_err": 0.00000}
[03/03 14:31:29][INFO] logging.py:   99: json_stats: {"_type": "train_iter_", "dt": 1.45544, "dt_data": 0.00061, "dt_net": 1.45482, "epoch": "44/48", "eta": "2:32:41", "gpu_mem": "77.43G", "grad_norm": 3.40203, "iter": "420/1343", "loss": 0.30191, "lr": 0.00000, "top1_err": 10.15625, "top5_err": 0.00000}
[03/03 14:31:48][INFO] logging.py:   99: json_stats: {"_type": "train_iter_", "dt": 1.45142, "dt_data": 0.00081, "dt_net": 1.45060, "epoch": "44/48", "eta": "2:32:02", "gpu_mem": "77.43G", "grad_norm": 4.07402, "iter": "430/1343", "loss": 0.30914, "lr": 0.00000, "top1_err": 11.71875, "top5_err": 0.00000}
[03/03 14:32:05][INFO] logging.py:   99: json_stats: {"_type": "train_iter_", "dt": 1.46464, "dt_data": 0.00185, "dt_net": 1.46278, "epoch": "44/48", "eta": "2:33:10", "gpu_mem": "77.43G", "grad_norm": 6.40586, "iter": "440/1343", "loss": 0.26490, "lr": 0.00000, "top1_err": 7.81250, "top5_err": 0.00000}
[03/03 14:32:22][INFO] logging.py:   99: json_stats: {"_type": "train_iter_", "dt": 1.44933, "dt_data": 0.00046, "dt_net": 1.44887, "epoch": "44/48", "eta": "2:31:20", "gpu_mem": "77.43G", "grad_norm": 3.08777, "iter": "450/1343", "loss": 0.24515, "lr": 0.00000, "top1_err": 7.81250, "top5_err": 0.00000}
[03/03 14:32:37][INFO] logging.py:   99: json_stats: {"_type": "train_iter_", "dt": 1.45527, "dt_data": 0.00092, "dt_net": 1.45435, "epoch": "44/48", "eta": "2:31:42", "gpu_mem": "77.43G", "grad_norm": 3.03137, "iter": "460/1343", "loss": 0.27170, "lr": 0.00000, "top1_err": 10.15625, "top5_err": 0.00000}
[03/03 14:32:56][INFO] logging.py:   99: json_stats: {"_type": "train_iter_", "dt": 1.45615, "dt_data": 0.00045, "dt_net": 1.45570, "epoch": "44/48", "eta": "2:31:33", "gpu_mem": "77.43G", "grad_norm": 3.84172, "iter": "470/1343", "loss": 0.31594, "lr": 0.00000, "top1_err": 12.50000, "top5_err": 0.78125}
[03/03 14:33:19][INFO] logging.py:   99: json_stats: {"_type": "train_iter_", "dt": 4.37524, "dt_data": 2.93711, "dt_net": 1.43812, "epoch": "44/48", "eta": "7:34:39", "gpu_mem": "77.43G", "grad_norm": 4.10185, "iter": "480/1343", "loss": 0.29425, "lr": 0.00000, "top1_err": 10.93750, "top5_err": 0.00000}
[03/03 14:33:34][INFO] logging.py:   99: json_stats: {"_type": "train_iter_", "dt": 1.46471, "dt_data": 0.00145, "dt_net": 1.46324, "epoch": "44/48", "eta": "2:31:57", "gpu_mem": "77.43G", "grad_norm": 3.21714, "iter": "490/1343", "loss": 0.33831, "lr": 0.00000, "top1_err": 11.71875, "top5_err": 0.00000}
[03/03 14:33:48][INFO] logging.py:   99: json_stats: {"_type": "train_iter_", "dt": 1.45816, "dt_data": 0.00084, "dt_net": 1.45733, "epoch": "44/48", "eta": "2:31:02", "gpu_mem": "77.43G", "grad_norm": 4.51568, "iter": "500/1343", "loss": 0.29976, "lr": 0.00000, "top1_err": 10.93750, "top5_err": 0.00000}
[03/03 14:34:05][INFO] logging.py:   99: json_stats: {"_type": "train_iter_", "dt": 1.45132, "dt_data": 0.00042, "dt_net": 1.45090, "epoch": "44/48", "eta": "2:30:05", "gpu_mem": "77.43G", "grad_norm": 4.89481, "iter": "510/1343", "loss": 0.30038, "lr": 0.00000, "top1_err": 10.15625, "top5_err": 0.00000}
[03/03 14:34:24][INFO] logging.py:   99: json_stats: {"_type": "train_iter_", "dt": 2.72229, "dt_data": 1.27692, "dt_net": 1.44537, "epoch": "44/48", "eta": "4:41:04", "gpu_mem": "77.43G", "grad_norm": 4.82422, "iter": "520/1343", "loss": 0.29001, "lr": 0.00000, "top1_err": 10.93750, "top5_err": 0.00000}
[03/03 14:34:42][INFO] logging.py:   99: json_stats: {"_type": "train_iter_", "dt": 1.45306, "dt_data": 0.00117, "dt_net": 1.45187, "epoch": "44/48", "eta": "2:29:47", "gpu_mem": "77.43G", "grad_norm": 3.01662, "iter": "530/1343", "loss": 0.27346, "lr": 0.00000, "top1_err": 10.93750, "top5_err": 0.00000}
[03/03 14:35:00][INFO] logging.py:   99: json_stats: {"_type": "train_iter_", "dt": 1.44517, "dt_data": 0.00088, "dt_net": 1.44429, "epoch": "44/48", "eta": "2:28:43", "gpu_mem": "77.43G", "grad_norm": 3.88574, "iter": "540/1343", "loss": 0.29021, "lr": 0.00000, "top1_err": 11.71875, "top5_err": 0.00000}
[03/03 14:35:16][INFO] logging.py:   99: json_stats: {"_type": "train_iter_", "dt": 1.45361, "dt_data": 0.00075, "dt_net": 1.45286, "epoch": "44/48", "eta": "2:29:21", "gpu_mem": "77.43G", "grad_norm": 2.31598, "iter": "550/1343", "loss": 0.24439, "lr": 0.00000, "top1_err": 9.37500, "top5_err": 0.00000}
[03/03 14:35:34][INFO] logging.py:   99: json_stats: {"_type": "train_iter_", "dt": 3.94276, "dt_data": 2.49444, "dt_net": 1.44830, "epoch": "44/48", "eta": "6:44:27", "gpu_mem": "77.43G", "grad_norm": 3.40975, "iter": "560/1343", "loss": 0.26784, "lr": 0.00000, "top1_err": 7.81250, "top5_err": 0.00000}
[03/03 14:35:52][INFO] logging.py:   99: json_stats: {"_type": "train_iter_", "dt": 1.44623, "dt_data": 0.00036, "dt_net": 1.44587, "epoch": "44/48", "eta": "2:28:07", "gpu_mem": "77.43G", "grad_norm": 2.93941, "iter": "570/1343", "loss": 0.30796, "lr": 0.00000, "top1_err": 10.93750, "top5_err": 0.00000}
[03/03 14:36:10][INFO] logging.py:   99: json_stats: {"_type": "train_iter_", "dt": 1.45869, "dt_data": 0.00057, "dt_net": 1.45811, "epoch": "44/48", "eta": "2:29:09", "gpu_mem": "77.43G", "grad_norm": 4.81810, "iter": "580/1343", "loss": 0.26886, "lr": 0.00000, "top1_err": 9.37500, "top5_err": 0.00000}
[03/03 14:36:26][INFO] logging.py:   99: json_stats: {"_type": "train_iter_", "dt": 1.45187, "dt_data": 0.00049, "dt_net": 1.45138, "epoch": "44/48", "eta": "2:28:12", "gpu_mem": "77.43G", "grad_norm": 4.08032, "iter": "590/1343", "loss": 0.27381, "lr": 0.00000, "top1_err": 10.93750, "top5_err": 0.00000}
[03/03 14:36:46][INFO] logging.py:   99: json_stats: {"_type": "train_iter_", "dt": 2.28836, "dt_data": 0.85046, "dt_net": 1.43789, "epoch": "44/48", "eta": "3:53:13", "gpu_mem": "77.43G", "grad_norm": 2.33113, "iter": "600/1343", "loss": 0.24294, "lr": 0.00000, "top1_err": 10.93750, "top5_err": 0.00000}
[03/03 14:37:04][INFO] logging.py:   99: json_stats: {"_type": "train_iter_", "dt": 1.44186, "dt_data": 0.00104, "dt_net": 1.44081, "epoch": "44/48", "eta": "2:26:42", "gpu_mem": "77.43G", "grad_norm": 2.86718, "iter": "610/1343", "loss": 0.21626, "lr": 0.00000, "top1_err": 6.25000, "top5_err": 0.00000}
[03/03 14:37:19][INFO] logging.py:   99: json_stats: {"_type": "train_iter_", "dt": 1.44970, "dt_data": 0.00069, "dt_net": 1.44901, "epoch": "44/48", "eta": "2:27:15", "gpu_mem": "77.43G", "grad_norm": 3.53272, "iter": "620/1343", "loss": 0.26397, "lr": 0.00000, "top1_err": 9.37500, "top5_err": 0.00000}
[03/03 14:37:37][INFO] logging.py:   99: json_stats: {"_type": "train_iter_", "dt": 1.44249, "dt_data": 0.00073, "dt_net": 1.44176, "epoch": "44/48", "eta": "2:26:17", "gpu_mem": "77.43G", "grad_norm": 3.69751, "iter": "630/1343", "loss": 0.27454, "lr": 0.00000, "top1_err": 7.81250, "top5_err": 0.00000}
[03/03 14:37:58][INFO] logging.py:   99: json_stats: {"_type": "train_iter_", "dt": 1.43694, "dt_data": 0.00040, "dt_net": 1.43654, "epoch": "44/48", "eta": "2:25:29", "gpu_mem": "77.43G", "grad_norm": 3.63811, "iter": "640/1343", "loss": 0.26046, "lr": 0.00000, "top1_err": 9.37500, "top5_err": 0.00000}
[03/03 14:38:15][INFO] logging.py:   99: json_stats: {"_type": "train_iter_", "dt": 1.44773, "dt_data": 0.00046, "dt_net": 1.44727, "epoch": "44/48", "eta": "2:26:20", "gpu_mem": "77.43G", "grad_norm": 2.67390, "iter": "650/1343", "loss": 0.31763, "lr": 0.00000, "top1_err": 10.15625, "top5_err": 0.00000}
[03/03 14:38:33][INFO] logging.py:   99: json_stats: {"_type": "train_iter_", "dt": 1.44611, "dt_data": 0.00055, "dt_net": 1.44556, "epoch": "44/48", "eta": "2:25:56", "gpu_mem": "77.43G", "grad_norm": 5.00117, "iter": "660/1343", "loss": 0.27624, "lr": 0.00000, "top1_err": 10.15625, "top5_err": 0.00000}
[03/03 14:38:52][INFO] logging.py:   99: json_stats: {"_type": "train_iter_", "dt": 1.45990, "dt_data": 0.00048, "dt_net": 1.45942, "epoch": "44/48", "eta": "2:27:05", "gpu_mem": "77.43G", "grad_norm": 3.79608, "iter": "670/1343", "loss": 0.30184, "lr": 0.00000, "top1_err": 10.15625, "top5_err": 0.00000}
[03/03 14:39:08][INFO] logging.py:   99: json_stats: {"_type": "train_iter_", "dt": 1.44473, "dt_data": 0.00109, "dt_net": 1.44364, "epoch": "44/48", "eta": "2:25:18", "gpu_mem": "77.43G", "grad_norm": 3.56559, "iter": "680/1343", "loss": 0.27286, "lr": 0.00000, "top1_err": 10.15625, "top5_err": 0.00000}
[03/03 14:39:25][INFO] logging.py:   99: json_stats: {"_type": "train_iter_", "dt": 1.45618, "dt_data": 0.00041, "dt_net": 1.45577, "epoch": "44/48", "eta": "2:26:13", "gpu_mem": "77.43G", "grad_norm": 4.64927, "iter": "690/1343", "loss": 0.26621, "lr": 0.00000, "top1_err": 9.37500, "top5_err": 0.00000}
[03/03 14:39:43][INFO] logging.py:   99: json_stats: {"_type": "train_iter_", "dt": 1.44594, "dt_data": 0.00038, "dt_net": 1.44556, "epoch": "44/48", "eta": "2:24:57", "gpu_mem": "77.43G", "grad_norm": 3.70457, "iter": "700/1343", "loss": 0.19591, "lr": 0.00000, "top1_err": 7.03125, "top5_err": 0.00000}
[03/03 14:40:06][INFO] logging.py:   99: json_stats: {"_type": "train_iter_", "dt": 1.43583, "dt_data": 0.00039, "dt_net": 1.43544, "epoch": "44/48", "eta": "2:23:42", "gpu_mem": "77.43G", "grad_norm": 5.65640, "iter": "710/1343", "loss": 0.28378, "lr": 0.00000, "top1_err": 8.59375, "top5_err": 0.00000}
[03/03 14:40:20][INFO] logging.py:   99: json_stats: {"_type": "train_iter_", "dt": 1.44938, "dt_data": 0.00092, "dt_net": 1.44847, "epoch": "44/48", "eta": "2:24:49", "gpu_mem": "77.43G", "grad_norm": 3.78541, "iter": "720/1343", "loss": 0.31133, "lr": 0.00000, "top1_err": 13.28125, "top5_err": 0.00000}
[03/03 14:40:38][INFO] logging.py:   99: json_stats: {"_type": "train_iter_", "dt": 1.45843, "dt_data": 0.00050, "dt_net": 1.45793, "epoch": "44/48", "eta": "2:25:28", "gpu_mem": "77.43G", "grad_norm": 6.69934, "iter": "730/1343", "loss": 0.29066, "lr": 0.00000, "top1_err": 9.37500, "top5_err": 0.00000}
[03/03 14:40:52][INFO] logging.py:   99: json_stats: {"_type": "train_iter_", "dt": 1.46080, "dt_data": 0.00095, "dt_net": 1.45985, "epoch": "44/48", "eta": "2:25:28", "gpu_mem": "77.43G", "grad_norm": 4.56646, "iter": "740/1343", "loss": 0.29314, "lr": 0.00000, "top1_err": 10.93750, "top5_err": 0.00000}
[03/03 14:41:10][INFO] logging.py:   99: json_stats: {"_type": "train_iter_", "dt": 1.45411, "dt_data": 0.00166, "dt_net": 1.45245, "epoch": "44/48", "eta": "2:24:33", "gpu_mem": "77.43G", "grad_norm": 2.58828, "iter": "750/1343", "loss": 0.30384, "lr": 0.00000, "top1_err": 10.15625, "top5_err": 0.00000}
[03/03 14:41:28][INFO] logging.py:   99: json_stats: {"_type": "train_iter_", "dt": 3.40732, "dt_data": 1.95847, "dt_net": 1.44884, "epoch": "44/48", "eta": "5:38:10", "gpu_mem": "77.43G", "grad_norm": 3.80434, "iter": "760/1343", "loss": 0.27995, "lr": 0.00000, "top1_err": 9.37500, "top5_err": 0.00000}
[03/03 14:41:42][INFO] logging.py:   99: json_stats: {"_type": "train_iter_", "dt": 1.45621, "dt_data": 0.00080, "dt_net": 1.45540, "epoch": "44/48", "eta": "2:24:17", "gpu_mem": "77.43G", "grad_norm": 4.52012, "iter": "770/1343", "loss": 0.21261, "lr": 0.00000, "top1_err": 10.93750, "top5_err": 0.00000}
[03/03 14:41:58][INFO] logging.py:   99: json_stats: {"_type": "train_iter_", "dt": 1.83937, "dt_data": 0.38325, "dt_net": 1.45612, "epoch": "44/48", "eta": "3:01:56", "gpu_mem": "77.43G", "grad_norm": 2.58033, "iter": "780/1343", "loss": 0.31583, "lr": 0.00000, "top1_err": 11.71875, "top5_err": 0.00000}
[03/03 14:42:14][INFO] logging.py:   99: json_stats: {"_type": "train_iter_", "dt": 1.47632, "dt_data": 0.00044, "dt_net": 1.47589, "epoch": "44/48", "eta": "2:25:47", "gpu_mem": "77.43G", "grad_norm": 3.70012, "iter": "790/1343", "loss": 0.26940, "lr": 0.00000, "top1_err": 10.93750, "top5_err": 0.00000}
[03/03 14:42:31][INFO] logging.py:   99: json_stats: {"_type": "train_iter_", "dt": 1.46334, "dt_data": 0.00060, "dt_net": 1.46274, "epoch": "44/48", "eta": "2:24:15", "gpu_mem": "77.43G", "grad_norm": 5.76158, "iter": "800/1343", "loss": 0.35548, "lr": 0.00000, "top1_err": 11.71875, "top5_err": 0.00000}
[03/03 14:42:46][INFO] logging.py:   99: json_stats: {"_type": "train_iter_", "dt": 1.45669, "dt_data": 0.00053, "dt_net": 1.45616, "epoch": "44/48", "eta": "2:23:21", "gpu_mem": "77.43G", "grad_norm": 2.74283, "iter": "810/1343", "loss": 0.32086, "lr": 0.00000, "top1_err": 10.93750, "top5_err": 0.00000}
[03/03 14:43:03][INFO] logging.py:   99: json_stats: {"_type": "train_iter_", "dt": 2.91664, "dt_data": 1.46366, "dt_net": 1.45298, "epoch": "44/48", "eta": "4:46:33", "gpu_mem": "77.43G", "grad_norm": 1.58048, "iter": "820/1343", "loss": 0.23943, "lr": 0.00000, "top1_err": 9.37500, "top5_err": 0.00000}
[03/03 14:43:20][INFO] logging.py:   99: json_stats: {"_type": "train_iter_", "dt": 1.45246, "dt_data": 0.00082, "dt_net": 1.45164, "epoch": "44/48", "eta": "2:22:27", "gpu_mem": "77.43G", "grad_norm": 4.93990, "iter": "830/1343", "loss": 0.25850, "lr": 0.00000, "top1_err": 12.50000, "top5_err": 0.00000}
[03/03 14:43:41][INFO] logging.py:   99: json_stats: {"_type": "train_iter_", "dt": 4.39920, "dt_data": 2.96130, "dt_net": 1.43790, "epoch": "44/48", "eta": "7:10:45", "gpu_mem": "77.43G", "grad_norm": 3.38788, "iter": "840/1343", "loss": 0.30037, "lr": 0.00000, "top1_err": 10.93750, "top5_err": 0.00000}
[03/03 14:43:59][INFO] logging.py:   99: json_stats: {"_type": "train_iter_", "dt": 1.44524, "dt_data": 0.00043, "dt_net": 1.44481, "epoch": "44/48", "eta": "2:21:16", "gpu_mem": "77.43G", "grad_norm": 5.04667, "iter": "850/1343", "loss": 0.24080, "lr": 0.00000, "top1_err": 7.81250, "top5_err": 0.00000}
[03/03 14:44:14][INFO] logging.py:   99: json_stats: {"_type": "train_iter_", "dt": 1.46443, "dt_data": 0.00037, "dt_net": 1.46406, "epoch": "44/48", "eta": "2:22:54", "gpu_mem": "77.43G", "grad_norm": 3.92953, "iter": "860/1343", "loss": 0.20725, "lr": 0.00000, "top1_err": 9.37500, "top5_err": 0.00000}
[03/03 14:44:29][INFO] logging.py:   99: json_stats: {"_type": "train_iter_", "dt": 1.45676, "dt_data": 0.00049, "dt_net": 1.45627, "epoch": "44/48", "eta": "2:21:54", "gpu_mem": "77.43G", "grad_norm": 2.66768, "iter": "870/1343", "loss": 0.25003, "lr": 0.00000, "top1_err": 9.37500, "top5_err": 0.00000}
[03/03 14:44:47][INFO] logging.py:   99: json_stats: {"_type": "train_iter_", "dt": 1.46044, "dt_data": 0.00047, "dt_net": 1.45996, "epoch": "44/48", "eta": "2:22:01", "gpu_mem": "77.43G", "grad_norm": 3.32506, "iter": "880/1343", "loss": 0.23551, "lr": 0.00000, "top1_err": 8.59375, "top5_err": 0.00000}
[03/03 14:45:08][INFO] logging.py:   99: json_stats: {"_type": "train_iter_", "dt": 3.88436, "dt_data": 0.00039, "dt_net": 3.88397, "epoch": "44/48", "eta": "6:17:06", "gpu_mem": "77.43G", "grad_norm": 3.16242, "iter": "890/1343", "loss": 0.23324, "lr": 0.00000, "top1_err": 7.81250, "top5_err": 0.00000}
[03/03 14:45:27][INFO] logging.py:   99: json_stats: {"_type": "train_iter_", "dt": 1.48391, "dt_data": 0.00039, "dt_net": 1.48352, "epoch": "44/48", "eta": "2:23:48", "gpu_mem": "77.43G", "grad_norm": 4.19733, "iter": "900/1343", "loss": 0.29853, "lr": 0.00000, "top1_err": 11.71875, "top5_err": 0.00000}
[03/03 14:45:44][INFO] logging.py:   99: json_stats: {"_type": "train_iter_", "dt": 1.45437, "dt_data": 0.00066, "dt_net": 1.45371, "epoch": "44/48", "eta": "2:20:42", "gpu_mem": "77.43G", "grad_norm": 3.98829, "iter": "910/1343", "loss": 0.35163, "lr": 0.00000, "top1_err": 10.93750, "top5_err": 0.00000}
[03/03 14:46:00][INFO] logging.py:   99: json_stats: {"_type": "train_iter_", "dt": 1.46572, "dt_data": 0.00042, "dt_net": 1.46529, "epoch": "44/48", "eta": "2:21:33", "gpu_mem": "77.43G", "grad_norm": 3.63705, "iter": "920/1343", "loss": 0.26955, "lr": 0.00000, "top1_err": 10.93750, "top5_err": 0.00000}
[03/03 14:46:18][INFO] logging.py:   99: json_stats: {"_type": "train_iter_", "dt": 2.12289, "dt_data": 0.00036, "dt_net": 2.12252, "epoch": "44/48", "eta": "3:24:40", "gpu_mem": "77.43G", "grad_norm": 6.03080, "iter": "930/1343", "loss": 0.30239, "lr": 0.00000, "top1_err": 10.93750, "top5_err": 0.00000}
[03/03 14:46:35][INFO] logging.py:   99: json_stats: {"_type": "train_iter_", "dt": 1.46407, "dt_data": 0.00065, "dt_net": 1.46341, "epoch": "44/48", "eta": "2:20:55", "gpu_mem": "77.43G", "grad_norm": 4.47714, "iter": "940/1343", "loss": 0.26574, "lr": 0.00000, "top1_err": 10.15625, "top5_err": 0.00000}
[03/03 14:46:51][INFO] logging.py:   99: json_stats: {"_type": "train_iter_", "dt": 1.45592, "dt_data": 0.00083, "dt_net": 1.45509, "epoch": "44/48", "eta": "2:19:53", "gpu_mem": "77.43G", "grad_norm": 4.12427, "iter": "950/1343", "loss": 0.31213, "lr": 0.00000, "top1_err": 10.93750, "top5_err": 0.00000}
[03/03 14:47:11][INFO] logging.py:   99: json_stats: {"_type": "train_iter_", "dt": 1.44516, "dt_data": 0.00066, "dt_net": 1.44450, "epoch": "44/48", "eta": "2:18:36", "gpu_mem": "77.43G", "grad_norm": 4.96468, "iter": "960/1343", "loss": 0.27430, "lr": 0.00000, "top1_err": 8.59375, "top5_err": 0.00000}
[03/03 14:47:33][INFO] logging.py:   99: json_stats: {"_type": "train_iter_", "dt": 5.03380, "dt_data": 0.00042, "dt_net": 5.03338, "epoch": "44/48", "eta": "8:01:59", "gpu_mem": "77.43G", "grad_norm": 3.51549, "iter": "970/1343", "loss": 0.27430, "lr": 0.00000, "top1_err": 7.81250, "top5_err": 0.00000}
[03/03 14:47:50][INFO] logging.py:   99: json_stats: {"_type": "train_iter_", "dt": 1.44392, "dt_data": 0.00037, "dt_net": 1.44355, "epoch": "44/48", "eta": "2:18:00", "gpu_mem": "77.43G", "grad_norm": 3.93925, "iter": "980/1343", "loss": 0.23934, "lr": 0.00000, "top1_err": 7.81250, "top5_err": 0.00000}
[03/03 14:48:05][INFO] logging.py:   99: json_stats: {"_type": "train_iter_", "dt": 1.46065, "dt_data": 0.00047, "dt_net": 1.46018, "epoch": "44/48", "eta": "2:19:22", "gpu_mem": "77.43G", "grad_norm": 1.79346, "iter": "990/1343", "loss": 0.31192, "lr": 0.00000, "top1_err": 10.15625, "top5_err": 0.00000}
[03/03 14:48:21][INFO] logging.py:   99: json_stats: {"_type": "train_iter_", "dt": 1.46569, "dt_data": 0.00122, "dt_net": 1.46445, "epoch": "44/48", "eta": "2:19:36", "gpu_mem": "77.43G", "grad_norm": 5.07219, "iter": "1000/1343", "loss": 0.36173, "lr": 0.00000, "top1_err": 12.50000, "top5_err": 0.00000}
[03/03 14:48:40][INFO] logging.py:   99: json_stats: {"_type": "train_iter_", "dt": 4.40593, "dt_data": 0.00111, "dt_net": 4.40481, "epoch": "44/48", "eta": "6:58:55", "gpu_mem": "77.43G", "grad_norm": 4.29334, "iter": "1010/1343", "loss": 0.27562, "lr": 0.00000, "top1_err": 9.37500, "top5_err": 0.00000}
[03/03 14:48:59][INFO] logging.py:   99: json_stats: {"_type": "train_iter_", "dt": 1.45656, "dt_data": 0.00062, "dt_net": 1.45593, "epoch": "44/48", "eta": "2:18:15", "gpu_mem": "77.43G", "grad_norm": 2.50807, "iter": "1020/1343", "loss": 0.28721, "lr": 0.00000, "top1_err": 9.37500, "top5_err": 0.00000}
[03/03 14:49:16][INFO] logging.py:   99: json_stats: {"_type": "train_iter_", "dt": 1.44717, "dt_data": 0.00046, "dt_net": 1.44671, "epoch": "44/48", "eta": "2:17:07", "gpu_mem": "77.43G", "grad_norm": 3.79778, "iter": "1030/1343", "loss": 0.28850, "lr": 0.00000, "top1_err": 9.37500, "top5_err": 0.00000}
[03/03 14:49:31][INFO] logging.py:   99: json_stats: {"_type": "train_iter_", "dt": 1.46100, "dt_data": 0.00098, "dt_net": 1.46001, "epoch": "44/48", "eta": "2:18:11", "gpu_mem": "77.43G", "grad_norm": 3.76370, "iter": "1040/1343", "loss": 0.22790, "lr": 0.00000, "top1_err": 9.37500, "top5_err": 0.00000}
[03/03 14:49:48][INFO] logging.py:   99: json_stats: {"_type": "train_iter_", "dt": 2.47665, "dt_data": 0.00055, "dt_net": 2.47610, "epoch": "44/48", "eta": "3:53:50", "gpu_mem": "77.43G", "grad_norm": 4.54421, "iter": "1050/1343", "loss": 0.26825, "lr": 0.00000, "top1_err": 10.15625, "top5_err": 0.00000}
[03/03 14:50:04][INFO] logging.py:   99: json_stats: {"_type": "train_iter_", "dt": 1.45472, "dt_data": 0.00041, "dt_net": 1.45431, "epoch": "44/48", "eta": "2:17:06", "gpu_mem": "77.43G", "grad_norm": 4.47786, "iter": "1060/1343", "loss": 0.32413, "lr": 0.00000, "top1_err": 11.71875, "top5_err": 0.00000}
[03/03 14:50:20][INFO] logging.py:   99: json_stats: {"_type": "train_iter_", "dt": 1.46077, "dt_data": 0.00040, "dt_net": 1.46036, "epoch": "44/48", "eta": "2:17:26", "gpu_mem": "77.43G", "grad_norm": 2.86216, "iter": "1070/1343", "loss": 0.31548, "lr": 0.00000, "top1_err": 11.71875, "top5_err": 0.00000}
[03/03 14:50:36][INFO] logging.py:   99: json_stats: {"_type": "train_iter_", "dt": 1.46717, "dt_data": 0.00048, "dt_net": 1.46668, "epoch": "44/48", "eta": "2:17:47", "gpu_mem": "77.43G", "grad_norm": 3.24068, "iter": "1080/1343", "loss": 0.26120, "lr": 0.00000, "top1_err": 9.37500, "top5_err": 0.00000}
[03/03 14:50:55][INFO] logging.py:   99: json_stats: {"_type": "train_iter_", "dt": 3.09038, "dt_data": 0.00046, "dt_net": 3.08991, "epoch": "44/48", "eta": "4:49:43", "gpu_mem": "77.43G", "grad_norm": 3.83626, "iter": "1090/1343", "loss": 0.24335, "lr": 0.00000, "top1_err": 9.37500, "top5_err": 0.00000}
[03/03 14:51:14][INFO] logging.py:   99: json_stats: {"_type": "train_iter_", "dt": 1.45501, "dt_data": 0.00040, "dt_net": 1.45461, "epoch": "44/48", "eta": "2:16:09", "gpu_mem": "77.43G", "grad_norm": 3.67075, "iter": "1100/1343", "loss": 0.24472, "lr": 0.00000, "top1_err": 7.81250, "top5_err": 0.00000}
[03/03 14:51:31][INFO] logging.py:   99: json_stats: {"_type": "train_iter_", "dt": 1.45923, "dt_data": 0.00040, "dt_net": 1.45883, "epoch": "44/48", "eta": "2:16:18", "gpu_mem": "77.43G", "grad_norm": 2.40451, "iter": "1110/1343", "loss": 0.25641, "lr": 0.00000, "top1_err": 8.59375, "top5_err": 0.00000}
[03/03 14:51:47][INFO] logging.py:   99: json_stats: {"_type": "train_iter_", "dt": 1.45890, "dt_data": 0.00051, "dt_net": 1.45839, "epoch": "44/48", "eta": "2:16:02", "gpu_mem": "77.43G", "grad_norm": 4.60356, "iter": "1120/1343", "loss": 0.27827, "lr": 0.00000, "top1_err": 10.93750, "top5_err": 0.00000}
[03/03 14:52:06][INFO] logging.py:   99: json_stats: {"_type": "train_iter_", "dt": 2.00502, "dt_data": 0.00043, "dt_net": 2.00460, "epoch": "44/48", "eta": "3:06:38", "gpu_mem": "77.43G", "grad_norm": 4.77947, "iter": "1130/1343", "loss": 0.29472, "lr": 0.00000, "top1_err": 10.15625, "top5_err": 0.00000}
[03/03 14:52:24][INFO] logging.py:   99: json_stats: {"_type": "train_iter_", "dt": 1.44656, "dt_data": 0.00057, "dt_net": 1.44599, "epoch": "44/48", "eta": "2:14:24", "gpu_mem": "77.43G", "grad_norm": 3.55514, "iter": "1140/1343", "loss": 0.29552, "lr": 0.00000, "top1_err": 9.37500, "top5_err": 0.00000}
[03/03 14:52:42][INFO] logging.py:   99: json_stats: {"_type": "train_iter_", "dt": 1.44352, "dt_data": 0.00080, "dt_net": 1.44272, "epoch": "44/48", "eta": "2:13:53", "gpu_mem": "77.43G", "grad_norm": 4.69887, "iter": "1150/1343", "loss": 0.26647, "lr": 0.00000, "top1_err": 7.81250, "top5_err": 0.00000}
[03/03 14:52:59][INFO] logging.py:   99: json_stats: {"_type": "train_iter_", "dt": 1.44708, "dt_data": 0.00046, "dt_net": 1.44661, "epoch": "44/48", "eta": "2:13:58", "gpu_mem": "77.43G", "grad_norm": 4.31723, "iter": "1160/1343", "loss": 0.28739, "lr": 0.00000, "top1_err": 11.71875, "top5_err": 0.00000}
[03/03 14:53:17][INFO] logging.py:   99: json_stats: {"_type": "train_iter_", "dt": 3.85484, "dt_data": 0.00037, "dt_net": 3.85447, "epoch": "44/48", "eta": "5:56:15", "gpu_mem": "77.43G", "grad_norm": 4.01920, "iter": "1170/1343", "loss": 0.27270, "lr": 0.00000, "top1_err": 10.15625, "top5_err": 0.00000}
[03/03 14:53:32][INFO] logging.py:   99: json_stats: {"_type": "train_iter_", "dt": 1.45878, "dt_data": 0.00034, "dt_net": 1.45844, "epoch": "44/48", "eta": "2:14:34", "gpu_mem": "77.43G", "grad_norm": 3.22149, "iter": "1180/1343", "loss": 0.24401, "lr": 0.00000, "top1_err": 9.37500, "top5_err": 0.00000}
[03/03 14:53:47][INFO] logging.py:   99: json_stats: {"_type": "train_iter_", "dt": 1.45737, "dt_data": 0.00045, "dt_net": 1.45692, "epoch": "44/48", "eta": "2:14:11", "gpu_mem": "77.43G", "grad_norm": 3.21654, "iter": "1190/1343", "loss": 0.23406, "lr": 0.00000, "top1_err": 10.15625, "top5_err": 0.00000}
[03/03 14:54:05][INFO] logging.py:   99: json_stats: {"_type": "train_iter_", "dt": 1.46200, "dt_data": 0.00089, "dt_net": 1.46110, "epoch": "44/48", "eta": "2:14:22", "gpu_mem": "77.43G", "grad_norm": 2.87206, "iter": "1200/1343", "loss": 0.20251, "lr": 0.00000, "top1_err": 9.37500, "top5_err": 0.00000}
[03/03 14:54:23][INFO] logging.py:   99: json_stats: {"_type": "train_iter_", "dt": 4.51503, "dt_data": 0.00077, "dt_net": 4.51426, "epoch": "44/48", "eta": "6:54:15", "gpu_mem": "77.43G", "grad_norm": 4.27114, "iter": "1210/1343", "loss": 0.28391, "lr": 0.00000, "top1_err": 9.37500, "top5_err": 0.00000}
[03/03 14:54:41][INFO] logging.py:   99: json_stats: {"_type": "train_iter_", "dt": 1.44728, "dt_data": 0.00060, "dt_net": 1.44668, "epoch": "44/48", "eta": "2:12:32", "gpu_mem": "77.43G", "grad_norm": 3.33053, "iter": "1220/1343", "loss": 0.24466, "lr": 0.00000, "top1_err": 7.03125, "top5_err": 0.00000}
[03/03 14:54:56][INFO] logging.py:   99: json_stats: {"_type": "train_iter_", "dt": 1.45422, "dt_data": 0.00051, "dt_net": 1.45371, "epoch": "44/48", "eta": "2:12:56", "gpu_mem": "77.43G", "grad_norm": 3.30437, "iter": "1230/1343", "loss": 0.23744, "lr": 0.00000, "top1_err": 7.81250, "top5_err": 0.00000}
[03/03 14:55:16][INFO] logging.py:   99: json_stats: {"_type": "train_iter_", "dt": 1.44451, "dt_data": 0.00038, "dt_net": 1.44413, "epoch": "44/48", "eta": "2:11:48", "gpu_mem": "77.43G", "grad_norm": 3.06273, "iter": "1240/1343", "loss": 0.27572, "lr": 0.00000, "top1_err": 10.93750, "top5_err": 0.00000}
[03/03 14:55:33][INFO] logging.py:   99: json_stats: {"_type": "train_iter_", "dt": 4.19292, "dt_data": 0.00043, "dt_net": 4.19249, "epoch": "44/48", "eta": "6:21:54", "gpu_mem": "77.43G", "grad_norm": 5.17084, "iter": "1250/1343", "loss": 0.32019, "lr": 0.00000, "top1_err": 9.37500, "top5_err": 0.00000}
[03/03 14:55:52][INFO] logging.py:   99: json_stats: {"_type": "train_iter_", "dt": 1.44041, "dt_data": 0.00068, "dt_net": 1.43972, "epoch": "44/48", "eta": "2:10:57", "gpu_mem": "77.43G", "grad_norm": 5.00742, "iter": "1260/1343", "loss": 0.33611, "lr": 0.00000, "top1_err": 10.93750, "top5_err": 0.00000}
[03/03 14:56:11][INFO] logging.py:   99: json_stats: {"_type": "train_iter_", "dt": 1.43472, "dt_data": 0.00047, "dt_net": 1.43425, "epoch": "44/48", "eta": "2:10:12", "gpu_mem": "77.43G", "grad_norm": 4.17469, "iter": "1270/1343", "loss": 0.28996, "lr": 0.00000, "top1_err": 12.50000, "top5_err": 0.00000}
[03/03 14:56:27][INFO] logging.py:   99: json_stats: {"_type": "train_iter_", "dt": 1.45083, "dt_data": 0.00044, "dt_net": 1.45039, "epoch": "44/48", "eta": "2:11:25", "gpu_mem": "77.43G", "grad_norm": 3.81785, "iter": "1280/1343", "loss": 0.26639, "lr": 0.00000, "top1_err": 9.37500, "top5_err": 0.00000}
[03/03 14:56:47][INFO] logging.py:   99: json_stats: {"_type": "train_iter_", "dt": 6.69920, "dt_data": 0.00066, "dt_net": 6.69854, "epoch": "44/48", "eta": "10:05:43", "gpu_mem": "77.43G", "grad_norm": 3.49392, "iter": "1290/1343", "loss": 0.26325, "lr": 0.00000, "top1_err": 8.59375, "top5_err": 0.00000}
[03/03 14:57:02][INFO] logging.py:   99: json_stats: {"_type": "train_iter_", "dt": 1.45219, "dt_data": 0.00069, "dt_net": 1.45148, "epoch": "44/48", "eta": "2:11:03", "gpu_mem": "77.43G", "grad_norm": 3.91423, "iter": "1300/1343", "loss": 0.29673, "lr": 0.00000, "top1_err": 9.37500, "top5_err": 0.00000}
[03/03 14:57:19][INFO] logging.py:   99: json_stats: {"_type": "train_iter_", "dt": 1.46439, "dt_data": 0.00042, "dt_net": 1.46397, "epoch": "44/48", "eta": "2:11:55", "gpu_mem": "77.43G", "grad_norm": 3.18367, "iter": "1310/1343", "loss": 0.24705, "lr": 0.00000, "top1_err": 8.59375, "top5_err": 0.00000}
[03/03 14:57:37][INFO] logging.py:   99: json_stats: {"_type": "train_iter_", "dt": 1.44728, "dt_data": 0.00089, "dt_net": 1.44639, "epoch": "44/48", "eta": "2:10:08", "gpu_mem": "77.43G", "grad_norm": 2.69839, "iter": "1320/1343", "loss": 0.29627, "lr": 0.00000, "top1_err": 10.93750, "top5_err": 0.00000}
[03/03 14:57:54][INFO] logging.py:   99: json_stats: {"_type": "train_iter_", "dt": 3.73881, "dt_data": 0.00052, "dt_net": 3.73828, "epoch": "44/48", "eta": "5:35:33", "gpu_mem": "77.43G", "grad_norm": 3.30245, "iter": "1330/1343", "loss": 0.28073, "lr": 0.00000, "top1_err": 9.37500, "top5_err": 0.00000}
[03/03 14:58:11][INFO] logging.py:   99: json_stats: {"_type": "train_iter_", "dt": 1.40981, "dt_data": 0.00020, "dt_net": 1.40961, "epoch": "44/48", "eta": "2:06:17", "gpu_mem": "77.43G", "grad_norm": 2.21565, "iter": "1340/1343", "loss": 0.27257, "lr": 0.00000, "top1_err": 9.37500, "top5_err": 0.00000}
[03/03 14:58:16][INFO] logging.py:   99: json_stats: {"RAM": "283.01/856.58G", "_type": "train_epoch", "dt": 1.11552, "dt_data": 1.11552, "dt_net": 1.40741, "epoch": "44/48", "eta": "1:39:52", "gpu_mem": "77.43G", "grad_norm": 3.94385, "loss": 0.28375, "lr": 0.00000, "top1_err": 10.28830, "top5_err": 0.26643}
[03/03 14:58:16][INFO] train_net.py: 1072: Epoch 43 takes 2361.51s. Epochs from 40 to 43 take 2365.62s in average and 2355.05s in median.
[03/03 14:58:16][INFO] train_net.py: 1078: For epoch 43, each iteraction takes 1.76s in average. From epoch 40 to 43, each iteraction takes 1.76s in average.
[03/03 14:59:18][INFO] logging.py:   99: json_stats: {"_type": "val_iter", "epoch": "44/48", "eta": "0:05:32", "gpu_mem": "77.43G", "iter": "10/807", "time_diff": 0.41660, "top1_err": 13.28125, "top5_err": 0.78125}
[03/03 14:59:34][INFO] logging.py:   99: json_stats: {"_type": "val_iter", "epoch": "44/48", "eta": "0:06:09", "gpu_mem": "77.43G", "iter": "20/807", "time_diff": 0.46916, "top1_err": 12.50000, "top5_err": 0.00000}
[03/03 14:59:52][INFO] logging.py:   99: json_stats: {"_type": "val_iter", "epoch": "44/48", "eta": "0:05:29", "gpu_mem": "77.43G", "iter": "30/807", "time_diff": 0.42382, "top1_err": 13.28125, "top5_err": 0.00000}
[03/03 15:00:05][INFO] logging.py:   99: json_stats: {"_type": "val_iter", "epoch": "44/48", "eta": "0:05:22", "gpu_mem": "77.43G", "iter": "40/807", "time_diff": 0.42104, "top1_err": 10.93750, "top5_err": 0.00000}
[03/03 15:00:29][INFO] logging.py:   99: json_stats: {"_type": "val_iter", "epoch": "44/48", "eta": "0:05:10", "gpu_mem": "77.43G", "iter": "50/807", "time_diff": 0.40993, "top1_err": 13.28125, "top5_err": 0.00000}
[03/03 15:00:45][INFO] logging.py:   99: json_stats: {"_type": "val_iter", "epoch": "44/48", "eta": "0:09:43", "gpu_mem": "77.43G", "iter": "60/807", "time_diff": 0.78067, "top1_err": 10.93750, "top5_err": 0.00000}
[03/03 15:01:03][INFO] logging.py:   99: json_stats: {"_type": "val_iter", "epoch": "44/48", "eta": "0:05:10", "gpu_mem": "77.43G", "iter": "70/807", "time_diff": 0.42151, "top1_err": 14.84375, "top5_err": 1.56250}
[03/03 15:01:19][INFO] logging.py:   99: json_stats: {"_type": "val_iter", "epoch": "44/48", "eta": "0:05:09", "gpu_mem": "77.43G", "iter": "80/807", "time_diff": 0.42568, "top1_err": 13.28125, "top5_err": 0.00000}
[03/03 15:01:39][INFO] logging.py:   99: json_stats: {"_type": "val_iter", "epoch": "44/48", "eta": "0:41:07", "gpu_mem": "77.43G", "iter": "90/807", "time_diff": 3.44121, "top1_err": 12.50000, "top5_err": 1.56250}
[03/03 15:01:59][INFO] logging.py:   99: json_stats: {"_type": "val_iter", "epoch": "44/48", "eta": "0:14:30", "gpu_mem": "77.43G", "iter": "100/807", "time_diff": 1.23056, "top1_err": 8.59375, "top5_err": 0.00000}
[03/03 15:02:18][INFO] logging.py:   99: json_stats: {"_type": "val_iter", "epoch": "44/48", "eta": "0:04:51", "gpu_mem": "77.43G", "iter": "110/807", "time_diff": 0.41836, "top1_err": 11.71875, "top5_err": 1.56250}
[03/03 15:02:36][INFO] logging.py:   99: json_stats: {"_type": "val_iter", "epoch": "44/48", "eta": "0:04:48", "gpu_mem": "77.43G", "iter": "120/807", "time_diff": 0.42000, "top1_err": 14.06250, "top5_err": 0.00000}
[03/03 15:03:01][INFO] logging.py:   99: json_stats: {"_type": "val_iter", "epoch": "44/48", "eta": "1:37:40", "gpu_mem": "77.43G", "iter": "130/807", "time_diff": 8.65597, "top1_err": 13.28125, "top5_err": 0.00000}
[03/03 15:03:19][INFO] logging.py:   99: json_stats: {"_type": "val_iter", "epoch": "44/48", "eta": "0:08:31", "gpu_mem": "77.43G", "iter": "140/807", "time_diff": 0.76722, "top1_err": 11.71875, "top5_err": 0.78125}
[03/03 15:03:35][INFO] logging.py:   99: json_stats: {"_type": "val_iter", "epoch": "44/48", "eta": "0:04:34", "gpu_mem": "77.43G", "iter": "150/807", "time_diff": 0.41797, "top1_err": 14.06250, "top5_err": 1.56250}
[03/03 15:03:50][INFO] logging.py:   99: json_stats: {"_type": "val_iter", "epoch": "44/48", "eta": "0:04:29", "gpu_mem": "77.43G", "iter": "160/807", "time_diff": 0.41713, "top1_err": 14.06250, "top5_err": 0.00000}
[03/03 15:04:18][INFO] logging.py:   99: json_stats: {"_type": "val_iter", "epoch": "44/48", "eta": "1:19:47", "gpu_mem": "77.43G", "iter": "170/807", "time_diff": 7.51610, "top1_err": 14.06250, "top5_err": 1.56250}
[03/03 15:04:34][INFO] logging.py:   99: json_stats: {"_type": "val_iter", "epoch": "44/48", "eta": "0:19:20", "gpu_mem": "77.43G", "iter": "180/807", "time_diff": 1.85087, "top1_err": 13.28125, "top5_err": 1.56250}
[03/03 15:04:49][INFO] logging.py:   99: json_stats: {"_type": "val_iter", "epoch": "44/48", "eta": "0:04:19", "gpu_mem": "77.43G", "iter": "190/807", "time_diff": 0.42137, "top1_err": 14.06250, "top5_err": 0.00000}
[03/03 15:05:07][INFO] logging.py:   99: json_stats: {"_type": "val_iter", "epoch": "44/48", "eta": "0:04:13", "gpu_mem": "77.43G", "iter": "200/807", "time_diff": 0.41836, "top1_err": 8.59375, "top5_err": 0.78125}
[03/03 15:05:38][INFO] logging.py:   99: json_stats: {"_type": "val_iter", "epoch": "44/48", "eta": "1:59:50", "gpu_mem": "77.43G", "iter": "210/807", "time_diff": 12.04359, "top1_err": 8.59375, "top5_err": 1.56250}
[03/03 15:05:50][INFO] logging.py:   99: json_stats: {"_type": "val_iter", "epoch": "44/48", "eta": "0:04:03", "gpu_mem": "77.43G", "iter": "220/807", "time_diff": 0.41399, "top1_err": 14.84375, "top5_err": 0.00000}
[03/03 15:06:04][INFO] logging.py:   99: json_stats: {"_type": "val_iter", "epoch": "44/48", "eta": "0:04:02", "gpu_mem": "77.43G", "iter": "230/807", "time_diff": 0.42102, "top1_err": 13.28125, "top5_err": 1.56250}
[03/03 15:06:21][INFO] logging.py:   99: json_stats: {"_type": "val_iter", "epoch": "44/48", "eta": "0:03:59", "gpu_mem": "77.43G", "iter": "240/807", "time_diff": 0.42252, "top1_err": 11.71875, "top5_err": 0.00000}
[03/03 15:06:47][INFO] logging.py:   99: json_stats: {"_type": "val_iter", "epoch": "44/48", "eta": "0:37:48", "gpu_mem": "77.43G", "iter": "250/807", "time_diff": 4.07328, "top1_err": 11.71875, "top5_err": 1.56250}
[03/03 15:06:59][INFO] logging.py:   99: json_stats: {"_type": "val_iter", "epoch": "44/48", "eta": "0:03:52", "gpu_mem": "77.43G", "iter": "260/807", "time_diff": 0.42421, "top1_err": 14.06250, "top5_err": 1.56250}
[03/03 15:07:19][INFO] logging.py:   99: json_stats: {"_type": "val_iter", "epoch": "44/48", "eta": "0:03:39", "gpu_mem": "77.43G", "iter": "270/807", "time_diff": 0.40843, "top1_err": 11.71875, "top5_err": 0.00000}
[03/03 15:07:35][INFO] logging.py:   99: json_stats: {"_type": "val_iter", "epoch": "44/48", "eta": "0:03:42", "gpu_mem": "77.43G", "iter": "280/807", "time_diff": 0.42223, "top1_err": 15.62500, "top5_err": 1.56250}
[03/03 15:08:02][INFO] logging.py:   99: json_stats: {"_type": "val_iter", "epoch": "44/48", "eta": "0:34:53", "gpu_mem": "77.43G", "iter": "290/807", "time_diff": 4.04973, "top1_err": 13.28125, "top5_err": 1.56250}
[03/03 15:08:17][INFO] logging.py:   99: json_stats: {"_type": "val_iter", "epoch": "44/48", "eta": "0:03:25", "gpu_mem": "77.43G", "iter": "300/807", "time_diff": 0.40559, "top1_err": 13.28125, "top5_err": 1.56250}
[03/03 15:08:32][INFO] logging.py:   99: json_stats: {"_type": "val_iter", "epoch": "44/48", "eta": "0:03:21", "gpu_mem": "77.43G", "iter": "310/807", "time_diff": 0.40544, "top1_err": 14.84375, "top5_err": 0.78125}
[03/03 15:08:52][INFO] logging.py:   99: json_stats: {"_type": "val_iter", "epoch": "44/48", "eta": "0:03:19", "gpu_mem": "77.43G", "iter": "320/807", "time_diff": 0.40919, "top1_err": 10.93750, "top5_err": 0.00000}
[03/03 15:09:18][INFO] logging.py:   99: json_stats: {"_type": "val_iter", "epoch": "44/48", "eta": "0:03:05", "gpu_mem": "77.43G", "iter": "330/807", "time_diff": 0.38788, "top1_err": 11.71875, "top5_err": 0.00000}
[03/03 15:09:34][INFO] logging.py:   99: json_stats: {"_type": "val_iter", "epoch": "44/48", "eta": "0:03:07", "gpu_mem": "77.43G", "iter": "340/807", "time_diff": 0.40184, "top1_err": 12.50000, "top5_err": 1.56250}
[03/03 15:09:47][INFO] logging.py:   99: json_stats: {"_type": "val_iter", "epoch": "44/48", "eta": "0:03:13", "gpu_mem": "77.43G", "iter": "350/807", "time_diff": 0.42261, "top1_err": 15.62500, "top5_err": 0.00000}
[03/03 15:10:10][INFO] logging.py:   99: json_stats: {"_type": "val_iter", "epoch": "44/48", "eta": "0:03:02", "gpu_mem": "77.43G", "iter": "360/807", "time_diff": 0.40879, "top1_err": 12.50000, "top5_err": 0.00000}
[03/03 15:10:26][INFO] logging.py:   99: json_stats: {"_type": "val_iter", "epoch": "44/48", "eta": "0:03:02", "gpu_mem": "77.43G", "iter": "370/807", "time_diff": 0.41770, "top1_err": 13.28125, "top5_err": 0.78125}
[03/03 15:10:44][INFO] logging.py:   99: json_stats: {"_type": "val_iter", "epoch": "44/48", "eta": "0:02:59", "gpu_mem": "77.43G", "iter": "380/807", "time_diff": 0.41963, "top1_err": 14.84375, "top5_err": 1.56250}
[03/03 15:11:01][INFO] logging.py:   99: json_stats: {"_type": "val_iter", "epoch": "44/48", "eta": "0:02:53", "gpu_mem": "77.43G", "iter": "390/807", "time_diff": 0.41622, "top1_err": 14.06250, "top5_err": 1.56250}
[03/03 15:11:21][INFO] logging.py:   99: json_stats: {"_type": "val_iter", "epoch": "44/48", "eta": "0:02:46", "gpu_mem": "77.43G", "iter": "400/807", "time_diff": 0.40942, "top1_err": 12.50000, "top5_err": 0.78125}
[03/03 15:11:43][INFO] logging.py:   99: json_stats: {"_type": "val_iter", "epoch": "44/48", "eta": "0:02:37", "gpu_mem": "77.43G", "iter": "410/807", "time_diff": 0.39570, "top1_err": 15.62500, "top5_err": 1.56250}
[03/03 15:11:57][INFO] logging.py:   99: json_stats: {"_type": "val_iter", "epoch": "44/48", "eta": "0:02:42", "gpu_mem": "77.43G", "iter": "420/807", "time_diff": 0.41979, "top1_err": 14.84375, "top5_err": 0.78125}
[03/03 15:12:10][INFO] logging.py:   99: json_stats: {"_type": "val_iter", "epoch": "44/48", "eta": "0:02:38", "gpu_mem": "77.43G", "iter": "430/807", "time_diff": 0.42096, "top1_err": 13.28125, "top5_err": 0.78125}
[03/03 15:12:37][INFO] logging.py:   99: json_stats: {"_type": "val_iter", "epoch": "44/48", "eta": "0:02:29", "gpu_mem": "77.43G", "iter": "440/807", "time_diff": 0.40845, "top1_err": 12.50000, "top5_err": 0.00000}
[03/03 15:12:54][INFO] logging.py:   99: json_stats: {"_type": "val_iter", "epoch": "44/48", "eta": "0:02:22", "gpu_mem": "77.43G", "iter": "450/807", "time_diff": 0.39970, "top1_err": 14.06250, "top5_err": 0.00000}
[03/03 15:13:11][INFO] logging.py:   99: json_stats: {"_type": "val_iter", "epoch": "44/48", "eta": "0:02:24", "gpu_mem": "77.43G", "iter": "460/807", "time_diff": 0.41614, "top1_err": 11.71875, "top5_err": 1.56250}
[03/03 15:13:25][INFO] logging.py:   99: json_stats: {"_type": "val_iter", "epoch": "44/48", "eta": "0:02:22", "gpu_mem": "77.43G", "iter": "470/807", "time_diff": 0.42258, "top1_err": 12.50000, "top5_err": 0.00000}
[03/03 15:13:52][INFO] logging.py:   99: json_stats: {"_type": "val_iter", "epoch": "44/48", "eta": "0:02:10", "gpu_mem": "77.43G", "iter": "480/807", "time_diff": 0.39992, "top1_err": 15.62500, "top5_err": 0.00000}
[03/03 15:14:08][INFO] logging.py:   99: json_stats: {"_type": "val_iter", "epoch": "44/48", "eta": "0:07:39", "gpu_mem": "77.43G", "iter": "490/807", "time_diff": 1.45054, "top1_err": 14.06250, "top5_err": 0.00000}
[03/03 15:14:25][INFO] logging.py:   99: json_stats: {"_type": "val_iter", "epoch": "44/48", "eta": "0:02:05", "gpu_mem": "77.43G", "iter": "500/807", "time_diff": 0.40853, "top1_err": 14.06250, "top5_err": 0.78125}
[03/03 15:14:42][INFO] logging.py:   99: json_stats: {"_type": "val_iter", "epoch": "44/48", "eta": "0:02:04", "gpu_mem": "77.43G", "iter": "510/807", "time_diff": 0.41780, "top1_err": 15.62500, "top5_err": 0.00000}
[03/03 15:15:01][INFO] logging.py:   99: json_stats: {"_type": "val_iter", "epoch": "44/48", "eta": "0:02:01", "gpu_mem": "77.43G", "iter": "520/807", "time_diff": 0.42369, "top1_err": 11.71875, "top5_err": 0.00000}
[03/03 15:15:29][INFO] logging.py:   99: json_stats: {"_type": "val_iter", "epoch": "44/48", "eta": "0:20:48", "gpu_mem": "77.43G", "iter": "530/807", "time_diff": 4.50643, "top1_err": 14.06250, "top5_err": 0.00000}
[03/03 15:15:44][INFO] logging.py:   99: json_stats: {"_type": "val_iter", "epoch": "44/48", "eta": "0:01:49", "gpu_mem": "77.43G", "iter": "540/807", "time_diff": 0.41004, "top1_err": 12.50000, "top5_err": 0.78125}
[03/03 15:16:04][INFO] logging.py:   99: json_stats: {"_type": "val_iter", "epoch": "44/48", "eta": "0:01:43", "gpu_mem": "77.43G", "iter": "550/807", "time_diff": 0.40425, "top1_err": 16.40625, "top5_err": 0.00000}
[03/03 15:16:19][INFO] logging.py:   99: json_stats: {"_type": "val_iter", "epoch": "44/48", "eta": "0:01:42", "gpu_mem": "77.43G", "iter": "560/807", "time_diff": 0.41570, "top1_err": 11.71875, "top5_err": 1.56250}
[03/03 15:16:48][INFO] logging.py:   99: json_stats: {"_type": "val_iter", "epoch": "44/48", "eta": "0:45:46", "gpu_mem": "77.43G", "iter": "570/807", "time_diff": 11.58698, "top1_err": 12.50000, "top5_err": 0.78125}
[03/03 15:17:04][INFO] logging.py:   99: json_stats: {"_type": "val_iter", "epoch": "44/48", "eta": "0:01:30", "gpu_mem": "77.43G", "iter": "580/807", "time_diff": 0.39864, "top1_err": 10.93750, "top5_err": 1.56250}
[03/03 15:17:17][INFO] logging.py:   99: json_stats: {"_type": "val_iter", "epoch": "44/48", "eta": "0:01:30", "gpu_mem": "77.43G", "iter": "590/807", "time_diff": 0.41898, "top1_err": 11.71875, "top5_err": 0.00000}
[03/03 15:17:34][INFO] logging.py:   99: json_stats: {"_type": "val_iter", "epoch": "44/48", "eta": "0:01:26", "gpu_mem": "77.43G", "iter": "600/807", "time_diff": 0.41951, "top1_err": 14.84375, "top5_err": 0.00000}
[03/03 15:18:05][INFO] logging.py:   99: json_stats: {"_type": "val_iter", "epoch": "44/48", "eta": "0:42:56", "gpu_mem": "77.43G", "iter": "610/807", "time_diff": 13.07799, "top1_err": 14.84375, "top5_err": 0.00000}
[03/03 15:18:19][INFO] logging.py:   99: json_stats: {"_type": "val_iter", "epoch": "44/48", "eta": "0:01:16", "gpu_mem": "77.43G", "iter": "620/807", "time_diff": 0.40976, "top1_err": 14.06250, "top5_err": 0.00000}
[03/03 15:18:36][INFO] logging.py:   99: json_stats: {"_type": "val_iter", "epoch": "44/48", "eta": "0:01:11", "gpu_mem": "77.43G", "iter": "630/807", "time_diff": 0.40621, "top1_err": 12.50000, "top5_err": 0.00000}
[03/03 15:18:52][INFO] logging.py:   99: json_stats: {"_type": "val_iter", "epoch": "44/48", "eta": "0:01:09", "gpu_mem": "77.43G", "iter": "640/807", "time_diff": 0.41718, "top1_err": 12.50000, "top5_err": 0.00000}
[03/03 15:19:20][INFO] logging.py:   99: json_stats: {"_type": "val_iter", "epoch": "44/48", "eta": "0:34:05", "gpu_mem": "77.43G", "iter": "650/807", "time_diff": 13.02872, "top1_err": 12.50000, "top5_err": 1.56250}
[03/03 15:19:33][INFO] logging.py:   99: json_stats: {"_type": "val_iter", "epoch": "44/48", "eta": "0:01:01", "gpu_mem": "77.43G", "iter": "660/807", "time_diff": 0.41898, "top1_err": 13.28125, "top5_err": 0.00000}
[03/03 15:19:51][INFO] logging.py:   99: json_stats: {"_type": "val_iter", "epoch": "44/48", "eta": "0:00:55", "gpu_mem": "77.43G", "iter": "670/807", "time_diff": 0.40615, "top1_err": 14.06250, "top5_err": 1.56250}
[03/03 15:20:08][INFO] logging.py:   99: json_stats: {"_type": "val_iter", "epoch": "44/48", "eta": "0:00:52", "gpu_mem": "77.43G", "iter": "680/807", "time_diff": 0.41386, "top1_err": 12.50000, "top5_err": 1.56250}
[03/03 15:20:36][INFO] logging.py:   99: json_stats: {"_type": "val_iter", "epoch": "44/48", "eta": "0:15:33", "gpu_mem": "77.43G", "iter": "690/807", "time_diff": 7.97983, "top1_err": 13.28125, "top5_err": 0.00000}
[03/03 15:20:52][INFO] logging.py:   99: json_stats: {"_type": "val_iter", "epoch": "44/48", "eta": "0:00:42", "gpu_mem": "77.43G", "iter": "700/807", "time_diff": 0.39925, "top1_err": 12.50000, "top5_err": 0.00000}
[03/03 15:21:09][INFO] logging.py:   99: json_stats: {"_type": "val_iter", "epoch": "44/48", "eta": "0:00:39", "gpu_mem": "77.43G", "iter": "710/807", "time_diff": 0.41036, "top1_err": 14.84375, "top5_err": 0.78125}
[03/03 15:21:26][INFO] logging.py:   99: json_stats: {"_type": "val_iter", "epoch": "44/48", "eta": "0:00:36", "gpu_mem": "77.43G", "iter": "720/807", "time_diff": 0.41646, "top1_err": 13.28125, "top5_err": 0.00000}
[03/03 15:21:51][INFO] logging.py:   99: json_stats: {"_type": "val_iter", "epoch": "44/48", "eta": "0:07:38", "gpu_mem": "77.43G", "iter": "730/807", "time_diff": 5.95987, "top1_err": 14.06250, "top5_err": 0.78125}
[03/03 15:22:05][INFO] logging.py:   99: json_stats: {"_type": "val_iter", "epoch": "44/48", "eta": "0:00:28", "gpu_mem": "77.43G", "iter": "740/807", "time_diff": 0.41839, "top1_err": 10.15625, "top5_err": 1.56250}
[03/03 15:22:20][INFO] logging.py:   99: json_stats: {"_type": "val_iter", "epoch": "44/48", "eta": "0:00:23", "gpu_mem": "77.43G", "iter": "750/807", "time_diff": 0.40664, "top1_err": 14.06250, "top5_err": 1.56250}
[03/03 15:22:36][INFO] logging.py:   99: json_stats: {"_type": "val_iter", "epoch": "44/48", "eta": "0:00:19", "gpu_mem": "77.43G", "iter": "760/807", "time_diff": 0.41878, "top1_err": 14.06250, "top5_err": 0.78125}
[03/03 15:23:03][INFO] logging.py:   99: json_stats: {"_type": "val_iter", "epoch": "44/48", "eta": "0:00:15", "gpu_mem": "77.43G", "iter": "770/807", "time_diff": 0.42013, "top1_err": 10.93750, "top5_err": 0.00000}
[03/03 15:23:26][INFO] logging.py:   99: json_stats: {"_type": "val_iter", "epoch": "44/48", "eta": "0:00:10", "gpu_mem": "77.43G", "iter": "780/807", "time_diff": 0.38579, "top1_err": 12.50000, "top5_err": 0.00000}
[03/03 15:23:41][INFO] logging.py:   99: json_stats: {"_type": "val_iter", "epoch": "44/48", "eta": "0:00:06", "gpu_mem": "77.43G", "iter": "790/807", "time_diff": 0.41081, "top1_err": 11.71875, "top5_err": 0.78125}
[03/03 15:23:57][INFO] logging.py:   99: json_stats: {"_type": "val_iter", "epoch": "44/48", "eta": "0:00:02", "gpu_mem": "77.43G", "iter": "800/807", "time_diff": 0.37757, "top1_err": 12.50000, "top5_err": 0.00000}
[03/03 15:24:13][INFO] logging.py:   99: json_stats: {"RAM": "447.47/856.58G", "_type": "val_epoch", "epoch": "44/48", "gpu_mem": "77.43G", "min_top1_err": 12.94293, "min_top5_err": 0.86648, "time_diff": 0.93186, "top1_err": 13.06312, "top5_err": 0.88586}
[03/03 15:25:15][INFO] logging.py:   99: json_stats: {"_type": "train_iter_", "dt": 1.44084, "dt_data": 0.00053, "dt_net": 1.44031, "epoch": "45/48", "eta": "2:08:45", "gpu_mem": "77.43G", "grad_norm": 3.98624, "iter": "10/1343", "loss": 0.31437, "lr": 0.00000, "top1_err": 9.37500, "top5_err": 0.00000}
[03/03 15:25:38][INFO] logging.py:   99: json_stats: {"_type": "train_iter_", "dt": 1.43246, "dt_data": 0.00131, "dt_net": 1.43115, "epoch": "45/48", "eta": "2:07:46", "gpu_mem": "77.43G", "grad_norm": 2.07809, "iter": "20/1343", "loss": 0.28918, "lr": 0.00000, "top1_err": 12.50000, "top5_err": 0.00000}
[03/03 15:25:55][INFO] logging.py:   99: json_stats: {"_type": "train_iter_", "dt": 1.44259, "dt_data": 0.00060, "dt_net": 1.44198, "epoch": "45/48", "eta": "2:08:26", "gpu_mem": "77.43G", "grad_norm": 2.54079, "iter": "30/1343", "loss": 0.25283, "lr": 0.00000, "top1_err": 7.81250, "top5_err": 0.00000}
[03/03 15:26:11][INFO] logging.py:   99: json_stats: {"_type": "train_iter_", "dt": 1.44838, "dt_data": 0.00037, "dt_net": 1.44801, "epoch": "45/48", "eta": "2:08:42", "gpu_mem": "77.43G", "grad_norm": 4.33152, "iter": "40/1343", "loss": 0.34144, "lr": 0.00000, "top1_err": 10.93750, "top5_err": 0.00000}
[03/03 15:26:31][INFO] logging.py:   99: json_stats: {"_type": "train_iter_", "dt": 1.43819, "dt_data": 0.00034, "dt_net": 1.43784, "epoch": "45/48", "eta": "2:07:34", "gpu_mem": "77.43G", "grad_norm": 4.05233, "iter": "50/1343", "loss": 0.30109, "lr": 0.00000, "top1_err": 10.93750, "top5_err": 0.00000}
[03/03 15:26:52][INFO] logging.py:   99: json_stats: {"_type": "train_iter_", "dt": 1.42602, "dt_data": 0.00073, "dt_net": 1.42529, "epoch": "45/48", "eta": "2:06:15", "gpu_mem": "77.43G", "grad_norm": 4.28168, "iter": "60/1343", "loss": 0.28482, "lr": 0.00000, "top1_err": 9.37500, "top5_err": 0.00000}
[03/03 15:27:10][INFO] logging.py:   99: json_stats: {"_type": "train_iter_", "dt": 1.44729, "dt_data": 0.00040, "dt_net": 1.44689, "epoch": "45/48", "eta": "2:07:53", "gpu_mem": "77.43G", "grad_norm": 4.43456, "iter": "70/1343", "loss": 0.28549, "lr": 0.00000, "top1_err": 10.93750, "top5_err": 0.00000}
[03/03 15:27:28][INFO] logging.py:   99: json_stats: {"_type": "train_iter_", "dt": 1.43980, "dt_data": 0.00063, "dt_net": 1.43917, "epoch": "45/48", "eta": "2:06:59", "gpu_mem": "77.43G", "grad_norm": 3.52991, "iter": "80/1343", "loss": 0.21876, "lr": 0.00000, "top1_err": 7.81250, "top5_err": 0.00000}
[03/03 15:27:48][INFO] logging.py:   99: json_stats: {"_type": "train_iter_", "dt": 1.44429, "dt_data": 0.00157, "dt_net": 1.44271, "epoch": "45/48", "eta": "2:07:08", "gpu_mem": "77.43G", "grad_norm": 3.80977, "iter": "90/1343", "loss": 0.28950, "lr": 0.00000, "top1_err": 9.37500, "top5_err": 0.00000}
[03/03 15:28:03][INFO] logging.py:   99: json_stats: {"_type": "train_iter_", "dt": 1.44985, "dt_data": 0.00089, "dt_net": 1.44896, "epoch": "45/48", "eta": "2:07:23", "gpu_mem": "77.43G", "grad_norm": 1.52904, "iter": "100/1343", "loss": 0.35817, "lr": 0.00000, "top1_err": 11.71875, "top5_err": 0.00000}
[03/03 15:28:23][INFO] logging.py:   99: json_stats: {"_type": "train_iter_", "dt": 1.43363, "dt_data": 0.00048, "dt_net": 1.43316, "epoch": "45/48", "eta": "2:05:43", "gpu_mem": "77.43G", "grad_norm": 3.23791, "iter": "110/1343", "loss": 0.32920, "lr": 0.00000, "top1_err": 10.93750, "top5_err": 0.00000}
[03/03 15:28:38][INFO] logging.py:   99: json_stats: {"_type": "train_iter_", "dt": 1.45804, "dt_data": 0.00042, "dt_net": 1.45761, "epoch": "45/48", "eta": "2:07:37", "gpu_mem": "77.43G", "grad_norm": 5.91118, "iter": "120/1343", "loss": 0.34689, "lr": 0.00000, "top1_err": 11.71875, "top5_err": 0.00000}
[03/03 15:28:52][INFO] logging.py:   99: json_stats: {"_type": "train_iter_", "dt": 1.45736, "dt_data": 0.00058, "dt_net": 1.45678, "epoch": "45/48", "eta": "2:07:19", "gpu_mem": "77.43G", "grad_norm": 5.08247, "iter": "130/1343", "loss": 0.29654, "lr": 0.00000, "top1_err": 8.59375, "top5_err": 0.00000}
[03/03 15:29:12][INFO] logging.py:   99: json_stats: {"_type": "train_iter_", "dt": 1.43797, "dt_data": 0.00043, "dt_net": 1.43754, "epoch": "45/48", "eta": "2:05:23", "gpu_mem": "77.43G", "grad_norm": 4.42821, "iter": "140/1343", "loss": 0.24661, "lr": 0.00000, "top1_err": 9.37500, "top5_err": 0.00000}
[03/03 15:29:29][INFO] logging.py:   99: json_stats: {"_type": "train_iter_", "dt": 1.45496, "dt_data": 0.00103, "dt_net": 1.45393, "epoch": "45/48", "eta": "2:06:37", "gpu_mem": "77.43G", "grad_norm": 4.68435, "iter": "150/1343", "loss": 0.24540, "lr": 0.00000, "top1_err": 10.15625, "top5_err": 0.00000}
[03/03 15:29:47][INFO] logging.py:   99: json_stats: {"_type": "train_iter_", "dt": 1.44802, "dt_data": 0.00139, "dt_net": 1.44662, "epoch": "45/48", "eta": "2:05:47", "gpu_mem": "77.43G", "grad_norm": 3.19725, "iter": "160/1343", "loss": 0.27200, "lr": 0.00000, "top1_err": 9.37500, "top5_err": 0.00000}
[03/03 15:30:09][INFO] logging.py:   99: json_stats: {"_type": "train_iter_", "dt": 1.43569, "dt_data": 0.00037, "dt_net": 1.43532, "epoch": "45/48", "eta": "2:04:28", "gpu_mem": "77.43G", "grad_norm": 2.44515, "iter": "170/1343", "loss": 0.26422, "lr": 0.00000, "top1_err": 9.37500, "top5_err": 0.00000}
[03/03 15:30:27][INFO] logging.py:   99: json_stats: {"_type": "train_iter_", "dt": 1.44087, "dt_data": 0.00043, "dt_net": 1.44044, "epoch": "45/48", "eta": "2:04:41", "gpu_mem": "77.43G", "grad_norm": 3.89984, "iter": "180/1343", "loss": 0.31356, "lr": 0.00000, "top1_err": 10.15625, "top5_err": 0.00000}
[03/03 15:30:41][INFO] logging.py:   99: json_stats: {"_type": "train_iter_", "dt": 1.44932, "dt_data": 0.00038, "dt_net": 1.44893, "epoch": "45/48", "eta": "2:05:10", "gpu_mem": "77.43G", "grad_norm": 5.17522, "iter": "190/1343", "loss": 0.26905, "lr": 0.00000, "top1_err": 10.93750, "top5_err": 0.00000}
[03/03 15:30:57][INFO] logging.py:   99: json_stats: {"_type": "train_iter_", "dt": 1.46469, "dt_data": 0.00048, "dt_net": 1.46421, "epoch": "45/48", "eta": "2:06:15", "gpu_mem": "77.43G", "grad_norm": 6.45141, "iter": "200/1343", "loss": 0.31271, "lr": 0.00000, "top1_err": 12.50000, "top5_err": 0.00000}
[03/03 15:31:15][INFO] logging.py:   99: json_stats: {"_type": "train_iter_", "dt": 1.45787, "dt_data": 0.00091, "dt_net": 1.45695, "epoch": "45/48", "eta": "2:05:25", "gpu_mem": "77.43G", "grad_norm": 2.27405, "iter": "210/1343", "loss": 0.26748, "lr": 0.00000, "top1_err": 9.37500, "top5_err": 0.00000}
[03/03 15:31:31][INFO] logging.py:   99: json_stats: {"_type": "train_iter_", "dt": 1.44639, "dt_data": 0.00089, "dt_net": 1.44549, "epoch": "45/48", "eta": "2:04:11", "gpu_mem": "77.43G", "grad_norm": 3.16473, "iter": "220/1343", "loss": 0.30561, "lr": 0.00000, "top1_err": 10.93750, "top5_err": 0.00000}
[03/03 15:31:52][INFO] logging.py:   99: json_stats: {"_type": "train_iter_", "dt": 1.43580, "dt_data": 0.00058, "dt_net": 1.43522, "epoch": "45/48", "eta": "2:03:02", "gpu_mem": "77.43G", "grad_norm": 3.36351, "iter": "230/1343", "loss": 0.26669, "lr": 0.00000, "top1_err": 10.93750, "top5_err": 0.00000}
[03/03 15:32:10][INFO] logging.py:   99: json_stats: {"_type": "train_iter_", "dt": 2.00551, "dt_data": 0.00039, "dt_net": 2.00512, "epoch": "45/48", "eta": "2:51:32", "gpu_mem": "77.43G", "grad_norm": 4.89437, "iter": "240/1343", "loss": 0.33063, "lr": 0.00000, "top1_err": 13.28125, "top5_err": 0.00000}
[03/03 15:32:27][INFO] logging.py:   99: json_stats: {"_type": "train_iter_", "dt": 1.44746, "dt_data": 0.00041, "dt_net": 1.44704, "epoch": "45/48", "eta": "2:03:33", "gpu_mem": "77.43G", "grad_norm": 3.39910, "iter": "250/1343", "loss": 0.25930, "lr": 0.00000, "top1_err": 9.37500, "top5_err": 0.00000}
[03/03 15:32:43][INFO] logging.py:   99: json_stats: {"_type": "train_iter_", "dt": 1.45416, "dt_data": 0.00059, "dt_net": 1.45357, "epoch": "45/48", "eta": "2:03:53", "gpu_mem": "77.43G", "grad_norm": 4.39161, "iter": "260/1343", "loss": 0.24371, "lr": 0.00000, "top1_err": 10.15625, "top5_err": 0.00000}
[03/03 15:33:03][INFO] logging.py:   99: json_stats: {"_type": "train_iter_", "dt": 1.44937, "dt_data": 0.00077, "dt_net": 1.44860, "epoch": "45/48", "eta": "2:03:14", "gpu_mem": "77.43G", "grad_norm": 2.62433, "iter": "270/1343", "loss": 0.21922, "lr": 0.00000, "top1_err": 7.81250, "top5_err": 0.00000}
[03/03 15:33:20][INFO] logging.py:   99: json_stats: {"_type": "train_iter_", "dt": 1.45109, "dt_data": 0.00056, "dt_net": 1.45053, "epoch": "45/48", "eta": "2:03:08", "gpu_mem": "77.43G", "grad_norm": 4.37607, "iter": "280/1343", "loss": 0.33437, "lr": 0.00000, "top1_err": 13.28125, "top5_err": 0.00000}
[03/03 15:33:39][INFO] logging.py:   99: json_stats: {"_type": "train_iter_", "dt": 1.44934, "dt_data": 0.00045, "dt_net": 1.44888, "epoch": "45/48", "eta": "2:02:45", "gpu_mem": "77.43G", "grad_norm": 4.63899, "iter": "290/1343", "loss": 0.30932, "lr": 0.00000, "top1_err": 11.71875, "top5_err": 0.00000}
[03/03 15:33:57][INFO] logging.py:   99: json_stats: {"_type": "train_iter_", "dt": 1.44076, "dt_data": 0.00040, "dt_net": 1.44036, "epoch": "45/48", "eta": "2:01:47", "gpu_mem": "77.43G", "grad_norm": 3.42000, "iter": "300/1343", "loss": 0.28988, "lr": 0.00000, "top1_err": 10.15625, "top5_err": 0.00000}
[03/03 15:34:15][INFO] logging.py:   99: json_stats: {"_type": "train_iter_", "dt": 1.44041, "dt_data": 0.00039, "dt_net": 1.44002, "epoch": "45/48", "eta": "2:01:31", "gpu_mem": "77.43G", "grad_norm": 4.33229, "iter": "310/1343", "loss": 0.28030, "lr": 0.00000, "top1_err": 10.15625, "top5_err": 0.00000}
[03/03 15:34:33][INFO] logging.py:   99: json_stats: {"_type": "train_iter_", "dt": 1.44784, "dt_data": 0.00036, "dt_net": 1.44748, "epoch": "45/48", "eta": "2:01:54", "gpu_mem": "77.43G", "grad_norm": 5.45473, "iter": "320/1343", "loss": 0.28864, "lr": 0.00000, "top1_err": 10.15625, "top5_err": 0.00000}
[03/03 15:34:52][INFO] logging.py:   99: json_stats: {"_type": "train_iter_", "dt": 1.44619, "dt_data": 0.00054, "dt_net": 1.44565, "epoch": "45/48", "eta": "2:01:31", "gpu_mem": "77.43G", "grad_norm": 4.62189, "iter": "330/1343", "loss": 0.28828, "lr": 0.00000, "top1_err": 12.50000, "top5_err": 0.00000}
[03/03 15:35:10][INFO] logging.py:   99: json_stats: {"_type": "train_iter_", "dt": 1.45919, "dt_data": 0.00071, "dt_net": 1.45847, "epoch": "45/48", "eta": "2:02:22", "gpu_mem": "77.43G", "grad_norm": 3.35253, "iter": "340/1343", "loss": 0.29308, "lr": 0.00000, "top1_err": 9.37500, "top5_err": 0.00000}
[03/03 15:35:28][INFO] logging.py:   99: json_stats: {"_type": "train_iter_", "dt": 1.44296, "dt_data": 0.00037, "dt_net": 1.44259, "epoch": "45/48", "eta": "2:00:46", "gpu_mem": "77.43G", "grad_norm": 3.26892, "iter": "350/1343", "loss": 0.29480, "lr": 0.00000, "top1_err": 10.93750, "top5_err": 0.00000}
[03/03 15:35:44][INFO] logging.py:   99: json_stats: {"_type": "train_iter_", "dt": 1.44482, "dt_data": 0.00035, "dt_net": 1.44447, "epoch": "45/48", "eta": "2:00:41", "gpu_mem": "77.43G", "grad_norm": 3.87217, "iter": "360/1343", "loss": 0.24869, "lr": 0.00000, "top1_err": 10.15625, "top5_err": 0.00000}
[03/03 15:36:03][INFO] logging.py:   99: json_stats: {"_type": "train_iter_", "dt": 1.44613, "dt_data": 0.00050, "dt_net": 1.44563, "epoch": "45/48", "eta": "2:00:33", "gpu_mem": "77.43G", "grad_norm": 5.26672, "iter": "370/1343", "loss": 0.29790, "lr": 0.00000, "top1_err": 10.93750, "top5_err": 0.00000}
[03/03 15:36:21][INFO] logging.py:   99: json_stats: {"_type": "train_iter_", "dt": 1.44095, "dt_data": 0.00044, "dt_net": 1.44051, "epoch": "45/48", "eta": "1:59:53", "gpu_mem": "77.43G", "grad_norm": 4.05679, "iter": "380/1343", "loss": 0.26867, "lr": 0.00000, "top1_err": 9.37500, "top5_err": 0.00000}
[03/03 15:36:37][INFO] logging.py:   99: json_stats: {"_type": "train_iter_", "dt": 1.45343, "dt_data": 0.00071, "dt_net": 1.45271, "epoch": "45/48", "eta": "2:00:40", "gpu_mem": "77.43G", "grad_norm": 5.40001, "iter": "390/1343", "loss": 0.26298, "lr": 0.00000, "top1_err": 10.15625, "top5_err": 0.00000}
[03/03 15:36:55][INFO] logging.py:   99: json_stats: {"_type": "train_iter_", "dt": 1.44870, "dt_data": 0.00141, "dt_net": 1.44729, "epoch": "45/48", "eta": "2:00:02", "gpu_mem": "77.43G", "grad_norm": 4.55189, "iter": "400/1343", "loss": 0.28865, "lr": 0.00000, "top1_err": 10.15625, "top5_err": 0.00000}
[03/03 15:37:19][INFO] logging.py:   99: json_stats: {"_type": "train_iter_", "dt": 1.43997, "dt_data": 0.00045, "dt_net": 1.43951, "epoch": "45/48", "eta": "1:59:05", "gpu_mem": "77.43G", "grad_norm": 6.38645, "iter": "410/1343", "loss": 0.33225, "lr": 0.00000, "top1_err": 11.71875, "top5_err": 0.00000}
[03/03 15:37:38][INFO] logging.py:   99: json_stats: {"_type": "train_iter_", "dt": 1.44634, "dt_data": 0.00075, "dt_net": 1.44560, "epoch": "45/48", "eta": "1:59:22", "gpu_mem": "77.43G", "grad_norm": 3.38996, "iter": "420/1343", "loss": 0.33266, "lr": 0.00000, "top1_err": 10.93750, "top5_err": 0.00000}
[03/03 15:37:57][INFO] logging.py:   99: json_stats: {"_type": "train_iter_", "dt": 1.44008, "dt_data": 0.00041, "dt_net": 1.43967, "epoch": "45/48", "eta": "1:58:36", "gpu_mem": "77.43G", "grad_norm": 2.37616, "iter": "430/1343", "loss": 0.32163, "lr": 0.00000, "top1_err": 11.71875, "top5_err": 0.00000}
[03/03 15:38:12][INFO] logging.py:   99: json_stats: {"_type": "train_iter_", "dt": 1.45925, "dt_data": 0.00041, "dt_net": 1.45884, "epoch": "45/48", "eta": "1:59:57", "gpu_mem": "77.43G", "grad_norm": 5.78438, "iter": "440/1343", "loss": 0.26049, "lr": 0.00000, "top1_err": 10.93750, "top5_err": 0.00000}
[03/03 15:38:30][INFO] logging.py:   99: json_stats: {"_type": "train_iter_", "dt": 1.44632, "dt_data": 0.00039, "dt_net": 1.44592, "epoch": "45/48", "eta": "1:58:38", "gpu_mem": "77.43G", "grad_norm": 4.49131, "iter": "450/1343", "loss": 0.30139, "lr": 0.00000, "top1_err": 9.37500, "top5_err": 0.00000}
[03/03 15:38:45][INFO] logging.py:   99: json_stats: {"_type": "train_iter_", "dt": 1.46427, "dt_data": 0.00047, "dt_net": 1.46380, "epoch": "45/48", "eta": "1:59:52", "gpu_mem": "77.43G", "grad_norm": 3.35379, "iter": "460/1343", "loss": 0.32489, "lr": 0.00000, "top1_err": 8.59375, "top5_err": 0.00000}
[03/03 15:39:03][INFO] logging.py:   99: json_stats: {"_type": "train_iter_", "dt": 1.44855, "dt_data": 0.00059, "dt_net": 1.44796, "epoch": "45/48", "eta": "1:58:20", "gpu_mem": "77.43G", "grad_norm": 4.35312, "iter": "470/1343", "loss": 0.27567, "lr": 0.00000, "top1_err": 9.37500, "top5_err": 0.00000}
[03/03 15:39:21][INFO] logging.py:   99: json_stats: {"_type": "train_iter_", "dt": 1.45718, "dt_data": 0.00089, "dt_net": 1.45629, "epoch": "45/48", "eta": "1:58:48", "gpu_mem": "77.43G", "grad_norm": 4.51974, "iter": "480/1343", "loss": 0.31590, "lr": 0.00000, "top1_err": 10.93750, "top5_err": 0.00000}
[03/03 15:39:37][INFO] logging.py:   99: json_stats: {"_type": "train_iter_", "dt": 1.44954, "dt_data": 0.00044, "dt_net": 1.44910, "epoch": "45/48", "eta": "1:57:56", "gpu_mem": "77.43G", "grad_norm": 3.98022, "iter": "490/1343", "loss": 0.24770, "lr": 0.00000, "top1_err": 9.37500, "top5_err": 0.00000}
[03/03 15:39:55][INFO] logging.py:   99: json_stats: {"_type": "train_iter_", "dt": 1.44434, "dt_data": 0.00040, "dt_net": 1.44394, "epoch": "45/48", "eta": "1:57:16", "gpu_mem": "77.43G", "grad_norm": 3.59891, "iter": "500/1343", "loss": 0.25713, "lr": 0.00000, "top1_err": 9.37500, "top5_err": 0.00000}
[03/03 15:40:11][INFO] logging.py:   99: json_stats: {"_type": "train_iter_", "dt": 1.46254, "dt_data": 0.00046, "dt_net": 1.46208, "epoch": "45/48", "eta": "1:58:30", "gpu_mem": "77.43G", "grad_norm": 4.76047, "iter": "510/1343", "loss": 0.33780, "lr": 0.00000, "top1_err": 12.50000, "top5_err": 0.00000}
[03/03 15:40:27][INFO] logging.py:   99: json_stats: {"_type": "train_iter_", "dt": 1.44812, "dt_data": 0.00040, "dt_net": 1.44771, "epoch": "45/48", "eta": "1:57:06", "gpu_mem": "77.43G", "grad_norm": 5.08605, "iter": "520/1343", "loss": 0.34322, "lr": 0.00000, "top1_err": 12.50000, "top5_err": 0.00000}
[03/03 15:40:47][INFO] logging.py:   99: json_stats: {"_type": "train_iter_", "dt": 1.45805, "dt_data": 0.00070, "dt_net": 1.45734, "epoch": "45/48", "eta": "1:57:39", "gpu_mem": "77.43G", "grad_norm": 6.10561, "iter": "530/1343", "loss": 0.18519, "lr": 0.00000, "top1_err": 8.59375, "top5_err": 0.00000}
[03/03 15:41:02][INFO] logging.py:   99: json_stats: {"_type": "train_iter_", "dt": 1.45196, "dt_data": 0.00039, "dt_net": 1.45157, "epoch": "45/48", "eta": "1:56:55", "gpu_mem": "77.43G", "grad_norm": 4.89590, "iter": "540/1343", "loss": 0.26798, "lr": 0.00000, "top1_err": 9.37500, "top5_err": 0.00000}
[03/03 15:41:23][INFO] logging.py:   99: json_stats: {"_type": "train_iter_", "dt": 1.43811, "dt_data": 0.00070, "dt_net": 1.43741, "epoch": "45/48", "eta": "1:55:34", "gpu_mem": "77.43G", "grad_norm": 2.97968, "iter": "550/1343", "loss": 0.28937, "lr": 0.00000, "top1_err": 12.50000, "top5_err": 0.00000}
[03/03 15:41:40][INFO] logging.py:   99: json_stats: {"_type": "train_iter_", "dt": 1.45257, "dt_data": 0.00063, "dt_net": 1.45193, "epoch": "45/48", "eta": "1:56:29", "gpu_mem": "77.43G", "grad_norm": 4.61862, "iter": "560/1343", "loss": 0.29898, "lr": 0.00000, "top1_err": 12.50000, "top5_err": 0.00000}
[03/03 15:41:56][INFO] logging.py:   99: json_stats: {"_type": "train_iter_", "dt": 1.45028, "dt_data": 0.00052, "dt_net": 1.44976, "epoch": "45/48", "eta": "1:56:04", "gpu_mem": "77.43G", "grad_norm": 3.38752, "iter": "570/1343", "loss": 0.24409, "lr": 0.00000, "top1_err": 8.59375, "top5_err": 0.00000}
[03/03 15:42:13][INFO] logging.py:   99: json_stats: {"_type": "train_iter_", "dt": 1.45995, "dt_data": 0.00074, "dt_net": 1.45921, "epoch": "45/48", "eta": "1:56:36", "gpu_mem": "77.43G", "grad_norm": 2.92041, "iter": "580/1343", "loss": 0.24721, "lr": 0.00000, "top1_err": 7.81250, "top5_err": 0.00000}
[03/03 15:42:33][INFO] logging.py:   99: json_stats: {"_type": "train_iter_", "dt": 1.44187, "dt_data": 0.00122, "dt_net": 1.44065, "epoch": "45/48", "eta": "1:54:55", "gpu_mem": "77.43G", "grad_norm": 3.16108, "iter": "590/1343", "loss": 0.29265, "lr": 0.00000, "top1_err": 10.93750, "top5_err": 0.00000}
[03/03 15:42:51][INFO] logging.py:   99: json_stats: {"_type": "train_iter_", "dt": 1.44958, "dt_data": 0.00143, "dt_net": 1.44815, "epoch": "45/48", "eta": "1:55:17", "gpu_mem": "77.43G", "grad_norm": 3.37348, "iter": "600/1343", "loss": 0.21462, "lr": 0.00000, "top1_err": 7.03125, "top5_err": 0.00000}
[03/03 15:43:08][INFO] logging.py:   99: json_stats: {"_type": "train_iter_", "dt": 1.45018, "dt_data": 0.00056, "dt_net": 1.44962, "epoch": "45/48", "eta": "1:55:05", "gpu_mem": "77.43G", "grad_norm": 3.52724, "iter": "610/1343", "loss": 0.26894, "lr": 0.00000, "top1_err": 10.93750, "top5_err": 0.00000}
[03/03 15:43:28][INFO] logging.py:   99: json_stats: {"_type": "train_iter_", "dt": 1.45444, "dt_data": 0.00066, "dt_net": 1.45379, "epoch": "45/48", "eta": "1:55:11", "gpu_mem": "77.43G", "grad_norm": 2.99987, "iter": "620/1343", "loss": 0.26712, "lr": 0.00000, "top1_err": 9.37500, "top5_err": 0.00000}
[03/03 15:43:46][INFO] logging.py:   99: json_stats: {"_type": "train_iter_", "dt": 1.44302, "dt_data": 0.00040, "dt_net": 1.44262, "epoch": "45/48", "eta": "1:54:02", "gpu_mem": "77.43G", "grad_norm": 3.21196, "iter": "630/1343", "loss": 0.25393, "lr": 0.00000, "top1_err": 10.93750, "top5_err": 0.00000}
[03/03 15:44:01][INFO] logging.py:   99: json_stats: {"_type": "train_iter_", "dt": 1.46232, "dt_data": 0.00097, "dt_net": 1.46135, "epoch": "45/48", "eta": "1:55:19", "gpu_mem": "77.43G", "grad_norm": 3.77360, "iter": "640/1343", "loss": 0.26833, "lr": 0.00000, "top1_err": 10.93750, "top5_err": 0.00000}
[03/03 15:44:22][INFO] logging.py:   99: json_stats: {"_type": "train_iter_", "dt": 1.45137, "dt_data": 0.00124, "dt_net": 1.45013, "epoch": "45/48", "eta": "1:54:13", "gpu_mem": "77.43G", "grad_norm": 2.43855, "iter": "650/1343", "loss": 0.25343, "lr": 0.00000, "top1_err": 7.81250, "top5_err": 0.00000}
[03/03 15:44:39][INFO] logging.py:   99: json_stats: {"_type": "train_iter_", "dt": 1.45132, "dt_data": 0.00076, "dt_net": 1.45055, "epoch": "45/48", "eta": "1:53:58", "gpu_mem": "77.43G", "grad_norm": 3.58797, "iter": "660/1343", "loss": 0.33304, "lr": 0.00000, "top1_err": 13.28125, "top5_err": 0.00000}
[03/03 15:44:57][INFO] logging.py:   99: json_stats: {"_type": "train_iter_", "dt": 1.44777, "dt_data": 0.00076, "dt_net": 1.44700, "epoch": "45/48", "eta": "1:53:27", "gpu_mem": "77.43G", "grad_norm": 3.68927, "iter": "670/1343", "loss": 0.29720, "lr": 0.00000, "top1_err": 10.93750, "top5_err": 0.00000}
[03/03 15:45:14][INFO] logging.py:   99: json_stats: {"_type": "train_iter_", "dt": 1.44944, "dt_data": 0.00149, "dt_net": 1.44795, "epoch": "45/48", "eta": "1:53:20", "gpu_mem": "77.43G", "grad_norm": 2.92533, "iter": "680/1343", "loss": 0.30382, "lr": 0.00000, "top1_err": 10.15625, "top5_err": 0.00000}
[03/03 15:45:33][INFO] logging.py:   99: json_stats: {"_type": "train_iter_", "dt": 1.44275, "dt_data": 0.00045, "dt_net": 1.44230, "epoch": "45/48", "eta": "1:52:34", "gpu_mem": "77.43G", "grad_norm": 4.62006, "iter": "690/1343", "loss": 0.28995, "lr": 0.00000, "top1_err": 11.71875, "top5_err": 0.00000}
[03/03 15:45:48][INFO] logging.py:   99: json_stats: {"_type": "train_iter_", "dt": 1.44715, "dt_data": 0.00091, "dt_net": 1.44624, "epoch": "45/48", "eta": "1:52:41", "gpu_mem": "77.43G", "grad_norm": 3.32940, "iter": "700/1343", "loss": 0.27670, "lr": 0.00000, "top1_err": 10.15625, "top5_err": 0.00000}
[03/03 15:46:04][INFO] logging.py:   99: json_stats: {"_type": "train_iter_", "dt": 1.44164, "dt_data": 0.00037, "dt_net": 1.44127, "epoch": "45/48", "eta": "1:52:00", "gpu_mem": "77.43G", "grad_norm": 1.83542, "iter": "710/1343", "loss": 0.26255, "lr": 0.00000, "top1_err": 11.71875, "top5_err": 0.00000}
[03/03 15:46:21][INFO] logging.py:   99: json_stats: {"_type": "train_iter_", "dt": 1.46173, "dt_data": 0.00044, "dt_net": 1.46129, "epoch": "45/48", "eta": "1:53:19", "gpu_mem": "77.43G", "grad_norm": 4.41794, "iter": "720/1343", "loss": 0.22642, "lr": 0.00000, "top1_err": 8.59375, "top5_err": 0.00000}
[03/03 15:46:38][INFO] logging.py:   99: json_stats: {"_type": "train_iter_", "dt": 1.45225, "dt_data": 0.00036, "dt_net": 1.45188, "epoch": "45/48", "eta": "1:52:21", "gpu_mem": "77.43G", "grad_norm": 5.33549, "iter": "730/1343", "loss": 0.28923, "lr": 0.00000, "top1_err": 10.93750, "top5_err": 0.00000}
[03/03 15:46:57][INFO] logging.py:   99: json_stats: {"_type": "train_iter_", "dt": 1.44726, "dt_data": 0.00051, "dt_net": 1.44675, "epoch": "45/48", "eta": "1:51:43", "gpu_mem": "77.43G", "grad_norm": 3.76613, "iter": "740/1343", "loss": 0.25639, "lr": 0.00000, "top1_err": 10.15625, "top5_err": 0.00000}
[03/03 15:47:18][INFO] logging.py:   99: json_stats: {"_type": "train_iter_", "dt": 1.44379, "dt_data": 0.00244, "dt_net": 1.44135, "epoch": "45/48", "eta": "1:51:13", "gpu_mem": "77.43G", "grad_norm": 2.00727, "iter": "750/1343", "loss": 0.24771, "lr": 0.00000, "top1_err": 9.37500, "top5_err": 0.00000}
[03/03 15:47:34][INFO] logging.py:   99: json_stats: {"_type": "train_iter_", "dt": 1.44656, "dt_data": 0.00042, "dt_net": 1.44614, "epoch": "45/48", "eta": "1:51:11", "gpu_mem": "77.43G", "grad_norm": 4.09036, "iter": "760/1343", "loss": 0.28763, "lr": 0.00000, "top1_err": 9.37500, "top5_err": 0.00000}
[03/03 15:47:54][INFO] logging.py:   99: json_stats: {"_type": "train_iter_", "dt": 1.43839, "dt_data": 0.00052, "dt_net": 1.43787, "epoch": "45/48", "eta": "1:50:19", "gpu_mem": "77.43G", "grad_norm": 4.31199, "iter": "770/1343", "loss": 0.21449, "lr": 0.00000, "top1_err": 8.59375, "top5_err": 0.00000}
[03/03 15:48:12][INFO] logging.py:   99: json_stats: {"_type": "train_iter_", "dt": 1.44361, "dt_data": 0.00100, "dt_net": 1.44261, "epoch": "45/48", "eta": "1:50:29", "gpu_mem": "77.43G", "grad_norm": 3.69956, "iter": "780/1343", "loss": 0.29160, "lr": 0.00000, "top1_err": 14.06250, "top5_err": 0.00000}
[03/03 15:48:31][INFO] logging.py:   99: json_stats: {"_type": "train_iter_", "dt": 1.43997, "dt_data": 0.00039, "dt_net": 1.43958, "epoch": "45/48", "eta": "1:49:57", "gpu_mem": "77.43G", "grad_norm": 4.48940, "iter": "790/1343", "loss": 0.25843, "lr": 0.00000, "top1_err": 10.93750, "top5_err": 0.00000}
[03/03 15:48:49][INFO] logging.py:   99: json_stats: {"_type": "train_iter_", "dt": 1.43924, "dt_data": 0.00045, "dt_net": 1.43879, "epoch": "45/48", "eta": "1:49:40", "gpu_mem": "77.43G", "grad_norm": 3.84827, "iter": "800/1343", "loss": 0.22641, "lr": 0.00000, "top1_err": 7.81250, "top5_err": 0.00000}
[03/03 15:49:08][INFO] logging.py:   99: json_stats: {"_type": "train_iter_", "dt": 1.45045, "dt_data": 0.00046, "dt_net": 1.44999, "epoch": "45/48", "eta": "1:50:16", "gpu_mem": "77.43G", "grad_norm": 3.89618, "iter": "810/1343", "loss": 0.24919, "lr": 0.00000, "top1_err": 8.59375, "top5_err": 0.00000}
[03/03 15:49:23][INFO] logging.py:   99: json_stats: {"_type": "train_iter_", "dt": 1.45302, "dt_data": 0.00038, "dt_net": 1.45264, "epoch": "45/48", "eta": "1:50:14", "gpu_mem": "77.43G", "grad_norm": 3.44559, "iter": "820/1343", "loss": 0.27144, "lr": 0.00000, "top1_err": 10.15625, "top5_err": 0.00000}
[03/03 15:49:39][INFO] logging.py:   99: json_stats: {"_type": "train_iter_", "dt": 1.44436, "dt_data": 0.00041, "dt_net": 1.44395, "epoch": "45/48", "eta": "1:49:20", "gpu_mem": "77.43G", "grad_norm": 4.04003, "iter": "830/1343", "loss": 0.26712, "lr": 0.00000, "top1_err": 13.28125, "top5_err": 0.00000}
[03/03 15:49:55][INFO] logging.py:   99: json_stats: {"_type": "train_iter_", "dt": 1.45159, "dt_data": 0.00038, "dt_net": 1.45121, "epoch": "45/48", "eta": "1:49:38", "gpu_mem": "77.43G", "grad_norm": 5.20903, "iter": "840/1343", "loss": 0.34054, "lr": 0.00000, "top1_err": 10.93750, "top5_err": 0.00000}
[03/03 15:50:10][INFO] logging.py:   99: json_stats: {"_type": "train_iter_", "dt": 1.44978, "dt_data": 0.00045, "dt_net": 1.44934, "epoch": "45/48", "eta": "1:49:15", "gpu_mem": "77.43G", "grad_norm": 2.69845, "iter": "850/1343", "loss": 0.25878, "lr": 0.00000, "top1_err": 9.37500, "top5_err": 0.00000}
[03/03 15:50:28][INFO] logging.py:   99: json_stats: {"_type": "train_iter_", "dt": 1.45448, "dt_data": 0.00040, "dt_net": 1.45408, "epoch": "45/48", "eta": "1:49:22", "gpu_mem": "77.43G", "grad_norm": 5.61787, "iter": "860/1343", "loss": 0.28019, "lr": 0.00000, "top1_err": 10.15625, "top5_err": 0.00000}
[03/03 15:50:46][INFO] logging.py:   99: json_stats: {"_type": "train_iter_", "dt": 1.44611, "dt_data": 0.00044, "dt_net": 1.44567, "epoch": "45/48", "eta": "1:48:30", "gpu_mem": "77.43G", "grad_norm": 3.88486, "iter": "870/1343", "loss": 0.24008, "lr": 0.00000, "top1_err": 8.59375, "top5_err": 0.00000}
[03/03 15:51:03][INFO] logging.py:   99: json_stats: {"_type": "train_iter_", "dt": 2.75451, "dt_data": 0.00063, "dt_net": 2.75388, "epoch": "45/48", "eta": "3:26:13", "gpu_mem": "77.43G", "grad_norm": 3.29013, "iter": "880/1343", "loss": 0.23616, "lr": 0.00000, "top1_err": 9.37500, "top5_err": 0.00000}
[03/03 15:51:22][INFO] logging.py:   99: json_stats: {"_type": "train_iter_", "dt": 1.44821, "dt_data": 0.00114, "dt_net": 1.44706, "epoch": "45/48", "eta": "1:48:10", "gpu_mem": "77.43G", "grad_norm": 3.93544, "iter": "890/1343", "loss": 0.23237, "lr": 0.00000, "top1_err": 9.37500, "top5_err": 0.00000}
[03/03 15:51:41][INFO] logging.py:   99: json_stats: {"_type": "train_iter_", "dt": 1.44782, "dt_data": 0.00039, "dt_net": 1.44743, "epoch": "45/48", "eta": "1:47:54", "gpu_mem": "77.43G", "grad_norm": 4.35282, "iter": "900/1343", "loss": 0.27900, "lr": 0.00000, "top1_err": 10.15625, "top5_err": 0.00000}
[03/03 15:52:02][INFO] logging.py:   99: json_stats: {"_type": "train_iter_", "dt": 1.45174, "dt_data": 0.00042, "dt_net": 1.45131, "epoch": "45/48", "eta": "1:47:57", "gpu_mem": "77.43G", "grad_norm": 3.62457, "iter": "910/1343", "loss": 0.25027, "lr": 0.00000, "top1_err": 9.37500, "top5_err": 0.00000}
[03/03 15:52:22][INFO] logging.py:   99: json_stats: {"_type": "train_iter_", "dt": 1.43061, "dt_data": 0.00044, "dt_net": 1.43017, "epoch": "45/48", "eta": "1:46:09", "gpu_mem": "77.43G", "grad_norm": 2.82785, "iter": "920/1343", "loss": 0.30619, "lr": 0.00000, "top1_err": 9.37500, "top5_err": 0.00000}
[03/03 15:52:37][INFO] logging.py:   99: json_stats: {"_type": "train_iter_", "dt": 1.46104, "dt_data": 0.00079, "dt_net": 1.46025, "epoch": "45/48", "eta": "1:48:09", "gpu_mem": "77.43G", "grad_norm": 4.85878, "iter": "930/1343", "loss": 0.26959, "lr": 0.00000, "top1_err": 10.93750, "top5_err": 0.00000}
[03/03 15:52:55][INFO] logging.py:   99: json_stats: {"_type": "train_iter_", "dt": 1.45329, "dt_data": 0.00049, "dt_net": 1.45280, "epoch": "45/48", "eta": "1:47:20", "gpu_mem": "77.43G", "grad_norm": 2.59652, "iter": "940/1343", "loss": 0.30690, "lr": 0.00000, "top1_err": 9.37500, "top5_err": 0.00000}
[03/03 15:53:19][INFO] logging.py:   99: json_stats: {"_type": "train_iter_", "dt": 1.44058, "dt_data": 0.00055, "dt_net": 1.44003, "epoch": "45/48", "eta": "1:46:10", "gpu_mem": "77.43G", "grad_norm": 4.01896, "iter": "950/1343", "loss": 0.25827, "lr": 0.00000, "top1_err": 8.59375, "top5_err": 0.00000}
[03/03 15:53:38][INFO] logging.py:   99: json_stats: {"_type": "train_iter_", "dt": 1.44394, "dt_data": 0.00045, "dt_net": 1.44348, "epoch": "45/48", "eta": "1:46:10", "gpu_mem": "77.43G", "grad_norm": 3.16396, "iter": "960/1343", "loss": 0.31716, "lr": 0.00000, "top1_err": 11.71875, "top5_err": 0.00000}
[03/03 15:53:52][INFO] logging.py:   99: json_stats: {"_type": "train_iter_", "dt": 1.45453, "dt_data": 0.00038, "dt_net": 1.45414, "epoch": "45/48", "eta": "1:46:42", "gpu_mem": "77.43G", "grad_norm": 3.58622, "iter": "970/1343", "loss": 0.30101, "lr": 0.00000, "top1_err": 10.15625, "top5_err": 0.00000}
[03/03 15:54:08][INFO] logging.py:   99: json_stats: {"_type": "train_iter_", "dt": 1.44647, "dt_data": 0.00045, "dt_net": 1.44602, "epoch": "45/48", "eta": "1:45:52", "gpu_mem": "77.43G", "grad_norm": 3.30955, "iter": "980/1343", "loss": 0.22807, "lr": 0.00000, "top1_err": 9.37500, "top5_err": 0.00000}
[03/03 15:54:25][INFO] logging.py:   99: json_stats: {"_type": "train_iter_", "dt": 1.44469, "dt_data": 0.00075, "dt_net": 1.44394, "epoch": "45/48", "eta": "1:45:30", "gpu_mem": "77.43G", "grad_norm": 4.84199, "iter": "990/1343", "loss": 0.29696, "lr": 0.00000, "top1_err": 9.37500, "top5_err": 0.00000}
[03/03 15:54:44][INFO] logging.py:   99: json_stats: {"_type": "train_iter_", "dt": 1.44923, "dt_data": 0.00039, "dt_net": 1.44883, "epoch": "45/48", "eta": "1:45:36", "gpu_mem": "77.43G", "grad_norm": 2.78810, "iter": "1000/1343", "loss": 0.30676, "lr": 0.00000, "top1_err": 10.15625, "top5_err": 0.00000}
[03/03 15:54:59][INFO] logging.py:   99: json_stats: {"_type": "train_iter_", "dt": 1.44755, "dt_data": 0.00073, "dt_net": 1.44682, "epoch": "45/48", "eta": "1:45:14", "gpu_mem": "77.43G", "grad_norm": 4.34830, "iter": "1010/1343", "loss": 0.26019, "lr": 0.00000, "top1_err": 9.37500, "top5_err": 0.00000}
[03/03 15:55:16][INFO] logging.py:   99: json_stats: {"_type": "train_iter_", "dt": 1.45876, "dt_data": 0.00063, "dt_net": 1.45813, "epoch": "45/48", "eta": "1:45:48", "gpu_mem": "77.43G", "grad_norm": 3.69365, "iter": "1020/1343", "loss": 0.24095, "lr": 0.00000, "top1_err": 8.59375, "top5_err": 0.00000}
[03/03 15:55:33][INFO] logging.py:   99: json_stats: {"_type": "train_iter_", "dt": 1.45033, "dt_data": 0.00040, "dt_net": 1.44993, "epoch": "45/48", "eta": "1:44:57", "gpu_mem": "77.43G", "grad_norm": 4.31315, "iter": "1030/1343", "loss": 0.27192, "lr": 0.00000, "top1_err": 11.71875, "top5_err": 0.00000}
[03/03 15:55:52][INFO] logging.py:   99: json_stats: {"_type": "train_iter_", "dt": 1.44865, "dt_data": 0.00043, "dt_net": 1.44822, "epoch": "45/48", "eta": "1:44:35", "gpu_mem": "77.43G", "grad_norm": 3.32562, "iter": "1040/1343", "loss": 0.27189, "lr": 0.00000, "top1_err": 10.15625, "top5_err": 0.00000}
[03/03 15:56:09][INFO] logging.py:   99: json_stats: {"_type": "train_iter_", "dt": 1.44298, "dt_data": 0.00046, "dt_net": 1.44253, "epoch": "45/48", "eta": "1:43:56", "gpu_mem": "77.43G", "grad_norm": 7.50272, "iter": "1050/1343", "loss": 0.28589, "lr": 0.00000, "top1_err": 12.50000, "top5_err": 0.00000}
[03/03 15:56:24][INFO] logging.py:   99: json_stats: {"_type": "train_iter_", "dt": 1.44537, "dt_data": 0.00059, "dt_net": 1.44478, "epoch": "45/48", "eta": "1:43:52", "gpu_mem": "77.43G", "grad_norm": 3.81455, "iter": "1060/1343", "loss": 0.25403, "lr": 0.00000, "top1_err": 8.59375, "top5_err": 0.00000}
[03/03 15:56:42][INFO] logging.py:   99: json_stats: {"_type": "train_iter_", "dt": 1.44968, "dt_data": 0.00083, "dt_net": 1.44886, "epoch": "45/48", "eta": "1:43:56", "gpu_mem": "77.43G", "grad_norm": 2.61870, "iter": "1070/1343", "loss": 0.25520, "lr": 0.00000, "top1_err": 10.15625, "top5_err": 0.00000}
[03/03 15:57:01][INFO] logging.py:   99: json_stats: {"_type": "train_iter_", "dt": 1.44003, "dt_data": 0.00047, "dt_net": 1.43956, "epoch": "45/48", "eta": "1:43:00", "gpu_mem": "77.43G", "grad_norm": 5.25670, "iter": "1080/1343", "loss": 0.28370, "lr": 0.00000, "top1_err": 12.50000, "top5_err": 0.00000}
[03/03 15:57:19][INFO] logging.py:   99: json_stats: {"_type": "train_iter_", "dt": 1.44953, "dt_data": 0.00051, "dt_net": 1.44902, "epoch": "45/48", "eta": "1:43:26", "gpu_mem": "77.43G", "grad_norm": 2.32573, "iter": "1090/1343", "loss": 0.23189, "lr": 0.00000, "top1_err": 8.59375, "top5_err": 0.00000}
[03/03 15:57:35][INFO] logging.py:   99: json_stats: {"_type": "train_iter_", "dt": 1.44746, "dt_data": 0.00056, "dt_net": 1.44689, "epoch": "45/48", "eta": "1:43:03", "gpu_mem": "77.43G", "grad_norm": 3.85257, "iter": "1100/1343", "loss": 0.28004, "lr": 0.00000, "top1_err": 10.15625, "top5_err": 0.00000}
[03/03 15:57:58][INFO] logging.py:   99: json_stats: {"_type": "train_iter_", "dt": 1.45112, "dt_data": 0.00077, "dt_net": 1.45034, "epoch": "45/48", "eta": "1:43:04", "gpu_mem": "77.43G", "grad_norm": 3.47599, "iter": "1110/1343", "loss": 0.25599, "lr": 0.00000, "top1_err": 10.93750, "top5_err": 0.00000}
[03/03 15:58:13][INFO] logging.py:   99: json_stats: {"_type": "train_iter_", "dt": 1.44311, "dt_data": 0.00050, "dt_net": 1.44261, "epoch": "45/48", "eta": "1:42:16", "gpu_mem": "77.43G", "grad_norm": 3.95435, "iter": "1120/1343", "loss": 0.22422, "lr": 0.00000, "top1_err": 10.15625, "top5_err": 0.00000}
[03/03 15:58:29][INFO] logging.py:   99: json_stats: {"_type": "train_iter_", "dt": 1.44919, "dt_data": 0.00063, "dt_net": 1.44856, "epoch": "45/48", "eta": "1:42:27", "gpu_mem": "77.43G", "grad_norm": 4.20204, "iter": "1130/1343", "loss": 0.22149, "lr": 0.00000, "top1_err": 9.37500, "top5_err": 0.00000}
[03/03 15:58:47][INFO] logging.py:   99: json_stats: {"_type": "train_iter_", "dt": 1.44479, "dt_data": 0.00117, "dt_net": 1.44361, "epoch": "45/48", "eta": "1:41:54", "gpu_mem": "77.43G", "grad_norm": 2.23902, "iter": "1140/1343", "loss": 0.28835, "lr": 0.00000, "top1_err": 9.37500, "top5_err": 0.00000}
[03/03 15:59:03][INFO] logging.py:   99: json_stats: {"_type": "train_iter_", "dt": 1.44586, "dt_data": 0.00051, "dt_net": 1.44535, "epoch": "45/48", "eta": "1:41:44", "gpu_mem": "77.43G", "grad_norm": 2.95294, "iter": "1150/1343", "loss": 0.20108, "lr": 0.00000, "top1_err": 7.81250, "top5_err": 0.00000}
[03/03 15:59:19][INFO] logging.py:   99: json_stats: {"_type": "train_iter_", "dt": 1.45114, "dt_data": 0.00035, "dt_net": 1.45079, "epoch": "45/48", "eta": "1:41:52", "gpu_mem": "77.43G", "grad_norm": 4.25652, "iter": "1160/1343", "loss": 0.28457, "lr": 0.00000, "top1_err": 10.93750, "top5_err": 0.00000}
[03/03 15:59:40][INFO] logging.py:   99: json_stats: {"_type": "train_iter_", "dt": 1.43359, "dt_data": 0.00036, "dt_net": 1.43323, "epoch": "45/48", "eta": "1:40:23", "gpu_mem": "77.43G", "grad_norm": 3.90008, "iter": "1170/1343", "loss": 0.25459, "lr": 0.00000, "top1_err": 8.59375, "top5_err": 0.00000}
[03/03 15:59:59][INFO] logging.py:   99: json_stats: {"_type": "train_iter_", "dt": 1.44929, "dt_data": 0.00045, "dt_net": 1.44883, "epoch": "45/48", "eta": "1:41:15", "gpu_mem": "77.43G", "grad_norm": 4.36760, "iter": "1180/1343", "loss": 0.26393, "lr": 0.00000, "top1_err": 11.71875, "top5_err": 0.00000}
[03/03 16:00:14][INFO] logging.py:   99: json_stats: {"_type": "train_iter_", "dt": 1.44443, "dt_data": 0.00071, "dt_net": 1.44373, "epoch": "45/48", "eta": "1:40:40", "gpu_mem": "77.43G", "grad_norm": 3.38627, "iter": "1190/1343", "loss": 0.23604, "lr": 0.00000, "top1_err": 7.03125, "top5_err": 0.00000}
[03/03 16:00:32][INFO] logging.py:   99: json_stats: {"_type": "train_iter_", "dt": 1.81183, "dt_data": 0.00048, "dt_net": 1.81135, "epoch": "45/48", "eta": "2:05:58", "gpu_mem": "77.43G", "grad_norm": 4.08777, "iter": "1200/1343", "loss": 0.27553, "lr": 0.00000, "top1_err": 10.93750, "top5_err": 0.00000}
[03/03 16:00:48][INFO] logging.py:   99: json_stats: {"_type": "train_iter_", "dt": 1.45074, "dt_data": 0.00043, "dt_net": 1.45031, "epoch": "45/48", "eta": "1:40:37", "gpu_mem": "77.43G", "grad_norm": 3.51039, "iter": "1210/1343", "loss": 0.31261, "lr": 0.00000, "top1_err": 10.93750, "top5_err": 0.00000}
[03/03 16:01:04][INFO] logging.py:   99: json_stats: {"_type": "train_iter_", "dt": 1.46379, "dt_data": 0.00126, "dt_net": 1.46252, "epoch": "45/48", "eta": "1:41:17", "gpu_mem": "77.43G", "grad_norm": 3.49190, "iter": "1220/1343", "loss": 0.23460, "lr": 0.00000, "top1_err": 7.81250, "top5_err": 0.00000}
[03/03 16:01:28][INFO] logging.py:   99: json_stats: {"_type": "train_iter_", "dt": 1.43391, "dt_data": 0.00104, "dt_net": 1.43286, "epoch": "45/48", "eta": "1:38:59", "gpu_mem": "77.43G", "grad_norm": 3.11504, "iter": "1230/1343", "loss": 0.25857, "lr": 0.00000, "top1_err": 9.37500, "top5_err": 0.00000}
[03/03 16:01:43][INFO] logging.py:   99: json_stats: {"_type": "train_iter_", "dt": 1.44587, "dt_data": 0.00042, "dt_net": 1.44545, "epoch": "45/48", "eta": "1:39:34", "gpu_mem": "77.43G", "grad_norm": 2.85394, "iter": "1240/1343", "loss": 0.25446, "lr": 0.00000, "top1_err": 9.37500, "top5_err": 0.00000}
[03/03 16:02:00][INFO] logging.py:   99: json_stats: {"_type": "train_iter_", "dt": 1.45572, "dt_data": 0.00061, "dt_net": 1.45511, "epoch": "45/48", "eta": "1:40:00", "gpu_mem": "77.43G", "grad_norm": 3.69595, "iter": "1250/1343", "loss": 0.20602, "lr": 0.00000, "top1_err": 7.81250, "top5_err": 0.00000}
[03/03 16:02:17][INFO] logging.py:   99: json_stats: {"_type": "train_iter_", "dt": 1.44742, "dt_data": 0.00134, "dt_net": 1.44608, "epoch": "45/48", "eta": "1:39:11", "gpu_mem": "77.43G", "grad_norm": 4.43242, "iter": "1260/1343", "loss": 0.34622, "lr": 0.00000, "top1_err": 11.71875, "top5_err": 0.00000}
[03/03 16:02:37][INFO] logging.py:   99: json_stats: {"_type": "train_iter_", "dt": 1.44283, "dt_data": 0.00086, "dt_net": 1.44197, "epoch": "45/48", "eta": "1:38:38", "gpu_mem": "77.43G", "grad_norm": 5.33194, "iter": "1270/1343", "loss": 0.27121, "lr": 0.00000, "top1_err": 9.37500, "top5_err": 0.00000}
[03/03 16:02:56][INFO] logging.py:   99: json_stats: {"_type": "train_iter_", "dt": 1.44142, "dt_data": 0.00041, "dt_net": 1.44100, "epoch": "45/48", "eta": "1:38:18", "gpu_mem": "77.43G", "grad_norm": 3.81104, "iter": "1280/1343", "loss": 0.31806, "lr": 0.00000, "top1_err": 11.71875, "top5_err": 0.00000}
[03/03 16:03:13][INFO] logging.py:   99: json_stats: {"_type": "train_iter_", "dt": 1.44372, "dt_data": 0.00081, "dt_net": 1.44291, "epoch": "45/48", "eta": "1:38:13", "gpu_mem": "77.43G", "grad_norm": 4.60543, "iter": "1290/1343", "loss": 0.29597, "lr": 0.00000, "top1_err": 10.93750, "top5_err": 0.00000}
[03/03 16:03:31][INFO] logging.py:   99: json_stats: {"_type": "train_iter_", "dt": 1.44853, "dt_data": 0.00122, "dt_net": 1.44731, "epoch": "45/48", "eta": "1:38:18", "gpu_mem": "77.43G", "grad_norm": 3.35093, "iter": "1300/1343", "loss": 0.30272, "lr": 0.00000, "top1_err": 10.15625, "top5_err": 0.00000}
[03/03 16:03:48][INFO] logging.py:   99: json_stats: {"_type": "train_iter_", "dt": 1.44770, "dt_data": 0.00062, "dt_net": 1.44708, "epoch": "45/48", "eta": "1:38:00", "gpu_mem": "77.43G", "grad_norm": 4.63478, "iter": "1310/1343", "loss": 0.32786, "lr": 0.00000, "top1_err": 11.71875, "top5_err": 0.00000}
[03/03 16:04:08][INFO] logging.py:   99: json_stats: {"_type": "train_iter_", "dt": 5.63013, "dt_data": 0.00045, "dt_net": 5.62968, "epoch": "45/48", "eta": "6:20:13", "gpu_mem": "77.43G", "grad_norm": 6.67905, "iter": "1320/1343", "loss": 0.27743, "lr": 0.00000, "top1_err": 9.37500, "top5_err": 0.00000}
[03/03 16:04:26][INFO] logging.py:   99: json_stats: {"_type": "train_iter_", "dt": 1.42483, "dt_data": 0.00058, "dt_net": 1.42425, "epoch": "45/48", "eta": "1:35:59", "gpu_mem": "77.43G", "grad_norm": 5.05831, "iter": "1330/1343", "loss": 0.28652, "lr": 0.00000, "top1_err": 10.93750, "top5_err": 0.00000}
[03/03 16:04:41][INFO] logging.py:   99: json_stats: {"_type": "train_iter_", "dt": 1.42380, "dt_data": 0.00019, "dt_net": 1.42361, "epoch": "45/48", "eta": "1:35:40", "gpu_mem": "77.43G", "grad_norm": 2.74081, "iter": "1340/1343", "loss": 0.32545, "lr": 0.00000, "top1_err": 11.71875, "top5_err": 0.00000}
[03/03 16:04:46][INFO] logging.py:   99: json_stats: {"RAM": "403.06/856.58G", "_type": "train_epoch", "dt": 1.03620, "dt_data": 1.03620, "dt_net": 1.41970, "epoch": "45/48", "eta": "1:09:34", "gpu_mem": "77.43G", "grad_norm": 3.16007, "loss": 0.28368, "lr": 0.00000, "top1_err": 10.31971, "top5_err": 0.25712}
[03/03 16:04:46][INFO] train_net.py: 1072: Epoch 44 takes 2433.62s. Epochs from 40 to 44 take 2379.22s in average and 2361.51s in median.
[03/03 16:04:46][INFO] train_net.py: 1078: For epoch 44, each iteraction takes 1.81s in average. From epoch 40 to 44, each iteraction takes 1.77s in average.
[03/03 16:05:51][INFO] logging.py:   99: json_stats: {"_type": "val_iter", "epoch": "45/48", "eta": "0:05:23", "gpu_mem": "77.43G", "iter": "10/807", "time_diff": 0.40650, "top1_err": 10.93750, "top5_err": 0.00000}
[03/03 16:06:07][INFO] logging.py:   99: json_stats: {"_type": "val_iter", "epoch": "45/48", "eta": "0:05:28", "gpu_mem": "77.43G", "iter": "20/807", "time_diff": 0.41798, "top1_err": 14.84375, "top5_err": 0.00000}
[03/03 16:06:27][INFO] logging.py:   99: json_stats: {"_type": "val_iter", "epoch": "45/48", "eta": "0:05:16", "gpu_mem": "77.43G", "iter": "30/807", "time_diff": 0.40738, "top1_err": 11.71875, "top5_err": 0.78125}
[03/03 16:06:40][INFO] logging.py:   99: json_stats: {"_type": "val_iter", "epoch": "45/48", "eta": "0:05:25", "gpu_mem": "77.43G", "iter": "40/807", "time_diff": 0.42374, "top1_err": 11.71875, "top5_err": 0.78125}
[03/03 16:07:04][INFO] logging.py:   99: json_stats: {"_type": "val_iter", "epoch": "45/48", "eta": "0:05:10", "gpu_mem": "77.43G", "iter": "50/807", "time_diff": 0.41081, "top1_err": 12.50000, "top5_err": 0.00000}
[03/03 16:07:20][INFO] logging.py:   99: json_stats: {"_type": "val_iter", "epoch": "45/48", "eta": "0:05:14", "gpu_mem": "77.43G", "iter": "60/807", "time_diff": 0.42056, "top1_err": 11.71875, "top5_err": 1.56250}
[03/03 16:07:36][INFO] logging.py:   99: json_stats: {"_type": "val_iter", "epoch": "45/48", "eta": "0:05:08", "gpu_mem": "77.43G", "iter": "70/807", "time_diff": 0.41915, "top1_err": 14.06250, "top5_err": 0.78125}
[03/03 16:07:50][INFO] logging.py:   99: json_stats: {"_type": "val_iter", "epoch": "45/48", "eta": "0:05:02", "gpu_mem": "77.43G", "iter": "80/807", "time_diff": 0.41654, "top1_err": 13.28125, "top5_err": 0.00000}
[03/03 16:08:13][INFO] logging.py:   99: json_stats: {"_type": "val_iter", "epoch": "45/48", "eta": "0:15:06", "gpu_mem": "77.43G", "iter": "90/807", "time_diff": 1.26469, "top1_err": 10.93750, "top5_err": 0.00000}
[03/03 16:08:30][INFO] logging.py:   99: json_stats: {"_type": "val_iter", "epoch": "45/48", "eta": "0:22:37", "gpu_mem": "77.43G", "iter": "100/807", "time_diff": 1.92035, "top1_err": 10.93750, "top5_err": 0.00000}
[03/03 16:08:48][INFO] logging.py:   99: json_stats: {"_type": "val_iter", "epoch": "45/48", "eta": "0:04:51", "gpu_mem": "77.43G", "iter": "110/807", "time_diff": 0.41767, "top1_err": 12.50000, "top5_err": 1.56250}
[03/03 16:09:07][INFO] logging.py:   99: json_stats: {"_type": "val_iter", "epoch": "45/48", "eta": "0:04:47", "gpu_mem": "77.43G", "iter": "120/807", "time_diff": 0.41838, "top1_err": 12.50000, "top5_err": 1.56250}
[03/03 16:09:29][INFO] logging.py:   99: json_stats: {"_type": "val_iter", "epoch": "45/48", "eta": "1:16:18", "gpu_mem": "77.43G", "iter": "130/807", "time_diff": 6.76278, "top1_err": 12.50000, "top5_err": 0.00000}
[03/03 16:09:49][INFO] logging.py:   99: json_stats: {"_type": "val_iter", "epoch": "45/48", "eta": "1:06:17", "gpu_mem": "77.43G", "iter": "140/807", "time_diff": 5.96359, "top1_err": 10.93750, "top5_err": 0.00000}
[03/03 16:10:05][INFO] logging.py:   99: json_stats: {"_type": "val_iter", "epoch": "45/48", "eta": "0:04:31", "gpu_mem": "77.43G", "iter": "150/807", "time_diff": 0.41373, "top1_err": 11.71875, "top5_err": 0.00000}
[03/03 16:10:19][INFO] logging.py:   99: json_stats: {"_type": "val_iter", "epoch": "45/48", "eta": "0:04:31", "gpu_mem": "77.43G", "iter": "160/807", "time_diff": 0.42003, "top1_err": 13.28125, "top5_err": 0.00000}
[03/03 16:10:40][INFO] logging.py:   99: json_stats: {"_type": "val_iter", "epoch": "45/48", "eta": "0:37:10", "gpu_mem": "77.43G", "iter": "170/807", "time_diff": 3.50215, "top1_err": 10.93750, "top5_err": 0.00000}
[03/03 16:11:06][INFO] logging.py:   99: json_stats: {"_type": "val_iter", "epoch": "45/48", "eta": "2:20:02", "gpu_mem": "77.43G", "iter": "180/807", "time_diff": 13.40091, "top1_err": 14.06250, "top5_err": 1.56250}
[03/03 16:11:22][INFO] logging.py:   99: json_stats: {"_type": "val_iter", "epoch": "45/48", "eta": "0:04:12", "gpu_mem": "77.43G", "iter": "190/807", "time_diff": 0.40935, "top1_err": 15.62500, "top5_err": 0.00000}
[03/03 16:11:36][INFO] logging.py:   99: json_stats: {"_type": "val_iter", "epoch": "45/48", "eta": "0:04:13", "gpu_mem": "77.43G", "iter": "200/807", "time_diff": 0.41831, "top1_err": 10.15625, "top5_err": 1.56250}
[03/03 16:11:55][INFO] logging.py:   99: json_stats: {"_type": "val_iter", "epoch": "45/48", "eta": "0:25:46", "gpu_mem": "77.43G", "iter": "210/807", "time_diff": 2.59126, "top1_err": 10.93750, "top5_err": 0.00000}
[03/03 16:12:18][INFO] logging.py:   99: json_stats: {"_type": "val_iter", "epoch": "45/48", "eta": "1:51:47", "gpu_mem": "77.43G", "iter": "220/807", "time_diff": 11.42610, "top1_err": 10.15625, "top5_err": 0.00000}
[03/03 16:12:34][INFO] logging.py:   99: json_stats: {"_type": "val_iter", "epoch": "45/48", "eta": "0:03:53", "gpu_mem": "77.43G", "iter": "230/807", "time_diff": 0.40541, "top1_err": 10.15625, "top5_err": 0.00000}
[03/03 16:12:48][INFO] logging.py:   99: json_stats: {"_type": "val_iter", "epoch": "45/48", "eta": "0:03:57", "gpu_mem": "77.43G", "iter": "240/807", "time_diff": 0.41851, "top1_err": 13.28125, "top5_err": 0.00000}
[03/03 16:13:04][INFO] logging.py:   99: json_stats: {"_type": "val_iter", "epoch": "45/48", "eta": "0:03:55", "gpu_mem": "77.43G", "iter": "250/807", "time_diff": 0.42285, "top1_err": 12.50000, "top5_err": 1.56250}
[03/03 16:13:30][INFO] logging.py:   99: json_stats: {"_type": "val_iter", "epoch": "45/48", "eta": "1:34:34", "gpu_mem": "77.43G", "iter": "260/807", "time_diff": 10.37312, "top1_err": 13.28125, "top5_err": 0.00000}
[03/03 16:13:48][INFO] logging.py:   99: json_stats: {"_type": "val_iter", "epoch": "45/48", "eta": "0:03:35", "gpu_mem": "77.43G", "iter": "270/807", "time_diff": 0.40214, "top1_err": 10.15625, "top5_err": 0.00000}
[03/03 16:14:03][INFO] logging.py:   99: json_stats: {"_type": "val_iter", "epoch": "45/48", "eta": "0:03:38", "gpu_mem": "77.43G", "iter": "280/807", "time_diff": 0.41545, "top1_err": 16.40625, "top5_err": 1.56250}
[03/03 16:14:21][INFO] logging.py:   99: json_stats: {"_type": "val_iter", "epoch": "45/48", "eta": "0:03:32", "gpu_mem": "77.43G", "iter": "290/807", "time_diff": 0.41127, "top1_err": 14.06250, "top5_err": 0.00000}
[03/03 16:14:46][INFO] logging.py:   99: json_stats: {"_type": "val_iter", "epoch": "45/48", "eta": "1:01:01", "gpu_mem": "77.43G", "iter": "300/807", "time_diff": 7.22168, "top1_err": 11.71875, "top5_err": 0.00000}
[03/03 16:15:07][INFO] logging.py:   99: json_stats: {"_type": "val_iter", "epoch": "45/48", "eta": "0:03:22", "gpu_mem": "77.43G", "iter": "310/807", "time_diff": 0.40712, "top1_err": 14.84375, "top5_err": 0.00000}
[03/03 16:15:22][INFO] logging.py:   99: json_stats: {"_type": "val_iter", "epoch": "45/48", "eta": "0:03:20", "gpu_mem": "77.43G", "iter": "320/807", "time_diff": 0.41070, "top1_err": 13.28125, "top5_err": 0.00000}
[03/03 16:15:37][INFO] logging.py:   99: json_stats: {"_type": "val_iter", "epoch": "45/48", "eta": "0:03:18", "gpu_mem": "77.43G", "iter": "330/807", "time_diff": 0.41531, "top1_err": 15.62500, "top5_err": 0.78125}
[03/03 16:15:51][INFO] logging.py:   99: json_stats: {"_type": "val_iter", "epoch": "45/48", "eta": "0:03:18", "gpu_mem": "77.43G", "iter": "340/807", "time_diff": 0.42594, "top1_err": 12.50000, "top5_err": 0.00000}
[03/03 16:16:14][INFO] logging.py:   99: json_stats: {"_type": "val_iter", "epoch": "45/48", "eta": "0:03:07", "gpu_mem": "77.43G", "iter": "350/807", "time_diff": 0.40995, "top1_err": 10.93750, "top5_err": 0.00000}
[03/03 16:16:33][INFO] logging.py:   99: json_stats: {"_type": "val_iter", "epoch": "45/48", "eta": "0:03:07", "gpu_mem": "77.43G", "iter": "360/807", "time_diff": 0.42052, "top1_err": 11.71875, "top5_err": 0.78125}
[03/03 16:16:48][INFO] logging.py:   99: json_stats: {"_type": "val_iter", "epoch": "45/48", "eta": "0:03:03", "gpu_mem": "77.43G", "iter": "370/807", "time_diff": 0.42051, "top1_err": 14.84375, "top5_err": 1.56250}
[03/03 16:17:06][INFO] logging.py:   99: json_stats: {"_type": "val_iter", "epoch": "45/48", "eta": "0:03:00", "gpu_mem": "77.43G", "iter": "380/807", "time_diff": 0.42198, "top1_err": 13.28125, "top5_err": 0.78125}
[03/03 16:17:28][INFO] logging.py:   99: json_stats: {"_type": "val_iter", "epoch": "45/48", "eta": "0:02:50", "gpu_mem": "77.43G", "iter": "390/807", "time_diff": 0.40900, "top1_err": 14.06250, "top5_err": 0.00000}
[03/03 16:17:47][INFO] logging.py:   99: json_stats: {"_type": "val_iter", "epoch": "45/48", "eta": "0:02:40", "gpu_mem": "77.43G", "iter": "400/807", "time_diff": 0.39524, "top1_err": 12.50000, "top5_err": 0.00000}
[03/03 16:18:01][INFO] logging.py:   99: json_stats: {"_type": "val_iter", "epoch": "45/48", "eta": "0:02:45", "gpu_mem": "77.43G", "iter": "410/807", "time_diff": 0.41650, "top1_err": 14.84375, "top5_err": 0.00000}
[03/03 16:18:19][INFO] logging.py:   99: json_stats: {"_type": "val_iter", "epoch": "45/48", "eta": "0:02:41", "gpu_mem": "77.43G", "iter": "420/807", "time_diff": 0.41761, "top1_err": 13.28125, "top5_err": 0.00000}
[03/03 16:18:37][INFO] logging.py:   99: json_stats: {"_type": "val_iter", "epoch": "45/48", "eta": "0:02:34", "gpu_mem": "77.43G", "iter": "430/807", "time_diff": 0.41063, "top1_err": 14.84375, "top5_err": 1.56250}
[03/03 16:19:00][INFO] logging.py:   99: json_stats: {"_type": "val_iter", "epoch": "45/48", "eta": "0:02:28", "gpu_mem": "77.43G", "iter": "440/807", "time_diff": 0.40437, "top1_err": 16.40625, "top5_err": 0.78125}
[03/03 16:19:16][INFO] logging.py:   99: json_stats: {"_type": "val_iter", "epoch": "45/48", "eta": "0:02:27", "gpu_mem": "77.43G", "iter": "450/807", "time_diff": 0.41256, "top1_err": 12.50000, "top5_err": 0.00000}
[03/03 16:19:33][INFO] logging.py:   99: json_stats: {"_type": "val_iter", "epoch": "45/48", "eta": "0:02:23", "gpu_mem": "77.43G", "iter": "460/807", "time_diff": 0.41339, "top1_err": 14.06250, "top5_err": 1.56250}
[03/03 16:19:49][INFO] logging.py:   99: json_stats: {"_type": "val_iter", "epoch": "45/48", "eta": "0:02:21", "gpu_mem": "77.43G", "iter": "470/807", "time_diff": 0.42085, "top1_err": 14.06250, "top5_err": 0.00000}
[03/03 16:20:11][INFO] logging.py:   99: json_stats: {"_type": "val_iter", "epoch": "45/48", "eta": "0:02:13", "gpu_mem": "77.43G", "iter": "480/807", "time_diff": 0.40927, "top1_err": 11.71875, "top5_err": 0.00000}
[03/03 16:20:26][INFO] logging.py:   99: json_stats: {"_type": "val_iter", "epoch": "45/48", "eta": "0:02:12", "gpu_mem": "77.43G", "iter": "490/807", "time_diff": 0.41858, "top1_err": 10.93750, "top5_err": 0.00000}
[03/03 16:20:41][INFO] logging.py:   99: json_stats: {"_type": "val_iter", "epoch": "45/48", "eta": "0:02:07", "gpu_mem": "77.43G", "iter": "500/807", "time_diff": 0.41468, "top1_err": 17.18750, "top5_err": 1.56250}
[03/03 16:21:02][INFO] logging.py:   99: json_stats: {"_type": "val_iter", "epoch": "45/48", "eta": "0:02:02", "gpu_mem": "77.43G", "iter": "510/807", "time_diff": 0.41179, "top1_err": 12.50000, "top5_err": 0.78125}
[03/03 16:21:30][INFO] logging.py:   99: json_stats: {"_type": "val_iter", "epoch": "45/48", "eta": "0:01:52", "gpu_mem": "77.43G", "iter": "520/807", "time_diff": 0.39184, "top1_err": 12.50000, "top5_err": 0.00000}
[03/03 16:21:43][INFO] logging.py:   99: json_stats: {"_type": "val_iter", "epoch": "45/48", "eta": "0:01:57", "gpu_mem": "77.43G", "iter": "530/807", "time_diff": 0.42426, "top1_err": 12.50000, "top5_err": 1.56250}
[03/03 16:21:58][INFO] logging.py:   99: json_stats: {"_type": "val_iter", "epoch": "45/48", "eta": "0:01:49", "gpu_mem": "77.43G", "iter": "540/807", "time_diff": 0.40877, "top1_err": 11.71875, "top5_err": 0.00000}
[03/03 16:22:15][INFO] logging.py:   99: json_stats: {"_type": "val_iter", "epoch": "45/48", "eta": "0:01:47", "gpu_mem": "77.43G", "iter": "550/807", "time_diff": 0.41795, "top1_err": 13.28125, "top5_err": 0.00000}
[03/03 16:22:40][INFO] logging.py:   99: json_stats: {"_type": "val_iter", "epoch": "45/48", "eta": "0:01:40", "gpu_mem": "77.43G", "iter": "560/807", "time_diff": 0.40656, "top1_err": 9.37500, "top5_err": 0.00000}
[03/03 16:22:55][INFO] logging.py:   99: json_stats: {"_type": "val_iter", "epoch": "45/48", "eta": "0:01:37", "gpu_mem": "77.43G", "iter": "570/807", "time_diff": 0.41249, "top1_err": 11.71875, "top5_err": 0.00000}
[03/03 16:23:11][INFO] logging.py:   99: json_stats: {"_type": "val_iter", "epoch": "45/48", "eta": "0:01:32", "gpu_mem": "77.43G", "iter": "580/807", "time_diff": 0.40713, "top1_err": 12.50000, "top5_err": 1.56250}
[03/03 16:23:29][INFO] logging.py:   99: json_stats: {"_type": "val_iter", "epoch": "45/48", "eta": "0:01:29", "gpu_mem": "77.43G", "iter": "590/807", "time_diff": 0.41408, "top1_err": 12.50000, "top5_err": 0.00000}
[03/03 16:23:58][INFO] logging.py:   99: json_stats: {"_type": "val_iter", "epoch": "45/48", "eta": "0:01:18", "gpu_mem": "77.43G", "iter": "600/807", "time_diff": 0.38087, "top1_err": 14.84375, "top5_err": 1.56250}
[03/03 16:24:11][INFO] logging.py:   99: json_stats: {"_type": "val_iter", "epoch": "45/48", "eta": "0:01:22", "gpu_mem": "77.43G", "iter": "610/807", "time_diff": 0.41758, "top1_err": 12.50000, "top5_err": 0.00000}
[03/03 16:24:27][INFO] logging.py:   99: json_stats: {"_type": "val_iter", "epoch": "45/48", "eta": "0:01:16", "gpu_mem": "77.43G", "iter": "620/807", "time_diff": 0.41004, "top1_err": 15.62500, "top5_err": 0.00000}
[03/03 16:24:43][INFO] logging.py:   99: json_stats: {"_type": "val_iter", "epoch": "45/48", "eta": "0:01:14", "gpu_mem": "77.43G", "iter": "630/807", "time_diff": 0.41956, "top1_err": 12.50000, "top5_err": 0.78125}
[03/03 16:25:12][INFO] logging.py:   99: json_stats: {"_type": "val_iter", "epoch": "45/48", "eta": "0:01:07", "gpu_mem": "77.43G", "iter": "640/807", "time_diff": 0.40702, "top1_err": 15.62500, "top5_err": 0.00000}
[03/03 16:25:25][INFO] logging.py:   99: json_stats: {"_type": "val_iter", "epoch": "45/48", "eta": "0:01:05", "gpu_mem": "77.43G", "iter": "650/807", "time_diff": 0.41737, "top1_err": 13.28125, "top5_err": 0.78125}
[03/03 16:25:42][INFO] logging.py:   99: json_stats: {"_type": "val_iter", "epoch": "45/48", "eta": "0:01:00", "gpu_mem": "77.43G", "iter": "660/807", "time_diff": 0.41310, "top1_err": 11.71875, "top5_err": 0.00000}
[03/03 16:25:53][INFO] logging.py:   99: json_stats: {"_type": "val_iter", "epoch": "45/48", "eta": "0:00:57", "gpu_mem": "77.43G", "iter": "670/807", "time_diff": 0.41937, "top1_err": 12.50000, "top5_err": 1.56250}
[03/03 16:26:21][INFO] logging.py:   99: json_stats: {"_type": "val_iter", "epoch": "45/48", "eta": "0:00:50", "gpu_mem": "77.43G", "iter": "680/807", "time_diff": 0.39931, "top1_err": 13.28125, "top5_err": 0.00000}
[03/03 16:26:33][INFO] logging.py:   99: json_stats: {"_type": "val_iter", "epoch": "45/48", "eta": "0:00:49", "gpu_mem": "77.43G", "iter": "690/807", "time_diff": 0.42112, "top1_err": 10.93750, "top5_err": 0.00000}
[03/03 16:26:49][INFO] logging.py:   99: json_stats: {"_type": "val_iter", "epoch": "45/48", "eta": "0:00:44", "gpu_mem": "77.43G", "iter": "700/807", "time_diff": 0.41224, "top1_err": 12.50000, "top5_err": 0.00000}
[03/03 16:27:06][INFO] logging.py:   99: json_stats: {"_type": "val_iter", "epoch": "45/48", "eta": "0:00:40", "gpu_mem": "77.43G", "iter": "710/807", "time_diff": 0.41991, "top1_err": 15.62500, "top5_err": 0.78125}
[03/03 16:27:36][INFO] logging.py:   99: json_stats: {"_type": "val_iter", "epoch": "45/48", "eta": "0:00:33", "gpu_mem": "77.43G", "iter": "720/807", "time_diff": 0.38373, "top1_err": 13.28125, "top5_err": 0.78125}
[03/03 16:27:52][INFO] logging.py:   99: json_stats: {"_type": "val_iter", "epoch": "45/48", "eta": "0:00:30", "gpu_mem": "77.43G", "iter": "730/807", "time_diff": 0.40088, "top1_err": 14.84375, "top5_err": 1.56250}
[03/03 16:28:06][INFO] logging.py:   99: json_stats: {"_type": "val_iter", "epoch": "45/48", "eta": "0:00:27", "gpu_mem": "77.43G", "iter": "740/807", "time_diff": 0.41501, "top1_err": 13.28125, "top5_err": 0.00000}
[03/03 16:28:23][INFO] logging.py:   99: json_stats: {"_type": "val_iter", "epoch": "45/48", "eta": "0:00:23", "gpu_mem": "77.43G", "iter": "750/807", "time_diff": 0.41382, "top1_err": 14.84375, "top5_err": 1.56250}
[03/03 16:28:46][INFO] logging.py:   99: json_stats: {"_type": "val_iter", "epoch": "45/48", "eta": "0:00:19", "gpu_mem": "77.43G", "iter": "760/807", "time_diff": 0.40882, "top1_err": 11.71875, "top5_err": 0.00000}
[03/03 16:29:03][INFO] logging.py:   99: json_stats: {"_type": "val_iter", "epoch": "45/48", "eta": "0:00:15", "gpu_mem": "77.43G", "iter": "770/807", "time_diff": 0.42076, "top1_err": 10.15625, "top5_err": 0.00000}
[03/03 16:29:17][INFO] logging.py:   99: json_stats: {"_type": "val_iter", "epoch": "45/48", "eta": "0:00:11", "gpu_mem": "77.43G", "iter": "780/807", "time_diff": 0.41637, "top1_err": 13.28125, "top5_err": 0.00000}
[03/03 16:29:33][INFO] logging.py:   99: json_stats: {"_type": "val_iter", "epoch": "45/48", "eta": "0:00:07", "gpu_mem": "77.43G", "iter": "790/807", "time_diff": 0.42042, "top1_err": 11.71875, "top5_err": 1.56250}
[03/03 16:29:59][INFO] logging.py:   99: json_stats: {"_type": "val_iter", "epoch": "45/48", "eta": "0:00:02", "gpu_mem": "77.43G", "iter": "800/807", "time_diff": 0.37310, "top1_err": 12.50000, "top5_err": 0.00000}
[03/03 16:30:02][INFO] logging.py:   99: json_stats: {"RAM": "471.23/856.58G", "_type": "val_epoch", "epoch": "45/48", "gpu_mem": "77.43G", "min_top1_err": 12.91579, "min_top5_err": 0.86648, "time_diff": 0.85405, "top1_err": 12.91579, "top5_err": 0.87230}
[03/03 16:31:05][INFO] logging.py:   99: json_stats: {"_type": "train_iter_", "dt": 1.44481, "dt_data": 0.00035, "dt_net": 1.44446, "epoch": "46/48", "eta": "1:36:46", "gpu_mem": "77.43G", "grad_norm": 3.99551, "iter": "10/1343", "loss": 0.28454, "lr": 0.00000, "top1_err": 10.15625, "top5_err": 0.00000}
[03/03 16:31:22][INFO] logging.py:   99: json_stats: {"_type": "train_iter_", "dt": 1.44613, "dt_data": 0.00134, "dt_net": 1.44478, "epoch": "46/48", "eta": "1:36:37", "gpu_mem": "77.43G", "grad_norm": 4.41425, "iter": "20/1343", "loss": 0.28086, "lr": 0.00000, "top1_err": 7.03125, "top5_err": 0.00000}
[03/03 16:31:40][INFO] logging.py:   99: json_stats: {"_type": "train_iter_", "dt": 1.45143, "dt_data": 0.00039, "dt_net": 1.45104, "epoch": "46/48", "eta": "1:36:44", "gpu_mem": "77.43G", "grad_norm": 3.84165, "iter": "30/1343", "loss": 0.26045, "lr": 0.00000, "top1_err": 8.59375, "top5_err": 0.00000}
[03/03 16:31:54][INFO] logging.py:   99: json_stats: {"_type": "train_iter_", "dt": 1.44943, "dt_data": 0.00037, "dt_net": 1.44905, "epoch": "46/48", "eta": "1:36:21", "gpu_mem": "77.43G", "grad_norm": 1.62693, "iter": "40/1343", "loss": 0.28024, "lr": 0.00000, "top1_err": 9.37500, "top5_err": 0.00000}
[03/03 16:32:15][INFO] logging.py:   99: json_stats: {"_type": "train_iter_", "dt": 1.45188, "dt_data": 0.00110, "dt_net": 1.45077, "epoch": "46/48", "eta": "1:36:17", "gpu_mem": "77.43G", "grad_norm": 5.07565, "iter": "50/1343", "loss": 0.32638, "lr": 0.00000, "top1_err": 9.37500, "top5_err": 0.00000}
[03/03 16:32:31][INFO] logging.py:   99: json_stats: {"_type": "train_iter_", "dt": 1.44815, "dt_data": 0.00048, "dt_net": 1.44766, "epoch": "46/48", "eta": "1:35:47", "gpu_mem": "77.43G", "grad_norm": 5.34869, "iter": "60/1343", "loss": 0.28378, "lr": 0.00000, "top1_err": 10.15625, "top5_err": 0.00000}
[03/03 16:32:48][INFO] logging.py:   99: json_stats: {"_type": "train_iter_", "dt": 1.44791, "dt_data": 0.00036, "dt_net": 1.44755, "epoch": "46/48", "eta": "1:35:32", "gpu_mem": "77.43G", "grad_norm": 4.38923, "iter": "70/1343", "loss": 0.26307, "lr": 0.00000, "top1_err": 7.03125, "top5_err": 0.00000}
[03/03 16:33:04][INFO] logging.py:   99: json_stats: {"_type": "train_iter_", "dt": 1.45289, "dt_data": 0.00088, "dt_net": 1.45201, "epoch": "46/48", "eta": "1:35:37", "gpu_mem": "77.43G", "grad_norm": 3.68101, "iter": "80/1343", "loss": 0.32226, "lr": 0.00000, "top1_err": 10.93750, "top5_err": 0.00000}
[03/03 16:33:22][INFO] logging.py:   99: json_stats: {"_type": "train_iter_", "dt": 1.44562, "dt_data": 0.00058, "dt_net": 1.44505, "epoch": "46/48", "eta": "1:34:54", "gpu_mem": "77.43G", "grad_norm": 3.45416, "iter": "90/1343", "loss": 0.28010, "lr": 0.00000, "top1_err": 10.93750, "top5_err": 0.00000}
[03/03 16:33:38][INFO] logging.py:   99: json_stats: {"_type": "train_iter_", "dt": 1.73906, "dt_data": 0.00036, "dt_net": 1.73871, "epoch": "46/48", "eta": "1:53:52", "gpu_mem": "77.43G", "grad_norm": 2.87913, "iter": "100/1343", "loss": 0.27184, "lr": 0.00000, "top1_err": 9.37500, "top5_err": 0.00000}
[03/03 16:33:57][INFO] logging.py:   99: json_stats: {"_type": "train_iter_", "dt": 1.44713, "dt_data": 0.00036, "dt_net": 1.44677, "epoch": "46/48", "eta": "1:34:31", "gpu_mem": "77.43G", "grad_norm": 3.56400, "iter": "110/1343", "loss": 0.30004, "lr": 0.00000, "top1_err": 10.93750, "top5_err": 0.00000}
[03/03 16:34:17][INFO] logging.py:   99: json_stats: {"_type": "train_iter_", "dt": 1.44342, "dt_data": 0.00037, "dt_net": 1.44304, "epoch": "46/48", "eta": "1:34:02", "gpu_mem": "77.43G", "grad_norm": 6.30520, "iter": "120/1343", "loss": 0.24830, "lr": 0.00000, "top1_err": 10.15625, "top5_err": 0.00000}
[03/03 16:34:39][INFO] logging.py:   99: json_stats: {"_type": "train_iter_", "dt": 1.43722, "dt_data": 0.00036, "dt_net": 1.43686, "epoch": "46/48", "eta": "1:33:23", "gpu_mem": "77.43G", "grad_norm": 3.81920, "iter": "130/1343", "loss": 0.24521, "lr": 0.00000, "top1_err": 9.37500, "top5_err": 0.00000}
[03/03 16:34:58][INFO] logging.py:   99: json_stats: {"_type": "train_iter_", "dt": 3.89866, "dt_data": 0.00038, "dt_net": 3.89828, "epoch": "46/48", "eta": "4:12:41", "gpu_mem": "77.43G", "grad_norm": 5.30236, "iter": "140/1343", "loss": 0.25439, "lr": 0.00000, "top1_err": 10.15625, "top5_err": 0.00000}
[03/03 16:35:13][INFO] logging.py:   99: json_stats: {"_type": "train_iter_", "dt": 1.45541, "dt_data": 0.00043, "dt_net": 1.45498, "epoch": "46/48", "eta": "1:34:05", "gpu_mem": "77.43G", "grad_norm": 2.99906, "iter": "150/1343", "loss": 0.31687, "lr": 0.00000, "top1_err": 11.71875, "top5_err": 0.00000}
[03/03 16:35:28][INFO] logging.py:   99: json_stats: {"_type": "train_iter_", "dt": 1.45400, "dt_data": 0.00044, "dt_net": 1.45356, "epoch": "46/48", "eta": "1:33:45", "gpu_mem": "77.43G", "grad_norm": 4.21863, "iter": "160/1343", "loss": 0.25769, "lr": 0.00000, "top1_err": 8.59375, "top5_err": 0.00000}
[03/03 16:35:44][INFO] logging.py:   99: json_stats: {"_type": "train_iter_", "dt": 1.45484, "dt_data": 0.00089, "dt_net": 1.45394, "epoch": "46/48", "eta": "1:33:34", "gpu_mem": "77.43G", "grad_norm": 3.69116, "iter": "170/1343", "loss": 0.25576, "lr": 0.00000, "top1_err": 10.93750, "top5_err": 0.00000}
[03/03 16:36:05][INFO] logging.py:   99: json_stats: {"_type": "train_iter_", "dt": 3.69204, "dt_data": 0.00084, "dt_net": 3.69120, "epoch": "46/48", "eta": "3:56:50", "gpu_mem": "77.43G", "grad_norm": 3.65678, "iter": "180/1343", "loss": 0.26155, "lr": 0.00000, "top1_err": 10.15625, "top5_err": 0.00000}
[03/03 16:36:20][INFO] logging.py:   99: json_stats: {"_type": "train_iter_", "dt": 1.45199, "dt_data": 0.00079, "dt_net": 1.45120, "epoch": "46/48", "eta": "1:32:54", "gpu_mem": "77.43G", "grad_norm": 2.08165, "iter": "190/1343", "loss": 0.23265, "lr": 0.00000, "top1_err": 8.59375, "top5_err": 0.00000}
[03/03 16:36:36][INFO] logging.py:   99: json_stats: {"_type": "train_iter_", "dt": 1.45038, "dt_data": 0.00076, "dt_net": 1.44962, "epoch": "46/48", "eta": "1:32:33", "gpu_mem": "77.43G", "grad_norm": 3.71808, "iter": "200/1343", "loss": 0.26763, "lr": 0.00000, "top1_err": 9.37500, "top5_err": 0.00000}
[03/03 16:36:54][INFO] logging.py:   99: json_stats: {"_type": "train_iter_", "dt": 1.44956, "dt_data": 0.00054, "dt_net": 1.44902, "epoch": "46/48", "eta": "1:32:15", "gpu_mem": "77.43G", "grad_norm": 4.16634, "iter": "210/1343", "loss": 0.29613, "lr": 0.00000, "top1_err": 10.93750, "top5_err": 0.00000}
[03/03 16:37:14][INFO] logging.py:   99: json_stats: {"_type": "train_iter_", "dt": 7.41576, "dt_data": 0.00039, "dt_net": 7.41537, "epoch": "46/48", "eta": "7:50:46", "gpu_mem": "77.43G", "grad_norm": 4.26470, "iter": "220/1343", "loss": 0.29274, "lr": 0.00000, "top1_err": 10.93750, "top5_err": 0.00000}
[03/03 16:37:32][INFO] logging.py:   99: json_stats: {"_type": "train_iter_", "dt": 1.44002, "dt_data": 0.00047, "dt_net": 1.43955, "epoch": "46/48", "eta": "1:31:10", "gpu_mem": "77.43G", "grad_norm": 3.54319, "iter": "230/1343", "loss": 0.24399, "lr": 0.00000, "top1_err": 7.81250, "top5_err": 0.00000}
[03/03 16:37:49][INFO] logging.py:   99: json_stats: {"_type": "train_iter_", "dt": 1.44692, "dt_data": 0.00113, "dt_net": 1.44579, "epoch": "46/48", "eta": "1:31:22", "gpu_mem": "77.43G", "grad_norm": 2.94018, "iter": "240/1343", "loss": 0.23541, "lr": 0.00000, "top1_err": 8.59375, "top5_err": 0.00000}
[03/03 16:38:04][INFO] logging.py:   99: json_stats: {"_type": "train_iter_", "dt": 1.45045, "dt_data": 0.00068, "dt_net": 1.44977, "epoch": "46/48", "eta": "1:31:21", "gpu_mem": "77.43G", "grad_norm": 3.26703, "iter": "250/1343", "loss": 0.25739, "lr": 0.00000, "top1_err": 10.15625, "top5_err": 0.00000}
[03/03 16:38:23][INFO] logging.py:   99: json_stats: {"_type": "train_iter_", "dt": 3.90813, "dt_data": 0.00047, "dt_net": 3.90766, "epoch": "46/48", "eta": "4:05:29", "gpu_mem": "77.43G", "grad_norm": 1.61071, "iter": "260/1343", "loss": 0.22667, "lr": 0.00000, "top1_err": 8.59375, "top5_err": 0.00000}
[03/03 16:38:43][INFO] logging.py:   99: json_stats: {"_type": "train_iter_", "dt": 1.44425, "dt_data": 0.00037, "dt_net": 1.44388, "epoch": "46/48", "eta": "1:30:28", "gpu_mem": "77.43G", "grad_norm": 3.11480, "iter": "270/1343", "loss": 0.34942, "lr": 0.00000, "top1_err": 12.50000, "top5_err": 0.00000}
[03/03 16:39:02][INFO] logging.py:   99: json_stats: {"_type": "train_iter_", "dt": 1.43827, "dt_data": 0.00053, "dt_net": 1.43774, "epoch": "46/48", "eta": "1:29:52", "gpu_mem": "77.43G", "grad_norm": 2.67201, "iter": "280/1343", "loss": 0.27927, "lr": 0.00000, "top1_err": 9.37500, "top5_err": 0.00000}
[03/03 16:39:18][INFO] logging.py:   99: json_stats: {"_type": "train_iter_", "dt": 1.44995, "dt_data": 0.00121, "dt_net": 1.44873, "epoch": "46/48", "eta": "1:30:21", "gpu_mem": "77.43G", "grad_norm": 6.27989, "iter": "290/1343", "loss": 0.30768, "lr": 0.00000, "top1_err": 10.15625, "top5_err": 0.00000}
[03/03 16:39:40][INFO] logging.py:   99: json_stats: {"_type": "train_iter_", "dt": 5.58994, "dt_data": 0.00059, "dt_net": 5.58935, "epoch": "46/48", "eta": "5:47:24", "gpu_mem": "77.43G", "grad_norm": 2.71133, "iter": "300/1343", "loss": 0.25264, "lr": 0.00000, "top1_err": 8.59375, "top5_err": 0.00000}
[03/03 16:40:00][INFO] logging.py:   99: json_stats: {"_type": "train_iter_", "dt": 1.43174, "dt_data": 0.00068, "dt_net": 1.43107, "epoch": "46/48", "eta": "1:28:44", "gpu_mem": "77.43G", "grad_norm": 5.44480, "iter": "310/1343", "loss": 0.25644, "lr": 0.00000, "top1_err": 9.37500, "top5_err": 0.00000}
[03/03 16:40:17][INFO] logging.py:   99: json_stats: {"_type": "train_iter_", "dt": 1.44634, "dt_data": 0.00077, "dt_net": 1.44557, "epoch": "46/48", "eta": "1:29:24", "gpu_mem": "77.43G", "grad_norm": 2.88280, "iter": "320/1343", "loss": 0.32595, "lr": 0.00000, "top1_err": 10.15625, "top5_err": 0.00000}
[03/03 16:40:32][INFO] logging.py:   99: json_stats: {"_type": "train_iter_", "dt": 1.45730, "dt_data": 0.00108, "dt_net": 1.45621, "epoch": "46/48", "eta": "1:29:50", "gpu_mem": "77.43G", "grad_norm": 5.05982, "iter": "330/1343", "loss": 0.27684, "lr": 0.00000, "top1_err": 9.37500, "top5_err": 0.00000}
[03/03 16:40:55][INFO] logging.py:   99: json_stats: {"_type": "train_iter_", "dt": 7.37628, "dt_data": 0.00045, "dt_net": 7.37582, "epoch": "46/48", "eta": "7:33:31", "gpu_mem": "77.43G", "grad_norm": 4.71337, "iter": "340/1343", "loss": 0.26840, "lr": 0.00000, "top1_err": 9.37500, "top5_err": 0.00000}
[03/03 16:41:16][INFO] logging.py:   99: json_stats: {"_type": "train_iter_", "dt": 1.42986, "dt_data": 0.00041, "dt_net": 1.42945, "epoch": "46/48", "eta": "1:27:40", "gpu_mem": "77.43G", "grad_norm": 2.38145, "iter": "350/1343", "loss": 0.24729, "lr": 0.00000, "top1_err": 7.81250, "top5_err": 0.00000}
[03/03 16:41:35][INFO] logging.py:   99: json_stats: {"_type": "train_iter_", "dt": 1.43225, "dt_data": 0.00044, "dt_net": 1.43180, "epoch": "46/48", "eta": "1:27:34", "gpu_mem": "77.43G", "grad_norm": 2.81143, "iter": "360/1343", "loss": 0.24714, "lr": 0.00000, "top1_err": 8.59375, "top5_err": 0.00000}
[03/03 16:41:49][INFO] logging.py:   99: json_stats: {"_type": "train_iter_", "dt": 1.44926, "dt_data": 0.00050, "dt_net": 1.44876, "epoch": "46/48", "eta": "1:28:22", "gpu_mem": "77.43G", "grad_norm": 3.24189, "iter": "370/1343", "loss": 0.25321, "lr": 0.00000, "top1_err": 7.03125, "top5_err": 0.00000}
[03/03 16:42:06][INFO] logging.py:   99: json_stats: {"_type": "train_iter_", "dt": 2.96435, "dt_data": 0.00042, "dt_net": 2.96392, "epoch": "46/48", "eta": "3:00:16", "gpu_mem": "77.43G", "grad_norm": 4.28320, "iter": "380/1343", "loss": 0.28505, "lr": 0.00000, "top1_err": 9.37500, "top5_err": 0.00000}
[03/03 16:42:22][INFO] logging.py:   99: json_stats: {"_type": "train_iter_", "dt": 1.45759, "dt_data": 0.00106, "dt_net": 1.45653, "epoch": "46/48", "eta": "1:28:24", "gpu_mem": "77.43G", "grad_norm": 3.81732, "iter": "390/1343", "loss": 0.25370, "lr": 0.00000, "top1_err": 9.37500, "top5_err": 0.00000}
[03/03 16:42:40][INFO] logging.py:   99: json_stats: {"_type": "train_iter_", "dt": 1.99117, "dt_data": 0.54657, "dt_net": 1.44459, "epoch": "46/48", "eta": "2:00:25", "gpu_mem": "77.43G", "grad_norm": 3.77614, "iter": "400/1343", "loss": 0.26126, "lr": 0.00000, "top1_err": 9.37500, "top5_err": 0.00000}
[03/03 16:42:59][INFO] logging.py:   99: json_stats: {"_type": "train_iter_", "dt": 1.45053, "dt_data": 0.00085, "dt_net": 1.44968, "epoch": "46/48", "eta": "1:27:29", "gpu_mem": "77.43G", "grad_norm": 2.12011, "iter": "410/1343", "loss": 0.27800, "lr": 0.00000, "top1_err": 11.71875, "top5_err": 0.00000}
[03/03 16:43:16][INFO] logging.py:   99: json_stats: {"_type": "train_iter_", "dt": 2.63895, "dt_data": 0.00049, "dt_net": 2.63845, "epoch": "46/48", "eta": "2:38:43", "gpu_mem": "77.43G", "grad_norm": 4.12152, "iter": "420/1343", "loss": 0.27770, "lr": 0.00000, "top1_err": 10.93750, "top5_err": 0.00000}
[03/03 16:43:35][INFO] logging.py:   99: json_stats: {"_type": "train_iter_", "dt": 1.45514, "dt_data": 0.00118, "dt_net": 1.45395, "epoch": "46/48", "eta": "1:27:17", "gpu_mem": "77.43G", "grad_norm": 5.09607, "iter": "430/1343", "loss": 0.26925, "lr": 0.00000, "top1_err": 10.15625, "top5_err": 0.00000}
[03/03 16:43:51][INFO] logging.py:   99: json_stats: {"_type": "train_iter_", "dt": 1.44978, "dt_data": 0.00043, "dt_net": 1.44935, "epoch": "46/48", "eta": "1:26:43", "gpu_mem": "77.43G", "grad_norm": 3.79956, "iter": "440/1343", "loss": 0.22169, "lr": 0.00000, "top1_err": 9.37500, "top5_err": 0.00000}
[03/03 16:44:07][INFO] logging.py:   99: json_stats: {"_type": "train_iter_", "dt": 1.44846, "dt_data": 0.00154, "dt_net": 1.44692, "epoch": "46/48", "eta": "1:26:24", "gpu_mem": "77.43G", "grad_norm": 3.68552, "iter": "450/1343", "loss": 0.28922, "lr": 0.00000, "top1_err": 10.15625, "top5_err": 0.00000}
[03/03 16:44:26][INFO] logging.py:   99: json_stats: {"_type": "train_iter_", "dt": 3.26229, "dt_data": 0.00064, "dt_net": 3.26165, "epoch": "46/48", "eta": "3:14:03", "gpu_mem": "77.43G", "grad_norm": 4.48460, "iter": "460/1343", "loss": 0.25942, "lr": 0.00000, "top1_err": 12.50000, "top5_err": 0.00000}
[03/03 16:44:43][INFO] logging.py:   99: json_stats: {"_type": "train_iter_", "dt": 1.45343, "dt_data": 0.00041, "dt_net": 1.45302, "epoch": "46/48", "eta": "1:26:12", "gpu_mem": "77.43G", "grad_norm": 3.78545, "iter": "470/1343", "loss": 0.27485, "lr": 0.00000, "top1_err": 10.15625, "top5_err": 0.00000}
[03/03 16:45:00][INFO] logging.py:   99: json_stats: {"_type": "train_iter_", "dt": 1.44777, "dt_data": 0.00065, "dt_net": 1.44712, "epoch": "46/48", "eta": "1:25:38", "gpu_mem": "77.43G", "grad_norm": 2.02702, "iter": "480/1343", "loss": 0.25180, "lr": 0.00000, "top1_err": 10.15625, "top5_err": 0.00000}
[03/03 16:45:16][INFO] logging.py:   99: json_stats: {"_type": "train_iter_", "dt": 1.44629, "dt_data": 0.00065, "dt_net": 1.44564, "epoch": "46/48", "eta": "1:25:18", "gpu_mem": "77.43G", "grad_norm": 2.72073, "iter": "490/1343", "loss": 0.29148, "lr": 0.00000, "top1_err": 12.50000, "top5_err": 0.00000}
[03/03 16:45:36][INFO] logging.py:   99: json_stats: {"_type": "train_iter_", "dt": 5.12607, "dt_data": 0.00042, "dt_net": 5.12565, "epoch": "46/48", "eta": "5:01:29", "gpu_mem": "77.43G", "grad_norm": 3.12173, "iter": "500/1343", "loss": 0.30253, "lr": 0.00000, "top1_err": 9.37500, "top5_err": 0.00000}
[03/03 16:45:53][INFO] logging.py:   99: json_stats: {"_type": "train_iter_", "dt": 1.44375, "dt_data": 0.00117, "dt_net": 1.44258, "epoch": "46/48", "eta": "1:24:40", "gpu_mem": "77.43G", "grad_norm": 4.18145, "iter": "510/1343", "loss": 0.23106, "lr": 0.00000, "top1_err": 8.59375, "top5_err": 0.00000}
[03/03 16:46:11][INFO] logging.py:   99: json_stats: {"_type": "train_iter_", "dt": 1.43849, "dt_data": 0.00078, "dt_net": 1.43771, "epoch": "46/48", "eta": "1:24:07", "gpu_mem": "77.43G", "grad_norm": 4.54617, "iter": "520/1343", "loss": 0.27304, "lr": 0.00000, "top1_err": 8.59375, "top5_err": 0.00000}
[03/03 16:46:30][INFO] logging.py:   99: json_stats: {"_type": "train_iter_", "dt": 1.44191, "dt_data": 0.00054, "dt_net": 1.44137, "epoch": "46/48", "eta": "1:24:05", "gpu_mem": "77.43G", "grad_norm": 4.84537, "iter": "530/1343", "loss": 0.25538, "lr": 0.00000, "top1_err": 10.93750, "top5_err": 0.00000}
[03/03 16:46:47][INFO] logging.py:   99: json_stats: {"_type": "train_iter_", "dt": 1.45030, "dt_data": 0.00058, "dt_net": 1.44972, "epoch": "46/48", "eta": "1:24:20", "gpu_mem": "77.43G", "grad_norm": 3.51710, "iter": "540/1343", "loss": 0.34620, "lr": 0.00000, "top1_err": 11.71875, "top5_err": 0.00000}
[03/03 16:47:03][INFO] logging.py:   99: json_stats: {"_type": "train_iter_", "dt": 1.45098, "dt_data": 0.00068, "dt_net": 1.45030, "epoch": "46/48", "eta": "1:24:07", "gpu_mem": "77.43G", "grad_norm": 3.68098, "iter": "550/1343", "loss": 0.28410, "lr": 0.00000, "top1_err": 9.37500, "top5_err": 0.00000}
[03/03 16:47:24][INFO] logging.py:   99: json_stats: {"_type": "train_iter_", "dt": 4.88201, "dt_data": 3.44530, "dt_net": 1.43671, "epoch": "46/48", "eta": "4:42:15", "gpu_mem": "77.43G", "grad_norm": 3.07777, "iter": "560/1343", "loss": 0.21963, "lr": 0.00000, "top1_err": 8.59375, "top5_err": 0.00000}
[03/03 16:47:42][INFO] logging.py:   99: json_stats: {"_type": "train_iter_", "dt": 1.43603, "dt_data": 0.00036, "dt_net": 1.43567, "epoch": "46/48", "eta": "1:22:47", "gpu_mem": "77.43G", "grad_norm": 4.01197, "iter": "570/1343", "loss": 0.26126, "lr": 0.00000, "top1_err": 10.15625, "top5_err": 0.00000}
[03/03 16:47:57][INFO] logging.py:   99: json_stats: {"_type": "train_iter_", "dt": 1.44804, "dt_data": 0.00037, "dt_net": 1.44766, "epoch": "46/48", "eta": "1:23:14", "gpu_mem": "77.43G", "grad_norm": 3.55907, "iter": "580/1343", "loss": 0.24346, "lr": 0.00000, "top1_err": 9.37500, "top5_err": 0.00000}
[03/03 16:48:16][INFO] logging.py:   99: json_stats: {"_type": "train_iter_", "dt": 1.44752, "dt_data": 0.00076, "dt_net": 1.44676, "epoch": "46/48", "eta": "1:22:58", "gpu_mem": "77.43G", "grad_norm": 4.08391, "iter": "590/1343", "loss": 0.24995, "lr": 0.00000, "top1_err": 10.15625, "top5_err": 0.00000}
[03/03 16:48:34][INFO] logging.py:   99: json_stats: {"_type": "train_iter_", "dt": 1.44116, "dt_data": 0.00055, "dt_net": 1.44061, "epoch": "46/48", "eta": "1:22:21", "gpu_mem": "77.43G", "grad_norm": 3.33328, "iter": "600/1343", "loss": 0.26429, "lr": 0.00000, "top1_err": 9.37500, "top5_err": 0.00000}
[03/03 16:48:53][INFO] logging.py:   99: json_stats: {"_type": "train_iter_", "dt": 1.44045, "dt_data": 0.00052, "dt_net": 1.43993, "epoch": "46/48", "eta": "1:22:04", "gpu_mem": "77.43G", "grad_norm": 6.64558, "iter": "610/1343", "loss": 0.24080, "lr": 0.00000, "top1_err": 9.37500, "top5_err": 0.00000}
[03/03 16:49:15][INFO] logging.py:   99: json_stats: {"_type": "train_iter_", "dt": 5.07021, "dt_data": 0.00041, "dt_net": 5.06980, "epoch": "46/48", "eta": "4:48:04", "gpu_mem": "77.43G", "grad_norm": 2.96378, "iter": "620/1343", "loss": 0.23837, "lr": 0.00000, "top1_err": 9.37500, "top5_err": 0.00000}
[03/03 16:49:37][INFO] logging.py:   99: json_stats: {"_type": "train_iter_", "dt": 1.42274, "dt_data": 0.00053, "dt_net": 1.42221, "epoch": "46/48", "eta": "1:20:35", "gpu_mem": "77.43G", "grad_norm": 4.19374, "iter": "630/1343", "loss": 0.24244, "lr": 0.00000, "top1_err": 7.81250, "top5_err": 0.00000}
[03/03 16:49:53][INFO] logging.py:   99: json_stats: {"_type": "train_iter_", "dt": 1.44463, "dt_data": 0.00083, "dt_net": 1.44379, "epoch": "46/48", "eta": "1:21:35", "gpu_mem": "77.43G", "grad_norm": 3.26323, "iter": "640/1343", "loss": 0.30135, "lr": 0.00000, "top1_err": 11.71875, "top5_err": 0.00000}
[03/03 16:50:07][INFO] logging.py:   99: json_stats: {"_type": "train_iter_", "dt": 1.45444, "dt_data": 0.00125, "dt_net": 1.45318, "epoch": "46/48", "eta": "1:21:54", "gpu_mem": "77.43G", "grad_norm": 4.29327, "iter": "650/1343", "loss": 0.28396, "lr": 0.00000, "top1_err": 10.93750, "top5_err": 0.00000}
[03/03 16:50:26][INFO] logging.py:   99: json_stats: {"_type": "train_iter_", "dt": 6.21452, "dt_data": 0.00070, "dt_net": 6.21381, "epoch": "46/48", "eta": "5:48:56", "gpu_mem": "77.43G", "grad_norm": 4.37295, "iter": "660/1343", "loss": 0.22904, "lr": 0.00000, "top1_err": 8.59375, "top5_err": 0.00000}
[03/03 16:50:41][INFO] logging.py:   99: json_stats: {"_type": "train_iter_", "dt": 1.44780, "dt_data": 0.00041, "dt_net": 1.44739, "epoch": "46/48", "eta": "1:21:03", "gpu_mem": "77.43G", "grad_norm": 4.97066, "iter": "670/1343", "loss": 0.24951, "lr": 0.00000, "top1_err": 9.37500, "top5_err": 0.00000}
[03/03 16:51:00][INFO] logging.py:   99: json_stats: {"_type": "train_iter_", "dt": 1.43944, "dt_data": 0.00040, "dt_net": 1.43904, "epoch": "46/48", "eta": "1:20:20", "gpu_mem": "77.43G", "grad_norm": 6.18506, "iter": "680/1343", "loss": 0.28895, "lr": 0.00000, "top1_err": 10.93750, "top5_err": 0.00000}
[03/03 16:51:17][INFO] logging.py:   99: json_stats: {"_type": "train_iter_", "dt": 1.44466, "dt_data": 0.00075, "dt_net": 1.44391, "epoch": "46/48", "eta": "1:20:23", "gpu_mem": "77.43G", "grad_norm": 3.53187, "iter": "690/1343", "loss": 0.30976, "lr": 0.00000, "top1_err": 10.93750, "top5_err": 0.00000}
[03/03 16:51:41][INFO] logging.py:   99: json_stats: {"_type": "train_iter_", "dt": 8.22708, "dt_data": 0.00093, "dt_net": 8.22615, "epoch": "46/48", "eta": "7:36:27", "gpu_mem": "77.43G", "grad_norm": 6.61623, "iter": "700/1343", "loss": 0.30496, "lr": 0.00000, "top1_err": 11.71875, "top5_err": 0.00000}
[03/03 16:51:55][INFO] logging.py:   99: json_stats: {"_type": "train_iter_", "dt": 1.44752, "dt_data": 0.00061, "dt_net": 1.44690, "epoch": "46/48", "eta": "1:20:04", "gpu_mem": "77.43G", "grad_norm": 4.10035, "iter": "710/1343", "loss": 0.30098, "lr": 0.00000, "top1_err": 10.15625, "top5_err": 0.00000}
[03/03 16:52:10][INFO] logging.py:   99: json_stats: {"_type": "train_iter_", "dt": 1.44699, "dt_data": 0.00081, "dt_net": 1.44618, "epoch": "46/48", "eta": "1:19:48", "gpu_mem": "77.43G", "grad_norm": 4.26822, "iter": "720/1343", "loss": 0.28340, "lr": 0.00000, "top1_err": 10.93750, "top5_err": 0.00000}
[03/03 16:52:24][INFO] logging.py:   99: json_stats: {"_type": "train_iter_", "dt": 1.45063, "dt_data": 0.00182, "dt_net": 1.44881, "epoch": "46/48", "eta": "1:19:45", "gpu_mem": "77.43G", "grad_norm": 4.32224, "iter": "730/1343", "loss": 0.27166, "lr": 0.00000, "top1_err": 10.93750, "top5_err": 0.00000}
[03/03 16:52:46][INFO] logging.py:   99: json_stats: {"_type": "train_iter_", "dt": 7.44719, "dt_data": 0.00078, "dt_net": 7.44640, "epoch": "46/48", "eta": "6:48:13", "gpu_mem": "77.43G", "grad_norm": 4.47703, "iter": "740/1343", "loss": 0.28158, "lr": 0.00000, "top1_err": 9.37500, "top5_err": 0.00000}
[03/03 16:53:05][INFO] logging.py:   99: json_stats: {"_type": "train_iter_", "dt": 1.43887, "dt_data": 0.00061, "dt_net": 1.43826, "epoch": "46/48", "eta": "1:18:38", "gpu_mem": "77.43G", "grad_norm": 3.91196, "iter": "750/1343", "loss": 0.29024, "lr": 0.00000, "top1_err": 10.93750, "top5_err": 0.00000}
[03/03 16:53:24][INFO] logging.py:   99: json_stats: {"_type": "train_iter_", "dt": 1.44067, "dt_data": 0.00049, "dt_net": 1.44018, "epoch": "46/48", "eta": "1:18:29", "gpu_mem": "77.43G", "grad_norm": 4.02199, "iter": "760/1343", "loss": 0.28053, "lr": 0.00000, "top1_err": 8.59375, "top5_err": 0.00000}
[03/03 16:53:42][INFO] logging.py:   99: json_stats: {"_type": "train_iter_", "dt": 1.44320, "dt_data": 0.00090, "dt_net": 1.44231, "epoch": "46/48", "eta": "1:18:23", "gpu_mem": "77.43G", "grad_norm": 3.72216, "iter": "770/1343", "loss": 0.27899, "lr": 0.00000, "top1_err": 9.37500, "top5_err": 0.00000}
[03/03 16:54:04][INFO] logging.py:   99: json_stats: {"_type": "train_iter_", "dt": 4.94244, "dt_data": 0.00060, "dt_net": 4.94184, "epoch": "46/48", "eta": "4:27:37", "gpu_mem": "77.43G", "grad_norm": 5.88995, "iter": "780/1343", "loss": 0.33177, "lr": 0.00000, "top1_err": 10.93750, "top5_err": 0.00000}
[03/03 16:54:19][INFO] logging.py:   99: json_stats: {"_type": "train_iter_", "dt": 1.44933, "dt_data": 0.00047, "dt_net": 1.44886, "epoch": "46/48", "eta": "1:18:14", "gpu_mem": "77.43G", "grad_norm": 5.09988, "iter": "790/1343", "loss": 0.32420, "lr": 0.00000, "top1_err": 9.37500, "top5_err": 0.00000}
[03/03 16:54:36][INFO] logging.py:   99: json_stats: {"_type": "train_iter_", "dt": 1.45406, "dt_data": 0.00042, "dt_net": 1.45364, "epoch": "46/48", "eta": "1:18:15", "gpu_mem": "77.43G", "grad_norm": 4.85264, "iter": "800/1343", "loss": 0.30454, "lr": 0.00000, "top1_err": 10.93750, "top5_err": 0.00000}
[03/03 16:54:53][INFO] logging.py:   99: json_stats: {"_type": "train_iter_", "dt": 1.44597, "dt_data": 0.00053, "dt_net": 1.44544, "epoch": "46/48", "eta": "1:17:34", "gpu_mem": "77.43G", "grad_norm": 3.27039, "iter": "810/1343", "loss": 0.25690, "lr": 0.00000, "top1_err": 10.15625, "top5_err": 0.00000}
[03/03 16:55:09][INFO] logging.py:   99: json_stats: {"_type": "train_iter_", "dt": 2.54392, "dt_data": 0.00118, "dt_net": 2.54273, "epoch": "46/48", "eta": "2:16:03", "gpu_mem": "77.43G", "grad_norm": 3.59043, "iter": "820/1343", "loss": 0.30234, "lr": 0.00000, "top1_err": 12.50000, "top5_err": 0.00000}
[03/03 16:55:30][INFO] logging.py:   99: json_stats: {"_type": "train_iter_", "dt": 1.44251, "dt_data": 0.00040, "dt_net": 1.44211, "epoch": "46/48", "eta": "1:16:54", "gpu_mem": "77.43G", "grad_norm": 3.61095, "iter": "830/1343", "loss": 0.24658, "lr": 0.00000, "top1_err": 8.59375, "top5_err": 0.00000}
[03/03 16:55:44][INFO] logging.py:   99: json_stats: {"_type": "train_iter_", "dt": 1.44925, "dt_data": 0.00038, "dt_net": 1.44887, "epoch": "46/48", "eta": "1:17:01", "gpu_mem": "77.43G", "grad_norm": 3.99126, "iter": "840/1343", "loss": 0.25137, "lr": 0.00000, "top1_err": 10.93750, "top5_err": 0.00000}
[03/03 16:56:00][INFO] logging.py:   99: json_stats: {"_type": "train_iter_", "dt": 1.46679, "dt_data": 0.00077, "dt_net": 1.46602, "epoch": "46/48", "eta": "1:17:42", "gpu_mem": "77.43G", "grad_norm": 2.91913, "iter": "850/1343", "loss": 0.25973, "lr": 0.00000, "top1_err": 7.81250, "top5_err": 0.00000}
[03/03 16:56:18][INFO] logging.py:   99: json_stats: {"_type": "train_iter_", "dt": 1.45442, "dt_data": 0.00066, "dt_net": 1.45376, "epoch": "46/48", "eta": "1:16:49", "gpu_mem": "77.43G", "grad_norm": 5.08233, "iter": "860/1343", "loss": 0.29004, "lr": 0.00000, "top1_err": 10.93750, "top5_err": 0.00000}
[03/03 16:56:37][INFO] logging.py:   99: json_stats: {"_type": "train_iter_", "dt": 1.45639, "dt_data": 0.00144, "dt_net": 1.45495, "epoch": "46/48", "eta": "1:16:40", "gpu_mem": "77.43G", "grad_norm": 3.54411, "iter": "870/1343", "loss": 0.25427, "lr": 0.00000, "top1_err": 10.15625, "top5_err": 0.00000}
[03/03 16:56:53][INFO] logging.py:   99: json_stats: {"_type": "train_iter_", "dt": 1.44733, "dt_data": 0.00150, "dt_net": 1.44582, "epoch": "46/48", "eta": "1:15:57", "gpu_mem": "77.43G", "grad_norm": 3.82200, "iter": "880/1343", "loss": 0.26990, "lr": 0.00000, "top1_err": 10.93750, "top5_err": 0.00000}
[03/03 16:57:12][INFO] logging.py:   99: json_stats: {"_type": "train_iter_", "dt": 1.45344, "dt_data": 0.00034, "dt_net": 1.45310, "epoch": "46/48", "eta": "1:16:02", "gpu_mem": "77.43G", "grad_norm": 4.06540, "iter": "890/1343", "loss": 0.30553, "lr": 0.00000, "top1_err": 11.71875, "top5_err": 0.00000}
[03/03 16:57:33][INFO] logging.py:   99: json_stats: {"_type": "train_iter_", "dt": 1.44169, "dt_data": 0.00118, "dt_net": 1.44052, "epoch": "46/48", "eta": "1:15:11", "gpu_mem": "77.43G", "grad_norm": 2.72565, "iter": "900/1343", "loss": 0.29663, "lr": 0.00000, "top1_err": 10.15625, "top5_err": 0.00000}
[03/03 16:57:51][INFO] logging.py:   99: json_stats: {"_type": "train_iter_", "dt": 1.44955, "dt_data": 0.00088, "dt_net": 1.44866, "epoch": "46/48", "eta": "1:15:21", "gpu_mem": "77.43G", "grad_norm": 5.76250, "iter": "910/1343", "loss": 0.29571, "lr": 0.00000, "top1_err": 10.93750, "top5_err": 0.00000}
[03/03 16:58:07][INFO] logging.py:   99: json_stats: {"_type": "train_iter_", "dt": 1.45168, "dt_data": 0.00046, "dt_net": 1.45121, "epoch": "46/48", "eta": "1:15:13", "gpu_mem": "77.43G", "grad_norm": 3.97332, "iter": "920/1343", "loss": 0.31722, "lr": 0.00000, "top1_err": 11.71875, "top5_err": 0.00000}
[03/03 16:58:25][INFO] logging.py:   99: json_stats: {"_type": "train_iter_", "dt": 1.45035, "dt_data": 0.00041, "dt_net": 1.44993, "epoch": "46/48", "eta": "1:14:54", "gpu_mem": "77.43G", "grad_norm": 3.08730, "iter": "930/1343", "loss": 0.29590, "lr": 0.00000, "top1_err": 12.50000, "top5_err": 0.00000}
[03/03 16:58:40][INFO] logging.py:   99: json_stats: {"_type": "train_iter_", "dt": 1.45276, "dt_data": 0.00040, "dt_net": 1.45235, "epoch": "46/48", "eta": "1:14:47", "gpu_mem": "77.43G", "grad_norm": 3.29403, "iter": "940/1343", "loss": 0.31705, "lr": 0.00000, "top1_err": 10.15625, "top5_err": 0.00000}
[03/03 16:58:56][INFO] logging.py:   99: json_stats: {"_type": "train_iter_", "dt": 1.46494, "dt_data": 0.00043, "dt_net": 1.46451, "epoch": "46/48", "eta": "1:15:10", "gpu_mem": "77.43G", "grad_norm": 2.93686, "iter": "950/1343", "loss": 0.29355, "lr": 0.00000, "top1_err": 11.71875, "top5_err": 0.00000}
[03/03 16:59:15][INFO] logging.py:   99: json_stats: {"_type": "train_iter_", "dt": 1.44851, "dt_data": 0.00048, "dt_net": 1.44804, "epoch": "46/48", "eta": "1:14:05", "gpu_mem": "77.43G", "grad_norm": 3.78021, "iter": "960/1343", "loss": 0.33446, "lr": 0.00000, "top1_err": 12.50000, "top5_err": 0.00000}
[03/03 16:59:34][INFO] logging.py:   99: json_stats: {"_type": "train_iter_", "dt": 1.45473, "dt_data": 0.00036, "dt_net": 1.45438, "epoch": "46/48", "eta": "1:14:10", "gpu_mem": "77.43G", "grad_norm": 6.18699, "iter": "970/1343", "loss": 0.26744, "lr": 0.00000, "top1_err": 8.59375, "top5_err": 0.00000}
[03/03 16:59:50][INFO] logging.py:   99: json_stats: {"_type": "train_iter_", "dt": 2.17588, "dt_data": 0.00044, "dt_net": 2.17544, "epoch": "46/48", "eta": "1:50:34", "gpu_mem": "77.43G", "grad_norm": 5.30423, "iter": "980/1343", "loss": 0.26918, "lr": 0.00000, "top1_err": 9.37500, "top5_err": 0.78125}
[03/03 17:00:09][INFO] logging.py:   99: json_stats: {"_type": "train_iter_", "dt": 1.45456, "dt_data": 0.00051, "dt_net": 1.45405, "epoch": "46/48", "eta": "1:13:40", "gpu_mem": "77.43G", "grad_norm": 4.02979, "iter": "990/1343", "loss": 0.25413, "lr": 0.00000, "top1_err": 8.59375, "top5_err": 0.00000}
[03/03 17:00:25][INFO] logging.py:   99: json_stats: {"_type": "train_iter_", "dt": 1.45025, "dt_data": 0.00085, "dt_net": 1.44940, "epoch": "46/48", "eta": "1:13:12", "gpu_mem": "77.43G", "grad_norm": 4.54813, "iter": "1000/1343", "loss": 0.28450, "lr": 0.00000, "top1_err": 10.93750, "top5_err": 0.00000}
[03/03 17:00:42][INFO] logging.py:   99: json_stats: {"_type": "train_iter_", "dt": 1.44972, "dt_data": 0.00090, "dt_net": 1.44882, "epoch": "46/48", "eta": "1:12:56", "gpu_mem": "77.43G", "grad_norm": 4.06769, "iter": "1010/1343", "loss": 0.30973, "lr": 0.00000, "top1_err": 10.93750, "top5_err": 0.00000}
[03/03 17:01:02][INFO] logging.py:   99: json_stats: {"_type": "train_iter_", "dt": 3.10733, "dt_data": 0.00045, "dt_net": 3.10688, "epoch": "46/48", "eta": "2:35:49", "gpu_mem": "77.43G", "grad_norm": 4.22796, "iter": "1020/1343", "loss": 0.30330, "lr": 0.00000, "top1_err": 11.71875, "top5_err": 0.00000}
[03/03 17:01:19][INFO] logging.py:   99: json_stats: {"_type": "train_iter_", "dt": 1.47171, "dt_data": 0.00036, "dt_net": 1.47135, "epoch": "46/48", "eta": "1:13:33", "gpu_mem": "77.43G", "grad_norm": 4.47602, "iter": "1030/1343", "loss": 0.29380, "lr": 0.00000, "top1_err": 10.93750, "top5_err": 0.00000}
[03/03 17:01:35][INFO] logging.py:   99: json_stats: {"_type": "train_iter_", "dt": 1.45181, "dt_data": 0.00122, "dt_net": 1.45058, "epoch": "46/48", "eta": "1:12:19", "gpu_mem": "77.43G", "grad_norm": 3.46431, "iter": "1040/1343", "loss": 0.28259, "lr": 0.00000, "top1_err": 9.37500, "top5_err": 0.00000}
[03/03 17:01:51][INFO] logging.py:   99: json_stats: {"_type": "train_iter_", "dt": 1.44920, "dt_data": 0.00045, "dt_net": 1.44874, "epoch": "46/48", "eta": "1:11:57", "gpu_mem": "77.43G", "grad_norm": 4.57701, "iter": "1050/1343", "loss": 0.24019, "lr": 0.00000, "top1_err": 7.03125, "top5_err": 0.00000}
[03/03 17:02:08][INFO] logging.py:   99: json_stats: {"_type": "train_iter_", "dt": 1.44950, "dt_data": 0.00035, "dt_net": 1.44914, "epoch": "46/48", "eta": "1:11:43", "gpu_mem": "77.43G", "grad_norm": 4.21764, "iter": "1060/1343", "loss": 0.25319, "lr": 0.00000, "top1_err": 8.59375, "top5_err": 0.00000}
[03/03 17:02:29][INFO] logging.py:   99: json_stats: {"_type": "train_iter_", "dt": 1.46913, "dt_data": 0.00137, "dt_net": 1.46776, "epoch": "46/48", "eta": "1:12:27", "gpu_mem": "77.43G", "grad_norm": 3.92993, "iter": "1070/1343", "loss": 0.32209, "lr": 0.00000, "top1_err": 10.93750, "top5_err": 0.00000}
[03/03 17:02:46][INFO] logging.py:   99: json_stats: {"_type": "train_iter_", "dt": 1.44622, "dt_data": 0.00129, "dt_net": 1.44492, "epoch": "46/48", "eta": "1:11:04", "gpu_mem": "77.43G", "grad_norm": 4.21390, "iter": "1080/1343", "loss": 0.30058, "lr": 0.00000, "top1_err": 12.50000, "top5_err": 0.00000}
slurmstepd: error: *** JOB 46573 ON nid001035 CANCELLED AT 2025-03-03T17:02:56 DUE TO TIME LIMIT ***
